Order id,Event,Event date,Event time,First name,Last name,Email,Mobile,Order date,Type,Financial status,Valid tickets,Cancelled tickets,Ticket sales,Add-on sales,Donations,Fee rebate,Humanitix passed-on fee,Amex surcharge,Refund protection,Custom tax,Paid,Humanitix absorbed fees,Zip fee,Afterpay fee,Refunds,Your earnings,Your payout,Refunded fees,Giftcard used,Voucher used,Discount code used,Discount redeemed,Tax on sales,Tax on rebates,Tax on booking fees,Gateway,Marketing opt-in,Notes,Status,Sales channel,Tickets delivered,Long order id
GAN1000,Ganeshotsav,30/08/2026,7:00 pm,Jennifer,Poole,jennifer.poole35@example.com,2710405411,13/08/2026 02:33 am,Online,Free,1,0,$0.00,$0.00,$0.00,$0.00,$0.00,$0.00,$0.00,$0.00,$0.00,$0.00,$0.00,$0.00,$0.00,$0.00,$0.00,$0.00,,,,$0.00,$0.00,$0.00,$0.00,Stripe,No,,Completed,Online,1,8c0b393a-1333-4bc9-bb63-5ff529310971
GAN1001,Ganeshotsav,30/08/2026,7:00 pm,Leah,Norton,leah.norton81@example.com,5997062962,16/08/2026 03:22 am,Online,Free,1,0,$0.00,$0.00,$0.00,$0.00,$0.00,$0.00,$0.00,$0.00,$0.00,$0.00,$0.00,$0.00,$0.00,$0.00,$0.00,$0.00,,,,$0.00,$0.00,$0.00,$0.00,Stripe,Yes,,Completed,Online,1,68c690b2-30a2-4ee8-b972-2cc1349ef4a9
GAN1002,Ganeshotsav,30/08/2026,7:00 pm,Samuel,Holmes,samuel.holmes30@example.com,4431069872,06/08/2026 02:23 pm,Online,Free,1,0,$0.00,$0.00,$0.00,$0.00,$0.00,$0.00,$0.00,$0.00,$0.00,$0.00,$0.00,$0.00,$0.00,$0.00,$0.00,$0.00,,,,$0.00,$0.00,$0.00,$0.00,Stripe,Yes,,Completed,Online,1,d2eaef18-4b67-47a1-966e-cfe36d779595
GAN1003,Ganeshotsav,30/08/2026,7:00 pm,Kim,Johnson,kim.johnson10@example.com,3103241714,05/08/2026 05:27 am,Online,Free,1,0,$0.00,$0.00,$0.00,$0.00,$0.00,$0.00,$0.00,$0.00,$0.00,$0.00,$0.00,$0.00,$0.00,$0.00,$0.00,$0.00,,,,$0.00,$0.00,$0.00,$0.00,Stripe,No,,Completed,Online,1,1754bf08-43d7-4413-a939-ebd1e516b0d4
GAN1004,Ganeshotsav,30/08/2026,7:00 pm,Gerald,Lewis,gerald.lewis87@example.com,2565270477,04/08/2026 10:35 am,Online,Free,3,0,$0.00,$0.00,$0.00,$0.00,$0.00,$0.00,$0.00,$0.00,$0.00,$0.00,$0.00,$0.00,$0.00,$0.00,$0.00,$0.00,,,,$0.00,$0.00,$0.00,$0.00,Stripe,No,,Completed,Online,3,c0927b74-26b0-4ff6-8fc7-9913907276ea
GAN1005,Ganeshotsav,30/08/2026,7:00 pm,Justin,Garcia,justin.garcia7@example.com,1586938068,06/08/2026 01:42 pm,Online,Free,3,0,$0.00,$0.00,$0.00,$0.00,$0.00,$0.00,$0.00,$0.00,$0.00,$0.00,$0.00,$0.00,$0.00,$0.00,$0.00,$0.00,,,,$0.00,$0.00,$0.00,$0.00,Stripe,No,,Completed,Online,3,79ec533c-3c53-490e-a1b4-1171929d674d
GAN1006,Ganeshotsav,30/08/2026,7:00 pm,Stephen,Beck,stephen.beck69@example.com,0898992172,22/07/2026 01:32 am,Manual,Free,1,0,$0.00,$0.00,$0.00,$0.00,$0.00,$0.00,$0.00,$0.00,$0.00,$0.00,$0.00,$0.00,$0.00,$0.00,$0.00,$0.00,,,,$0.00,$0.00,$0.00,$0.00,Stripe,Yes,,Completed,Manual,1,140ff589-6c62-4c2c-8aec-cec7204db9da
GAN1007,Ganeshotsav,30/08/2026,7:00 pm,Audrey,Moreno,audrey.moreno29@example.com,3294511686,17/08/2026 10:50 pm,Online,Free,1,0,$0.00,$0.00,$0.00,$0.00,$0.00,$0.00,$0.00,$0.00,$0.00,$0.00,$0.00,$0.00,$0.00,$0.00,$0.00,$0.00,,,,$0.00,$0.00,$0.00,$0.00,Stripe,Yes,,Completed,Online,1,df9b7c1f-eacb-4f6d-b549-c9f9850a48d4
GAN1008,Ganeshotsav,30/08/2026,7:00 pm,Kirk,Morrison,kirk.morrison74@example.com,1622999119,10/07/2026 09:23 pm,Online,Free,1,0,$0.00,$0.00,$0.00,$0.00,$0.00,$0.00,$0.00,$0.00,$0.00,$0.00,$0.00,$0.00,$0.00,$0.00,$0.00,$0.00,,,,$0.00,$0.00,$0.00,$0.00,Stripe,No,,Completed,Online,1,693016ea-e0bd-41ee-9807-cf74e1509425
GAN1009,Ganeshotsav,30/08/2026,7:00 pm,Bill,Brown,bill.brown98@example.com,9970246299,20/07/2026 05:02 pm,Online,Free,1,0,$0.00,$0.00,$0.00,$0.00,$0.00,$0.00,$0.00,$0.00,$0.00,$0.00,$0.00,$0.00,$0.00,$0.00,$0.00,$0.00,,,,$0.00,$0.00,$0.00,$0.00,Stripe,Yes,,Completed,Online,1,b0c58278-54dc-4ba5-a103-5e1ce3bb22ae
GAN1010,Ganeshotsav,30/08/2026,7:00 pm,Cindy,Johnson,cindy.johnson3@example.com,4505444713,19/07/2026 04:11 pm,Online,Free,3,0,$0.00,$0.00,$0.00,$0.00,$0.00,$0.00,$0.00,$0.00,$0.00,$0.00,$0.00,$0.00,$0.00,$0.00,$0.00,$0.00,,,,$0.00,$0.00,$0.00,$0.00,Stripe,Yes,,Completed,Online,3,44f8b53c-5224-4d05-9369-2867c626e38f
GAN1011,Ganeshotsav,30/08/2026,7:00 pm,Dustin,Schmidt,dustin.schmidt15@example.com,3736785082,07/08/2026 07:58 pm,Online,Free,2,0,$0.00,$0.00,$0.00,$0.00,$0.00,$0.00,$0.00,$0.00,$0.00,$0.00,$0.00,$0.00,$0.00,$0.00,$0.00,$0.00,,,,$0.00,$0.00,$0.00,$0.00,Stripe,Yes,,Completed,Online,2,d9ee7dc9-c7cf-4ca8-a2b9-f24c67443fb8
GAN1012,Ganeshotsav,30/08/2026,7:00 pm,Rebecca,Hernandez,rebecca.hernandez77@example.com,2330307053,30/07/2026 08:32 pm,Online,Free,1,0,$0.00,$0.00,$0.00,$0.00,$0.00,$0.00,$0.00,$0.00,$0.00,$0.00,$0.00,$0.00,$0.00,$0.00,$0.00,$0.00,,,,$0.00,$0.00,$0.00,$0.00,Stripe,No,,Completed,Online,1,ec4e8cbb-a2aa-478c-a59e-0258814ff657
GAN1013,Ganeshotsav,30/08/2026,7:00 pm,Jennifer,Harris,jennifer.harris47@example.com,3579727985,15/07/2026 05:45 am,Online,Free,3,0,$0.00,$0.00,$0.00,$0.00,$0.00,$0.00,$0.00,$0.00,$0.00,$0.00,$0.00,$0.00,$0.00,$0.00,$0.00,$0.00,,,,$0.00,$0.00,$0.00,$0.00,Stripe,No,,Completed,Online,3,1723ecdb-b058-4256-94b3-e8cfbfbbeab3
GAN1014,Ganeshotsav,30/08/2026,7:00 pm,Michael,Gibbs,michael.gibbs5@example.com,0293333468,21/07/2026 12:38 pm,Online,Free,1,0,$0.00,$0.00,$0.00,$0.00,$0.00,$0.00,$0.00,$0.00,$0.00,$0.00,$0.00,$0.00,$0.00,$0.00,$0.00,$0.00,,,,$0.00,$0.00,$0.00,$0.00,Stripe,No,,Completed,Online,1,2c56e0cd-a5ba-4472-a1df-5609e959137f
GAN1015,Ganeshotsav,30/08/2026,7:00 pm,Jeffery,Wagner,jeffery.wagner32@example.com,3494466574,02/08/2026 08:28 pm,Manual,Free,1,0,$0.00,$0.00,$0.00,$0.00,$0.00,$0.00,$0.00,$0.00,$0.00,$0.00,$0.00,$0.00,$0.00,$0.00,$0.00,$0.00,,,,$0.00,$0.00,$0.00,$0.00,Stripe,No,,Completed,Manual,1,9fa4a627-d306-48be-8548-867bad5cba24
GAN1016,Ganeshotsav,30/08/2026,7:00 pm,Lauren,Marquez,lauren.marquez73@example.com,0858994417,25/07/2026 09:32 pm,Online,Free,1,0,$0.00,$0.00,$0.00,$0.00,$0.00,$0.00,$0.00,$0.00,$0.00,$0.00,$0.00,$0.00,$0.00,$0.00,$0.00,$0.00,,,,$0.00,$0.00,$0.00,$0.00,Stripe,No,,Completed,Online,1,46e1ee40-dc8a-46a7-933c-2ed5a3fe0479
GAN1017,Ganeshotsav,30/08/2026,7:00 pm,Joseph,Davidson,joseph.davidson78@example.com,3283096520,20/07/2026 02:14 pm,Online,Free,1,0,$0.00,$0.00,$0.00,$0.00,$0.00,$0.00,$0.00,$0.00,$0.00,$0.00,$0.00,$0.00,$0.00,$0.00,$0.00,$0.00,,,,$0.00,$0.00,$0.00,$0.00,Stripe,No,,Completed,Online,1,6365fc2a-6793-4b09-ab27-1effe82b5b36
GAN1018,Ganeshotsav,30/08/2026,7:00 pm,William,Barnes,william.barnes16@example.com,5387584282,08/08/2026 03:23 am,Online,Free,1,0,$0.00,$0.00,$0.00,$0.00,$0.00,$0.00,$0.00,$0.00,$0.00,$0.00,$0.00,$0.00,$0.00,$0.00,$0.00,$0.00,,,,$0.00,$0.00,$0.00,$0.00,Stripe,Yes,,Completed,Online,1,b9a5d4d0-4237-41f1-bdac-dc5e20c0f275
GAN1019,Ganeshotsav,30/08/2026,7:00 pm,Krista,Parsons,krista.parsons6@example.com,5135346554,10/08/2026 10:25 pm,Online,Free,2,0,$0.00,$0.00,$0.00,$0.00,$0.00,$0.00,$0.00,$0.00,$0.00,$0.00,$0.00,$0.00,$0.00,$0.00,$0.00,$0.00,,,,$0.00,$0.00,$0.00,$0.00,Stripe,No,,Completed,Online,2,0dbdc5da-7875-45b9-9e26-ed31d9e92758
GAN1020,Ganeshotsav,30/08/2026,7:00 pm,Christopher,Guerrero,christopher.guerrero98@example.com,7381684602,13/08/2026 04:45 am,Online,Free,2,0,$0.00,$0.00,$0.00,$0.00,$0.00,$0.00,$0.00,$0.00,$0.00,$0.00,$0.00,$0.00,$0.00,$0.00,$0.00,$0.00,,,,$0.00,$0.00,$0.00,$0.00,Stripe,No,,Completed,Online,2,e4917f7d-91c4-4efc-bcb8-96bb68c0cbef
GAN1021,Ganeshotsav,30/08/2026,7:00 pm,Jessica,Simon,jessica.simon58@example.com,2521752500,14/08/2026 06:24 pm,Online,Free,1,0,$0.00,$0.00,$0.00,$0.00,$0.00,$0.00,$0.00,$0.00,$0.00,$0.00,$0.00,$0.00,$0.00,$0.00,$0.00,$0.00,,,,$0.00,$0.00,$0.00,$0.00,Stripe,No,,Completed,Online,1,938703c9-2b29-4f36-8606-ddc4c2dd901d
GAN1022,Ganeshotsav,30/08/2026,7:00 pm,James,Fox,james.fox71@example.com,1296666760,09/08/2026 05:22 am,Online,Free,1,0,$0.00,$0.00,$0.00,$0.00,$0.00,$0.00,$0.00,$0.00,$0.00,$0.00,$0.00,$0.00,$0.00,$0.00,$0.00,$0.00,,,,$0.00,$0.00,$0.00,$0.00,Stripe,Yes,,Completed,Online,1,039a8ed5-f337-4261-9f83-92d5bb0c7919
GAN1023,Ganeshotsav,30/08/2026,7:00 pm,Jeffrey,Smith,jeffrey.smith36@example.com,0033542168,14/08/2026 04:43 am,Online,Free,3,0,$0.00,$0.00,$0.00,$0.00,$0.00,$0.00,$0.00,$0.00,$0.00,$0.00,$0.00,$0.00,$0.00,$0.00,$0.00,$0.00,,,,$0.00,$0.00,$0.00,$0.00,Stripe,Yes,,Completed,Online,3,4c56fb8f-0bb4-42b3-92e7-6deb10b6a662
GAN1024,Ganeshotsav,30/08/2026,7:00 pm,Nicole,Vasquez,nicole.vasquez22@example.com,8985625753,16/08/2026 09:34 am,Online,Free,3,0,$0.00,$0.00,$0.00,$0.00,$0.00,$0.00,$0.00,$0.00,$0.00,$0.00,$0.00,$0.00,$0.00,$0.00,$0.00,$0.00,,,,$0.00,$0.00,$0.00,$0.00,Stripe,Yes,,Completed,Online,3,fc21109b-ba27-4c64-b96d-1ffb3a799efa
GAN1025,Ganeshotsav,30/08/2026,7:00 pm,Sydney,Floyd,sydney.floyd99@example.com,9821506489,15/07/2026 12:37 pm,Online,Free,1,0,$0.00,$0.00,$0.00,$0.00,$0.00,$0.00,$0.00,$0.00,$0.00,$0.00,$0.00,$0.00,$0.00,$0.00,$0.00,$0.00,,,,$0.00,$0.00,$0.00,$0.00,Stripe,No,,Completed,Online,1,d60bf603-a750-450e-9bad-52a8a976dc4d
GAN1026,Ganeshotsav,30/08/2026,7:00 pm,Brenda,Bailey,brenda.bailey35@example.com,6761847230,11/07/2026 04:17 am,Online,Free,2,0,$0.00,$0.00,$0.00,$0.00,$0.00,$0.00,$0.00,$0.00,$0.00,$0.00,$0.00,$0.00,$0.00,$0.00,$0.00,$0.00,,,,$0.00,$0.00,$0.00,$0.00,Stripe,No,,Completed,Online,2,9f6facc1-451d-48fe-8532-fc74a9987bdf
GAN1027,Ganeshotsav,30/08/2026,7:00 pm,Antonio,Mcfarland,antonio.mcfarland30@example.com,6189141173,03/08/2026 12:41 am,Online,Free,1,0,$0.00,$0.00,$0.00,$0.00,$0.00,$0.00,$0.00,$0.00,$0.00,$0.00,$0.00,$0.00,$0.00,$0.00,$0.00,$0.00,,,,$0.00,$0.00,$0.00,$0.00,Stripe,No,,Completed,Online,1,33a0daa7-f91e-4fcd-85ec-e729d4dd1b56
GAN1028,Ganeshotsav,30/08/2026,7:00 pm,Michael,Stephens,michael.stephens6@example.com,4208737530,24/07/2026 08:49 am,Online,Free,1,0,$0.00,$0.00,$0.00,$0.00,$0.00,$0.00,$0.00,$0.00,$0.00,$0.00,$0.00,$0.00,$0.00,$0.00,$0.00,$0.00,,,,$0.00,$0.00,$0.00,$0.00,Stripe,No,,Completed,Online,1,7e7d9a19-ab45-4578-92fb-acf6d5d1c669
GAN1029,Ganeshotsav,30/08/2026,7:00 pm,Daniel,Torres,daniel.torres12@example.com,8114374470,16/07/2026 05:24 am,Online,Free,2,0,$0.00,$0.00,$0.00,$0.00,$0.00,$0.00,$0.00,$0.00,$0.00,$0.00,$0.00,$0.00,$0.00,$0.00,$0.00,$0.00,,,,$0.00,$0.00,$0.00,$0.00,Stripe,No,,Completed,Online,2,cd3566ef-5c37-4739-8a62-9c5eda2cf852
GAN1030,Ganeshotsav,30/08/2026,7:00 pm,Amber,Mata,amber.mata71@example.com,1100225579,05/08/2026 07:15 pm,Online,Free,1,0,$0.00,$0.00,$0.00,$0.00,$0.00,$0.00,$0.00,$0.00,$0.00,$0.00,$0.00,$0.00,$0.00,$0.00,$0.00,$0.00,,,,$0.00,$0.00,$0.00,$0.00,Stripe,No,,Completed,Online,1,1d24181c-2ed0-47d4-97bc-ad3ad0a17fe8
GAN1031,Ganeshotsav,30/08/2026,7:00 pm,Jonathan,Rodriguez,jonathan.rodriguez30@example.com,4676212021,26/07/2026 12:56 am,Online,Free,1,0,$0.00,$0.00,$0.00,$0.00,$0.00,$0.00,$0.00,$0.00,$0.00,$0.00,$0.00,$0.00,$0.00,$0.00,$0.00,$0.00,,,,$0.00,$0.00,$0.00,$0.00,Stripe,No,,Completed,Online,1,702b7014-adab-4c2f-91a6-46dacd613988
GAN1032,Ganeshotsav,30/08/2026,7:00 pm,Travis,Martinez,travis.martinez87@example.com,5902771670,17/07/2026 11:28 am,Online,Free,4,0,$0.00,$0.00,$0.00,$0.00,$0.00,$0.00,$0.00,$0.00,$0.00,$0.00,$0.00,$0.00,$0.00,$0.00,$0.00,$0.00,,,,$0.00,$0.00,$0.00,$0.00,Stripe,No,,Completed,Online,4,ad8cbfea-de4b-461e-b45e-9463032a09e0
GAN1033,Ganeshotsav,30/08/2026,7:00 pm,Judy,Lambert,judy.lambert65@example.com,5889163756,30/07/2026 09:02 pm,Online,Free,3,0,$0.00,$0.00,$0.00,$0.00,$0.00,$0.00,$0.00,$0.00,$0.00,$0.00,$0.00,$0.00,$0.00,$0.00,$0.00,$0.00,,,,$0.00,$0.00,$0.00,$0.00,Stripe,Yes,,Completed,Online,3,ef32f72a-a4b5-4723-82fb-28690df80b89
GAN1034,Ganeshotsav,30/08/2026,7:00 pm,Jose,Green,jose.green50@example.com,7217535408,16/07/2026 12:41 pm,Online,Free,3,0,$0.00,$0.00,$0.00,$0.00,$0.00,$0.00,$0.00,$0.00,$0.00,$0.00,$0.00,$0.00,$0.00,$0.00,$0.00,$0.00,,,,$0.00,$0.00,$0.00,$0.00,Stripe,No,,Completed,Online,3,142e3df0-3c28-45dc-912d-aea8673d2920
GAN1035,Ganeshotsav,30/08/2026,7:00 pm,Cynthia,Allen,cynthia.allen56@example.com,1775170166,28/07/2026 07:31 am,Online,Free,2,0,$0.00,$0.00,$0.00,$0.00,$0.00,$0.00,$0.00,$0.00,$0.00,$0.00,$0.00,$0.00,$0.00,$0.00,$0.00,$0.00,,,,$0.00,$0.00,$0.00,$0.00,Stripe,No,,Completed,Online,2,cab24f24-1744-4e3f-936e-c1bd000b1f5e
GAN1036,Ganeshotsav,30/08/2026,7:00 pm,Rachel,White,rachel.white49@example.com,8837550375,02/08/2026 11:20 pm,Online,Free,3,0,$0.00,$0.00,$0.00,$0.00,$0.00,$0.00,$0.00,$0.00,$0.00,$0.00,$0.00,$0.00,$0.00,$0.00,$0.00,$0.00,,,,$0.00,$0.00,$0.00,$0.00,Stripe,No,,Completed,Online,3,5d00df1b-a83c-4c2b-b776-e729791f49f6
GAN1037,Ganeshotsav,30/08/2026,7:00 pm,Joseph,Bowers,joseph.bowers72@example.com,1305548851,07/08/2026 07:54 am,Online,Free,4,0,$0.00,$0.00,$0.00,$0.00,$0.00,$0.00,$0.00,$0.00,$0.00,$0.00,$0.00,$0.00,$0.00,$0.00,$0.00,$0.00,,,,$0.00,$0.00,$0.00,$0.00,Stripe,No,,Completed,Online,4,be153187-b783-41d5-9264-04b923f47a55
GAN1038,Ganeshotsav,30/08/2026,7:00 pm,Greg,Moore,greg.moore70@example.com,4933163735,07/08/2026 01:11 pm,Online,Free,2,0,$0.00,$0.00,$0.00,$0.00,$0.00,$0.00,$0.00,$0.00,$0.00,$0.00,$0.00,$0.00,$0.00,$0.00,$0.00,$0.00,,,,$0.00,$0.00,$0.00,$0.00,Stripe,No,,Completed,Online,2,ac117bab-d664-4fe8-a21c-0c06ed376567
GAN1039,Ganeshotsav,30/08/2026,7:00 pm,Caitlin,Dodson,caitlin.dodson17@example.com,7982708086,02/08/2026 08:56 am,Online,Free,1,0,$0.00,$0.00,$0.00,$0.00,$0.00,$0.00,$0.00,$0.00,$0.00,$0.00,$0.00,$0.00,$0.00,$0.00,$0.00,$0.00,,,,$0.00,$0.00,$0.00,$0.00,Stripe,Yes,,Completed,Online,1,2d5d2395-e901-4768-abd1-4b0cc7f4f4f9
GAN1040,Ganeshotsav,30/08/2026,7:00 pm,Julie,Lewis,julie.lewis93@example.com,2169958669,06/08/2026 09:21 am,Online,Free,2,0,$0.00,$0.00,$0.00,$0.00,$0.00,$0.00,$0.00,$0.00,$0.00,$0.00,$0.00,$0.00,$0.00,$0.00,$0.00,$0.00,,,,$0.00,$0.00,$0.00,$0.00,Stripe,No,,Completed,Online,2,4b4ef503-f872-4413-97c5-982cf6ae10e8
GAN1041,Ganeshotsav,30/08/2026,7:00 pm,Haley,Anderson,haley.anderson74@example.com,2698485833,28/07/2026 01:40 am,Online,Free,2,0,$0.00,$0.00,$0.00,$0.00,$0.00,$0.00,$0.00,$0.00,$0.00,$0.00,$0.00,$0.00,$0.00,$0.00,$0.00,$0.00,,,,$0.00,$0.00,$0.00,$0.00,Stripe,Yes,,Completed,Online,2,ac20af11-ebd3-4927-9865-28e6afc5c20e
GAN1042,Ganeshotsav,30/08/2026,7:00 pm,Spencer,Ward,spencer.ward38@example.com,8851587996,15/07/2026 01:59 pm,Online,Free,3,0,$0.00,$0.00,$0.00,$0.00,$0.00,$0.00,$0.00,$0.00,$0.00,$0.00,$0.00,$0.00,$0.00,$0.00,$0.00,$0.00,,,,$0.00,$0.00,$0.00,$0.00,Stripe,Yes,,Completed,Online,3,1b41a61e-85d1-41ef-8344-edb3ceed0ffc
GAN1043,Ganeshotsav,30/08/2026,7:00 pm,Wayne,Price,wayne.price57@example.com,0034244204,11/07/2026 09:28 am,Manual,Free,2,0,$0.00,$0.00,$0.00,$0.00,$0.00,$0.00,$0.00,$0.00,$0.00,$0.00,$0.00,$0.00,$0.00,$0.00,$0.00,$0.00,,,,$0.00,$0.00,$0.00,$0.00,Stripe,No,,Completed,Manual,2,1a3c2131-73dd-4bc6-9064-05a85bd29cb1
GAN1044,Ganeshotsav,30/08/2026,7:00 pm,Mark,Steele,mark.steele52@example.com,8638406665,03/08/2026 10:29 am,Online,Free,3,0,$0.00,$0.00,$0.00,$0.00,$0.00,$0.00,$0.00,$0.00,$0.00,$0.00,$0.00,$0.00,$0.00,$0.00,$0.00,$0.00,,,,$0.00,$0.00,$0.00,$0.00,Stripe,No,,Completed,Online,3,9edd2182-33fd-462d-8057-e470be6127a8
GAN1045,Ganeshotsav,30/08/2026,7:00 pm,Joseph,Christian,joseph.christian94@example.com,3598933472,13/08/2026 07:03 am,Manual,Free,2,0,$0.00,$0.00,$0.00,$0.00,$0.00,$0.00,$0.00,$0.00,$0.00,$0.00,$0.00,$0.00,$0.00,$0.00,$0.00,$0.00,,,,$0.00,$0.00,$0.00,$0.00,Stripe,Yes,,Completed,Manual,2,6090103c-1e8d-48ad-838b-77adbc2e2b59
GAN1046,Ganeshotsav,30/08/2026,7:00 pm,Antonio,Mcfarland,antonio.mcfarland30@example.com,8422940572,11/07/2026 11:50 pm,Online,Free,1,0,$0.00,$0.00,$0.00,$0.00,$0.00,$0.00,$0.00,$0.00,$0.00,$0.00,$0.00,$0.00,$0.00,$0.00,$0.00,$0.00,,,,$0.00,$0.00,$0.00,$0.00,Stripe,Yes,,Completed,Online,1,eeb093fe-c60e-44d5-8d04-dcb698cd2655
GAN1047,Ganeshotsav,30/08/2026,7:00 pm,Nathan,Hines,nathan.hines63@example.com,7985158328,03/08/2026 07:09 pm,Online,Free,1,0,$0.00,$0.00,$0.00,$0.00,$0.00,$0.00,$0.00,$0.00,$0.00,$0.00,$0.00,$0.00,$0.00,$0.00,$0.00,$0.00,,,,$0.00,$0.00,$0.00,$0.00,Stripe,No,,Completed,Online,1,67465743-897b-403d-8b07-4d1a6a7a7841
GAN1048,Ganeshotsav,30/08/2026,7:00 pm,Gary,Ellis,gary.ellis16@example.com,3555439878,13/07/2026 11:52 pm,Online,Free,1,0,$0.00,$0.00,$0.00,$0.00,$0.00,$0.00,$0.00,$0.00,$0.00,$0.00,$0.00,$0.00,$0.00,$0.00,$0.00,$0.00,,,,$0.00,$0.00,$0.00,$0.00,Stripe,Yes,,Completed,Online,1,a46b6fce-e78d-447c-bd87-703472173fa3
GAN1049,Ganeshotsav,30/08/2026,7:00 pm,Matthew,Lane,matthew.lane98@example.com,0561648408,03/08/2026 08:14 am,Online,Free,1,0,$0.00,$0.00,$0.00,$0.00,$0.00,$0.00,$0.00,$0.00,$0.00,$0.00,$0.00,$0.00,$0.00,$0.00,$0.00,$0.00,,,,$0.00,$0.00,$0.00,$0.00,Stripe,No,,Completed,Online,1,4be318a8-0b39-4ccf-bc9f-3bc37210045a
GAN1050,Ganeshotsav,30/08/2026,7:00 pm,Stacy,Rodriguez,stacy.rodriguez9@example.com,5811288013,14/08/2026 10:36 am,Online,Free,1,0,$0.00,$0.00,$0.00,$0.00,$0.00,$0.00,$0.00,$0.00,$0.00,$0.00,$0.00,$0.00,$0.00,$0.00,$0.00,$0.00,,,,$0.00,$0.00,$0.00,$0.00,Stripe,Yes,,Completed,Online,1,b3e6f4c6-d428-4f6c-89aa-429334a0dcd4
GAN1051,Ganeshotsav,30/08/2026,7:00 pm,Tracy,Stark,tracy.stark55@example.com,1207501102,13/08/2026 04:13 pm,Online,Free,1,0,$0.00,$0.00,$0.00,$0.00,$0.00,$0.00,$0.00,$0.00,$0.00,$0.00,$0.00,$0.00,$0.00,$0.00,$0.00,$0.00,,,,$0.00,$0.00,$0.00,$0.00,Stripe,Yes,,Completed,Online,1,e9366a85-3a46-4be3-9255-a4de9330ba83
GAN1052,Ganeshotsav,30/08/2026,7:00 pm,Ashley,Graham,ashley.graham89@example.com,7665061809,20/07/2026 11:54 am,Online,Free,2,0,$0.00,$0.00,$0.00,$0.00,$0.00,$0.00,$0.00,$0.00,$0.00,$0.00,$0.00,$0.00,$0.00,$0.00,$0.00,$0.00,,,,$0.00,$0.00,$0.00,$0.00,Stripe,Yes,,Completed,Online,2,5b923c67-1295-48df-9926-fe41b36d0121
GAN1053,Ganeshotsav,30/08/2026,7:00 pm,Tiffany,Barrett,tiffany.barrett33@example.com,4491476607,15/08/2026 02:27 pm,Online,Free,1,0,$0.00,$0.00,$0.00,$0.00,$0.00,$0.00,$0.00,$0.00,$0.00,$0.00,$0.00,$0.00,$0.00,$0.00,$0.00,$0.00,,,,$0.00,$0.00,$0.00,$0.00,Stripe,Yes,,Completed,Online,1,cbf925b5-6418-46b7-bf2b-43b422e9e527
GAN1054,Ganeshotsav,30/08/2026,7:00 pm,Courtney,Hernandez,courtney.hernandez60@example.com,2450882100,10/08/2026 12:15 pm,Online,Free,3,0,$0.00,$0.00,$0.00,$0.00,$0.00,$0.00,$0.00,$0.00,$0.00,$0.00,$0.00,$0.00,$0.00,$0.00,$0.00,$0.00,,,,$0.00,$0.00,$0.00,$0.00,Stripe,No,,Completed,Online,3,15cadfaf-f26d-4dd3-8c2a-a0b18982cbf8
GAN1055,Ganeshotsav,30/08/2026,7:00 pm,Bobby,Smith,bobby.smith90@example.com,3682223943,22/07/2026 07:00 am,Online,Free,1,0,$0.00,$0.00,$0.00,$0.00,$0.00,$0.00,$0.00,$0.00,$0.00,$0.00,$0.00,$0.00,$0.00,$0.00,$0.00,$0.00,,,,$0.00,$0.00,$0.00,$0.00,Stripe,No,,Completed,Online,1,c04446bf-d9f4-4bbd-8dec-644cda2d2156
GAN1056,Ganeshotsav,30/08/2026,7:00 pm,Marcus,Wright,marcus.wright31@example.com,8141413975,15/08/2026 06:30 pm,Online,Free,1,0,$0.00,$0.00,$0.00,$0.00,$0.00,$0.00,$0.00,$0.00,$0.00,$0.00,$0.00,$0.00,$0.00,$0.00,$0.00,$0.00,,,,$0.00,$0.00,$0.00,$0.00,Stripe,Yes,,Completed,Online,1,11defebf-9e98-461d-88fe-bf6d199c8d94
GAN1057,Ganeshotsav,30/08/2026,7:00 pm,Erin,Pierce,erin.pierce67@example.com,7759492995,14/08/2026 12:19 pm,Online,Free,3,0,$0.00,$0.00,$0.00,$0.00,$0.00,$0.00,$0.00,$0.00,$0.00,$0.00,$0.00,$0.00,$0.00,$0.00,$0.00,$0.00,,,,$0.00,$0.00,$0.00,$0.00,Stripe,Yes,,Completed,Online,3,c921057c-3f05-457c-902e-d818013ca998
GAN1058,Ganeshotsav,30/08/2026,7:00 pm,Thomas,Mueller,thomas.mueller27@example.com,4525777547,19/07/2026 01:09 am,Online,Free,1,0,$0.00,$0.00,$0.00,$0.00,$0.00,$0.00,$0.00,$0.00,$0.00,$0.00,$0.00,$0.00,$0.00,$0.00,$0.00,$0.00,,,,$0.00,$0.00,$0.00,$0.00,Stripe,Yes,,Completed,Online,1,d77fbeeb-14fc-4a5d-9b4b-f377a542deb9
GAN1059,Ganeshotsav,30/08/2026,7:00 pm,Erika,Mitchell,erika.mitchell19@example.com,8341108099,21/07/2026 08:28 am,Online,Free,2,0,$0.00,$0.00,$0.00,$0.00,$0.00,$0.00,$0.00,$0.00,$0.00,$0.00,$0.00,$0.00,$0.00,$0.00,$0.00,$0.00,,,,$0.00,$0.00,$0.00,$0.00,Stripe,No,,Completed,Online,2,42b7c048-8d35-43be-8962-4ec9e80382eb
GAN1060,Ganeshotsav,30/08/2026,7:00 pm,Amanda,Erickson,amanda.erickson90@example.com,2563942788,31/07/2026 02:29 pm,Online,Free,1,0,$0.00,$0.00,$0.00,$0.00,$0.00,$0.00,$0.00,$0.00,$0.00,$0.00,$0.00,$0.00,$0.00,$0.00,$0.00,$0.00,,,,$0.00,$0.00,$0.00,$0.00,Stripe,No,,Completed,Online,1,3d274ad5-a9a5-4c24-82b6-22e9808e08d2
GAN1061,Ganeshotsav,30/08/2026,7:00 pm,Margaret,Jones,margaret.jones70@example.com,8272299275,12/08/2026 11:31 am,Online,Free,3,0,$0.00,$0.00,$0.00,$0.00,$0.00,$0.00,$0.00,$0.00,$0.00,$0.00,$0.00,$0.00,$0.00,$0.00,$0.00,$0.00,,,,$0.00,$0.00,$0.00,$0.00,Stripe,No,,Completed,Online,3,5e934de0-43ac-4875-9017-ab443b53f64b
GAN1062,Ganeshotsav,30/08/2026,7:00 pm,Christopher,Guerrero,christopher.guerrero98@example.com,8567700518,19/07/2026 12:51 pm,Online,Free,1,0,$0.00,$0.00,$0.00,$0.00,$0.00,$0.00,$0.00,$0.00,$0.00,$0.00,$0.00,$0.00,$0.00,$0.00,$0.00,$0.00,,,,$0.00,$0.00,$0.00,$0.00,Stripe,Yes,,Completed,Online,1,606cc2f5-2c81-4bf0-91f6-04068b5a8683
GAN1063,Ganeshotsav,30/08/2026,7:00 pm,Devin,Reyes,devin.reyes4@example.com,9184638655,04/08/2026 09:39 pm,Online,Free,1,0,$0.00,$0.00,$0.00,$0.00,$0.00,$0.00,$0.00,$0.00,$0.00,$0.00,$0.00,$0.00,$0.00,$0.00,$0.00,$0.00,,,,$0.00,$0.00,$0.00,$0.00,Stripe,No,,Completed,Online,1,23936d45-e1cc-4f0d-8078-636d01b062c1
GAN1064,Ganeshotsav,30/08/2026,7:00 pm,Shane,Smith,shane.smith61@example.com,1843222591,27/07/2026 01:33 pm,Online,Free,1,0,$0.00,$0.00,$0.00,$0.00,$0.00,$0.00,$0.00,$0.00,$0.00,$0.00,$0.00,$0.00,$0.00,$0.00,$0.00,$0.00,,,,$0.00,$0.00,$0.00,$0.00,Stripe,Yes,,Completed,Online,1,acdbd5f2-7b44-4cd0-9d03-c3d5b862acc3
GAN1065,Ganeshotsav,30/08/2026,7:00 pm,Edward,Jenkins,edward.jenkins68@example.com,9260302992,29/07/2026 01:58 am,Online,Free,1,0,$0.00,$0.00,$0.00,$0.00,$0.00,$0.00,$0.00,$0.00,$0.00,$0.00,$0.00,$0.00,$0.00,$0.00,$0.00,$0.00,,,,$0.00,$0.00,$0.00,$0.00,Stripe,No,,Completed,Online,1,0e503fd8-2598-4383-9280-3da2e40b50e4
GAN1066,Ganeshotsav,30/08/2026,7:00 pm,Kristina,Cooper,kristina.cooper41@example.com,8699041379,16/07/2026 09:30 pm,Manual,Free,1,0,$0.00,$0.00,$0.00,$0.00,$0.00,$0.00,$0.00,$0.00,$0.00,$0.00,$0.00,$0.00,$0.00,$0.00,$0.00,$0.00,,,,$0.00,$0.00,$0.00,$0.00,Stripe,No,,Completed,Manual,1,99d090fd-6928-443e-9492-b51a38283a05
GAN1067,Ganeshotsav,30/08/2026,7:00 pm,Hannah,Brewer,hannah.brewer25@example.com,9842579913,15/07/2026 11:23 pm,Online,Free,1,0,$0.00,$0.00,$0.00,$0.00,$0.00,$0.00,$0.00,$0.00,$0.00,$0.00,$0.00,$0.00,$0.00,$0.00,$0.00,$0.00,,,,$0.00,$0.00,$0.00,$0.00,Stripe,Yes,,Completed,Online,1,85d0691c-33cd-4d56-843d-72db1bcb404c
GAN1068,Ganeshotsav,30/08/2026,7:00 pm,Victoria,Rowe,victoria.rowe32@example.com,2912799088,12/08/2026 10:23 pm,Online,Free,1,0,$0.00,$0.00,$0.00,$0.00,$0.00,$0.00,$0.00,$0.00,$0.00,$0.00,$0.00,$0.00,$0.00,$0.00,$0.00,$0.00,,,,$0.00,$0.00,$0.00,$0.00,Stripe,Yes,,Completed,Online,1,9a7d509d-e6e8-490b-a15d-3b1fa8cdf44d
GAN1069,Ganeshotsav,30/08/2026,7:00 pm,Robert,Anderson,robert.anderson20@example.com,6865086376,31/07/2026 10:35 am,Online,Free,1,0,$0.00,$0.00,$0.00,$0.00,$0.00,$0.00,$0.00,$0.00,$0.00,$0.00,$0.00,$0.00,$0.00,$0.00,$0.00,$0.00,,,,$0.00,$0.00,$0.00,$0.00,Stripe,No,,Completed,Online,1,412817eb-2246-49cd-acec-df821903f9b3
GAN1070,Ganeshotsav,30/08/2026,7:00 pm,Daniel,Bird,daniel.bird77@example.com,1498643009,29/07/2026 12:24 am,Manual,Free,2,0,$0.00,$0.00,$0.00,$0.00,$0.00,$0.00,$0.00,$0.00,$0.00,$0.00,$0.00,$0.00,$0.00,$0.00,$0.00,$0.00,,,,$0.00,$0.00,$0.00,$0.00,Stripe,No,,Completed,Manual,2,349651d6-a790-45b0-a001-f54d01d77831
GAN1071,Ganeshotsav,30/08/2026,7:00 pm,Kevin,Lyons,kevin.lyons96@example.com,6512694486,06/08/2026 05:33 am,Manual,Free,1,0,$0.00,$0.00,$0.00,$0.00,$0.00,$0.00,$0.00,$0.00,$0.00,$0.00,$0.00,$0.00,$0.00,$0.00,$0.00,$0.00,,,,$0.00,$0.00,$0.00,$0.00,Stripe,Yes,,Completed,Manual,1,65bf8e04-ae3c-4ce6-bde6-849b468b22af
GAN1072,Ganeshotsav,30/08/2026,7:00 pm,Amanda,Little,amanda.little42@example.com,8872588744,08/08/2026 08:27 pm,Online,Free,1,0,$0.00,$0.00,$0.00,$0.00,$0.00,$0.00,$0.00,$0.00,$0.00,$0.00,$0.00,$0.00,$0.00,$0.00,$0.00,$0.00,,,,$0.00,$0.00,$0.00,$0.00,Stripe,Yes,,Completed,Online,1,dd23ff41-dae1-4586-a358-755cbc5c3cd8
GAN1073,Ganeshotsav,30/08/2026,7:00 pm,Dawn,Johnson,dawn.johnson33@example.com,7213865890,05/08/2026 02:54 am,Online,Free,2,0,$0.00,$0.00,$0.00,$0.00,$0.00,$0.00,$0.00,$0.00,$0.00,$0.00,$0.00,$0.00,$0.00,$0.00,$0.00,$0.00,,,,$0.00,$0.00,$0.00,$0.00,Stripe,Yes,,Completed,Online,2,25343e85-d2c0-4ec2-9751-94d7cdeb2696
GAN1074,Ganeshotsav,30/08/2026,7:00 pm,Dennis,Hernandez,dennis.hernandez89@example.com,1143519066,28/07/2026 07:17 pm,Online,Free,1,0,$0.00,$0.00,$0.00,$0.00,$0.00,$0.00,$0.00,$0.00,$0.00,$0.00,$0.00,$0.00,$0.00,$0.00,$0.00,$0.00,,,,$0.00,$0.00,$0.00,$0.00,Stripe,No,,Completed,Online,1,0eb5e5a7-98f3-4640-b6a9-e3e3b62bccb1
GAN1075,Ganeshotsav,30/08/2026,7:00 pm,Kimberly,Henson,kimberly.henson49@example.com,7703843098,16/08/2026 07:00 am,Manual,Free,2,0,$0.00,$0.00,$0.00,$0.00,$0.00,$0.00,$0.00,$0.00,$0.00,$0.00,$0.00,$0.00,$0.00,$0.00,$0.00,$0.00,,,,$0.00,$0.00,$0.00,$0.00,Stripe,Yes,,Completed,Manual,2,5c17ebb5-093b-4d72-ac8c-dcaf2b633b18
GAN1076,Ganeshotsav,30/08/2026,7:00 pm,Gail,Perry,gail.perry53@example.com,2146566938,19/07/2026 05:45 pm,Online,Free,2,0,$0.00,$0.00,$0.00,$0.00,$0.00,$0.00,$0.00,$0.00,$0.00,$0.00,$0.00,$0.00,$0.00,$0.00,$0.00,$0.00,,,,$0.00,$0.00,$0.00,$0.00,Stripe,No,,Completed,Online,2,d46b7756-b9e4-49ef-88d4-95a48cb21aa2
GAN1077,Ganeshotsav,30/08/2026,7:00 pm,Jason,Anderson,jason.anderson48@example.com,5439376904,01/08/2026 05:08 am,Online,Free,1,0,$0.00,$0.00,$0.00,$0.00,$0.00,$0.00,$0.00,$0.00,$0.00,$0.00,$0.00,$0.00,$0.00,$0.00,$0.00,$0.00,,,,$0.00,$0.00,$0.00,$0.00,Stripe,No,,Completed,Online,1,80cfb1db-1287-4313-8f02-6c2c1b414999
GAN1078,Ganeshotsav,30/08/2026,7:00 pm,Chris,Richard,chris.richard52@example.com,8489476973,21/07/2026 09:13 pm,Online,Free,2,0,$0.00,$0.00,$0.00,$0.00,$0.00,$0.00,$0.00,$0.00,$0.00,$0.00,$0.00,$0.00,$0.00,$0.00,$0.00,$0.00,,,,$0.00,$0.00,$0.00,$0.00,Stripe,No,,Completed,Online,2,0700749a-dcad-4ec2-963a-4333e58295dc
GAN1079,Ganeshotsav,30/08/2026,7:00 pm,Sheena,Rosales,sheena.rosales72@example.com,1633565880,29/07/2026 04:56 am,Manual,Free,1,0,$0.00,$0.00,$0.00,$0.00,$0.00,$0.00,$0.00,$0.00,$0.00,$0.00,$0.00,$0.00,$0.00,$0.00,$0.00,$0.00,,,,$0.00,$0.00,$0.00,$0.00,Stripe,Yes,,Completed,Manual,1,bfb0942c-ac77-4762-a620-516717cf775f
GAN1080,Ganeshotsav,30/08/2026,7:00 pm,Aaron,Hardin,aaron.hardin96@example.com,8275539423,11/08/2026 10:20 am,Online,Free,1,0,$0.00,$0.00,$0.00,$0.00,$0.00,$0.00,$0.00,$0.00,$0.00,$0.00,$0.00,$0.00,$0.00,$0.00,$0.00,$0.00,,,,$0.00,$0.00,$0.00,$0.00,Stripe,Yes,,Completed,Online,1,43f19b58-df6c-4d60-bdf7-6a69bc45144a
GAN1081,Ganeshotsav,30/08/2026,7:00 pm,Jeffrey,Bradford,jeffrey.bradford54@example.com,3952111790,18/07/2026 11:21 am,Online,Free,1,0,$0.00,$0.00,$0.00,$0.00,$0.00,$0.00,$0.00,$0.00,$0.00,$0.00,$0.00,$0.00,$0.00,$0.00,$0.00,$0.00,,,,$0.00,$0.00,$0.00,$0.00,Stripe,No,,Completed,Online,1,7e0a04c2-50bf-4995-9ee4-105d5f06bc76
GAN1082,Ganeshotsav,30/08/2026,7:00 pm,Jack,Williams,jack.williams63@example.com,7284639208,14/08/2026 10:27 am,Manual,Free,1,0,$0.00,$0.00,$0.00,$0.00,$0.00,$0.00,$0.00,$0.00,$0.00,$0.00,$0.00,$0.00,$0.00,$0.00,$0.00,$0.00,,,,$0.00,$0.00,$0.00,$0.00,Stripe,No,,Completed,Manual,1,64caa1c7-58e7-4df8-80a2-372108560684
GAN1083,Ganeshotsav,30/08/2026,7:00 pm,Devin,Mitchell,devin.mitchell58@example.com,7187500369,12/08/2026 11:08 pm,Online,Free,2,0,$0.00,$0.00,$0.00,$0.00,$0.00,$0.00,$0.00,$0.00,$0.00,$0.00,$0.00,$0.00,$0.00,$0.00,$0.00,$0.00,,,,$0.00,$0.00,$0.00,$0.00,Stripe,No,,Completed,Online,2,2fe938e4-427b-4ffb-9ca1-adcc9cdf0664
GAN1084,Ganeshotsav,30/08/2026,7:00 pm,Jeffrey,Hayes,jeffrey.hayes97@example.com,4795527636,31/07/2026 07:16 pm,Online,Free,1,0,$0.00,$0.00,$0.00,$0.00,$0.00,$0.00,$0.00,$0.00,$0.00,$0.00,$0.00,$0.00,$0.00,$0.00,$0.00,$0.00,,,,$0.00,$0.00,$0.00,$0.00,Stripe,No,,Completed,Online,1,9247e851-2e0d-4860-b362-f9b74795cd1d
GAN1085,Ganeshotsav,30/08/2026,7:00 pm,Erika,Tucker,erika.tucker41@example.com,1438663227,15/07/2026 12:33 pm,Online,Free,1,0,$0.00,$0.00,$0.00,$0.00,$0.00,$0.00,$0.00,$0.00,$0.00,$0.00,$0.00,$0.00,$0.00,$0.00,$0.00,$0.00,,,,$0.00,$0.00,$0.00,$0.00,Stripe,No,,Completed,Online,1,e4ad5e9b-fedd-42d9-a26c-bc6a7fe5a4b6
GAN1086,Ganeshotsav,30/08/2026,7:00 pm,Joel,Cochran,joel.cochran59@example.com,7448906120,12/08/2026 12:50 pm,Online,Free,3,0,$0.00,$0.00,$0.00,$0.00,$0.00,$0.00,$0.00,$0.00,$0.00,$0.00,$0.00,$0.00,$0.00,$0.00,$0.00,$0.00,,,,$0.00,$0.00,$0.00,$0.00,Stripe,No,,Completed,Online,3,7329af6e-18a7-4d94-a13e-a66dd6c6d997
GAN1087,Ganeshotsav,30/08/2026,7:00 pm,Ryan,Simon,ryan.simon60@example.com,5588450615,08/08/2026 10:45 am,Online,Free,3,0,$0.00,$0.00,$0.00,$0.00,$0.00,$0.00,$0.00,$0.00,$0.00,$0.00,$0.00,$0.00,$0.00,$0.00,$0.00,$0.00,,,,$0.00,$0.00,$0.00,$0.00,Stripe,No,,Completed,Online,3,89d716ef-a62d-4221-a65d-958e936dd1a8
GAN1088,Ganeshotsav,30/08/2026,7:00 pm,Meredith,Tran,meredith.tran88@example.com,5587716947,17/07/2026 05:10 am,Online,Free,1,0,$0.00,$0.00,$0.00,$0.00,$0.00,$0.00,$0.00,$0.00,$0.00,$0.00,$0.00,$0.00,$0.00,$0.00,$0.00,$0.00,,,,$0.00,$0.00,$0.00,$0.00,Stripe,No,,Completed,Online,1,9256d707-9cc0-4b67-a19b-224a6bfc2a47
GAN1089,Ganeshotsav,30/08/2026,7:00 pm,John,Kim,john.kim12@example.com,1253554496,26/07/2026 04:40 am,Online,Free,2,0,$0.00,$0.00,$0.00,$0.00,$0.00,$0.00,$0.00,$0.00,$0.00,$0.00,$0.00,$0.00,$0.00,$0.00,$0.00,$0.00,,,,$0.00,$0.00,$0.00,$0.00,Stripe,Yes,,Completed,Online,2,f72cb6c8-855c-4a97-9640-5fcdbf761449
GAN1090,Ganeshotsav,30/08/2026,7:00 pm,Debra,Harrington,debra.harrington30@example.com,2023413261,27/07/2026 11:16 pm,Online,Free,2,0,$0.00,$0.00,$0.00,$0.00,$0.00,$0.00,$0.00,$0.00,$0.00,$0.00,$0.00,$0.00,$0.00,$0.00,$0.00,$0.00,,,,$0.00,$0.00,$0.00,$0.00,Stripe,No,,Completed,Online,2,c55be95d-06bf-49c4-8dc7-81048c662766
GAN1091,Ganeshotsav,30/08/2026,7:00 pm,Heidi,Williams,heidi.williams90@example.com,1492164334,25/07/2026 09:24 pm,Online,Free,3,0,$0.00,$0.00,$0.00,$0.00,$0.00,$0.00,$0.00,$0.00,$0.00,$0.00,$0.00,$0.00,$0.00,$0.00,$0.00,$0.00,,,,$0.00,$0.00,$0.00,$0.00,Stripe,No,,Completed,Online,3,075072d6-2bac-4712-96a9-19e886d895e5
GAN1092,Ganeshotsav,30/08/2026,7:00 pm,Elijah,Rivera,elijah.rivera80@example.com,5778487282,11/07/2026 06:43 pm,Online,Free,1,0,$0.00,$0.00,$0.00,$0.00,$0.00,$0.00,$0.00,$0.00,$0.00,$0.00,$0.00,$0.00,$0.00,$0.00,$0.00,$0.00,,,,$0.00,$0.00,$0.00,$0.00,Stripe,Yes,,Completed,Online,1,e096521e-a2c7-43d4-bfb8-abb9a18c5492
GAN1093,Ganeshotsav,30/08/2026,7:00 pm,John,Durham,john.durham20@example.com,5783174564,01/08/2026 09:42 am,Online,Free,1,0,$0.00,$0.00,$0.00,$0.00,$0.00,$0.00,$0.00,$0.00,$0.00,$0.00,$0.00,$0.00,$0.00,$0.00,$0.00,$0.00,,,,$0.00,$0.00,$0.00,$0.00,Stripe,Yes,,Completed,Online,1,c21f84fc-d0bc-4ad5-85f8-0d9b00060d5a
GAN1094,Ganeshotsav,30/08/2026,7:00 pm,William,Peterson,william.peterson25@example.com,4780774064,12/08/2026 11:29 am,Online,Free,1,0,$0.00,$0.00,$0.00,$0.00,$0.00,$0.00,$0.00,$0.00,$0.00,$0.00,$0.00,$0.00,$0.00,$0.00,$0.00,$0.00,,,,$0.00,$0.00,$0.00,$0.00,Stripe,No,,Completed,Online,1,69678586-3046-4008-9fa7-20128c57a277
GAN1095,Ganeshotsav,30/08/2026,7:00 pm,Jose,Donovan,jose.donovan78@example.com,6326634163,13/08/2026 07:30 pm,Online,Free,2,0,$0.00,$0.00,$0.00,$0.00,$0.00,$0.00,$0.00,$0.00,$0.00,$0.00,$0.00,$0.00,$0.00,$0.00,$0.00,$0.00,,,,$0.00,$0.00,$0.00,$0.00,Stripe,No,,Completed,Online,2,882d7fc1-be30-44f8-a601-47c348e09502
GAN1096,Ganeshotsav,30/08/2026,7:00 pm,David,Walker,david.walker13@example.com,3122417974,10/08/2026 10:51 pm,Online,Free,2,0,$0.00,$0.00,$0.00,$0.00,$0.00,$0.00,$0.00,$0.00,$0.00,$0.00,$0.00,$0.00,$0.00,$0.00,$0.00,$0.00,,,,$0.00,$0.00,$0.00,$0.00,Stripe,No,,Completed,Online,2,0cb4afe1-26f3-41c8-84f7-18c85215b503
GAN1097,Ganeshotsav,30/08/2026,7:00 pm,Andrea,Wilson,andrea.wilson20@example.com,2144270312,17/08/2026 05:27 am,Online,Free,1,0,$0.00,$0.00,$0.00,$0.00,$0.00,$0.00,$0.00,$0.00,$0.00,$0.00,$0.00,$0.00,$0.00,$0.00,$0.00,$0.00,,,,$0.00,$0.00,$0.00,$0.00,Stripe,No,,Completed,Online,1,c9254bb5-4fc3-4d4e-ab95-0c1d578799d9
GAN1098,Ganeshotsav,30/08/2026,7:00 pm,Kevin,Lyons,kevin.lyons96@example.com,7051204618,10/08/2026 02:06 pm,Online,Free,3,0,$0.00,$0.00,$0.00,$0.00,$0.00,$0.00,$0.00,$0.00,$0.00,$0.00,$0.00,$0.00,$0.00,$0.00,$0.00,$0.00,,,,$0.00,$0.00,$0.00,$0.00,Stripe,No,,Completed,Online,3,d13757e1-4005-453d-976f-1e65e54c8739
GAN1099,Ganeshotsav,30/08/2026,7:00 pm,Joshua,Hays,joshua.hays4@example.com,1367303718,25/07/2026 06:58 am,Online,Free,1,0,$0.00,$0.00,$0.00,$0.00,$0.00,$0.00,$0.00,$0.00,$0.00,$0.00,$0.00,$0.00,$0.00,$0.00,$0.00,$0.00,,,,$0.00,$0.00,$0.00,$0.00,Stripe,No,,Completed,Online,1,efabcd73-4fe6-4636-b612-1d2cae7300eb
GAN1100,Ganeshotsav,30/08/2026,7:00 pm,Kathleen,Lowe,kathleen.lowe1@example.com,8814743503,23/07/2026 12:11 am,Online,Free,1,0,$0.00,$0.00,$0.00,$0.00,$0.00,$0.00,$0.00,$0.00,$0.00,$0.00,$0.00,$0.00,$0.00,$0.00,$0.00,$0.00,,,,$0.00,$0.00,$0.00,$0.00,Stripe,No,,Completed,Online,1,cb5d2b59-2ad8-40ca-83db-7a2e531350e0
GAN1101,Ganeshotsav,30/08/2026,7:00 pm,Martin,Campos,martin.campos15@example.com,6300979251,21/07/2026 04:14 am,Manual,Free,1,0,$0.00,$0.00,$0.00,$0.00,$0.00,$0.00,$0.00,$0.00,$0.00,$0.00,$0.00,$0.00,$0.00,$0.00,$0.00,$0.00,,,,$0.00,$0.00,$0.00,$0.00,Stripe,No,,Completed,Manual,1,56a2d49d-9e5f-4273-af9a-116817661795
GAN1102,Ganeshotsav,30/08/2026,7:00 pm,Joshua,Tyler,joshua.tyler39@example.com,0528127358,15/08/2026 05:05 pm,Manual,Free,1,0,$0.00,$0.00,$0.00,$0.00,$0.00,$0.00,$0.00,$0.00,$0.00,$0.00,$0.00,$0.00,$0.00,$0.00,$0.00,$0.00,,,,$0.00,$0.00,$0.00,$0.00,Stripe,No,,Completed,Manual,1,5bb0dd76-60b5-4717-b072-afc805776108
GAN1103,Ganeshotsav,30/08/2026,7:00 pm,Dennis,Hernandez,dennis.hernandez89@example.com,0778487392,07/08/2026 03:50 pm,Online,Free,2,0,$0.00,$0.00,$0.00,$0.00,$0.00,$0.00,$0.00,$0.00,$0.00,$0.00,$0.00,$0.00,$0.00,$0.00,$0.00,$0.00,,,,$0.00,$0.00,$0.00,$0.00,Stripe,No,,Completed,Online,2,de1f1619-467b-49e5-b7e8-b762bb7eb979
GAN1104,Ganeshotsav,30/08/2026,7:00 pm,Micheal,Nunez,micheal.nunez39@example.com,1827448570,11/08/2026 07:57 pm,Online,Free,4,0,$0.00,$0.00,$0.00,$0.00,$0.00,$0.00,$0.00,$0.00,$0.00,$0.00,$0.00,$0.00,$0.00,$0.00,$0.00,$0.00,,,,$0.00,$0.00,$0.00,$0.00,Stripe,No,,Completed,Online,4,db592a19-9ea6-4d4a-84ca-d30ae207db20
GAN1105,Ganeshotsav,30/08/2026,7:00 pm,Daniel,Yu,daniel.yu13@example.com,5186387829,24/07/2026 02:35 pm,Online,Free,3,0,$0.00,$0.00,$0.00,$0.00,$0.00,$0.00,$0.00,$0.00,$0.00,$0.00,$0.00,$0.00,$0.00,$0.00,$0.00,$0.00,,,,$0.00,$0.00,$0.00,$0.00,Stripe,No,,Completed,Online,3,18a440bd-1c47-40a5-9270-2b29a41247a2
GAN1106,Ganeshotsav,30/08/2026,7:00 pm,John,Wilson,john.wilson56@example.com,0220317310,30/07/2026 07:31 pm,Online,Free,2,0,$0.00,$0.00,$0.00,$0.00,$0.00,$0.00,$0.00,$0.00,$0.00,$0.00,$0.00,$0.00,$0.00,$0.00,$0.00,$0.00,,,,$0.00,$0.00,$0.00,$0.00,Stripe,No,,Completed,Online,2,971df5fd-b389-40ce-9fbc-879e869c3a8e
GAN1107,Ganeshotsav,30/08/2026,7:00 pm,Jason,Murphy,jason.murphy29@example.com,3910371705,20/07/2026 09:22 am,Online,Free,1,0,$0.00,$0.00,$0.00,$0.00,$0.00,$0.00,$0.00,$0.00,$0.00,$0.00,$0.00,$0.00,$0.00,$0.00,$0.00,$0.00,,,,$0.00,$0.00,$0.00,$0.00,Stripe,Yes,,Completed,Online,1,d2da43ec-0eec-4013-b55b-eaaacb53f0be
GAN1108,Ganeshotsav,30/08/2026,7:00 pm,Brian,Johnson,brian.johnson73@example.com,1413811386,03/08/2026 11:15 am,Online,Free,1,0,$0.00,$0.00,$0.00,$0.00,$0.00,$0.00,$0.00,$0.00,$0.00,$0.00,$0.00,$0.00,$0.00,$0.00,$0.00,$0.00,,,,$0.00,$0.00,$0.00,$0.00,Stripe,No,,Completed,Online,1,a0154d65-91ed-454a-bfae-ef01a8290f3c
GAN1109,Ganeshotsav,30/08/2026,7:00 pm,Brandon,Obrien,brandon.obrien82@example.com,1957612286,16/08/2026 08:40 am,Manual,Free,3,0,$0.00,$0.00,$0.00,$0.00,$0.00,$0.00,$0.00,$0.00,$0.00,$0.00,$0.00,$0.00,$0.00,$0.00,$0.00,$0.00,,,,$0.00,$0.00,$0.00,$0.00,Stripe,No,,Completed,Manual,3,71693ed5-9994-43cc-bf99-57a888adb388
GAN1110,Ganeshotsav,30/08/2026,7:00 pm,Thomas,Bryant,thomas.bryant10@example.com,8556659398,15/08/2026 07:35 pm,Online,Free,1,0,$0.00,$0.00,$0.00,$0.00,$0.00,$0.00,$0.00,$0.00,$0.00,$0.00,$0.00,$0.00,$0.00,$0.00,$0.00,$0.00,,,,$0.00,$0.00,$0.00,$0.00,Stripe,Yes,,Completed,Online,1,5c29850b-410b-4c29-be9c-afcfed17f6e9
GAN1111,Ganeshotsav,30/08/2026,7:00 pm,Monica,Garrison,monica.garrison88@example.com,6004908240,16/08/2026 09:55 pm,Online,Free,1,0,$0.00,$0.00,$0.00,$0.00,$0.00,$0.00,$0.00,$0.00,$0.00,$0.00,$0.00,$0.00,$0.00,$0.00,$0.00,$0.00,,,,$0.00,$0.00,$0.00,$0.00,Stripe,No,,Completed,Online,1,c5828939-058e-489e-909d-97cddb107e7f
GAN1112,Ganeshotsav,30/08/2026,7:00 pm,James,Anderson,james.anderson44@example.com,8889921075,11/08/2026 11:08 am,Online,Free,2,0,$0.00,$0.00,$0.00,$0.00,$0.00,$0.00,$0.00,$0.00,$0.00,$0.00,$0.00,$0.00,$0.00,$0.00,$0.00,$0.00,,,,$0.00,$0.00,$0.00,$0.00,Stripe,Yes,,Completed,Online,2,3ff69f41-9508-4801-a3be-7ca05df924fb
GAN1113,Ganeshotsav,30/08/2026,7:00 pm,Adrian,Burgess,adrian.burgess40@example.com,1969315727,19/07/2026 11:53 am,Online,Free,3,0,$0.00,$0.00,$0.00,$0.00,$0.00,$0.00,$0.00,$0.00,$0.00,$0.00,$0.00,$0.00,$0.00,$0.00,$0.00,$0.00,,,,$0.00,$0.00,$0.00,$0.00,Stripe,No,,Completed,Online,3,bb1502ea-0991-4f46-8ce6-928ba46acc9a
GAN1114,Ganeshotsav,30/08/2026,7:00 pm,Katie,Key,katie.key17@example.com,1055661390,10/08/2026 10:25 pm,Online,Free,1,0,$0.00,$0.00,$0.00,$0.00,$0.00,$0.00,$0.00,$0.00,$0.00,$0.00,$0.00,$0.00,$0.00,$0.00,$0.00,$0.00,,,,$0.00,$0.00,$0.00,$0.00,Stripe,No,,Completed,Online,1,8a38d5aa-51be-4a8e-8a8a-eb94863dfcd6
GAN1115,Ganeshotsav,30/08/2026,7:00 pm,Robin,Ellis,robin.ellis90@example.com,8320679981,01/08/2026 10:34 am,Online,Free,1,0,$0.00,$0.00,$0.00,$0.00,$0.00,$0.00,$0.00,$0.00,$0.00,$0.00,$0.00,$0.00,$0.00,$0.00,$0.00,$0.00,,,,$0.00,$0.00,$0.00,$0.00,Stripe,No,,Completed,Online,1,21d72432-25e4-4403-a4f2-502ec94f6ed3
GAN1116,Ganeshotsav,30/08/2026,7:00 pm,Gary,Mcclure,gary.mcclure49@example.com,9086416862,23/07/2026 12:27 pm,Online,Free,2,0,$0.00,$0.00,$0.00,$0.00,$0.00,$0.00,$0.00,$0.00,$0.00,$0.00,$0.00,$0.00,$0.00,$0.00,$0.00,$0.00,,,,$0.00,$0.00,$0.00,$0.00,Stripe,No,,Completed,Online,2,a6f9c0e1-6533-4cf0-bce4-770e32b73d80
GAN1117,Ganeshotsav,30/08/2026,7:00 pm,Madison,Blankenship,madison.blankenship47@example.com,3146591166,01/08/2026 04:34 pm,Online,Free,1,0,$0.00,$0.00,$0.00,$0.00,$0.00,$0.00,$0.00,$0.00,$0.00,$0.00,$0.00,$0.00,$0.00,$0.00,$0.00,$0.00,,,,$0.00,$0.00,$0.00,$0.00,Stripe,No,,Completed,Online,1,a7c8f0c5-9808-452c-9832-c8de521be8c2
GAN1118,Ganeshotsav,30/08/2026,7:00 pm,Sarah,Hill,sarah.hill30@example.com,2597927033,11/07/2026 08:28 am,Online,Free,1,0,$0.00,$0.00,$0.00,$0.00,$0.00,$0.00,$0.00,$0.00,$0.00,$0.00,$0.00,$0.00,$0.00,$0.00,$0.00,$0.00,,,,$0.00,$0.00,$0.00,$0.00,Stripe,No,,Completed,Online,1,3e3869e2-0df6-4417-bd55-38c71cc464ed
GAN1119,Ganeshotsav,30/08/2026,7:00 pm,Julia,Cannon,julia.cannon83@example.com,4051477053,16/08/2026 10:01 am,Online,Free,2,0,$0.00,$0.00,$0.00,$0.00,$0.00,$0.00,$0.00,$0.00,$0.00,$0.00,$0.00,$0.00,$0.00,$0.00,$0.00,$0.00,,,,$0.00,$0.00,$0.00,$0.00,Stripe,No,,Completed,Online,2,4237692a-c017-466e-85f4-c0a28be27516
GAN1120,Ganeshotsav,30/08/2026,7:00 pm,Craig,Turner,craig.turner93@example.com,0698042043,31/07/2026 07:29 pm,Online,Free,1,0,$0.00,$0.00,$0.00,$0.00,$0.00,$0.00,$0.00,$0.00,$0.00,$0.00,$0.00,$0.00,$0.00,$0.00,$0.00,$0.00,,,,$0.00,$0.00,$0.00,$0.00,Stripe,No,,Completed,Online,1,0222305d-f1f7-4605-a79e-36267707ac0e
GAN1121,Ganeshotsav,30/08/2026,7:00 pm,Ellen,Paul,ellen.paul86@example.com,5104636815,13/07/2026 12:08 am,Online,Free,2,0,$0.00,$0.00,$0.00,$0.00,$0.00,$0.00,$0.00,$0.00,$0.00,$0.00,$0.00,$0.00,$0.00,$0.00,$0.00,$0.00,,,,$0.00,$0.00,$0.00,$0.00,Stripe,No,,Completed,Online,2,802aa6eb-32e9-4c2d-afb9-0ccf168885c2
GAN1122,Ganeshotsav,30/08/2026,7:00 pm,Gabriella,Abbott,gabriella.abbott58@example.com,0384576205,17/08/2026 02:43 am,Online,Free,4,0,$0.00,$0.00,$0.00,$0.00,$0.00,$0.00,$0.00,$0.00,$0.00,$0.00,$0.00,$0.00,$0.00,$0.00,$0.00,$0.00,,,,$0.00,$0.00,$0.00,$0.00,Stripe,No,,Completed,Online,4,fa84bb5f-fa6e-4743-bef9-7d573c77ea4a
GAN1123,Ganeshotsav,30/08/2026,7:00 pm,Jose,Donovan,jose.donovan78@example.com,4608432562,29/07/2026 10:59 pm,Online,Free,2,0,$0.00,$0.00,$0.00,$0.00,$0.00,$0.00,$0.00,$0.00,$0.00,$0.00,$0.00,$0.00,$0.00,$0.00,$0.00,$0.00,,,,$0.00,$0.00,$0.00,$0.00,Stripe,Yes,,Completed,Online,2,df695d17-9cc9-4aed-ad91-12c5f5ea4128
GAN1124,Ganeshotsav,30/08/2026,7:00 pm,Brian,Ford,brian.ford35@example.com,6392649578,03/08/2026 07:18 pm,Online,Free,1,0,$0.00,$0.00,$0.00,$0.00,$0.00,$0.00,$0.00,$0.00,$0.00,$0.00,$0.00,$0.00,$0.00,$0.00,$0.00,$0.00,,,,$0.00,$0.00,$0.00,$0.00,Stripe,No,,Completed,Online,1,ccd3af7c-af1d-4fb8-8a96-2a1194be6d9f
GAN1125,Ganeshotsav,30/08/2026,7:00 pm,Jeremy,Johnson,jeremy.johnson76@example.com,4826292518,18/07/2026 07:10 am,Online,Free,1,0,$0.00,$0.00,$0.00,$0.00,$0.00,$0.00,$0.00,$0.00,$0.00,$0.00,$0.00,$0.00,$0.00,$0.00,$0.00,$0.00,,,,$0.00,$0.00,$0.00,$0.00,Stripe,Yes,,Completed,Online,1,2540fbfe-e12f-46cd-96ea-f269514e1353
GAN1126,Ganeshotsav,30/08/2026,7:00 pm,Caleb,Joseph,caleb.joseph42@example.com,6647423122,07/08/2026 06:21 pm,Online,Free,2,0,$0.00,$0.00,$0.00,$0.00,$0.00,$0.00,$0.00,$0.00,$0.00,$0.00,$0.00,$0.00,$0.00,$0.00,$0.00,$0.00,,,,$0.00,$0.00,$0.00,$0.00,Stripe,No,,Completed,Online,2,9cc3c1f5-9129-4c75-9b08-e5a844511ba0
GAN1127,Ganeshotsav,30/08/2026,7:00 pm,Curtis,Singleton,curtis.singleton86@example.com,3051728975,19/07/2026 09:56 am,Online,Free,1,0,$0.00,$0.00,$0.00,$0.00,$0.00,$0.00,$0.00,$0.00,$0.00,$0.00,$0.00,$0.00,$0.00,$0.00,$0.00,$0.00,,,,$0.00,$0.00,$0.00,$0.00,Stripe,Yes,,Completed,Online,1,317979f9-29ed-4760-a334-08ba794e0838
GAN1128,Ganeshotsav,30/08/2026,7:00 pm,Michael,Vega,michael.vega49@example.com,0463331279,19/07/2026 05:36 am,Online,Free,1,0,$0.00,$0.00,$0.00,$0.00,$0.00,$0.00,$0.00,$0.00,$0.00,$0.00,$0.00,$0.00,$0.00,$0.00,$0.00,$0.00,,,,$0.00,$0.00,$0.00,$0.00,Stripe,No,,Completed,Online,1,67a55936-6d74-4a0b-bf2d-39c8e338e579
GAN1129,Ganeshotsav,30/08/2026,7:00 pm,Lorraine,Foster,lorraine.foster80@example.com,5699988081,09/08/2026 04:20 pm,Online,Free,1,0,$0.00,$0.00,$0.00,$0.00,$0.00,$0.00,$0.00,$0.00,$0.00,$0.00,$0.00,$0.00,$0.00,$0.00,$0.00,$0.00,,,,$0.00,$0.00,$0.00,$0.00,Stripe,Yes,,Completed,Online,1,84c9b276-3ee7-4d31-beef-21f8e0b62f90
GAN1130,Ganeshotsav,30/08/2026,7:00 pm,Andrew,Willis,andrew.willis10@example.com,8680347644,31/07/2026 09:15 am,Online,Free,2,0,$0.00,$0.00,$0.00,$0.00,$0.00,$0.00,$0.00,$0.00,$0.00,$0.00,$0.00,$0.00,$0.00,$0.00,$0.00,$0.00,,,,$0.00,$0.00,$0.00,$0.00,Stripe,Yes,,Completed,Online,2,0df6c527-eb45-4c38-9cf6-5e334b5f174b
GAN1131,Ganeshotsav,30/08/2026,7:00 pm,Rodney,Owens,rodney.owens90@example.com,7718129826,06/08/2026 07:36 am,Manual,Free,2,0,$0.00,$0.00,$0.00,$0.00,$0.00,$0.00,$0.00,$0.00,$0.00,$0.00,$0.00,$0.00,$0.00,$0.00,$0.00,$0.00,,,,$0.00,$0.00,$0.00,$0.00,Stripe,Yes,,Completed,Manual,2,971eea39-7424-4baa-adca-fc820660a3e9
GAN1132,Ganeshotsav,30/08/2026,7:00 pm,Scott,Mills,scott.mills97@example.com,7145211175,14/08/2026 09:02 am,Manual,Free,2,0,$0.00,$0.00,$0.00,$0.00,$0.00,$0.00,$0.00,$0.00,$0.00,$0.00,$0.00,$0.00,$0.00,$0.00,$0.00,$0.00,,,,$0.00,$0.00,$0.00,$0.00,Stripe,No,,Completed,Manual,2,82fc9294-f9a6-4522-8a83-5709ba146757
GAN1133,Ganeshotsav,30/08/2026,7:00 pm,John,Morris,john.morris61@example.com,6860259222,03/08/2026 06:42 am,Online,Free,1,0,$0.00,$0.00,$0.00,$0.00,$0.00,$0.00,$0.00,$0.00,$0.00,$0.00,$0.00,$0.00,$0.00,$0.00,$0.00,$0.00,,,,$0.00,$0.00,$0.00,$0.00,Stripe,Yes,,Completed,Online,1,c4c4f69f-baeb-415d-8f3c-97714edd2a2a
GAN1134,Ganeshotsav,30/08/2026,7:00 pm,Scott,Callahan,scott.callahan94@example.com,2123094077,16/08/2026 09:16 pm,Online,Free,3,0,$0.00,$0.00,$0.00,$0.00,$0.00,$0.00,$0.00,$0.00,$0.00,$0.00,$0.00,$0.00,$0.00,$0.00,$0.00,$0.00,,,,$0.00,$0.00,$0.00,$0.00,Stripe,Yes,,Completed,Online,3,3ce5988c-7e53-4702-a1f8-d1929ba4d5a6
GAN1135,Ganeshotsav,30/08/2026,7:00 pm,Carlos,Osborne,carlos.osborne95@example.com,7671990384,18/07/2026 08:48 pm,Online,Free,1,0,$0.00,$0.00,$0.00,$0.00,$0.00,$0.00,$0.00,$0.00,$0.00,$0.00,$0.00,$0.00,$0.00,$0.00,$0.00,$0.00,,,,$0.00,$0.00,$0.00,$0.00,Stripe,No,,Completed,Online,1,0e18ab96-25f4-4dd6-af51-ac6e0c85f154
GAN1136,Ganeshotsav,30/08/2026,7:00 pm,Brian,Martinez,brian.martinez59@example.com,2099451016,04/08/2026 09:16 pm,Online,Free,1,0,$0.00,$0.00,$0.00,$0.00,$0.00,$0.00,$0.00,$0.00,$0.00,$0.00,$0.00,$0.00,$0.00,$0.00,$0.00,$0.00,,,,$0.00,$0.00,$0.00,$0.00,Stripe,No,,Completed,Online,1,b3292925-b107-494e-a932-5ae19c7060da
GAN1137,Ganeshotsav,30/08/2026,7:00 pm,Kimberly,Johnson,kimberly.johnson96@example.com,7950145561,02/08/2026 02:42 pm,Online,Free,3,0,$0.00,$0.00,$0.00,$0.00,$0.00,$0.00,$0.00,$0.00,$0.00,$0.00,$0.00,$0.00,$0.00,$0.00,$0.00,$0.00,,,,$0.00,$0.00,$0.00,$0.00,Stripe,No,,Completed,Online,3,1f3cea1d-2271-47ca-b887-73ed4af715b7
GAN1138,Ganeshotsav,30/08/2026,7:00 pm,Gary,Mcclure,gary.mcclure49@example.com,5868339019,06/08/2026 11:58 am,Online,Free,1,0,$0.00,$0.00,$0.00,$0.00,$0.00,$0.00,$0.00,$0.00,$0.00,$0.00,$0.00,$0.00,$0.00,$0.00,$0.00,$0.00,,,,$0.00,$0.00,$0.00,$0.00,Stripe,No,,Completed,Online,1,ef13864b-9ad2-4b72-b04b-a584b95cec2d
GAN1139,Ganeshotsav,30/08/2026,7:00 pm,Michael,Cook,michael.cook87@example.com,6954899529,10/08/2026 03:33 am,Online,Free,2,0,$0.00,$0.00,$0.00,$0.00,$0.00,$0.00,$0.00,$0.00,$0.00,$0.00,$0.00,$0.00,$0.00,$0.00,$0.00,$0.00,,,,$0.00,$0.00,$0.00,$0.00,Stripe,Yes,,Completed,Online,2,7e14c595-7f6b-462c-a1c1-6b96baabd9f2
GAN1140,Ganeshotsav,30/08/2026,7:00 pm,Michelle,Sanchez,michelle.sanchez68@example.com,4301071396,10/08/2026 10:04 pm,Online,Free,1,0,$0.00,$0.00,$0.00,$0.00,$0.00,$0.00,$0.00,$0.00,$0.00,$0.00,$0.00,$0.00,$0.00,$0.00,$0.00,$0.00,,,,$0.00,$0.00,$0.00,$0.00,Stripe,No,,Completed,Online,1,a3336ea8-ce58-4e20-8f77-63e05982aa44
GAN1141,Ganeshotsav,30/08/2026,7:00 pm,Glenn,Jones,glenn.jones85@example.com,4414488501,18/07/2026 04:33 pm,Online,Free,2,0,$0.00,$0.00,$0.00,$0.00,$0.00,$0.00,$0.00,$0.00,$0.00,$0.00,$0.00,$0.00,$0.00,$0.00,$0.00,$0.00,,,,$0.00,$0.00,$0.00,$0.00,Stripe,Yes,,Completed,Online,2,f5c9f459-9db1-4d5e-91a4-d796b9720eec
GAN1142,Ganeshotsav,30/08/2026,7:00 pm,Crystal,Cain,crystal.cain89@example.com,3557702727,11/07/2026 01:03 pm,Online,Free,2,0,$0.00,$0.00,$0.00,$0.00,$0.00,$0.00,$0.00,$0.00,$0.00,$0.00,$0.00,$0.00,$0.00,$0.00,$0.00,$0.00,,,,$0.00,$0.00,$0.00,$0.00,Stripe,No,,Completed,Online,2,ed83a4c8-69f8-43e4-906d-3943c8b3815e
GAN1143,Ganeshotsav,30/08/2026,7:00 pm,Joe,Wilson,joe.wilson28@example.com,9588039551,08/08/2026 08:52 am,Online,Free,1,0,$0.00,$0.00,$0.00,$0.00,$0.00,$0.00,$0.00,$0.00,$0.00,$0.00,$0.00,$0.00,$0.00,$0.00,$0.00,$0.00,,,,$0.00,$0.00,$0.00,$0.00,Stripe,No,,Completed,Online,1,a06303ca-600f-479c-bbce-708756d2b14d
GAN1144,Ganeshotsav,30/08/2026,7:00 pm,Jose,Edwards,jose.edwards59@example.com,9962914504,31/07/2026 05:53 am,Online,Free,1,0,$0.00,$0.00,$0.00,$0.00,$0.00,$0.00,$0.00,$0.00,$0.00,$0.00,$0.00,$0.00,$0.00,$0.00,$0.00,$0.00,,,,$0.00,$0.00,$0.00,$0.00,Stripe,No,,Completed,Online,1,73b0220d-5f20-49ea-bcd6-1f5ee0864418
GAN1145,Ganeshotsav,30/08/2026,7:00 pm,Lori,Jones,lori.jones55@example.com,3842150317,11/08/2026 06:11 pm,Online,Free,2,0,$0.00,$0.00,$0.00,$0.00,$0.00,$0.00,$0.00,$0.00,$0.00,$0.00,$0.00,$0.00,$0.00,$0.00,$0.00,$0.00,,,,$0.00,$0.00,$0.00,$0.00,Stripe,Yes,,Completed,Online,2,30b1b67b-2771-4422-8003-8f26e7ab2ef7
GAN1146,Ganeshotsav,30/08/2026,7:00 pm,Kristina,Hunter,kristina.hunter63@example.com,8452182307,23/07/2026 04:09 pm,Online,Free,1,0,$0.00,$0.00,$0.00,$0.00,$0.00,$0.00,$0.00,$0.00,$0.00,$0.00,$0.00,$0.00,$0.00,$0.00,$0.00,$0.00,,,,$0.00,$0.00,$0.00,$0.00,Stripe,No,,Completed,Online,1,0b458c23-eead-490c-8f9c-78bf010d583f
GAN1147,Ganeshotsav,30/08/2026,7:00 pm,Brian,Bell,brian.bell77@example.com,5701840943,06/08/2026 04:53 am,Online,Free,1,0,$0.00,$0.00,$0.00,$0.00,$0.00,$0.00,$0.00,$0.00,$0.00,$0.00,$0.00,$0.00,$0.00,$0.00,$0.00,$0.00,,,,$0.00,$0.00,$0.00,$0.00,Stripe,No,,Completed,Online,1,51b3ccf5-8843-4a38-86d2-8109495c7ac8
GAN1148,Ganeshotsav,30/08/2026,7:00 pm,Rebecca,Davis,rebecca.davis4@example.com,4224109881,09/08/2026 01:08 pm,Online,Free,2,0,$0.00,$0.00,$0.00,$0.00,$0.00,$0.00,$0.00,$0.00,$0.00,$0.00,$0.00,$0.00,$0.00,$0.00,$0.00,$0.00,,,,$0.00,$0.00,$0.00,$0.00,Stripe,No,,Completed,Online,2,243d116d-4563-4bbe-9188-3a268ca33a54
GAN1149,Ganeshotsav,30/08/2026,7:00 pm,Larry,Higgins,larry.higgins26@example.com,9321495870,16/08/2026 04:43 am,Online,Free,1,0,$0.00,$0.00,$0.00,$0.00,$0.00,$0.00,$0.00,$0.00,$0.00,$0.00,$0.00,$0.00,$0.00,$0.00,$0.00,$0.00,,,,$0.00,$0.00,$0.00,$0.00,Stripe,No,,Completed,Online,1,1b1e06c3-0cea-4f73-aced-4d55e73e2bc5
GAN1150,Ganeshotsav,30/08/2026,7:00 pm,Daniel,Graham,daniel.graham34@example.com,6629979545,25/07/2026 08:51 am,Online,Free,2,0,$0.00,$0.00,$0.00,$0.00,$0.00,$0.00,$0.00,$0.00,$0.00,$0.00,$0.00,$0.00,$0.00,$0.00,$0.00,$0.00,,,,$0.00,$0.00,$0.00,$0.00,Stripe,No,,Completed,Online,2,c3b1927b-c178-4e77-ac3b-9258f943375e
GAN1151,Ganeshotsav,30/08/2026,7:00 pm,Cynthia,Allen,cynthia.allen56@example.com,1717477332,28/07/2026 01:42 pm,Online,Free,1,0,$0.00,$0.00,$0.00,$0.00,$0.00,$0.00,$0.00,$0.00,$0.00,$0.00,$0.00,$0.00,$0.00,$0.00,$0.00,$0.00,,,,$0.00,$0.00,$0.00,$0.00,Stripe,No,,Completed,Online,1,ead1d758-b319-418d-aef0-3a1b645f273c
GAN1152,Ganeshotsav,30/08/2026,7:00 pm,Douglas,Murray,douglas.murray35@example.com,7701715772,05/08/2026 08:25 am,Online,Free,4,0,$0.00,$0.00,$0.00,$0.00,$0.00,$0.00,$0.00,$0.00,$0.00,$0.00,$0.00,$0.00,$0.00,$0.00,$0.00,$0.00,,,,$0.00,$0.00,$0.00,$0.00,Stripe,No,,Completed,Online,4,1a59c3eb-8208-4d42-a09c-e4a5931e1d4d
GAN1153,Ganeshotsav,30/08/2026,7:00 pm,Tyler,Compton,tyler.compton82@example.com,5814876963,26/07/2026 05:32 am,Online,Free,1,0,$0.00,$0.00,$0.00,$0.00,$0.00,$0.00,$0.00,$0.00,$0.00,$0.00,$0.00,$0.00,$0.00,$0.00,$0.00,$0.00,,,,$0.00,$0.00,$0.00,$0.00,Stripe,Yes,,Completed,Online,1,6241cba3-7b7c-47cc-b950-f7fa28b58db5
GAN1154,Ganeshotsav,30/08/2026,7:00 pm,Kaitlyn,Carroll,kaitlyn.carroll96@example.com,9669583219,12/07/2026 11:38 pm,Online,Free,3,0,$0.00,$0.00,$0.00,$0.00,$0.00,$0.00,$0.00,$0.00,$0.00,$0.00,$0.00,$0.00,$0.00,$0.00,$0.00,$0.00,,,,$0.00,$0.00,$0.00,$0.00,Stripe,Yes,,Completed,Online,3,8e1a3a51-534b-4a86-b681-2ad798986758
GAN1155,Ganeshotsav,30/08/2026,7:00 pm,Brenda,Moore,brenda.moore14@example.com,2461919657,14/07/2026 05:12 am,Manual,Free,4,0,$0.00,$0.00,$0.00,$0.00,$0.00,$0.00,$0.00,$0.00,$0.00,$0.00,$0.00,$0.00,$0.00,$0.00,$0.00,$0.00,,,,$0.00,$0.00,$0.00,$0.00,Stripe,No,,Completed,Manual,4,94ad345a-e323-4264-a390-0c1dd1291d13
GAN1156,Ganeshotsav,30/08/2026,7:00 pm,Linda,Wolfe,linda.wolfe70@example.com,2278469973,14/08/2026 03:15 pm,Online,Free,1,0,$0.00,$0.00,$0.00,$0.00,$0.00,$0.00,$0.00,$0.00,$0.00,$0.00,$0.00,$0.00,$0.00,$0.00,$0.00,$0.00,,,,$0.00,$0.00,$0.00,$0.00,Stripe,No,,Completed,Online,1,adf792ff-e9c7-413a-8b5a-4d7791fda27f
GAN1157,Ganeshotsav,30/08/2026,7:00 pm,Miranda,Henry,miranda.henry31@example.com,5190986240,22/07/2026 06:52 am,Manual,Free,2,0,$0.00,$0.00,$0.00,$0.00,$0.00,$0.00,$0.00,$0.00,$0.00,$0.00,$0.00,$0.00,$0.00,$0.00,$0.00,$0.00,,,,$0.00,$0.00,$0.00,$0.00,Stripe,No,,Completed,Manual,2,d21ce315-8f5e-448e-b40f-040e0037447f
GAN1158,Ganeshotsav,30/08/2026,7:00 pm,Amy,Morris,amy.morris3@example.com,4036965666,17/08/2026 01:52 pm,Online,Free,2,0,$0.00,$0.00,$0.00,$0.00,$0.00,$0.00,$0.00,$0.00,$0.00,$0.00,$0.00,$0.00,$0.00,$0.00,$0.00,$0.00,,,,$0.00,$0.00,$0.00,$0.00,Stripe,Yes,,Completed,Online,2,239a046d-7991-4c51-ac64-9adfa998c8e1
GAN1159,Ganeshotsav,30/08/2026,7:00 pm,Cynthia,Poole,cynthia.poole85@example.com,5624220102,17/07/2026 05:59 pm,Online,Free,1,0,$0.00,$0.00,$0.00,$0.00,$0.00,$0.00,$0.00,$0.00,$0.00,$0.00,$0.00,$0.00,$0.00,$0.00,$0.00,$0.00,,,,$0.00,$0.00,$0.00,$0.00,Stripe,No,,Completed,Online,1,ce52309d-a46a-47c2-a320-de1615ac80e4
GAN1160,Ganeshotsav,30/08/2026,7:00 pm,Robert,Nixon,robert.nixon59@example.com,9692786876,26/07/2026 03:03 pm,Online,Free,1,0,$0.00,$0.00,$0.00,$0.00,$0.00,$0.00,$0.00,$0.00,$0.00,$0.00,$0.00,$0.00,$0.00,$0.00,$0.00,$0.00,,,,$0.00,$0.00,$0.00,$0.00,Stripe,No,,Completed,Online,1,93f3c702-01e6-4e9a-9ac5-50236cbdd931
GAN1161,Ganeshotsav,30/08/2026,7:00 pm,Shannon,Schultz,shannon.schultz39@example.com,8468950097,29/07/2026 08:05 pm,Online,Free,3,0,$0.00,$0.00,$0.00,$0.00,$0.00,$0.00,$0.00,$0.00,$0.00,$0.00,$0.00,$0.00,$0.00,$0.00,$0.00,$0.00,,,,$0.00,$0.00,$0.00,$0.00,Stripe,No,,Completed,Online,3,147f0413-b0c4-4ddc-b634-71f87b45bd9c
GAN1162,Ganeshotsav,30/08/2026,7:00 pm,Meghan,Valencia,meghan.valencia97@example.com,7818913718,15/07/2026 10:48 pm,Online,Free,2,0,$0.00,$0.00,$0.00,$0.00,$0.00,$0.00,$0.00,$0.00,$0.00,$0.00,$0.00,$0.00,$0.00,$0.00,$0.00,$0.00,,,,$0.00,$0.00,$0.00,$0.00,Stripe,No,,Completed,Online,2,88f7f097-57f2-445f-a751-5d4b0d829d52
GAN1163,Ganeshotsav,30/08/2026,7:00 pm,Samuel,Horton,samuel.horton15@example.com,7879565442,09/08/2026 06:30 pm,Manual,Free,1,0,$0.00,$0.00,$0.00,$0.00,$0.00,$0.00,$0.00,$0.00,$0.00,$0.00,$0.00,$0.00,$0.00,$0.00,$0.00,$0.00,,,,$0.00,$0.00,$0.00,$0.00,Stripe,No,,Completed,Manual,1,42ac66dc-904f-4df7-88f7-2c2dba1ad160
GAN1164,Ganeshotsav,30/08/2026,7:00 pm,Amy,Snyder,amy.snyder36@example.com,9290490471,12/07/2026 07:17 pm,Online,Free,1,0,$0.00,$0.00,$0.00,$0.00,$0.00,$0.00,$0.00,$0.00,$0.00,$0.00,$0.00,$0.00,$0.00,$0.00,$0.00,$0.00,,,,$0.00,$0.00,$0.00,$0.00,Stripe,Yes,,Completed,Online,1,408669bb-4721-494b-88a4-ae21d9f850e9
GAN1165,Ganeshotsav,30/08/2026,7:00 pm,Daniel,Torres,daniel.torres12@example.com,4401929275,15/07/2026 01:52 pm,Online,Free,2,0,$0.00,$0.00,$0.00,$0.00,$0.00,$0.00,$0.00,$0.00,$0.00,$0.00,$0.00,$0.00,$0.00,$0.00,$0.00,$0.00,,,,$0.00,$0.00,$0.00,$0.00,Stripe,No,,Completed,Online,2,8702f4ad-cca3-44c4-ae49-82cf7c239ebc
GAN1166,Ganeshotsav,30/08/2026,7:00 pm,Logan,Bailey,logan.bailey84@example.com,1292766372,13/08/2026 12:39 am,Online,Free,2,0,$0.00,$0.00,$0.00,$0.00,$0.00,$0.00,$0.00,$0.00,$0.00,$0.00,$0.00,$0.00,$0.00,$0.00,$0.00,$0.00,,,,$0.00,$0.00,$0.00,$0.00,Stripe,No,,Completed,Online,2,c1676505-43af-4c46-a46b-39320de84b63
GAN1167,Ganeshotsav,30/08/2026,7:00 pm,Alexander,Moreno,alexander.moreno34@example.com,2767478366,11/08/2026 08:53 am,Online,Free,1,0,$0.00,$0.00,$0.00,$0.00,$0.00,$0.00,$0.00,$0.00,$0.00,$0.00,$0.00,$0.00,$0.00,$0.00,$0.00,$0.00,,,,$0.00,$0.00,$0.00,$0.00,Stripe,Yes,,Completed,Online,1,030974c0-6f4a-4fcc-9eca-859887cb0e2a
GAN1168,Ganeshotsav,30/08/2026,7:00 pm,Gregory,Watkins,gregory.watkins17@example.com,6580185694,21/07/2026 04:07 pm,Manual,Free,1,0,$0.00,$0.00,$0.00,$0.00,$0.00,$0.00,$0.00,$0.00,$0.00,$0.00,$0.00,$0.00,$0.00,$0.00,$0.00,$0.00,,,,$0.00,$0.00,$0.00,$0.00,Stripe,No,,Completed,Manual,1,a7830a8f-415e-4805-9928-aae5cd649aff
GAN1169,Ganeshotsav,30/08/2026,7:00 pm,Erika,Tucker,erika.tucker41@example.com,3938525800,02/08/2026 04:36 am,Online,Free,3,0,$0.00,$0.00,$0.00,$0.00,$0.00,$0.00,$0.00,$0.00,$0.00,$0.00,$0.00,$0.00,$0.00,$0.00,$0.00,$0.00,,,,$0.00,$0.00,$0.00,$0.00,Stripe,No,,Completed,Online,3,af7ce609-1a99-4ae0-8677-b81d1902c93b
GAN1170,Ganeshotsav,30/08/2026,7:00 pm,Brittney,Gonzalez,brittney.gonzalez4@example.com,4430091093,27/07/2026 07:12 pm,Online,Free,1,0,$0.00,$0.00,$0.00,$0.00,$0.00,$0.00,$0.00,$0.00,$0.00,$0.00,$0.00,$0.00,$0.00,$0.00,$0.00,$0.00,,,,$0.00,$0.00,$0.00,$0.00,Stripe,No,,Completed,Online,1,21419a14-9acc-400d-9b3f-b4a2161d6acf
GAN1171,Ganeshotsav,30/08/2026,7:00 pm,Kyle,Ortiz,kyle.ortiz65@example.com,1244717465,25/07/2026 01:42 am,Online,Free,2,0,$0.00,$0.00,$0.00,$0.00,$0.00,$0.00,$0.00,$0.00,$0.00,$0.00,$0.00,$0.00,$0.00,$0.00,$0.00,$0.00,,,,$0.00,$0.00,$0.00,$0.00,Stripe,No,,Completed,Online,2,61ff1d9a-0ff8-4e8a-86f0-6a7146fc4ff2
GAN1172,Ganeshotsav,30/08/2026,7:00 pm,Tiffany,Warren,tiffany.warren13@example.com,4427173962,25/07/2026 01:31 pm,Online,Free,1,0,$0.00,$0.00,$0.00,$0.00,$0.00,$0.00,$0.00,$0.00,$0.00,$0.00,$0.00,$0.00,$0.00,$0.00,$0.00,$0.00,,,,$0.00,$0.00,$0.00,$0.00,Stripe,No,,Completed,Online,1,37e82d71-6e66-4273-84ca-00d78a66de67
GAN1173,Ganeshotsav,30/08/2026,7:00 pm,Debra,Moody,debra.moody71@example.com,7410119470,03/08/2026 08:29 am,Online,Free,3,0,$0.00,$0.00,$0.00,$0.00,$0.00,$0.00,$0.00,$0.00,$0.00,$0.00,$0.00,$0.00,$0.00,$0.00,$0.00,$0.00,,,,$0.00,$0.00,$0.00,$0.00,Stripe,No,,Completed,Online,3,63f6bf77-aa23-4ba2-89af-9883eed21f94
GAN1174,Ganeshotsav,30/08/2026,7:00 pm,Kenneth,Fowler,kenneth.fowler16@example.com,6908776618,20/07/2026 07:11 pm,Manual,Free,1,0,$0.00,$0.00,$0.00,$0.00,$0.00,$0.00,$0.00,$0.00,$0.00,$0.00,$0.00,$0.00,$0.00,$0.00,$0.00,$0.00,,,,$0.00,$0.00,$0.00,$0.00,Stripe,No,,Completed,Manual,1,c7a2ee6f-d166-4b08-b073-6dd1f443864c
GAN1175,Ganeshotsav,30/08/2026,7:00 pm,Robert,Davis,robert.davis4@example.com,5460158517,29/07/2026 05:01 am,Online,Free,2,0,$0.00,$0.00,$0.00,$0.00,$0.00,$0.00,$0.00,$0.00,$0.00,$0.00,$0.00,$0.00,$0.00,$0.00,$0.00,$0.00,,,,$0.00,$0.00,$0.00,$0.00,Stripe,No,,Completed,Online,2,62588ce9-f7ae-4de8-8a11-9bac8df21ad5
GAN1176,Ganeshotsav,30/08/2026,7:00 pm,Julie,Phillips,julie.phillips80@example.com,6157173203,05/08/2026 04:15 am,Manual,Free,1,0,$0.00,$0.00,$0.00,$0.00,$0.00,$0.00,$0.00,$0.00,$0.00,$0.00,$0.00,$0.00,$0.00,$0.00,$0.00,$0.00,,,,$0.00,$0.00,$0.00,$0.00,Stripe,No,,Completed,Manual,1,caf0f442-1020-48e6-a386-44e07d3e5830
GAN1177,Ganeshotsav,30/08/2026,7:00 pm,Sarah,Anderson,sarah.anderson87@example.com,7870050506,31/07/2026 11:46 am,Online,Free,4,0,$0.00,$0.00,$0.00,$0.00,$0.00,$0.00,$0.00,$0.00,$0.00,$0.00,$0.00,$0.00,$0.00,$0.00,$0.00,$0.00,,,,$0.00,$0.00,$0.00,$0.00,Stripe,No,,Completed,Online,4,dec56dc3-ad96-4213-b0a9-b97f7557c28c
GAN1178,Ganeshotsav,30/08/2026,7:00 pm,Gina,Mckenzie,gina.mckenzie38@example.com,9310270790,13/08/2026 12:06 pm,Online,Free,1,0,$0.00,$0.00,$0.00,$0.00,$0.00,$0.00,$0.00,$0.00,$0.00,$0.00,$0.00,$0.00,$0.00,$0.00,$0.00,$0.00,,,,$0.00,$0.00,$0.00,$0.00,Stripe,No,,Completed,Online,1,e797f3ae-0cca-4c05-a1f6-19ed2c1882c9
GAN1179,Ganeshotsav,30/08/2026,7:00 pm,Monique,Andrews,monique.andrews22@example.com,7929111799,22/07/2026 09:28 am,Online,Free,1,0,$0.00,$0.00,$0.00,$0.00,$0.00,$0.00,$0.00,$0.00,$0.00,$0.00,$0.00,$0.00,$0.00,$0.00,$0.00,$0.00,,,,$0.00,$0.00,$0.00,$0.00,Stripe,Yes,,Completed,Online,1,d5fd46d7-cfbf-4796-965c-1e3f6d1c31d6
GAN1180,Ganeshotsav,30/08/2026,7:00 pm,Keith,Adams,keith.adams18@example.com,5198253092,17/08/2026 05:08 pm,Online,Free,1,0,$0.00,$0.00,$0.00,$0.00,$0.00,$0.00,$0.00,$0.00,$0.00,$0.00,$0.00,$0.00,$0.00,$0.00,$0.00,$0.00,,,,$0.00,$0.00,$0.00,$0.00,Stripe,Yes,,Completed,Online,1,6a478ddf-c1ee-4d7a-a428-185a461de017
GAN1181,Ganeshotsav,30/08/2026,7:00 pm,John,Butler,john.butler36@example.com,8273902196,16/07/2026 11:06 pm,Online,Free,4,0,$0.00,$0.00,$0.00,$0.00,$0.00,$0.00,$0.00,$0.00,$0.00,$0.00,$0.00,$0.00,$0.00,$0.00,$0.00,$0.00,,,,$0.00,$0.00,$0.00,$0.00,Stripe,No,,Completed,Online,4,2dee003e-01d9-4e96-81a0-204714aa3ca3
GAN1182,Ganeshotsav,30/08/2026,7:00 pm,Cynthia,Allen,cynthia.allen56@example.com,6723248763,15/08/2026 12:40 pm,Online,Free,1,0,$0.00,$0.00,$0.00,$0.00,$0.00,$0.00,$0.00,$0.00,$0.00,$0.00,$0.00,$0.00,$0.00,$0.00,$0.00,$0.00,,,,$0.00,$0.00,$0.00,$0.00,Stripe,Yes,,Completed,Online,1,7ff8a2c6-b79a-466b-ae14-82be98a547b2
GAN1183,Ganeshotsav,30/08/2026,7:00 pm,Justin,Hays,justin.hays90@example.com,4560833181,03/08/2026 06:41 am,Online,Free,1,0,$0.00,$0.00,$0.00,$0.00,$0.00,$0.00,$0.00,$0.00,$0.00,$0.00,$0.00,$0.00,$0.00,$0.00,$0.00,$0.00,,,,$0.00,$0.00,$0.00,$0.00,Stripe,Yes,,Completed,Online,1,c5346e41-76d6-4c39-b822-7b0d81ee30e4
GAN1184,Ganeshotsav,30/08/2026,7:00 pm,Shannon,Frazier,shannon.frazier7@example.com,4031277220,03/08/2026 08:10 pm,Online,Free,3,0,$0.00,$0.00,$0.00,$0.00,$0.00,$0.00,$0.00,$0.00,$0.00,$0.00,$0.00,$0.00,$0.00,$0.00,$0.00,$0.00,,,,$0.00,$0.00,$0.00,$0.00,Stripe,No,,Completed,Online,3,5594552b-405a-4e7e-af46-a41f35a7ac9b
GAN1185,Ganeshotsav,30/08/2026,7:00 pm,Lynn,Morales,lynn.morales28@example.com,0108220781,03/08/2026 11:09 am,Manual,Free,3,0,$0.00,$0.00,$0.00,$0.00,$0.00,$0.00,$0.00,$0.00,$0.00,$0.00,$0.00,$0.00,$0.00,$0.00,$0.00,$0.00,,,,$0.00,$0.00,$0.00,$0.00,Stripe,No,,Completed,Manual,3,6b47ed61-5372-4bed-946b-448297bb9fbf
GAN1186,Ganeshotsav,30/08/2026,7:00 pm,Victoria,Durham,victoria.durham86@example.com,3153136363,18/07/2026 03:50 am,Online,Free,2,0,$0.00,$0.00,$0.00,$0.00,$0.00,$0.00,$0.00,$0.00,$0.00,$0.00,$0.00,$0.00,$0.00,$0.00,$0.00,$0.00,,,,$0.00,$0.00,$0.00,$0.00,Stripe,No,,Completed,Online,2,6f94da50-e3f7-43a7-8de9-2f1b7c0224e5
GAN1187,Ganeshotsav,30/08/2026,7:00 pm,Jacob,Gill,jacob.gill9@example.com,2652735435,16/07/2026 01:28 am,Online,Free,3,0,$0.00,$0.00,$0.00,$0.00,$0.00,$0.00,$0.00,$0.00,$0.00,$0.00,$0.00,$0.00,$0.00,$0.00,$0.00,$0.00,,,,$0.00,$0.00,$0.00,$0.00,Stripe,Yes,,Completed,Online,3,1c71a821-22f1-432b-87d5-ac920f4555da
GAN1188,Ganeshotsav,30/08/2026,7:00 pm,Darlene,Ray,darlene.ray7@example.com,6253492929,12/08/2026 02:57 pm,Manual,Free,2,0,$0.00,$0.00,$0.00,$0.00,$0.00,$0.00,$0.00,$0.00,$0.00,$0.00,$0.00,$0.00,$0.00,$0.00,$0.00,$0.00,,,,$0.00,$0.00,$0.00,$0.00,Stripe,Yes,,Completed,Manual,2,7d3d16ca-8592-438f-9b62-a1f76964eb16
GAN1189,Ganeshotsav,30/08/2026,7:00 pm,Crystal,Cain,crystal.cain89@example.com,9774063356,13/08/2026 12:49 am,Online,Free,1,0,$0.00,$0.00,$0.00,$0.00,$0.00,$0.00,$0.00,$0.00,$0.00,$0.00,$0.00,$0.00,$0.00,$0.00,$0.00,$0.00,,,,$0.00,$0.00,$0.00,$0.00,Stripe,No,,Completed,Online,1,92de0df8-e9eb-4446-a622-e0d6f23d9820
GAN1190,Ganeshotsav,30/08/2026,7:00 pm,Alexandra,Logan,alexandra.logan57@example.com,0078068671,14/08/2026 10:34 am,Online,Free,2,0,$0.00,$0.00,$0.00,$0.00,$0.00,$0.00,$0.00,$0.00,$0.00,$0.00,$0.00,$0.00,$0.00,$0.00,$0.00,$0.00,,,,$0.00,$0.00,$0.00,$0.00,Stripe,Yes,,Completed,Online,2,032e2730-c0c9-43ed-8ef9-006015457c64
GAN1191,Ganeshotsav,30/08/2026,7:00 pm,Elizabeth,Travis,elizabeth.travis17@example.com,3254310742,06/08/2026 10:36 am,Manual,Free,1,0,$0.00,$0.00,$0.00,$0.00,$0.00,$0.00,$0.00,$0.00,$0.00,$0.00,$0.00,$0.00,$0.00,$0.00,$0.00,$0.00,,,,$0.00,$0.00,$0.00,$0.00,Stripe,No,,Completed,Manual,1,76b90472-7470-424c-b9f6-b641063ff61e
GAN1192,Ganeshotsav,30/08/2026,7:00 pm,Becky,Edwards,becky.edwards28@example.com,2570165804,09/08/2026 12:14 pm,Online,Free,1,0,$0.00,$0.00,$0.00,$0.00,$0.00,$0.00,$0.00,$0.00,$0.00,$0.00,$0.00,$0.00,$0.00,$0.00,$0.00,$0.00,,,,$0.00,$0.00,$0.00,$0.00,Stripe,No,,Completed,Online,1,35078c5d-cb62-45b6-9342-3b4f8add06f9
GAN1193,Ganeshotsav,30/08/2026,7:00 pm,Robert,Villa,robert.villa59@example.com,9508501657,10/08/2026 03:05 am,Online,Free,1,0,$0.00,$0.00,$0.00,$0.00,$0.00,$0.00,$0.00,$0.00,$0.00,$0.00,$0.00,$0.00,$0.00,$0.00,$0.00,$0.00,,,,$0.00,$0.00,$0.00,$0.00,Stripe,No,,Completed,Online,1,8f0ce422-a5ee-44a2-acde-531f5dce8d9b
GAN1194,Ganeshotsav,30/08/2026,7:00 pm,Sheena,Rosales,sheena.rosales72@example.com,2538179335,06/08/2026 09:34 pm,Online,Free,2,0,$0.00,$0.00,$0.00,$0.00,$0.00,$0.00,$0.00,$0.00,$0.00,$0.00,$0.00,$0.00,$0.00,$0.00,$0.00,$0.00,,,,$0.00,$0.00,$0.00,$0.00,Stripe,No,,Completed,Online,2,0df1172a-46f2-4f38-ac45-1540ae2356f3
GAN1195,Ganeshotsav,30/08/2026,7:00 pm,Jill,Stewart,jill.stewart26@example.com,7788178847,12/07/2026 09:07 pm,Online,Free,2,0,$0.00,$0.00,$0.00,$0.00,$0.00,$0.00,$0.00,$0.00,$0.00,$0.00,$0.00,$0.00,$0.00,$0.00,$0.00,$0.00,,,,$0.00,$0.00,$0.00,$0.00,Stripe,Yes,,Completed,Online,2,75373d14-e24c-424b-a453-c4c23037f0b7
GAN1196,Ganeshotsav,30/08/2026,7:00 pm,Sean,Davies,sean.davies44@example.com,2411241272,13/07/2026 07:31 pm,Online,Free,2,0,$0.00,$0.00,$0.00,$0.00,$0.00,$0.00,$0.00,$0.00,$0.00,$0.00,$0.00,$0.00,$0.00,$0.00,$0.00,$0.00,,,,$0.00,$0.00,$0.00,$0.00,Stripe,No,,Completed,Online,2,aeb1fcd3-f836-4a87-aaa2-25714b0d2716
GAN1197,Ganeshotsav,30/08/2026,7:00 pm,Melissa,White,melissa.white13@example.com,7567043103,31/07/2026 12:35 pm,Online,Free,1,0,$0.00,$0.00,$0.00,$0.00,$0.00,$0.00,$0.00,$0.00,$0.00,$0.00,$0.00,$0.00,$0.00,$0.00,$0.00,$0.00,,,,$0.00,$0.00,$0.00,$0.00,Stripe,No,,Completed,Online,1,a5639cf4-a7df-4b92-97c1-3f7e9425fc3a
GAN1198,Ganeshotsav,30/08/2026,7:00 pm,Richard,Morgan,richard.morgan10@example.com,9887749242,10/08/2026 02:16 am,Online,Free,1,0,$0.00,$0.00,$0.00,$0.00,$0.00,$0.00,$0.00,$0.00,$0.00,$0.00,$0.00,$0.00,$0.00,$0.00,$0.00,$0.00,,,,$0.00,$0.00,$0.00,$0.00,Stripe,No,,Completed,Online,1,c50e5194-49c3-448b-b881-5f185f34fd6c
GAN1199,Ganeshotsav,30/08/2026,7:00 pm,Andre,Li,andre.li11@example.com,5472928422,12/08/2026 09:12 am,Online,Free,1,0,$0.00,$0.00,$0.00,$0.00,$0.00,$0.00,$0.00,$0.00,$0.00,$0.00,$0.00,$0.00,$0.00,$0.00,$0.00,$0.00,,,,$0.00,$0.00,$0.00,$0.00,Stripe,No,,Completed,Online,1,510e641f-fe67-48e9-8a88-e6ca1dee4b6d
GAN1200,Ganeshotsav,30/08/2026,7:00 pm,Lindsey,Harrison,lindsey.harrison67@example.com,4523805525,01/08/2026 07:34 pm,Online,Free,3,0,$0.00,$0.00,$0.00,$0.00,$0.00,$0.00,$0.00,$0.00,$0.00,$0.00,$0.00,$0.00,$0.00,$0.00,$0.00,$0.00,,,,$0.00,$0.00,$0.00,$0.00,Stripe,No,,Completed,Online,3,eba18fa8-1f19-485b-8d33-0569889cd33d
GAN1201,Ganeshotsav,30/08/2026,7:00 pm,Amanda,Robinson,amanda.robinson45@example.com,2752088547,11/07/2026 09:08 am,Online,Free,2,0,$0.00,$0.00,$0.00,$0.00,$0.00,$0.00,$0.00,$0.00,$0.00,$0.00,$0.00,$0.00,$0.00,$0.00,$0.00,$0.00,,,,$0.00,$0.00,$0.00,$0.00,Stripe,Yes,,Completed,Online,2,e82956cf-ba81-4860-90b3-032dccb1063d
GAN1202,Ganeshotsav,30/08/2026,7:00 pm,Victor,Pena,victor.pena67@example.com,1702814069,15/08/2026 09:04 am,Online,Free,2,0,$0.00,$0.00,$0.00,$0.00,$0.00,$0.00,$0.00,$0.00,$0.00,$0.00,$0.00,$0.00,$0.00,$0.00,$0.00,$0.00,,,,$0.00,$0.00,$0.00,$0.00,Stripe,Yes,,Completed,Online,2,9bafcc20-0e16-4f3f-938c-c0ca17acd7e9
GAN1203,Ganeshotsav,30/08/2026,7:00 pm,Leslie,Adams,leslie.adams36@example.com,4301871863,04/08/2026 10:04 am,Online,Free,1,0,$0.00,$0.00,$0.00,$0.00,$0.00,$0.00,$0.00,$0.00,$0.00,$0.00,$0.00,$0.00,$0.00,$0.00,$0.00,$0.00,,,,$0.00,$0.00,$0.00,$0.00,Stripe,No,,Completed,Online,1,0e5922e9-f182-4df7-82f5-52c89ae66149
GAN1204,Ganeshotsav,30/08/2026,7:00 pm,Jose,Huffman,jose.huffman98@example.com,6265650455,14/08/2026 08:07 pm,Manual,Free,1,0,$0.00,$0.00,$0.00,$0.00,$0.00,$0.00,$0.00,$0.00,$0.00,$0.00,$0.00,$0.00,$0.00,$0.00,$0.00,$0.00,,,,$0.00,$0.00,$0.00,$0.00,Stripe,No,,Completed,Manual,1,e3472e25-ba54-48fd-b737-cc38166cdd33
GAN1205,Ganeshotsav,30/08/2026,7:00 pm,Jessica,Garcia,jessica.garcia87@example.com,7426629912,27/07/2026 05:36 pm,Online,Free,1,0,$0.00,$0.00,$0.00,$0.00,$0.00,$0.00,$0.00,$0.00,$0.00,$0.00,$0.00,$0.00,$0.00,$0.00,$0.00,$0.00,,,,$0.00,$0.00,$0.00,$0.00,Stripe,No,,Completed,Online,1,fc9454ae-867a-411a-9e16-2c17fd06a179
GAN1206,Ganeshotsav,30/08/2026,7:00 pm,Anita,Mullen,anita.mullen60@example.com,1064628792,23/07/2026 11:45 am,Online,Free,2,0,$0.00,$0.00,$0.00,$0.00,$0.00,$0.00,$0.00,$0.00,$0.00,$0.00,$0.00,$0.00,$0.00,$0.00,$0.00,$0.00,,,,$0.00,$0.00,$0.00,$0.00,Stripe,No,,Completed,Online,2,0acfc6ac-7d97-44fe-8dca-39084a1a4219
GAN1207,Ganeshotsav,30/08/2026,7:00 pm,Ronald,Stephens,ronald.stephens75@example.com,9478730024,11/08/2026 11:57 am,Online,Free,2,0,$0.00,$0.00,$0.00,$0.00,$0.00,$0.00,$0.00,$0.00,$0.00,$0.00,$0.00,$0.00,$0.00,$0.00,$0.00,$0.00,,,,$0.00,$0.00,$0.00,$0.00,Stripe,No,,Completed,Online,2,49a5fd0d-e487-4ab3-aa79-4de7a7604977
GAN1208,Ganeshotsav,30/08/2026,7:00 pm,Anthony,Spencer,anthony.spencer85@example.com,3014719597,26/07/2026 04:16 pm,Online,Free,1,0,$0.00,$0.00,$0.00,$0.00,$0.00,$0.00,$0.00,$0.00,$0.00,$0.00,$0.00,$0.00,$0.00,$0.00,$0.00,$0.00,,,,$0.00,$0.00,$0.00,$0.00,Stripe,Yes,,Completed,Online,1,f9690579-79dd-4dd4-af97-fbd2a0c45942
GAN1209,Ganeshotsav,30/08/2026,7:00 pm,Alicia,Mccoy,alicia.mccoy13@example.com,5890429025,06/08/2026 11:37 am,Online,Free,1,0,$0.00,$0.00,$0.00,$0.00,$0.00,$0.00,$0.00,$0.00,$0.00,$0.00,$0.00,$0.00,$0.00,$0.00,$0.00,$0.00,,,,$0.00,$0.00,$0.00,$0.00,Stripe,Yes,,Completed,Online,1,5c75352c-45cd-496b-8d8a-16f329ce9bfa
GAN1210,Ganeshotsav,30/08/2026,7:00 pm,John,Martinez,john.martinez60@example.com,0448183219,26/07/2026 06:28 pm,Online,Free,1,0,$0.00,$0.00,$0.00,$0.00,$0.00,$0.00,$0.00,$0.00,$0.00,$0.00,$0.00,$0.00,$0.00,$0.00,$0.00,$0.00,,,,$0.00,$0.00,$0.00,$0.00,Stripe,No,,Completed,Online,1,d85195ac-d3aa-4b27-90f3-2ab5df586eff
GAN1211,Ganeshotsav,30/08/2026,7:00 pm,Joseph,Perry,joseph.perry93@example.com,4518952028,06/08/2026 02:56 am,Online,Free,3,0,$0.00,$0.00,$0.00,$0.00,$0.00,$0.00,$0.00,$0.00,$0.00,$0.00,$0.00,$0.00,$0.00,$0.00,$0.00,$0.00,,,,$0.00,$0.00,$0.00,$0.00,Stripe,No,,Completed,Online,3,e92966be-ebc0-45f5-971e-c230697878c1
GAN1212,Ganeshotsav,30/08/2026,7:00 pm,Yolanda,Ferrell,yolanda.ferrell19@example.com,2833898881,16/07/2026 06:24 pm,Online,Free,2,0,$0.00,$0.00,$0.00,$0.00,$0.00,$0.00,$0.00,$0.00,$0.00,$0.00,$0.00,$0.00,$0.00,$0.00,$0.00,$0.00,,,,$0.00,$0.00,$0.00,$0.00,Stripe,No,,Completed,Online,2,ec6494e0-2198-4e3c-919f-cf311dd73f1f
GAN1213,Ganeshotsav,30/08/2026,7:00 pm,Meredith,Tran,meredith.tran88@example.com,4527985240,11/07/2026 02:04 am,Online,Free,1,0,$0.00,$0.00,$0.00,$0.00,$0.00,$0.00,$0.00,$0.00,$0.00,$0.00,$0.00,$0.00,$0.00,$0.00,$0.00,$0.00,,,,$0.00,$0.00,$0.00,$0.00,Stripe,No,,Completed,Online,1,b023dbc3-2471-4957-b1b9-fd9ddb583dd9
GAN1214,Ganeshotsav,30/08/2026,7:00 pm,Paula,Padilla,paula.padilla12@example.com,3216110760,19/07/2026 05:53 am,Online,Free,3,0,$0.00,$0.00,$0.00,$0.00,$0.00,$0.00,$0.00,$0.00,$0.00,$0.00,$0.00,$0.00,$0.00,$0.00,$0.00,$0.00,,,,$0.00,$0.00,$0.00,$0.00,Stripe,No,,Completed,Online,3,97da64cb-8373-4f49-a8e7-ebe3cb05aa14
GAN1215,Ganeshotsav,30/08/2026,7:00 pm,Heather,Mcfarland,heather.mcfarland12@example.com,4014011939,12/07/2026 05:17 pm,Online,Free,2,0,$0.00,$0.00,$0.00,$0.00,$0.00,$0.00,$0.00,$0.00,$0.00,$0.00,$0.00,$0.00,$0.00,$0.00,$0.00,$0.00,,,,$0.00,$0.00,$0.00,$0.00,Stripe,Yes,,Completed,Online,2,d88a617b-2543-48df-973d-5030077d8688
GAN1216,Ganeshotsav,30/08/2026,7:00 pm,Carla,Warner,carla.warner47@example.com,9552893891,08/08/2026 12:15 pm,Online,Free,1,0,$0.00,$0.00,$0.00,$0.00,$0.00,$0.00,$0.00,$0.00,$0.00,$0.00,$0.00,$0.00,$0.00,$0.00,$0.00,$0.00,,,,$0.00,$0.00,$0.00,$0.00,Stripe,No,,Completed,Online,1,31094211-b73f-4e64-b78d-2f8d8761f9da
GAN1217,Ganeshotsav,30/08/2026,7:00 pm,Donna,Massey,donna.massey99@example.com,8013875927,17/08/2026 12:21 am,Manual,Free,3,0,$0.00,$0.00,$0.00,$0.00,$0.00,$0.00,$0.00,$0.00,$0.00,$0.00,$0.00,$0.00,$0.00,$0.00,$0.00,$0.00,,,,$0.00,$0.00,$0.00,$0.00,Stripe,No,,Completed,Manual,3,36daa93a-6c91-4882-a12e-73c7fb368cf4
GAN1218,Ganeshotsav,30/08/2026,7:00 pm,Victoria,Moreno,victoria.moreno94@example.com,1517182754,30/07/2026 11:09 am,Online,Free,1,0,$0.00,$0.00,$0.00,$0.00,$0.00,$0.00,$0.00,$0.00,$0.00,$0.00,$0.00,$0.00,$0.00,$0.00,$0.00,$0.00,,,,$0.00,$0.00,$0.00,$0.00,Stripe,Yes,,Completed,Online,1,628103f0-1d9f-4f25-be63-f65453ff5f1f
GAN1219,Ganeshotsav,30/08/2026,7:00 pm,Jon,Smith,jon.smith43@example.com,7386463175,21/07/2026 11:16 am,Manual,Free,2,0,$0.00,$0.00,$0.00,$0.00,$0.00,$0.00,$0.00,$0.00,$0.00,$0.00,$0.00,$0.00,$0.00,$0.00,$0.00,$0.00,,,,$0.00,$0.00,$0.00,$0.00,Stripe,No,,Completed,Manual,2,70249792-6578-4d0c-9aec-8b70ac0e7307
GAN1220,Ganeshotsav,30/08/2026,7:00 pm,Jane,Mason,jane.mason53@example.com,1266912153,30/07/2026 07:01 pm,Online,Free,1,0,$0.00,$0.00,$0.00,$0.00,$0.00,$0.00,$0.00,$0.00,$0.00,$0.00,$0.00,$0.00,$0.00,$0.00,$0.00,$0.00,,,,$0.00,$0.00,$0.00,$0.00,Stripe,No,,Completed,Online,1,1f6d5768-677f-4c73-bd9b-faf3d8125123
GAN1221,Ganeshotsav,30/08/2026,7:00 pm,Tyler,Burton,tyler.burton84@example.com,7499465796,19/07/2026 11:46 am,Manual,Free,3,0,$0.00,$0.00,$0.00,$0.00,$0.00,$0.00,$0.00,$0.00,$0.00,$0.00,$0.00,$0.00,$0.00,$0.00,$0.00,$0.00,,,,$0.00,$0.00,$0.00,$0.00,Stripe,No,,Completed,Manual,3,1ba84a91-7462-4144-849b-9e6225ba4f03
GAN1222,Ganeshotsav,30/08/2026,7:00 pm,Barbara,Berry,barbara.berry71@example.com,7320101702,15/07/2026 04:10 am,Manual,Free,1,0,$0.00,$0.00,$0.00,$0.00,$0.00,$0.00,$0.00,$0.00,$0.00,$0.00,$0.00,$0.00,$0.00,$0.00,$0.00,$0.00,,,,$0.00,$0.00,$0.00,$0.00,Stripe,Yes,,Completed,Manual,1,9f8c2c51-9f39-46a5-8d81-31f52719bfdb
GAN1223,Ganeshotsav,30/08/2026,7:00 pm,Richard,Donovan,richard.donovan79@example.com,8773477848,14/07/2026 03:58 am,Online,Free,2,0,$0.00,$0.00,$0.00,$0.00,$0.00,$0.00,$0.00,$0.00,$0.00,$0.00,$0.00,$0.00,$0.00,$0.00,$0.00,$0.00,,,,$0.00,$0.00,$0.00,$0.00,Stripe,Yes,,Completed,Online,2,0816d739-c393-4447-b3dc-50bf04860bee
GAN1224,Ganeshotsav,30/08/2026,7:00 pm,Shelley,Reynolds,shelley.reynolds40@example.com,6756770028,18/08/2026 01:07 am,Online,Free,1,0,$0.00,$0.00,$0.00,$0.00,$0.00,$0.00,$0.00,$0.00,$0.00,$0.00,$0.00,$0.00,$0.00,$0.00,$0.00,$0.00,,,,$0.00,$0.00,$0.00,$0.00,Stripe,Yes,,Completed,Online,1,b739a28a-4ffd-4b7a-a26d-d24f6e411e23
GAN1225,Ganeshotsav,30/08/2026,7:00 pm,Jennifer,Wagner,jennifer.wagner61@example.com,9788977828,25/07/2026 01:59 pm,Online,Free,2,0,$0.00,$0.00,$0.00,$0.00,$0.00,$0.00,$0.00,$0.00,$0.00,$0.00,$0.00,$0.00,$0.00,$0.00,$0.00,$0.00,,,,$0.00,$0.00,$0.00,$0.00,Stripe,Yes,,Completed,Online,2,60b759a9-f88a-4c64-974e-bb877ea413e5
GAN1226,Ganeshotsav,30/08/2026,7:00 pm,Trevor,Barton,trevor.barton82@example.com,4500902559,03/08/2026 11:16 am,Online,Free,3,0,$0.00,$0.00,$0.00,$0.00,$0.00,$0.00,$0.00,$0.00,$0.00,$0.00,$0.00,$0.00,$0.00,$0.00,$0.00,$0.00,,,,$0.00,$0.00,$0.00,$0.00,Stripe,Yes,,Completed,Online,3,fdf02450-585b-4b17-ad9b-1eb118ebeed7
GAN1227,Ganeshotsav,30/08/2026,7:00 pm,Loretta,Potter,loretta.potter15@example.com,0333491141,24/07/2026 08:18 am,Online,Free,1,0,$0.00,$0.00,$0.00,$0.00,$0.00,$0.00,$0.00,$0.00,$0.00,$0.00,$0.00,$0.00,$0.00,$0.00,$0.00,$0.00,,,,$0.00,$0.00,$0.00,$0.00,Stripe,Yes,,Completed,Online,1,75fe2857-0991-446d-937c-64b089d5af23
GAN1228,Ganeshotsav,30/08/2026,7:00 pm,William,Peterson,william.peterson25@example.com,9864079056,05/08/2026 01:28 am,Online,Free,1,0,$0.00,$0.00,$0.00,$0.00,$0.00,$0.00,$0.00,$0.00,$0.00,$0.00,$0.00,$0.00,$0.00,$0.00,$0.00,$0.00,,,,$0.00,$0.00,$0.00,$0.00,Stripe,No,,Completed,Online,1,7d05121c-ceee-4d65-9904-8ca79291e493
GAN1229,Ganeshotsav,30/08/2026,7:00 pm,Destiny,Ruiz,destiny.ruiz78@example.com,5785294563,14/07/2026 07:27 am,Manual,Free,2,0,$0.00,$0.00,$0.00,$0.00,$0.00,$0.00,$0.00,$0.00,$0.00,$0.00,$0.00,$0.00,$0.00,$0.00,$0.00,$0.00,,,,$0.00,$0.00,$0.00,$0.00,Stripe,No,,Completed,Manual,2,0c2b03e4-43e1-446d-8990-225836cdf42f
GAN1230,Ganeshotsav,30/08/2026,7:00 pm,Meghan,Brown,meghan.brown12@example.com,3919195419,22/07/2026 12:06 am,Manual,Free,1,0,$0.00,$0.00,$0.00,$0.00,$0.00,$0.00,$0.00,$0.00,$0.00,$0.00,$0.00,$0.00,$0.00,$0.00,$0.00,$0.00,,,,$0.00,$0.00,$0.00,$0.00,Stripe,Yes,,Completed,Manual,1,13a0181b-cbaf-4542-98e9-bbad35b1773c
GAN1231,Ganeshotsav,30/08/2026,7:00 pm,Courtney,Mason,courtney.mason70@example.com,8468536649,04/08/2026 07:39 pm,Online,Free,1,0,$0.00,$0.00,$0.00,$0.00,$0.00,$0.00,$0.00,$0.00,$0.00,$0.00,$0.00,$0.00,$0.00,$0.00,$0.00,$0.00,,,,$0.00,$0.00,$0.00,$0.00,Stripe,No,,Completed,Online,1,a0ba6142-04c3-4fed-a182-701b2e3bdb69
GAN1232,Ganeshotsav,30/08/2026,7:00 pm,Jennifer,Whitney,jennifer.whitney20@example.com,9737489690,06/08/2026 08:07 pm,Online,Free,2,0,$0.00,$0.00,$0.00,$0.00,$0.00,$0.00,$0.00,$0.00,$0.00,$0.00,$0.00,$0.00,$0.00,$0.00,$0.00,$0.00,,,,$0.00,$0.00,$0.00,$0.00,Stripe,No,,Completed,Online,2,2685602c-3d89-45a9-a5d2-87d076658707
GAN1233,Ganeshotsav,30/08/2026,7:00 pm,Bill,Reynolds,bill.reynolds62@example.com,6651364424,08/08/2026 12:28 pm,Online,Free,1,0,$0.00,$0.00,$0.00,$0.00,$0.00,$0.00,$0.00,$0.00,$0.00,$0.00,$0.00,$0.00,$0.00,$0.00,$0.00,$0.00,,,,$0.00,$0.00,$0.00,$0.00,Stripe,No,,Completed,Online,1,31216863-2663-4d11-9d12-2ccf3d0d3ffd
GAN1234,Ganeshotsav,30/08/2026,7:00 pm,James,Collins,james.collins38@example.com,7786603242,11/07/2026 11:44 am,Online,Free,4,0,$0.00,$0.00,$0.00,$0.00,$0.00,$0.00,$0.00,$0.00,$0.00,$0.00,$0.00,$0.00,$0.00,$0.00,$0.00,$0.00,,,,$0.00,$0.00,$0.00,$0.00,Stripe,No,,Completed,Online,4,a4f0708a-2d0d-4e1d-8cfb-137ca89ea4df
GAN1235,Ganeshotsav,30/08/2026,7:00 pm,Bobby,Smith,bobby.smith90@example.com,0015941651,12/08/2026 03:46 pm,Online,Free,3,0,$0.00,$0.00,$0.00,$0.00,$0.00,$0.00,$0.00,$0.00,$0.00,$0.00,$0.00,$0.00,$0.00,$0.00,$0.00,$0.00,,,,$0.00,$0.00,$0.00,$0.00,Stripe,No,,Completed,Online,3,80104995-bc06-486b-922b-4fb21ca79972
GAN1236,Ganeshotsav,30/08/2026,7:00 pm,Stephen,Solis,stephen.solis99@example.com,7139155963,15/08/2026 07:02 pm,Online,Free,3,0,$0.00,$0.00,$0.00,$0.00,$0.00,$0.00,$0.00,$0.00,$0.00,$0.00,$0.00,$0.00,$0.00,$0.00,$0.00,$0.00,,,,$0.00,$0.00,$0.00,$0.00,Stripe,No,,Completed,Online,3,f84ce7a9-36cf-42d5-acd6-e8df1b5829c9
GAN1237,Ganeshotsav,30/08/2026,7:00 pm,Tiffany,Hatfield,tiffany.hatfield43@example.com,4907851586,21/07/2026 02:47 am,Online,Free,2,0,$0.00,$0.00,$0.00,$0.00,$0.00,$0.00,$0.00,$0.00,$0.00,$0.00,$0.00,$0.00,$0.00,$0.00,$0.00,$0.00,,,,$0.00,$0.00,$0.00,$0.00,Stripe,No,,Completed,Online,2,2518ec09-efdd-4a87-88c6-21bee1228e75
GAN1238,Ganeshotsav,30/08/2026,7:00 pm,Michael,Green,michael.green39@example.com,4090034864,24/07/2026 01:34 pm,Online,Free,1,0,$0.00,$0.00,$0.00,$0.00,$0.00,$0.00,$0.00,$0.00,$0.00,$0.00,$0.00,$0.00,$0.00,$0.00,$0.00,$0.00,,,,$0.00,$0.00,$0.00,$0.00,Stripe,Yes,,Completed,Online,1,71414f58-db8e-435b-bc83-861eddf0a0a2
GAN1239,Ganeshotsav,30/08/2026,7:00 pm,Kathy,Obrien,kathy.obrien1@example.com,4413432756,25/07/2026 01:25 pm,Online,Free,2,0,$0.00,$0.00,$0.00,$0.00,$0.00,$0.00,$0.00,$0.00,$0.00,$0.00,$0.00,$0.00,$0.00,$0.00,$0.00,$0.00,,,,$0.00,$0.00,$0.00,$0.00,Stripe,No,,Completed,Online,2,7ddf8484-f0c4-4ecb-878a-7900d2bd16ec
GAN1240,Ganeshotsav,30/08/2026,7:00 pm,George,Daniel,george.daniel90@example.com,5612481569,28/07/2026 06:45 pm,Online,Free,2,0,$0.00,$0.00,$0.00,$0.00,$0.00,$0.00,$0.00,$0.00,$0.00,$0.00,$0.00,$0.00,$0.00,$0.00,$0.00,$0.00,,,,$0.00,$0.00,$0.00,$0.00,Stripe,No,,Completed,Online,2,0d565923-c310-42a2-8700-77c1b1f94a09
GAN1241,Ganeshotsav,30/08/2026,7:00 pm,Sandra,Romero,sandra.romero86@example.com,7206345911,04/08/2026 10:08 am,Online,Free,1,0,$0.00,$0.00,$0.00,$0.00,$0.00,$0.00,$0.00,$0.00,$0.00,$0.00,$0.00,$0.00,$0.00,$0.00,$0.00,$0.00,,,,$0.00,$0.00,$0.00,$0.00,Stripe,No,,Completed,Online,1,d4a39a51-c481-4a69-b83b-f029b6ac2048
GAN1242,Ganeshotsav,30/08/2026,7:00 pm,Mark,Bates,mark.bates14@example.com,9657724295,04/08/2026 05:26 pm,Online,Free,2,0,$0.00,$0.00,$0.00,$0.00,$0.00,$0.00,$0.00,$0.00,$0.00,$0.00,$0.00,$0.00,$0.00,$0.00,$0.00,$0.00,,,,$0.00,$0.00,$0.00,$0.00,Stripe,No,,Completed,Online,2,64bc08cf-2e90-4b5c-9e1b-015f6a1c701b
GAN1243,Ganeshotsav,30/08/2026,7:00 pm,Amy,Gutierrez,amy.gutierrez80@example.com,0089317342,13/08/2026 02:06 pm,Online,Free,4,0,$0.00,$0.00,$0.00,$0.00,$0.00,$0.00,$0.00,$0.00,$0.00,$0.00,$0.00,$0.00,$0.00,$0.00,$0.00,$0.00,,,,$0.00,$0.00,$0.00,$0.00,Stripe,No,,Completed,Online,4,263553ba-4299-4351-99b3-568d6dcc9c60
GAN1244,Ganeshotsav,30/08/2026,7:00 pm,Christopher,Davis,christopher.davis12@example.com,2910867713,13/07/2026 09:10 pm,Online,Free,1,0,$0.00,$0.00,$0.00,$0.00,$0.00,$0.00,$0.00,$0.00,$0.00,$0.00,$0.00,$0.00,$0.00,$0.00,$0.00,$0.00,,,,$0.00,$0.00,$0.00,$0.00,Stripe,No,,Completed,Online,1,61cf91fb-7e81-4dfa-bf16-e3e949b7e037
GAN1245,Ganeshotsav,30/08/2026,7:00 pm,Patrick,Rose,patrick.rose32@example.com,9343626204,15/07/2026 11:40 am,Online,Free,1,0,$0.00,$0.00,$0.00,$0.00,$0.00,$0.00,$0.00,$0.00,$0.00,$0.00,$0.00,$0.00,$0.00,$0.00,$0.00,$0.00,,,,$0.00,$0.00,$0.00,$0.00,Stripe,Yes,,Completed,Online,1,5ea0942c-3f91-4419-a846-a9df73733554
GAN1246,Ganeshotsav,30/08/2026,7:00 pm,Frank,Benton,frank.benton13@example.com,1072563669,02/08/2026 03:24 am,Online,Free,1,0,$0.00,$0.00,$0.00,$0.00,$0.00,$0.00,$0.00,$0.00,$0.00,$0.00,$0.00,$0.00,$0.00,$0.00,$0.00,$0.00,,,,$0.00,$0.00,$0.00,$0.00,Stripe,No,,Completed,Online,1,55367ab6-0d57-4085-8f0a-64508e978ce1
GAN1247,Ganeshotsav,30/08/2026,7:00 pm,Christian,Elliott,christian.elliott68@example.com,5990048964,15/08/2026 05:17 pm,Online,Free,1,0,$0.00,$0.00,$0.00,$0.00,$0.00,$0.00,$0.00,$0.00,$0.00,$0.00,$0.00,$0.00,$0.00,$0.00,$0.00,$0.00,,,,$0.00,$0.00,$0.00,$0.00,Stripe,No,,Completed,Online,1,0a872ac2-8f3f-4995-a468-eb64f7d2a2ee
GAN1248,Ganeshotsav,30/08/2026,7:00 pm,Hector,Flores,hector.flores5@example.com,2875721586,02/08/2026 01:08 am,Online,Free,2,0,$0.00,$0.00,$0.00,$0.00,$0.00,$0.00,$0.00,$0.00,$0.00,$0.00,$0.00,$0.00,$0.00,$0.00,$0.00,$0.00,,,,$0.00,$0.00,$0.00,$0.00,Stripe,No,,Completed,Online,2,20bc2fa0-fa80-4062-8b4e-360a50326fe6
GAN1249,Ganeshotsav,30/08/2026,7:00 pm,Gary,Dixon,gary.dixon73@example.com,5644948562,29/07/2026 09:04 pm,Online,Free,1,0,$0.00,$0.00,$0.00,$0.00,$0.00,$0.00,$0.00,$0.00,$0.00,$0.00,$0.00,$0.00,$0.00,$0.00,$0.00,$0.00,,,,$0.00,$0.00,$0.00,$0.00,Stripe,No,,Completed,Online,1,a84ca488-ec40-44c6-9a60-69f38e40b294
GAN1250,Ganeshotsav,30/08/2026,7:00 pm,Allison,Luna,allison.luna62@example.com,0320320742,04/08/2026 05:43 am,Online,Free,1,0,$0.00,$0.00,$0.00,$0.00,$0.00,$0.00,$0.00,$0.00,$0.00,$0.00,$0.00,$0.00,$0.00,$0.00,$0.00,$0.00,,,,$0.00,$0.00,$0.00,$0.00,Stripe,No,,Completed,Online,1,7eb27900-ed5d-4510-a52a-33e6fec58a89
GAN1251,Ganeshotsav,30/08/2026,7:00 pm,Mark,Austin,mark.austin89@example.com,8777121513,11/07/2026 11:59 pm,Manual,Free,2,0,$0.00,$0.00,$0.00,$0.00,$0.00,$0.00,$0.00,$0.00,$0.00,$0.00,$0.00,$0.00,$0.00,$0.00,$0.00,$0.00,,,,$0.00,$0.00,$0.00,$0.00,Stripe,No,,Completed,Manual,2,45d5aacb-d294-400f-823c-a34abffbd93b
GAN1252,Ganeshotsav,30/08/2026,7:00 pm,Joseph,Miller,joseph.miller11@example.com,9089261371,01/08/2026 09:00 am,Online,Free,3,0,$0.00,$0.00,$0.00,$0.00,$0.00,$0.00,$0.00,$0.00,$0.00,$0.00,$0.00,$0.00,$0.00,$0.00,$0.00,$0.00,,,,$0.00,$0.00,$0.00,$0.00,Stripe,No,,Completed,Online,3,1f3acc68-ae3e-4268-bb38-bc6cae6a7c48
GAN1253,Ganeshotsav,30/08/2026,7:00 pm,Joshua,Medina,joshua.medina60@example.com,5201777490,25/07/2026 06:45 pm,Online,Free,3,0,$0.00,$0.00,$0.00,$0.00,$0.00,$0.00,$0.00,$0.00,$0.00,$0.00,$0.00,$0.00,$0.00,$0.00,$0.00,$0.00,,,,$0.00,$0.00,$0.00,$0.00,Stripe,No,,Completed,Online,3,f28a030b-532d-48fe-b3fe-7e1df36deb13
GAN1254,Ganeshotsav,30/08/2026,7:00 pm,Jeffery,Huang,jeffery.huang75@example.com,3045018961,07/08/2026 10:32 pm,Manual,Free,1,0,$0.00,$0.00,$0.00,$0.00,$0.00,$0.00,$0.00,$0.00,$0.00,$0.00,$0.00,$0.00,$0.00,$0.00,$0.00,$0.00,,,,$0.00,$0.00,$0.00,$0.00,Stripe,Yes,,Completed,Manual,1,dd926cbf-c558-4a17-b70d-78a03d75e423
GAN1255,Ganeshotsav,30/08/2026,7:00 pm,Ashley,Jackson,ashley.jackson77@example.com,3266421476,25/07/2026 11:11 pm,Online,Free,3,0,$0.00,$0.00,$0.00,$0.00,$0.00,$0.00,$0.00,$0.00,$0.00,$0.00,$0.00,$0.00,$0.00,$0.00,$0.00,$0.00,,,,$0.00,$0.00,$0.00,$0.00,Stripe,No,,Completed,Online,3,d5016ada-189a-435d-aa5f-89ca5bea530d
GAN1256,Ganeshotsav,30/08/2026,7:00 pm,Veronica,Torres,veronica.torres37@example.com,7767499616,24/07/2026 05:45 pm,Online,Free,1,0,$0.00,$0.00,$0.00,$0.00,$0.00,$0.00,$0.00,$0.00,$0.00,$0.00,$0.00,$0.00,$0.00,$0.00,$0.00,$0.00,,,,$0.00,$0.00,$0.00,$0.00,Stripe,Yes,,Completed,Online,1,17cb67b8-6d0f-44e6-a174-a7856f2190cb
GAN1257,Ganeshotsav,30/08/2026,7:00 pm,Matthew,Schwartz,matthew.schwartz70@example.com,7327881476,11/07/2026 11:39 pm,Online,Free,2,0,$0.00,$0.00,$0.00,$0.00,$0.00,$0.00,$0.00,$0.00,$0.00,$0.00,$0.00,$0.00,$0.00,$0.00,$0.00,$0.00,,,,$0.00,$0.00,$0.00,$0.00,Stripe,No,,Completed,Online,2,af2f32a7-20b6-443c-bbf3-a106260b13e0
GAN1258,Ganeshotsav,30/08/2026,7:00 pm,Robin,Thompson,robin.thompson24@example.com,8649081081,14/08/2026 02:55 pm,Online,Free,3,0,$0.00,$0.00,$0.00,$0.00,$0.00,$0.00,$0.00,$0.00,$0.00,$0.00,$0.00,$0.00,$0.00,$0.00,$0.00,$0.00,,,,$0.00,$0.00,$0.00,$0.00,Stripe,No,,Completed,Online,3,b8663c7c-a92d-4f4f-b6f3-ba5018302082
GAN1259,Ganeshotsav,30/08/2026,7:00 pm,Karen,Finley,karen.finley61@example.com,5491801722,01/08/2026 01:54 pm,Online,Free,2,0,$0.00,$0.00,$0.00,$0.00,$0.00,$0.00,$0.00,$0.00,$0.00,$0.00,$0.00,$0.00,$0.00,$0.00,$0.00,$0.00,,,,$0.00,$0.00,$0.00,$0.00,Stripe,No,,Completed,Online,2,4c32a0a2-b452-4738-a073-09de6a8f7654
GAN1260,Ganeshotsav,30/08/2026,7:00 pm,Dale,Nolan,dale.nolan82@example.com,7945232194,22/07/2026 03:39 pm,Online,Free,2,0,$0.00,$0.00,$0.00,$0.00,$0.00,$0.00,$0.00,$0.00,$0.00,$0.00,$0.00,$0.00,$0.00,$0.00,$0.00,$0.00,,,,$0.00,$0.00,$0.00,$0.00,Stripe,No,,Completed,Online,2,1ddea07d-651a-4277-817f-319f04961795
GAN1261,Ganeshotsav,30/08/2026,7:00 pm,John,Bruce,john.bruce88@example.com,7697499564,10/07/2026 10:15 pm,Online,Free,2,0,$0.00,$0.00,$0.00,$0.00,$0.00,$0.00,$0.00,$0.00,$0.00,$0.00,$0.00,$0.00,$0.00,$0.00,$0.00,$0.00,,,,$0.00,$0.00,$0.00,$0.00,Stripe,Yes,,Completed,Online,2,d0e34b2b-1ca6-4c33-b0d8-67cd038d5f5a
GAN1262,Ganeshotsav,30/08/2026,7:00 pm,Nicole,Suarez,nicole.suarez32@example.com,0372368314,11/07/2026 12:40 am,Online,Free,2,0,$0.00,$0.00,$0.00,$0.00,$0.00,$0.00,$0.00,$0.00,$0.00,$0.00,$0.00,$0.00,$0.00,$0.00,$0.00,$0.00,,,,$0.00,$0.00,$0.00,$0.00,Stripe,No,,Completed,Online,2,2a85e3b1-1dd0-4ecd-8595-c9a36c0046f0
GAN1263,Ganeshotsav,30/08/2026,7:00 pm,Brandon,Cooper,brandon.cooper16@example.com,7707933496,14/08/2026 02:28 pm,Online,Free,1,0,$0.00,$0.00,$0.00,$0.00,$0.00,$0.00,$0.00,$0.00,$0.00,$0.00,$0.00,$0.00,$0.00,$0.00,$0.00,$0.00,,,,$0.00,$0.00,$0.00,$0.00,Stripe,No,,Completed,Online,1,b68d4037-d8fe-4fb8-a162-8abf1a482803
GAN1264,Ganeshotsav,30/08/2026,7:00 pm,Tiffany,Hatfield,tiffany.hatfield43@example.com,7998407678,27/07/2026 05:57 am,Online,Free,4,0,$0.00,$0.00,$0.00,$0.00,$0.00,$0.00,$0.00,$0.00,$0.00,$0.00,$0.00,$0.00,$0.00,$0.00,$0.00,$0.00,,,,$0.00,$0.00,$0.00,$0.00,Stripe,No,,Completed,Online,4,873f3f03-0f8a-479c-b6db-bb2c3b5e2d65
GAN1265,Ganeshotsav,30/08/2026,7:00 pm,Alicia,Hammond,alicia.hammond18@example.com,8146717957,11/07/2026 03:36 am,Manual,Free,1,0,$0.00,$0.00,$0.00,$0.00,$0.00,$0.00,$0.00,$0.00,$0.00,$0.00,$0.00,$0.00,$0.00,$0.00,$0.00,$0.00,,,,$0.00,$0.00,$0.00,$0.00,Stripe,No,,Completed,Manual,1,78202426-3134-4ab8-b9e8-d78149bb1313
GAN1266,Ganeshotsav,30/08/2026,7:00 pm,Leah,Shields,leah.shields88@example.com,8395972466,23/07/2026 07:39 pm,Online,Free,2,0,$0.00,$0.00,$0.00,$0.00,$0.00,$0.00,$0.00,$0.00,$0.00,$0.00,$0.00,$0.00,$0.00,$0.00,$0.00,$0.00,,,,$0.00,$0.00,$0.00,$0.00,Stripe,No,,Completed,Online,2,b0d18df1-484f-4db9-b50b-9f519f310fff
GAN1267,Ganeshotsav,30/08/2026,7:00 pm,Frank,Benton,frank.benton13@example.com,2232971674,08/08/2026 03:06 pm,Online,Free,3,0,$0.00,$0.00,$0.00,$0.00,$0.00,$0.00,$0.00,$0.00,$0.00,$0.00,$0.00,$0.00,$0.00,$0.00,$0.00,$0.00,,,,$0.00,$0.00,$0.00,$0.00,Stripe,No,,Completed,Online,3,5bd972c7-04a4-44e7-bfcf-956e0c0b6cd1
GAN1268,Ganeshotsav,30/08/2026,7:00 pm,Anthony,Williams,anthony.williams70@example.com,2280156193,13/08/2026 06:20 pm,Online,Free,2,0,$0.00,$0.00,$0.00,$0.00,$0.00,$0.00,$0.00,$0.00,$0.00,$0.00,$0.00,$0.00,$0.00,$0.00,$0.00,$0.00,,,,$0.00,$0.00,$0.00,$0.00,Stripe,Yes,,Completed,Online,2,571f7cdb-fe60-4fde-8200-a1aa7c826fbe
GAN1269,Ganeshotsav,30/08/2026,7:00 pm,Debra,Gardner,debra.gardner18@example.com,8428910771,10/08/2026 12:27 am,Manual,Free,2,0,$0.00,$0.00,$0.00,$0.00,$0.00,$0.00,$0.00,$0.00,$0.00,$0.00,$0.00,$0.00,$0.00,$0.00,$0.00,$0.00,,,,$0.00,$0.00,$0.00,$0.00,Stripe,No,,Completed,Manual,2,1a140609-f287-4989-9bbf-46edc83b6467
GAN1270,Ganeshotsav,30/08/2026,7:00 pm,Derek,Moore,derek.moore87@example.com,8121352478,11/08/2026 12:42 pm,Online,Free,2,0,$0.00,$0.00,$0.00,$0.00,$0.00,$0.00,$0.00,$0.00,$0.00,$0.00,$0.00,$0.00,$0.00,$0.00,$0.00,$0.00,,,,$0.00,$0.00,$0.00,$0.00,Stripe,No,,Completed,Online,2,d1b48562-55a8-46a1-9d1d-dcb7a5a7e280
GAN1271,Ganeshotsav,30/08/2026,7:00 pm,Carla,Smith,carla.smith95@example.com,7603754821,15/07/2026 06:46 pm,Online,Free,1,0,$0.00,$0.00,$0.00,$0.00,$0.00,$0.00,$0.00,$0.00,$0.00,$0.00,$0.00,$0.00,$0.00,$0.00,$0.00,$0.00,,,,$0.00,$0.00,$0.00,$0.00,Stripe,Yes,,Completed,Online,1,3ed5e52e-aa3d-4111-a123-01935c532042
GAN1272,Ganeshotsav,30/08/2026,7:00 pm,Carrie,Mccall,carrie.mccall87@example.com,3266678507,16/07/2026 07:43 am,Online,Free,2,0,$0.00,$0.00,$0.00,$0.00,$0.00,$0.00,$0.00,$0.00,$0.00,$0.00,$0.00,$0.00,$0.00,$0.00,$0.00,$0.00,,,,$0.00,$0.00,$0.00,$0.00,Stripe,No,,Completed,Online,2,569b111f-15b4-466e-91d0-12a7f19293c9
GAN1273,Ganeshotsav,30/08/2026,7:00 pm,Jessica,Simon,jessica.simon58@example.com,6060290846,22/07/2026 04:28 pm,Manual,Free,2,0,$0.00,$0.00,$0.00,$0.00,$0.00,$0.00,$0.00,$0.00,$0.00,$0.00,$0.00,$0.00,$0.00,$0.00,$0.00,$0.00,,,,$0.00,$0.00,$0.00,$0.00,Stripe,Yes,,Completed,Manual,2,e8c35a79-504e-44ac-be21-6c79b8b791b0
GAN1274,Ganeshotsav,30/08/2026,7:00 pm,Melissa,Villarreal,melissa.villarreal39@example.com,8926738997,23/07/2026 07:56 pm,Online,Free,1,0,$0.00,$0.00,$0.00,$0.00,$0.00,$0.00,$0.00,$0.00,$0.00,$0.00,$0.00,$0.00,$0.00,$0.00,$0.00,$0.00,,,,$0.00,$0.00,$0.00,$0.00,Stripe,No,,Completed,Online,1,0976e09f-1593-4f42-8d31-29b3e1878e93
GAN1275,Ganeshotsav,30/08/2026,7:00 pm,Mary,Wiley,mary.wiley2@example.com,2884318848,31/07/2026 08:50 am,Online,Free,2,0,$0.00,$0.00,$0.00,$0.00,$0.00,$0.00,$0.00,$0.00,$0.00,$0.00,$0.00,$0.00,$0.00,$0.00,$0.00,$0.00,,,,$0.00,$0.00,$0.00,$0.00,Stripe,No,,Completed,Online,2,8a39068b-cbed-4473-a3eb-f7c10723e11e
GAN1276,Ganeshotsav,30/08/2026,7:00 pm,John,Grimes,john.grimes15@example.com,4681054851,02/08/2026 12:23 pm,Online,Free,1,0,$0.00,$0.00,$0.00,$0.00,$0.00,$0.00,$0.00,$0.00,$0.00,$0.00,$0.00,$0.00,$0.00,$0.00,$0.00,$0.00,,,,$0.00,$0.00,$0.00,$0.00,Stripe,No,,Completed,Online,1,0155aa51-bca2-4581-928b-1e4b4c472ded
GAN1277,Ganeshotsav,30/08/2026,7:00 pm,Christopher,Lopez,christopher.lopez35@example.com,9989354492,28/07/2026 01:57 am,Manual,Free,1,0,$0.00,$0.00,$0.00,$0.00,$0.00,$0.00,$0.00,$0.00,$0.00,$0.00,$0.00,$0.00,$0.00,$0.00,$0.00,$0.00,,,,$0.00,$0.00,$0.00,$0.00,Stripe,Yes,,Completed,Manual,1,95162359-8436-4fc7-93ed-c74f1af026df
GAN1278,Ganeshotsav,30/08/2026,7:00 pm,Nicholas,Payne,nicholas.payne72@example.com,7126611062,17/07/2026 10:02 pm,Online,Free,2,0,$0.00,$0.00,$0.00,$0.00,$0.00,$0.00,$0.00,$0.00,$0.00,$0.00,$0.00,$0.00,$0.00,$0.00,$0.00,$0.00,,,,$0.00,$0.00,$0.00,$0.00,Stripe,No,,Completed,Online,2,86b8afef-ad44-4c48-9e8a-10da13fc927f
GAN1279,Ganeshotsav,30/08/2026,7:00 pm,Stacey,Tucker,stacey.tucker50@example.com,4976776228,26/07/2026 02:47 am,Online,Free,1,0,$0.00,$0.00,$0.00,$0.00,$0.00,$0.00,$0.00,$0.00,$0.00,$0.00,$0.00,$0.00,$0.00,$0.00,$0.00,$0.00,,,,$0.00,$0.00,$0.00,$0.00,Stripe,No,,Completed,Online,1,83601fb5-b45b-4ad3-b7d0-eea0211f632b
GAN1280,Ganeshotsav,30/08/2026,7:00 pm,James,Fox,james.fox71@example.com,3770285196,13/08/2026 01:50 am,Online,Free,1,0,$0.00,$0.00,$0.00,$0.00,$0.00,$0.00,$0.00,$0.00,$0.00,$0.00,$0.00,$0.00,$0.00,$0.00,$0.00,$0.00,,,,$0.00,$0.00,$0.00,$0.00,Stripe,Yes,,Completed,Online,1,85d4bf0f-0a4f-4e3b-8a22-9ba5925f2cc6
GAN1281,Ganeshotsav,30/08/2026,7:00 pm,Leonard,Hayes,leonard.hayes21@example.com,4544702296,16/07/2026 09:18 am,Manual,Free,3,0,$0.00,$0.00,$0.00,$0.00,$0.00,$0.00,$0.00,$0.00,$0.00,$0.00,$0.00,$0.00,$0.00,$0.00,$0.00,$0.00,,,,$0.00,$0.00,$0.00,$0.00,Stripe,No,,Completed,Manual,3,bd5a6112-d1b2-4e3c-aede-2487373058be
GAN1282,Ganeshotsav,30/08/2026,7:00 pm,Devin,Clark,devin.clark63@example.com,8510679497,29/07/2026 11:19 am,Online,Free,2,0,$0.00,$0.00,$0.00,$0.00,$0.00,$0.00,$0.00,$0.00,$0.00,$0.00,$0.00,$0.00,$0.00,$0.00,$0.00,$0.00,,,,$0.00,$0.00,$0.00,$0.00,Stripe,Yes,,Completed,Online,2,9b0fcaa7-d56c-478f-b854-1d6ad59f2b69
GAN1283,Ganeshotsav,30/08/2026,7:00 pm,Kathryn,Best,kathryn.best41@example.com,8777251996,15/07/2026 02:07 pm,Online,Free,2,0,$0.00,$0.00,$0.00,$0.00,$0.00,$0.00,$0.00,$0.00,$0.00,$0.00,$0.00,$0.00,$0.00,$0.00,$0.00,$0.00,,,,$0.00,$0.00,$0.00,$0.00,Stripe,Yes,,Completed,Online,2,f544b28c-0bba-472a-8a7e-9cce56c890a5
GAN1284,Ganeshotsav,30/08/2026,7:00 pm,Francisco,Ewing,francisco.ewing81@example.com,4120948181,05/08/2026 01:20 pm,Online,Free,1,0,$0.00,$0.00,$0.00,$0.00,$0.00,$0.00,$0.00,$0.00,$0.00,$0.00,$0.00,$0.00,$0.00,$0.00,$0.00,$0.00,,,,$0.00,$0.00,$0.00,$0.00,Stripe,Yes,,Completed,Online,1,f5112438-0d89-4ced-81f3-114393acceb8
GAN1285,Ganeshotsav,30/08/2026,7:00 pm,Joshua,Riddle,joshua.riddle8@example.com,7801820433,01/08/2026 03:33 pm,Online,Free,1,0,$0.00,$0.00,$0.00,$0.00,$0.00,$0.00,$0.00,$0.00,$0.00,$0.00,$0.00,$0.00,$0.00,$0.00,$0.00,$0.00,,,,$0.00,$0.00,$0.00,$0.00,Stripe,Yes,,Completed,Online,1,5207c6cc-9b5a-4674-8896-54b2ce926059
GAN1286,Ganeshotsav,30/08/2026,7:00 pm,Jeffrey,Bradford,jeffrey.bradford54@example.com,7056260856,26/07/2026 01:53 am,Online,Free,1,0,$0.00,$0.00,$0.00,$0.00,$0.00,$0.00,$0.00,$0.00,$0.00,$0.00,$0.00,$0.00,$0.00,$0.00,$0.00,$0.00,,,,$0.00,$0.00,$0.00,$0.00,Stripe,Yes,,Completed,Online,1,2b0c456b-8ab2-4bf4-996d-edc0fad34352
GAN1287,Ganeshotsav,30/08/2026,7:00 pm,Sheila,Fischer,sheila.fischer49@example.com,4124620952,21/07/2026 12:54 pm,Online,Free,4,0,$0.00,$0.00,$0.00,$0.00,$0.00,$0.00,$0.00,$0.00,$0.00,$0.00,$0.00,$0.00,$0.00,$0.00,$0.00,$0.00,,,,$0.00,$0.00,$0.00,$0.00,Stripe,Yes,,Completed,Online,4,24784b7d-51ee-4cc8-9947-4d1a63d316c1
GAN1288,Ganeshotsav,30/08/2026,7:00 pm,Stephanie,Johnson,stephanie.johnson80@example.com,4610339937,26/07/2026 12:12 pm,Online,Free,1,0,$0.00,$0.00,$0.00,$0.00,$0.00,$0.00,$0.00,$0.00,$0.00,$0.00,$0.00,$0.00,$0.00,$0.00,$0.00,$0.00,,,,$0.00,$0.00,$0.00,$0.00,Stripe,Yes,,Completed,Online,1,0f8593c3-44f0-4717-9d75-f901f309106e
GAN1289,Ganeshotsav,30/08/2026,7:00 pm,Amy,Snyder,amy.snyder36@example.com,1706304891,22/07/2026 07:46 pm,Online,Free,3,0,$0.00,$0.00,$0.00,$0.00,$0.00,$0.00,$0.00,$0.00,$0.00,$0.00,$0.00,$0.00,$0.00,$0.00,$0.00,$0.00,,,,$0.00,$0.00,$0.00,$0.00,Stripe,No,,Completed,Online,3,722be4aa-6820-4025-9178-8bdd4dfb1b6e
GAN1290,Ganeshotsav,30/08/2026,7:00 pm,Marilyn,Jimenez,marilyn.jimenez41@example.com,2582386870,13/07/2026 04:21 pm,Online,Free,1,0,$0.00,$0.00,$0.00,$0.00,$0.00,$0.00,$0.00,$0.00,$0.00,$0.00,$0.00,$0.00,$0.00,$0.00,$0.00,$0.00,,,,$0.00,$0.00,$0.00,$0.00,Stripe,No,,Completed,Online,1,2ad98682-f8da-4a79-a72e-dd5f4a0c408d
GAN1291,Ganeshotsav,30/08/2026,7:00 pm,Chad,Welch,chad.welch59@example.com,4946539840,10/07/2026 10:19 am,Online,Free,3,0,$0.00,$0.00,$0.00,$0.00,$0.00,$0.00,$0.00,$0.00,$0.00,$0.00,$0.00,$0.00,$0.00,$0.00,$0.00,$0.00,,,,$0.00,$0.00,$0.00,$0.00,Stripe,No,,Completed,Online,3,6532b3ae-16f7-41ac-8cf6-a29711e74656
GAN1292,Ganeshotsav,30/08/2026,7:00 pm,Tammy,Johnson,tammy.johnson48@example.com,8463985547,06/08/2026 03:32 pm,Online,Free,2,0,$0.00,$0.00,$0.00,$0.00,$0.00,$0.00,$0.00,$0.00,$0.00,$0.00,$0.00,$0.00,$0.00,$0.00,$0.00,$0.00,,,,$0.00,$0.00,$0.00,$0.00,Stripe,Yes,,Completed,Online,2,f5808b59-75b5-48d7-b5eb-728f57750d0f
GAN1293,Ganeshotsav,30/08/2026,7:00 pm,Melissa,Mitchell,melissa.mitchell68@example.com,2097002687,02/08/2026 06:57 pm,Manual,Free,1,0,$0.00,$0.00,$0.00,$0.00,$0.00,$0.00,$0.00,$0.00,$0.00,$0.00,$0.00,$0.00,$0.00,$0.00,$0.00,$0.00,,,,$0.00,$0.00,$0.00,$0.00,Stripe,Yes,,Completed,Manual,1,a6b96653-a62b-4d30-a070-bdb9c98cd5fb
GAN1294,Ganeshotsav,30/08/2026,7:00 pm,Steven,Wilson,steven.wilson92@example.com,7156956201,13/07/2026 10:22 am,Online,Free,4,0,$0.00,$0.00,$0.00,$0.00,$0.00,$0.00,$0.00,$0.00,$0.00,$0.00,$0.00,$0.00,$0.00,$0.00,$0.00,$0.00,,,,$0.00,$0.00,$0.00,$0.00,Stripe,No,,Completed,Online,4,be3eb6f7-38b5-45b9-8265-a22371cfd772
GAN1295,Ganeshotsav,30/08/2026,7:00 pm,Jeffrey,Smith,jeffrey.smith36@example.com,5319433750,11/07/2026 04:19 am,Online,Free,3,0,$0.00,$0.00,$0.00,$0.00,$0.00,$0.00,$0.00,$0.00,$0.00,$0.00,$0.00,$0.00,$0.00,$0.00,$0.00,$0.00,,,,$0.00,$0.00,$0.00,$0.00,Stripe,No,,Completed,Online,3,fbf8b1fe-3232-4e72-81d3-a0333586ae6f
GAN1296,Ganeshotsav,30/08/2026,7:00 pm,Charles,Brown,charles.brown97@example.com,1498728399,11/08/2026 10:23 am,Online,Free,3,0,$0.00,$0.00,$0.00,$0.00,$0.00,$0.00,$0.00,$0.00,$0.00,$0.00,$0.00,$0.00,$0.00,$0.00,$0.00,$0.00,,,,$0.00,$0.00,$0.00,$0.00,Stripe,No,,Completed,Online,3,10a71298-bef8-4d85-a0d4-c1659691f45d
GAN1297,Ganeshotsav,30/08/2026,7:00 pm,Miguel,Lara,miguel.lara4@example.com,8430894870,15/07/2026 09:05 am,Online,Free,1,0,$0.00,$0.00,$0.00,$0.00,$0.00,$0.00,$0.00,$0.00,$0.00,$0.00,$0.00,$0.00,$0.00,$0.00,$0.00,$0.00,,,,$0.00,$0.00,$0.00,$0.00,Stripe,Yes,,Completed,Online,1,682904ca-febf-4c56-9826-c4966ebb7a17
GAN1298,Ganeshotsav,30/08/2026,7:00 pm,Tyler,Glass,tyler.glass50@example.com,7580304687,21/07/2026 02:18 am,Online,Free,2,0,$0.00,$0.00,$0.00,$0.00,$0.00,$0.00,$0.00,$0.00,$0.00,$0.00,$0.00,$0.00,$0.00,$0.00,$0.00,$0.00,,,,$0.00,$0.00,$0.00,$0.00,Stripe,Yes,,Completed,Online,2,e14e21f7-14f1-4d92-95af-47da31d1d6cb
GAN1299,Ganeshotsav,30/08/2026,7:00 pm,Kurt,Barker,kurt.barker34@example.com,3613325411,01/08/2026 05:02 pm,Online,Free,1,0,$0.00,$0.00,$0.00,$0.00,$0.00,$0.00,$0.00,$0.00,$0.00,$0.00,$0.00,$0.00,$0.00,$0.00,$0.00,$0.00,,,,$0.00,$0.00,$0.00,$0.00,Stripe,No,,Completed,Online,1,cc16ab4e-97b0-48b0-8626-67fccedcf5bf
GAN1300,Ganeshotsav,30/08/2026,7:00 pm,Raymond,Banks,raymond.banks35@example.com,4317350583,03/08/2026 08:01 pm,Online,Free,1,0,$0.00,$0.00,$0.00,$0.00,$0.00,$0.00,$0.00,$0.00,$0.00,$0.00,$0.00,$0.00,$0.00,$0.00,$0.00,$0.00,,,,$0.00,$0.00,$0.00,$0.00,Stripe,No,,Completed,Online,1,a016db34-187d-40c5-839b-f6de704377c3
GAN1301,Ganeshotsav,30/08/2026,7:00 pm,Jacqueline,Hill,jacqueline.hill94@example.com,1006512070,27/07/2026 07:41 pm,Online,Free,1,0,$0.00,$0.00,$0.00,$0.00,$0.00,$0.00,$0.00,$0.00,$0.00,$0.00,$0.00,$0.00,$0.00,$0.00,$0.00,$0.00,,,,$0.00,$0.00,$0.00,$0.00,Stripe,No,,Completed,Online,1,0e484034-ad74-4d43-9a11-5f5910d7a164
GAN1302,Ganeshotsav,30/08/2026,7:00 pm,Susan,Banks,susan.banks72@example.com,6619639907,01/08/2026 05:16 am,Online,Free,1,0,$0.00,$0.00,$0.00,$0.00,$0.00,$0.00,$0.00,$0.00,$0.00,$0.00,$0.00,$0.00,$0.00,$0.00,$0.00,$0.00,,,,$0.00,$0.00,$0.00,$0.00,Stripe,Yes,,Completed,Online,1,19ed59a5-9e85-44d4-9ec6-20e0e143a0ad
GAN1303,Ganeshotsav,30/08/2026,7:00 pm,Dominic,Tyler,dominic.tyler73@example.com,7859311091,23/07/2026 03:41 pm,Online,Free,2,0,$0.00,$0.00,$0.00,$0.00,$0.00,$0.00,$0.00,$0.00,$0.00,$0.00,$0.00,$0.00,$0.00,$0.00,$0.00,$0.00,,,,$0.00,$0.00,$0.00,$0.00,Stripe,No,,Completed,Online,2,419bf74e-8247-43c3-a32a-4516204054fb
GAN1304,Ganeshotsav,30/08/2026,7:00 pm,Gina,Mckenzie,gina.mckenzie38@example.com,9723200249,24/07/2026 06:27 am,Online,Free,1,0,$0.00,$0.00,$0.00,$0.00,$0.00,$0.00,$0.00,$0.00,$0.00,$0.00,$0.00,$0.00,$0.00,$0.00,$0.00,$0.00,,,,$0.00,$0.00,$0.00,$0.00,Stripe,No,,Completed,Online,1,8a8864c7-e29d-4722-956b-212f4faa0851
GAN1305,Ganeshotsav,30/08/2026,7:00 pm,Stacy,Fry,stacy.fry16@example.com,7495450892,09/08/2026 03:40 pm,Online,Free,2,0,$0.00,$0.00,$0.00,$0.00,$0.00,$0.00,$0.00,$0.00,$0.00,$0.00,$0.00,$0.00,$0.00,$0.00,$0.00,$0.00,,,,$0.00,$0.00,$0.00,$0.00,Stripe,Yes,,Completed,Online,2,dbd3e865-8f38-4c01-95ce-0626d1b60755
GAN1306,Ganeshotsav,30/08/2026,7:00 pm,Steven,Dominguez,steven.dominguez50@example.com,3331537795,12/07/2026 12:55 pm,Online,Free,1,0,$0.00,$0.00,$0.00,$0.00,$0.00,$0.00,$0.00,$0.00,$0.00,$0.00,$0.00,$0.00,$0.00,$0.00,$0.00,$0.00,,,,$0.00,$0.00,$0.00,$0.00,Stripe,No,,Completed,Online,1,542060ce-6b2f-4d47-8cb4-a7f69db8ef7e
GAN1307,Ganeshotsav,30/08/2026,7:00 pm,Daniel,Smith,daniel.smith60@example.com,0730337933,16/07/2026 05:42 pm,Manual,Free,4,0,$0.00,$0.00,$0.00,$0.00,$0.00,$0.00,$0.00,$0.00,$0.00,$0.00,$0.00,$0.00,$0.00,$0.00,$0.00,$0.00,,,,$0.00,$0.00,$0.00,$0.00,Stripe,No,,Completed,Manual,4,d37a430a-2f2a-45e8-a67a-e277348f9ce0
GAN1308,Ganeshotsav,30/08/2026,7:00 pm,Earl,Anderson,earl.anderson88@example.com,0150812473,18/08/2026 12:20 am,Online,Free,3,0,$0.00,$0.00,$0.00,$0.00,$0.00,$0.00,$0.00,$0.00,$0.00,$0.00,$0.00,$0.00,$0.00,$0.00,$0.00,$0.00,,,,$0.00,$0.00,$0.00,$0.00,Stripe,No,,Completed,Online,3,32a4a8a4-32f9-4771-8799-7940f9adde7d
GAN1309,Ganeshotsav,30/08/2026,7:00 pm,Laura,Morgan,laura.morgan87@example.com,4258323024,21/07/2026 11:43 am,Online,Free,1,0,$0.00,$0.00,$0.00,$0.00,$0.00,$0.00,$0.00,$0.00,$0.00,$0.00,$0.00,$0.00,$0.00,$0.00,$0.00,$0.00,,,,$0.00,$0.00,$0.00,$0.00,Stripe,Yes,,Completed,Online,1,e2901d96-c993-4819-a7a5-81e8610114f4
GAN1310,Ganeshotsav,30/08/2026,7:00 pm,Jacqueline,Nelson,jacqueline.nelson36@example.com,4735528961,14/07/2026 05:40 pm,Online,Free,1,0,$0.00,$0.00,$0.00,$0.00,$0.00,$0.00,$0.00,$0.00,$0.00,$0.00,$0.00,$0.00,$0.00,$0.00,$0.00,$0.00,,,,$0.00,$0.00,$0.00,$0.00,Stripe,No,,Completed,Online,1,8855817d-3112-4678-b08c-523dcb7e717c
GAN1311,Ganeshotsav,30/08/2026,7:00 pm,Matthew,Lane,matthew.lane98@example.com,5963099384,25/07/2026 03:48 am,Manual,Free,2,0,$0.00,$0.00,$0.00,$0.00,$0.00,$0.00,$0.00,$0.00,$0.00,$0.00,$0.00,$0.00,$0.00,$0.00,$0.00,$0.00,,,,$0.00,$0.00,$0.00,$0.00,Stripe,No,,Completed,Manual,2,47b2e24d-cbad-4916-a124-3bea0da26154
GAN1312,Ganeshotsav,30/08/2026,7:00 pm,Dakota,Berry,dakota.berry56@example.com,3179128685,13/08/2026 10:48 am,Online,Free,1,0,$0.00,$0.00,$0.00,$0.00,$0.00,$0.00,$0.00,$0.00,$0.00,$0.00,$0.00,$0.00,$0.00,$0.00,$0.00,$0.00,,,,$0.00,$0.00,$0.00,$0.00,Stripe,No,,Completed,Online,1,5fb68406-b665-4a34-9263-00282dd2d8c0
GAN1313,Ganeshotsav,30/08/2026,7:00 pm,Cynthia,Diaz,cynthia.diaz72@example.com,7749690333,30/07/2026 09:39 pm,Online,Free,1,0,$0.00,$0.00,$0.00,$0.00,$0.00,$0.00,$0.00,$0.00,$0.00,$0.00,$0.00,$0.00,$0.00,$0.00,$0.00,$0.00,,,,$0.00,$0.00,$0.00,$0.00,Stripe,No,,Completed,Online,1,e3826da1-6cce-4c23-8e55-f3fe37f5c238
GAN1314,Ganeshotsav,30/08/2026,7:00 pm,Adrian,Burgess,adrian.burgess40@example.com,5481214785,25/07/2026 02:45 am,Online,Free,1,0,$0.00,$0.00,$0.00,$0.00,$0.00,$0.00,$0.00,$0.00,$0.00,$0.00,$0.00,$0.00,$0.00,$0.00,$0.00,$0.00,,,,$0.00,$0.00,$0.00,$0.00,Stripe,No,,Completed,Online,1,561c9af3-9f02-4a19-8323-9ba9771ad3fe
GAN1315,Ganeshotsav,30/08/2026,7:00 pm,Brenda,Walters,brenda.walters77@example.com,6657546027,27/07/2026 12:38 am,Online,Free,1,0,$0.00,$0.00,$0.00,$0.00,$0.00,$0.00,$0.00,$0.00,$0.00,$0.00,$0.00,$0.00,$0.00,$0.00,$0.00,$0.00,,,,$0.00,$0.00,$0.00,$0.00,Stripe,Yes,,Completed,Online,1,4b658517-1519-413c-a6c7-1f155bed83be
GAN1316,Ganeshotsav,30/08/2026,7:00 pm,Tina,Sanchez,tina.sanchez51@example.com,4311150835,12/08/2026 06:29 am,Online,Free,2,0,$0.00,$0.00,$0.00,$0.00,$0.00,$0.00,$0.00,$0.00,$0.00,$0.00,$0.00,$0.00,$0.00,$0.00,$0.00,$0.00,,,,$0.00,$0.00,$0.00,$0.00,Stripe,No,,Completed,Online,2,c4bb4ace-d0c8-4a67-bec6-2bbe4d7ec4b1
GAN1317,Ganeshotsav,30/08/2026,7:00 pm,Charles,Brown,charles.brown97@example.com,3928404456,06/08/2026 01:36 am,Manual,Free,1,0,$0.00,$0.00,$0.00,$0.00,$0.00,$0.00,$0.00,$0.00,$0.00,$0.00,$0.00,$0.00,$0.00,$0.00,$0.00,$0.00,,,,$0.00,$0.00,$0.00,$0.00,Stripe,No,,Completed,Manual,1,fd411a05-833c-44f2-a772-829078d540ef
GAN1318,Ganeshotsav,30/08/2026,7:00 pm,Mitchell,Ramos,mitchell.ramos96@example.com,6333738987,09/08/2026 02:15 am,Online,Free,4,0,$0.00,$0.00,$0.00,$0.00,$0.00,$0.00,$0.00,$0.00,$0.00,$0.00,$0.00,$0.00,$0.00,$0.00,$0.00,$0.00,,,,$0.00,$0.00,$0.00,$0.00,Stripe,No,,Completed,Online,4,6dc56044-3016-462b-9886-75455025ac18
GAN1319,Ganeshotsav,30/08/2026,7:00 pm,Lisa,Adams,lisa.adams10@example.com,3778052924,09/08/2026 10:39 am,Online,Free,2,0,$0.00,$0.00,$0.00,$0.00,$0.00,$0.00,$0.00,$0.00,$0.00,$0.00,$0.00,$0.00,$0.00,$0.00,$0.00,$0.00,,,,$0.00,$0.00,$0.00,$0.00,Stripe,No,,Completed,Online,2,6cfbf173-6b4d-4d1a-b9b9-c13a56fe972b
GAN1320,Ganeshotsav,30/08/2026,7:00 pm,Kyle,Ortiz,kyle.ortiz65@example.com,8459090225,06/08/2026 03:41 am,Online,Free,1,0,$0.00,$0.00,$0.00,$0.00,$0.00,$0.00,$0.00,$0.00,$0.00,$0.00,$0.00,$0.00,$0.00,$0.00,$0.00,$0.00,,,,$0.00,$0.00,$0.00,$0.00,Stripe,No,,Completed,Online,1,faec8f42-6411-48ec-9df0-177192e9b765
GAN1321,Ganeshotsav,30/08/2026,7:00 pm,Cathy,Maxwell,cathy.maxwell10@example.com,1863715974,25/07/2026 06:43 am,Online,Free,1,0,$0.00,$0.00,$0.00,$0.00,$0.00,$0.00,$0.00,$0.00,$0.00,$0.00,$0.00,$0.00,$0.00,$0.00,$0.00,$0.00,,,,$0.00,$0.00,$0.00,$0.00,Stripe,No,,Completed,Online,1,0835075f-2d79-4f3e-8d8b-4c60acc54c62
GAN1322,Ganeshotsav,30/08/2026,7:00 pm,Joshua,Martinez,joshua.martinez79@example.com,0231643348,11/08/2026 03:23 pm,Online,Free,2,0,$0.00,$0.00,$0.00,$0.00,$0.00,$0.00,$0.00,$0.00,$0.00,$0.00,$0.00,$0.00,$0.00,$0.00,$0.00,$0.00,,,,$0.00,$0.00,$0.00,$0.00,Stripe,No,,Completed,Online,2,2bfcc524-02d3-4b7e-84be-7e1c5e5ffeaa
GAN1323,Ganeshotsav,30/08/2026,7:00 pm,Raven,Gilbert,raven.gilbert48@example.com,6212867163,23/07/2026 03:40 am,Manual,Free,3,0,$0.00,$0.00,$0.00,$0.00,$0.00,$0.00,$0.00,$0.00,$0.00,$0.00,$0.00,$0.00,$0.00,$0.00,$0.00,$0.00,,,,$0.00,$0.00,$0.00,$0.00,Stripe,Yes,,Completed,Manual,3,aa2fd9d1-b5ad-49f5-9161-a3816ea4b405
GAN1324,Ganeshotsav,30/08/2026,7:00 pm,Jonathan,Hess,jonathan.hess37@example.com,9387430271,28/07/2026 10:12 pm,Online,Free,3,0,$0.00,$0.00,$0.00,$0.00,$0.00,$0.00,$0.00,$0.00,$0.00,$0.00,$0.00,$0.00,$0.00,$0.00,$0.00,$0.00,,,,$0.00,$0.00,$0.00,$0.00,Stripe,Yes,,Completed,Online,3,91b8ff07-e909-4654-9432-3b1c869e8836
GAN1325,Ganeshotsav,30/08/2026,7:00 pm,Earl,Anderson,earl.anderson88@example.com,7901475469,13/08/2026 04:46 pm,Online,Free,2,0,$0.00,$0.00,$0.00,$0.00,$0.00,$0.00,$0.00,$0.00,$0.00,$0.00,$0.00,$0.00,$0.00,$0.00,$0.00,$0.00,,,,$0.00,$0.00,$0.00,$0.00,Stripe,No,,Completed,Online,2,bbb5e037-9e23-4af9-a664-14db2df8d4a8
GAN1326,Ganeshotsav,30/08/2026,7:00 pm,Spencer,Ward,spencer.ward38@example.com,2916032484,27/07/2026 06:14 am,Manual,Free,1,0,$0.00,$0.00,$0.00,$0.00,$0.00,$0.00,$0.00,$0.00,$0.00,$0.00,$0.00,$0.00,$0.00,$0.00,$0.00,$0.00,,,,$0.00,$0.00,$0.00,$0.00,Stripe,Yes,,Completed,Manual,1,8d85ddf1-c309-4f28-be0d-40b469498671
GAN1327,Ganeshotsav,30/08/2026,7:00 pm,Jennifer,Malone,jennifer.malone84@example.com,1185672438,15/07/2026 03:17 am,Online,Free,2,0,$0.00,$0.00,$0.00,$0.00,$0.00,$0.00,$0.00,$0.00,$0.00,$0.00,$0.00,$0.00,$0.00,$0.00,$0.00,$0.00,,,,$0.00,$0.00,$0.00,$0.00,Stripe,No,,Completed,Online,2,acf59149-b1c9-40dc-a38c-c35f12bcf090
GAN1328,Ganeshotsav,30/08/2026,7:00 pm,Larry,Higgins,larry.higgins26@example.com,5636004125,08/08/2026 03:33 pm,Online,Free,3,0,$0.00,$0.00,$0.00,$0.00,$0.00,$0.00,$0.00,$0.00,$0.00,$0.00,$0.00,$0.00,$0.00,$0.00,$0.00,$0.00,,,,$0.00,$0.00,$0.00,$0.00,Stripe,No,,Completed,Online,3,a832a228-8c65-401b-9521-e8251177fdd5
GAN1329,Ganeshotsav,30/08/2026,7:00 pm,Diane,Kelly,diane.kelly14@example.com,2742209124,19/07/2026 08:35 pm,Online,Free,3,0,$0.00,$0.00,$0.00,$0.00,$0.00,$0.00,$0.00,$0.00,$0.00,$0.00,$0.00,$0.00,$0.00,$0.00,$0.00,$0.00,,,,$0.00,$0.00,$0.00,$0.00,Stripe,No,,Completed,Online,3,c37a927b-abe0-4b22-93dc-a1542b1fc2ab
GAN1330,Ganeshotsav,30/08/2026,7:00 pm,Morgan,Spencer,morgan.spencer60@example.com,2752308370,10/07/2026 08:18 pm,Online,Free,1,0,$0.00,$0.00,$0.00,$0.00,$0.00,$0.00,$0.00,$0.00,$0.00,$0.00,$0.00,$0.00,$0.00,$0.00,$0.00,$0.00,,,,$0.00,$0.00,$0.00,$0.00,Stripe,No,,Completed,Online,1,0d6b160f-71a9-4c81-8eee-5680b0ba8fe3
GAN1331,Ganeshotsav,30/08/2026,7:00 pm,Steven,Lara,steven.lara88@example.com,6335331060,02/08/2026 05:43 pm,Online,Free,2,0,$0.00,$0.00,$0.00,$0.00,$0.00,$0.00,$0.00,$0.00,$0.00,$0.00,$0.00,$0.00,$0.00,$0.00,$0.00,$0.00,,,,$0.00,$0.00,$0.00,$0.00,Stripe,No,,Completed,Online,2,38772265-102c-41a3-ab40-4598ae11d3c2
GAN1332,Ganeshotsav,30/08/2026,7:00 pm,Eric,Phillips,eric.phillips99@example.com,2206815583,16/08/2026 07:11 pm,Online,Free,1,0,$0.00,$0.00,$0.00,$0.00,$0.00,$0.00,$0.00,$0.00,$0.00,$0.00,$0.00,$0.00,$0.00,$0.00,$0.00,$0.00,,,,$0.00,$0.00,$0.00,$0.00,Stripe,Yes,,Completed,Online,1,1eed0236-6d89-4035-b05d-45c76522e8b9
GAN1333,Ganeshotsav,30/08/2026,7:00 pm,Brian,Bell,brian.bell77@example.com,5520650637,19/07/2026 11:20 am,Manual,Free,2,0,$0.00,$0.00,$0.00,$0.00,$0.00,$0.00,$0.00,$0.00,$0.00,$0.00,$0.00,$0.00,$0.00,$0.00,$0.00,$0.00,,,,$0.00,$0.00,$0.00,$0.00,Stripe,No,,Completed,Manual,2,0b3f953a-5e75-488f-9fb8-86b2a662cb92
GAN1334,Ganeshotsav,30/08/2026,7:00 pm,Sean,Mitchell,sean.mitchell29@example.com,6497189241,13/07/2026 12:50 am,Online,Free,1,0,$0.00,$0.00,$0.00,$0.00,$0.00,$0.00,$0.00,$0.00,$0.00,$0.00,$0.00,$0.00,$0.00,$0.00,$0.00,$0.00,,,,$0.00,$0.00,$0.00,$0.00,Stripe,No,,Completed,Online,1,c57ae3ff-f8ed-48ae-acaf-8800ad8ae364
GAN1335,Ganeshotsav,30/08/2026,7:00 pm,Connie,Simmons,connie.simmons17@example.com,2571509976,06/08/2026 11:08 am,Online,Free,1,0,$0.00,$0.00,$0.00,$0.00,$0.00,$0.00,$0.00,$0.00,$0.00,$0.00,$0.00,$0.00,$0.00,$0.00,$0.00,$0.00,,,,$0.00,$0.00,$0.00,$0.00,Stripe,No,,Completed,Online,1,03671560-fd06-475b-b462-931f966456be
GAN1336,Ganeshotsav,30/08/2026,7:00 pm,Katherine,Garrett,katherine.garrett54@example.com,4363910257,19/07/2026 11:31 am,Online,Free,2,0,$0.00,$0.00,$0.00,$0.00,$0.00,$0.00,$0.00,$0.00,$0.00,$0.00,$0.00,$0.00,$0.00,$0.00,$0.00,$0.00,,,,$0.00,$0.00,$0.00,$0.00,Stripe,Yes,,Completed,Online,2,09b4413c-a45c-494a-b452-98c460310461
GAN1337,Ganeshotsav,30/08/2026,7:00 pm,Ashlee,Washington,ashlee.washington70@example.com,5245086403,19/07/2026 04:38 pm,Online,Free,1,0,$0.00,$0.00,$0.00,$0.00,$0.00,$0.00,$0.00,$0.00,$0.00,$0.00,$0.00,$0.00,$0.00,$0.00,$0.00,$0.00,,,,$0.00,$0.00,$0.00,$0.00,Stripe,Yes,,Completed,Online,1,e81909ce-0dd7-4ac2-8a10-55c534b0738e
GAN1338,Ganeshotsav,30/08/2026,7:00 pm,Lisa,Hawkins,lisa.hawkins5@example.com,3968527017,15/08/2026 04:45 am,Online,Free,1,0,$0.00,$0.00,$0.00,$0.00,$0.00,$0.00,$0.00,$0.00,$0.00,$0.00,$0.00,$0.00,$0.00,$0.00,$0.00,$0.00,,,,$0.00,$0.00,$0.00,$0.00,Stripe,No,,Completed,Online,1,f032c262-243b-4101-bdf4-8930a265df65
GAN1339,Ganeshotsav,30/08/2026,7:00 pm,Andrea,Martinez,andrea.martinez97@example.com,2983381674,18/07/2026 08:57 am,Online,Free,1,0,$0.00,$0.00,$0.00,$0.00,$0.00,$0.00,$0.00,$0.00,$0.00,$0.00,$0.00,$0.00,$0.00,$0.00,$0.00,$0.00,,,,$0.00,$0.00,$0.00,$0.00,Stripe,Yes,,Completed,Online,1,3fbc75e0-9b19-4112-ad2a-e08e6c8c5d0e
GAN1340,Ganeshotsav,30/08/2026,7:00 pm,Dale,Nolan,dale.nolan82@example.com,3471566277,22/07/2026 05:30 am,Online,Free,1,0,$0.00,$0.00,$0.00,$0.00,$0.00,$0.00,$0.00,$0.00,$0.00,$0.00,$0.00,$0.00,$0.00,$0.00,$0.00,$0.00,,,,$0.00,$0.00,$0.00,$0.00,Stripe,Yes,,Completed,Online,1,27e7a6bd-c2a4-4fd8-aef5-4ceebc243f9f
GAN1341,Ganeshotsav,30/08/2026,7:00 pm,Sydney,Baker,sydney.baker59@example.com,0661498282,11/08/2026 08:57 am,Online,Free,1,0,$0.00,$0.00,$0.00,$0.00,$0.00,$0.00,$0.00,$0.00,$0.00,$0.00,$0.00,$0.00,$0.00,$0.00,$0.00,$0.00,,,,$0.00,$0.00,$0.00,$0.00,Stripe,No,,Completed,Online,1,6009a05a-4881-4b98-b41f-55454e4c01f6
GAN1342,Ganeshotsav,30/08/2026,7:00 pm,Ryan,Khan,ryan.khan92@example.com,1527323008,01/08/2026 07:58 am,Online,Free,1,0,$0.00,$0.00,$0.00,$0.00,$0.00,$0.00,$0.00,$0.00,$0.00,$0.00,$0.00,$0.00,$0.00,$0.00,$0.00,$0.00,,,,$0.00,$0.00,$0.00,$0.00,Stripe,No,,Completed,Online,1,6507c321-f0b6-444f-aa73-30b3ecfa1700
GAN1343,Ganeshotsav,30/08/2026,7:00 pm,Julia,Cannon,julia.cannon83@example.com,6749160169,17/08/2026 06:11 am,Online,Free,2,0,$0.00,$0.00,$0.00,$0.00,$0.00,$0.00,$0.00,$0.00,$0.00,$0.00,$0.00,$0.00,$0.00,$0.00,$0.00,$0.00,,,,$0.00,$0.00,$0.00,$0.00,Stripe,No,,Completed,Online,2,e9c000f0-c571-49ab-8158-9d90f5044d15
GAN1344,Ganeshotsav,30/08/2026,7:00 pm,Mark,Solis,mark.solis54@example.com,8750663370,08/08/2026 05:17 pm,Online,Free,1,0,$0.00,$0.00,$0.00,$0.00,$0.00,$0.00,$0.00,$0.00,$0.00,$0.00,$0.00,$0.00,$0.00,$0.00,$0.00,$0.00,,,,$0.00,$0.00,$0.00,$0.00,Stripe,No,,Completed,Online,1,f1bb5d9b-7499-4b6b-9afd-d46442e6918c
GAN1345,Ganeshotsav,30/08/2026,7:00 pm,Stephanie,Murray,stephanie.murray84@example.com,3992011669,05/08/2026 11:17 pm,Manual,Free,3,0,$0.00,$0.00,$0.00,$0.00,$0.00,$0.00,$0.00,$0.00,$0.00,$0.00,$0.00,$0.00,$0.00,$0.00,$0.00,$0.00,,,,$0.00,$0.00,$0.00,$0.00,Stripe,No,,Completed,Manual,3,d46a77af-2a73-4a67-ac46-1d48e041f0a3
GAN1346,Ganeshotsav,30/08/2026,7:00 pm,Kristin,Weber,kristin.weber28@example.com,8869461195,27/07/2026 01:21 am,Online,Free,2,0,$0.00,$0.00,$0.00,$0.00,$0.00,$0.00,$0.00,$0.00,$0.00,$0.00,$0.00,$0.00,$0.00,$0.00,$0.00,$0.00,,,,$0.00,$0.00,$0.00,$0.00,Stripe,Yes,,Completed,Online,2,b2f240e3-65e1-405b-bf8f-f33eee1595cf
GAN1347,Ganeshotsav,30/08/2026,7:00 pm,Brenda,Hoffman,brenda.hoffman14@example.com,7011686462,22/07/2026 10:11 am,Online,Free,1,0,$0.00,$0.00,$0.00,$0.00,$0.00,$0.00,$0.00,$0.00,$0.00,$0.00,$0.00,$0.00,$0.00,$0.00,$0.00,$0.00,,,,$0.00,$0.00,$0.00,$0.00,Stripe,No,,Completed,Online,1,7c89617d-32b1-492b-a263-960ab43c6fef
GAN1348,Ganeshotsav,30/08/2026,7:00 pm,Krista,Parsons,krista.parsons6@example.com,7932302346,17/07/2026 12:08 pm,Online,Free,1,0,$0.00,$0.00,$0.00,$0.00,$0.00,$0.00,$0.00,$0.00,$0.00,$0.00,$0.00,$0.00,$0.00,$0.00,$0.00,$0.00,,,,$0.00,$0.00,$0.00,$0.00,Stripe,No,,Completed,Online,1,146e6a4f-2a87-4e02-a2ed-50b9de4cf8bc
GAN1349,Ganeshotsav,30/08/2026,7:00 pm,Elizabeth,May,elizabeth.may23@example.com,1415093771,21/07/2026 08:10 pm,Online,Free,2,0,$0.00,$0.00,$0.00,$0.00,$0.00,$0.00,$0.00,$0.00,$0.00,$0.00,$0.00,$0.00,$0.00,$0.00,$0.00,$0.00,,,,$0.00,$0.00,$0.00,$0.00,Stripe,No,,Completed,Online,2,aa528f85-01d9-4b33-b488-e328c075e119
GAN1350,Ganeshotsav,30/08/2026,7:00 pm,Alexander,Valdez,alexander.valdez92@example.com,1380698477,02/08/2026 02:58 am,Online,Free,1,0,$0.00,$0.00,$0.00,$0.00,$0.00,$0.00,$0.00,$0.00,$0.00,$0.00,$0.00,$0.00,$0.00,$0.00,$0.00,$0.00,,,,$0.00,$0.00,$0.00,$0.00,Stripe,No,,Completed,Online,1,e3e103bb-ae8e-4075-9eeb-c61856282768
GAN1351,Ganeshotsav,30/08/2026,7:00 pm,Curtis,Singleton,curtis.singleton86@example.com,3566905510,23/07/2026 06:55 pm,Online,Free,3,0,$0.00,$0.00,$0.00,$0.00,$0.00,$0.00,$0.00,$0.00,$0.00,$0.00,$0.00,$0.00,$0.00,$0.00,$0.00,$0.00,,,,$0.00,$0.00,$0.00,$0.00,Stripe,No,,Completed,Online,3,de772156-1f76-443f-9a16-b8530692fe02
GAN1352,Ganeshotsav,30/08/2026,7:00 pm,Brian,Gutierrez,brian.gutierrez32@example.com,5797863050,31/07/2026 02:28 am,Online,Free,1,0,$0.00,$0.00,$0.00,$0.00,$0.00,$0.00,$0.00,$0.00,$0.00,$0.00,$0.00,$0.00,$0.00,$0.00,$0.00,$0.00,,,,$0.00,$0.00,$0.00,$0.00,Stripe,No,,Completed,Online,1,9b54d227-3bca-4ff6-b1be-0c72ad8cc85c
GAN1353,Ganeshotsav,30/08/2026,7:00 pm,Mary,Burns,mary.burns12@example.com,5671649328,29/07/2026 07:20 am,Online,Free,1,0,$0.00,$0.00,$0.00,$0.00,$0.00,$0.00,$0.00,$0.00,$0.00,$0.00,$0.00,$0.00,$0.00,$0.00,$0.00,$0.00,,,,$0.00,$0.00,$0.00,$0.00,Stripe,No,,Completed,Online,1,164b85f0-cbfc-421c-bf78-042820bb859a
GAN1354,Ganeshotsav,30/08/2026,7:00 pm,Elizabeth,Hoover,elizabeth.hoover34@example.com,2717833321,22/07/2026 03:52 am,Online,Free,1,0,$0.00,$0.00,$0.00,$0.00,$0.00,$0.00,$0.00,$0.00,$0.00,$0.00,$0.00,$0.00,$0.00,$0.00,$0.00,$0.00,,,,$0.00,$0.00,$0.00,$0.00,Stripe,No,,Completed,Online,1,53958e5c-edd0-4e02-add3-2be929052dd7
GAN1355,Ganeshotsav,30/08/2026,7:00 pm,Debbie,Henderson,debbie.henderson25@example.com,3471287153,14/08/2026 02:41 pm,Online,Free,1,0,$0.00,$0.00,$0.00,$0.00,$0.00,$0.00,$0.00,$0.00,$0.00,$0.00,$0.00,$0.00,$0.00,$0.00,$0.00,$0.00,,,,$0.00,$0.00,$0.00,$0.00,Stripe,No,,Completed,Online,1,e900b66f-6083-4f88-97dd-a51ea4dc4d4e
GAN1356,Ganeshotsav,30/08/2026,7:00 pm,Lisa,Wilson,lisa.wilson52@example.com,8633414111,07/08/2026 09:20 am,Online,Free,2,0,$0.00,$0.00,$0.00,$0.00,$0.00,$0.00,$0.00,$0.00,$0.00,$0.00,$0.00,$0.00,$0.00,$0.00,$0.00,$0.00,,,,$0.00,$0.00,$0.00,$0.00,Stripe,Yes,,Completed,Online,2,92a593c8-1db9-4330-b127-6a5cbe9f44cb
GAN1357,Ganeshotsav,30/08/2026,7:00 pm,Anthony,Williams,anthony.williams70@example.com,6904098366,24/07/2026 06:00 pm,Manual,Free,1,0,$0.00,$0.00,$0.00,$0.00,$0.00,$0.00,$0.00,$0.00,$0.00,$0.00,$0.00,$0.00,$0.00,$0.00,$0.00,$0.00,,,,$0.00,$0.00,$0.00,$0.00,Stripe,Yes,,Completed,Manual,1,973d1855-9a03-4d06-a9eb-0bf9850e6d30
GAN1358,Ganeshotsav,30/08/2026,7:00 pm,Mark,Cruz,mark.cruz70@example.com,0875243772,19/07/2026 01:44 am,Online,Free,1,0,$0.00,$0.00,$0.00,$0.00,$0.00,$0.00,$0.00,$0.00,$0.00,$0.00,$0.00,$0.00,$0.00,$0.00,$0.00,$0.00,,,,$0.00,$0.00,$0.00,$0.00,Stripe,Yes,,Completed,Online,1,cd2174d3-d960-4af0-aa54-6c79bf3f51d5
GAN1359,Ganeshotsav,30/08/2026,7:00 pm,Gary,Mcclure,gary.mcclure49@example.com,9548149737,11/08/2026 04:35 pm,Online,Free,1,0,$0.00,$0.00,$0.00,$0.00,$0.00,$0.00,$0.00,$0.00,$0.00,$0.00,$0.00,$0.00,$0.00,$0.00,$0.00,$0.00,,,,$0.00,$0.00,$0.00,$0.00,Stripe,No,,Completed,Online,1,27177e59-5548-4613-8f69-ef2dfb2c2c83
GAN1360,Ganeshotsav,30/08/2026,7:00 pm,Darius,Smith,darius.smith25@example.com,3027642086,11/08/2026 04:42 pm,Online,Free,3,0,$0.00,$0.00,$0.00,$0.00,$0.00,$0.00,$0.00,$0.00,$0.00,$0.00,$0.00,$0.00,$0.00,$0.00,$0.00,$0.00,,,,$0.00,$0.00,$0.00,$0.00,Stripe,No,,Completed,Online,3,643058d9-c1f9-4e90-992a-a87bfd853cf8
GAN1361,Ganeshotsav,30/08/2026,7:00 pm,Michael,Morales,michael.morales21@example.com,4386125904,25/07/2026 03:50 pm,Online,Free,2,0,$0.00,$0.00,$0.00,$0.00,$0.00,$0.00,$0.00,$0.00,$0.00,$0.00,$0.00,$0.00,$0.00,$0.00,$0.00,$0.00,,,,$0.00,$0.00,$0.00,$0.00,Stripe,Yes,,Completed,Online,2,7b814ce1-b22a-4428-b11f-4ae4233731e0
GAN1362,Ganeshotsav,30/08/2026,7:00 pm,Alexis,Tyler,alexis.tyler5@example.com,3330591266,21/07/2026 06:15 pm,Online,Free,2,0,$0.00,$0.00,$0.00,$0.00,$0.00,$0.00,$0.00,$0.00,$0.00,$0.00,$0.00,$0.00,$0.00,$0.00,$0.00,$0.00,,,,$0.00,$0.00,$0.00,$0.00,Stripe,No,,Completed,Online,2,2dfc6b9c-794f-4bef-b962-77e55b078b11
GAN1363,Ganeshotsav,30/08/2026,7:00 pm,Mary,Aguilar,mary.aguilar21@example.com,8596263013,16/08/2026 06:23 am,Online,Free,1,0,$0.00,$0.00,$0.00,$0.00,$0.00,$0.00,$0.00,$0.00,$0.00,$0.00,$0.00,$0.00,$0.00,$0.00,$0.00,$0.00,,,,$0.00,$0.00,$0.00,$0.00,Stripe,No,,Completed,Online,1,2c281bbd-f45d-4d91-989d-a530b01fb9f3
GAN1364,Ganeshotsav,30/08/2026,7:00 pm,Donald,Hinton,donald.hinton70@example.com,1764750111,04/08/2026 08:49 pm,Manual,Free,2,0,$0.00,$0.00,$0.00,$0.00,$0.00,$0.00,$0.00,$0.00,$0.00,$0.00,$0.00,$0.00,$0.00,$0.00,$0.00,$0.00,,,,$0.00,$0.00,$0.00,$0.00,Stripe,No,,Completed,Manual,2,92aef13c-963b-4564-85e5-14ff399557cb
GAN1365,Ganeshotsav,30/08/2026,7:00 pm,Jacob,Cole,jacob.cole90@example.com,4192676492,17/08/2026 09:58 pm,Manual,Free,1,0,$0.00,$0.00,$0.00,$0.00,$0.00,$0.00,$0.00,$0.00,$0.00,$0.00,$0.00,$0.00,$0.00,$0.00,$0.00,$0.00,,,,$0.00,$0.00,$0.00,$0.00,Stripe,No,,Completed,Manual,1,cb93dab6-dcb9-4394-a8ac-64c4b6b98240
GAN1366,Ganeshotsav,30/08/2026,7:00 pm,Stephanie,Sanders,stephanie.sanders19@example.com,0688871898,31/07/2026 08:55 am,Manual,Free,2,0,$0.00,$0.00,$0.00,$0.00,$0.00,$0.00,$0.00,$0.00,$0.00,$0.00,$0.00,$0.00,$0.00,$0.00,$0.00,$0.00,,,,$0.00,$0.00,$0.00,$0.00,Stripe,Yes,,Completed,Manual,2,b1f9ab31-995e-49de-9cac-41f82e4001c1
GAN1367,Ganeshotsav,30/08/2026,7:00 pm,David,Cunningham,david.cunningham53@example.com,5102932184,17/07/2026 10:14 am,Online,Free,2,0,$0.00,$0.00,$0.00,$0.00,$0.00,$0.00,$0.00,$0.00,$0.00,$0.00,$0.00,$0.00,$0.00,$0.00,$0.00,$0.00,,,,$0.00,$0.00,$0.00,$0.00,Stripe,No,,Completed,Online,2,f75ddff4-5d12-4e9b-8c6f-9a458192ef8f
GAN1368,Ganeshotsav,30/08/2026,7:00 pm,Jessica,Nunez,jessica.nunez88@example.com,0340848729,31/07/2026 03:23 pm,Online,Free,2,0,$0.00,$0.00,$0.00,$0.00,$0.00,$0.00,$0.00,$0.00,$0.00,$0.00,$0.00,$0.00,$0.00,$0.00,$0.00,$0.00,,,,$0.00,$0.00,$0.00,$0.00,Stripe,No,,Completed,Online,2,5a24591d-ff2e-4955-bc6b-c66be92915a3
GAN1369,Ganeshotsav,30/08/2026,7:00 pm,Morgan,Spencer,morgan.spencer60@example.com,1030324329,03/08/2026 01:11 am,Online,Free,4,0,$0.00,$0.00,$0.00,$0.00,$0.00,$0.00,$0.00,$0.00,$0.00,$0.00,$0.00,$0.00,$0.00,$0.00,$0.00,$0.00,,,,$0.00,$0.00,$0.00,$0.00,Stripe,Yes,,Completed,Online,4,baa6961c-20e4-4bfe-8703-67f75bebb1c7
GAN1370,Ganeshotsav,30/08/2026,7:00 pm,Gina,Henry,gina.henry52@example.com,8446267146,03/08/2026 04:17 pm,Online,Free,1,0,$0.00,$0.00,$0.00,$0.00,$0.00,$0.00,$0.00,$0.00,$0.00,$0.00,$0.00,$0.00,$0.00,$0.00,$0.00,$0.00,,,,$0.00,$0.00,$0.00,$0.00,Stripe,No,,Completed,Online,1,44f760a8-bb90-4511-a12b-61ae12101787
GAN1371,Ganeshotsav,30/08/2026,7:00 pm,Vicki,Johnson,vicki.johnson36@example.com,5989262566,18/08/2026 05:28 am,Online,Free,2,0,$0.00,$0.00,$0.00,$0.00,$0.00,$0.00,$0.00,$0.00,$0.00,$0.00,$0.00,$0.00,$0.00,$0.00,$0.00,$0.00,,,,$0.00,$0.00,$0.00,$0.00,Stripe,No,,Completed,Online,2,880e6ddd-1fe7-4d21-8526-ed6213d8a6e6
GAN1372,Ganeshotsav,30/08/2026,7:00 pm,Jose,Edwards,jose.edwards59@example.com,1515542340,14/07/2026 04:45 pm,Online,Free,2,0,$0.00,$0.00,$0.00,$0.00,$0.00,$0.00,$0.00,$0.00,$0.00,$0.00,$0.00,$0.00,$0.00,$0.00,$0.00,$0.00,,,,$0.00,$0.00,$0.00,$0.00,Stripe,Yes,,Completed,Online,2,c8613afa-1ae1-4565-b3a8-0aa060ee0cbc
GAN1373,Ganeshotsav,30/08/2026,7:00 pm,Alexander,Le,alexander.le46@example.com,8497185948,15/08/2026 12:12 pm,Online,Free,1,0,$0.00,$0.00,$0.00,$0.00,$0.00,$0.00,$0.00,$0.00,$0.00,$0.00,$0.00,$0.00,$0.00,$0.00,$0.00,$0.00,,,,$0.00,$0.00,$0.00,$0.00,Stripe,No,,Completed,Online,1,51683612-2bb6-4a4e-8c47-5261e585a0a5
GAN1374,Ganeshotsav,30/08/2026,7:00 pm,Tina,Herrera,tina.herrera38@example.com,2588967924,16/08/2026 07:44 am,Manual,Free,1,0,$0.00,$0.00,$0.00,$0.00,$0.00,$0.00,$0.00,$0.00,$0.00,$0.00,$0.00,$0.00,$0.00,$0.00,$0.00,$0.00,,,,$0.00,$0.00,$0.00,$0.00,Stripe,Yes,,Completed,Manual,1,60f91495-2486-47c2-a059-ad46a8560b74
GAN1375,Ganeshotsav,30/08/2026,7:00 pm,Matthew,Harper,matthew.harper40@example.com,0539672757,01/08/2026 01:02 pm,Online,Free,1,0,$0.00,$0.00,$0.00,$0.00,$0.00,$0.00,$0.00,$0.00,$0.00,$0.00,$0.00,$0.00,$0.00,$0.00,$0.00,$0.00,,,,$0.00,$0.00,$0.00,$0.00,Stripe,No,,Completed,Online,1,f111be9e-8545-411f-ad82-0335f3dea9dc
GAN1376,Ganeshotsav,30/08/2026,7:00 pm,Cynthia,Zavala,cynthia.zavala35@example.com,4146511131,07/08/2026 10:17 am,Online,Free,1,0,$0.00,$0.00,$0.00,$0.00,$0.00,$0.00,$0.00,$0.00,$0.00,$0.00,$0.00,$0.00,$0.00,$0.00,$0.00,$0.00,,,,$0.00,$0.00,$0.00,$0.00,Stripe,No,,Completed,Online,1,8ddd6a3e-492d-45a7-be50-150015a75ed9
GAN1377,Ganeshotsav,30/08/2026,7:00 pm,Debbie,Henderson,debbie.henderson25@example.com,6827788160,15/08/2026 03:54 pm,Online,Free,1,0,$0.00,$0.00,$0.00,$0.00,$0.00,$0.00,$0.00,$0.00,$0.00,$0.00,$0.00,$0.00,$0.00,$0.00,$0.00,$0.00,,,,$0.00,$0.00,$0.00,$0.00,Stripe,No,,Completed,Online,1,88c982ec-b3dd-4cfb-accb-6ae1b6d331ca
GAN1378,Ganeshotsav,30/08/2026,7:00 pm,Laura,Henderson,laura.henderson14@example.com,8909728321,08/08/2026 03:30 pm,Online,Free,3,0,$0.00,$0.00,$0.00,$0.00,$0.00,$0.00,$0.00,$0.00,$0.00,$0.00,$0.00,$0.00,$0.00,$0.00,$0.00,$0.00,,,,$0.00,$0.00,$0.00,$0.00,Stripe,No,,Completed,Online,3,6c3786c2-0d08-467e-b3d5-f7375a71504b
GAN1379,Ganeshotsav,30/08/2026,7:00 pm,Veronica,Torres,veronica.torres37@example.com,5153814474,29/07/2026 05:36 pm,Online,Free,3,0,$0.00,$0.00,$0.00,$0.00,$0.00,$0.00,$0.00,$0.00,$0.00,$0.00,$0.00,$0.00,$0.00,$0.00,$0.00,$0.00,,,,$0.00,$0.00,$0.00,$0.00,Stripe,No,,Completed,Online,3,64c46086-919f-402e-a194-c7b1bcef40f8
GAN1380,Ganeshotsav,30/08/2026,7:00 pm,Stacy,Cook,stacy.cook30@example.com,8079705097,18/07/2026 09:21 pm,Online,Free,1,0,$0.00,$0.00,$0.00,$0.00,$0.00,$0.00,$0.00,$0.00,$0.00,$0.00,$0.00,$0.00,$0.00,$0.00,$0.00,$0.00,,,,$0.00,$0.00,$0.00,$0.00,Stripe,No,,Completed,Online,1,e3e3e73b-5987-4c7d-8151-ccb01b6f1a9e
GAN1381,Ganeshotsav,30/08/2026,7:00 pm,Tammy,Dalton,tammy.dalton89@example.com,5016731882,07/08/2026 02:00 pm,Online,Free,2,0,$0.00,$0.00,$0.00,$0.00,$0.00,$0.00,$0.00,$0.00,$0.00,$0.00,$0.00,$0.00,$0.00,$0.00,$0.00,$0.00,,,,$0.00,$0.00,$0.00,$0.00,Stripe,Yes,,Completed,Online,2,a819213d-c4fa-44a4-a7d7-64ce01c4e229
GAN1382,Ganeshotsav,30/08/2026,7:00 pm,Barbara,Jones,barbara.jones8@example.com,6545628417,20/07/2026 03:56 am,Online,Free,1,0,$0.00,$0.00,$0.00,$0.00,$0.00,$0.00,$0.00,$0.00,$0.00,$0.00,$0.00,$0.00,$0.00,$0.00,$0.00,$0.00,,,,$0.00,$0.00,$0.00,$0.00,Stripe,No,,Completed,Online,1,017cc74e-6f18-4343-bf41-5c985a8e8f05
GAN1383,Ganeshotsav,30/08/2026,7:00 pm,Andrea,Daniels,andrea.daniels80@example.com,1340266502,24/07/2026 10:03 am,Online,Free,1,0,$0.00,$0.00,$0.00,$0.00,$0.00,$0.00,$0.00,$0.00,$0.00,$0.00,$0.00,$0.00,$0.00,$0.00,$0.00,$0.00,,,,$0.00,$0.00,$0.00,$0.00,Stripe,Yes,,Completed,Online,1,8cd4e7bc-7d33-4ca2-abcc-e72a1e692c3f
GAN1384,Ganeshotsav,30/08/2026,7:00 pm,Douglas,Murray,douglas.murray35@example.com,5686211022,29/07/2026 05:39 pm,Online,Free,1,0,$0.00,$0.00,$0.00,$0.00,$0.00,$0.00,$0.00,$0.00,$0.00,$0.00,$0.00,$0.00,$0.00,$0.00,$0.00,$0.00,,,,$0.00,$0.00,$0.00,$0.00,Stripe,No,,Completed,Online,1,0d527b89-3c8b-466c-af37-4e8cc4735700
GAN1385,Ganeshotsav,30/08/2026,7:00 pm,Charles,Lewis,charles.lewis34@example.com,6906744716,05/08/2026 08:42 pm,Online,Free,2,0,$0.00,$0.00,$0.00,$0.00,$0.00,$0.00,$0.00,$0.00,$0.00,$0.00,$0.00,$0.00,$0.00,$0.00,$0.00,$0.00,,,,$0.00,$0.00,$0.00,$0.00,Stripe,No,,Completed,Online,2,3fdd0e2b-2fd6-429a-82e0-9d39bab008df
GAN1386,Ganeshotsav,30/08/2026,7:00 pm,Michael,Owen,michael.owen50@example.com,4363718923,21/07/2026 08:57 am,Online,Free,1,0,$0.00,$0.00,$0.00,$0.00,$0.00,$0.00,$0.00,$0.00,$0.00,$0.00,$0.00,$0.00,$0.00,$0.00,$0.00,$0.00,,,,$0.00,$0.00,$0.00,$0.00,Stripe,Yes,,Completed,Online,1,09d261e0-66ba-4e51-a1de-23601ed68b71
GAN1387,Ganeshotsav,30/08/2026,7:00 pm,Bruce,Fry,bruce.fry38@example.com,2609310668,21/07/2026 02:08 am,Online,Free,2,0,$0.00,$0.00,$0.00,$0.00,$0.00,$0.00,$0.00,$0.00,$0.00,$0.00,$0.00,$0.00,$0.00,$0.00,$0.00,$0.00,,,,$0.00,$0.00,$0.00,$0.00,Stripe,No,,Completed,Online,2,0fb49d98-7aac-4a0a-ad13-4ea8560fc071
GAN1388,Ganeshotsav,30/08/2026,7:00 pm,Tracy,Ray,tracy.ray37@example.com,4145456350,30/07/2026 07:02 am,Online,Free,1,0,$0.00,$0.00,$0.00,$0.00,$0.00,$0.00,$0.00,$0.00,$0.00,$0.00,$0.00,$0.00,$0.00,$0.00,$0.00,$0.00,,,,$0.00,$0.00,$0.00,$0.00,Stripe,No,,Completed,Online,1,5256f928-bea8-4e9f-a911-fd6d0d586ee2
GAN1389,Ganeshotsav,30/08/2026,7:00 pm,Alexander,Valdez,alexander.valdez92@example.com,4916247554,18/07/2026 04:13 pm,Online,Free,2,0,$0.00,$0.00,$0.00,$0.00,$0.00,$0.00,$0.00,$0.00,$0.00,$0.00,$0.00,$0.00,$0.00,$0.00,$0.00,$0.00,,,,$0.00,$0.00,$0.00,$0.00,Stripe,No,,Completed,Online,2,dcaa5893-c53d-4af9-8d40-aeb2aed690cc
GAN1390,Ganeshotsav,30/08/2026,7:00 pm,Dwayne,Gonzalez,dwayne.gonzalez39@example.com,5989534396,15/07/2026 11:46 am,Online,Free,3,0,$0.00,$0.00,$0.00,$0.00,$0.00,$0.00,$0.00,$0.00,$0.00,$0.00,$0.00,$0.00,$0.00,$0.00,$0.00,$0.00,,,,$0.00,$0.00,$0.00,$0.00,Stripe,No,,Completed,Online,3,1ecf8aec-9a11-4df4-be1a-35c9a12ac11c
GAN1391,Ganeshotsav,30/08/2026,7:00 pm,Erika,Mitchell,erika.mitchell19@example.com,3711895473,12/07/2026 12:13 am,Online,Free,1,0,$0.00,$0.00,$0.00,$0.00,$0.00,$0.00,$0.00,$0.00,$0.00,$0.00,$0.00,$0.00,$0.00,$0.00,$0.00,$0.00,,,,$0.00,$0.00,$0.00,$0.00,Stripe,Yes,,Completed,Online,1,8ced48ea-6b0f-4a79-b113-b13a20b99830
GAN1392,Ganeshotsav,30/08/2026,7:00 pm,David,Stein,david.stein46@example.com,5716176880,07/08/2026 03:52 am,Online,Free,1,0,$0.00,$0.00,$0.00,$0.00,$0.00,$0.00,$0.00,$0.00,$0.00,$0.00,$0.00,$0.00,$0.00,$0.00,$0.00,$0.00,,,,$0.00,$0.00,$0.00,$0.00,Stripe,No,,Completed,Online,1,4a26eb59-2101-4598-b7ad-3965b25b56dc
GAN1393,Ganeshotsav,30/08/2026,7:00 pm,Samuel,Horton,samuel.horton15@example.com,3678812786,12/07/2026 04:20 am,Online,Free,1,0,$0.00,$0.00,$0.00,$0.00,$0.00,$0.00,$0.00,$0.00,$0.00,$0.00,$0.00,$0.00,$0.00,$0.00,$0.00,$0.00,,,,$0.00,$0.00,$0.00,$0.00,Stripe,No,,Completed,Online,1,2f1ef8dc-34f9-42b7-8580-a4ae9b72a9fe
GAN1394,Ganeshotsav,30/08/2026,7:00 pm,David,Stein,david.stein46@example.com,9087884434,10/07/2026 01:10 pm,Manual,Free,3,0,$0.00,$0.00,$0.00,$0.00,$0.00,$0.00,$0.00,$0.00,$0.00,$0.00,$0.00,$0.00,$0.00,$0.00,$0.00,$0.00,,,,$0.00,$0.00,$0.00,$0.00,Stripe,Yes,,Completed,Manual,3,8897c497-0bad-4234-b953-70c02bcdce43
GAN1395,Ganeshotsav,30/08/2026,7:00 pm,Glenn,Jones,glenn.jones85@example.com,2424033810,19/07/2026 04:46 pm,Online,Free,1,0,$0.00,$0.00,$0.00,$0.00,$0.00,$0.00,$0.00,$0.00,$0.00,$0.00,$0.00,$0.00,$0.00,$0.00,$0.00,$0.00,,,,$0.00,$0.00,$0.00,$0.00,Stripe,Yes,,Completed,Online,1,b4992393-f249-4816-954f-9eb453167cb5
GAN1396,Ganeshotsav,30/08/2026,7:00 pm,Taylor,Lee,taylor.lee2@example.com,2694500534,13/08/2026 09:13 pm,Online,Free,2,0,$0.00,$0.00,$0.00,$0.00,$0.00,$0.00,$0.00,$0.00,$0.00,$0.00,$0.00,$0.00,$0.00,$0.00,$0.00,$0.00,,,,$0.00,$0.00,$0.00,$0.00,Stripe,No,,Completed,Online,2,de34106a-fa90-4bfb-a845-f72389924e2d
GAN1397,Ganeshotsav,30/08/2026,7:00 pm,Brandon,Yang,brandon.yang23@example.com,6498373543,09/08/2026 06:11 pm,Online,Free,1,0,$0.00,$0.00,$0.00,$0.00,$0.00,$0.00,$0.00,$0.00,$0.00,$0.00,$0.00,$0.00,$0.00,$0.00,$0.00,$0.00,,,,$0.00,$0.00,$0.00,$0.00,Stripe,No,,Completed,Online,1,b9ede33f-bad4-43e0-bb52-35257230b85b
GAN1398,Ganeshotsav,30/08/2026,7:00 pm,Terrance,Franco,terrance.franco16@example.com,7172722397,27/07/2026 07:56 am,Online,Free,2,0,$0.00,$0.00,$0.00,$0.00,$0.00,$0.00,$0.00,$0.00,$0.00,$0.00,$0.00,$0.00,$0.00,$0.00,$0.00,$0.00,,,,$0.00,$0.00,$0.00,$0.00,Stripe,No,,Completed,Online,2,2d7ffe23-e29f-419c-a9b5-09424f66a914
GAN1399,Ganeshotsav,30/08/2026,7:00 pm,Robin,Johnson,robin.johnson47@example.com,1216376182,11/08/2026 06:59 am,Online,Free,3,0,$0.00,$0.00,$0.00,$0.00,$0.00,$0.00,$0.00,$0.00,$0.00,$0.00,$0.00,$0.00,$0.00,$0.00,$0.00,$0.00,,,,$0.00,$0.00,$0.00,$0.00,Stripe,Yes,,Completed,Online,3,1c2b498f-054d-4360-a24d-347360bc6cbc
GAN1400,Ganeshotsav,30/08/2026,7:00 pm,Andrew,Hickman,andrew.hickman81@example.com,2314290018,11/08/2026 03:28 pm,Online,Free,2,0,$0.00,$0.00,$0.00,$0.00,$0.00,$0.00,$0.00,$0.00,$0.00,$0.00,$0.00,$0.00,$0.00,$0.00,$0.00,$0.00,,,,$0.00,$0.00,$0.00,$0.00,Stripe,Yes,,Completed,Online,2,901704a8-c279-4913-bafd-292323a49571
GAN1401,Ganeshotsav,30/08/2026,7:00 pm,Donna,Massey,donna.massey99@example.com,4572308481,14/08/2026 05:05 am,Online,Free,2,0,$0.00,$0.00,$0.00,$0.00,$0.00,$0.00,$0.00,$0.00,$0.00,$0.00,$0.00,$0.00,$0.00,$0.00,$0.00,$0.00,,,,$0.00,$0.00,$0.00,$0.00,Stripe,No,,Completed,Online,2,82f47196-1a41-457f-8bf7-0dc68b6daa25
GAN1402,Ganeshotsav,30/08/2026,7:00 pm,Angela,Anderson,angela.anderson57@example.com,2030366254,13/08/2026 11:32 pm,Online,Free,2,0,$0.00,$0.00,$0.00,$0.00,$0.00,$0.00,$0.00,$0.00,$0.00,$0.00,$0.00,$0.00,$0.00,$0.00,$0.00,$0.00,,,,$0.00,$0.00,$0.00,$0.00,Stripe,Yes,,Completed,Online,2,1c31d9b9-fda2-49a0-ab68-38e37de7f41a
GAN1403,Ganeshotsav,30/08/2026,7:00 pm,Joseph,Anderson,joseph.anderson39@example.com,5195151092,19/07/2026 03:57 am,Online,Free,3,0,$0.00,$0.00,$0.00,$0.00,$0.00,$0.00,$0.00,$0.00,$0.00,$0.00,$0.00,$0.00,$0.00,$0.00,$0.00,$0.00,,,,$0.00,$0.00,$0.00,$0.00,Stripe,No,,Completed,Online,3,adef5777-2e6d-47e8-9980-236855b85720
GAN1404,Ganeshotsav,30/08/2026,7:00 pm,Selena,Duncan,selena.duncan46@example.com,9451475410,26/07/2026 11:50 pm,Online,Free,2,0,$0.00,$0.00,$0.00,$0.00,$0.00,$0.00,$0.00,$0.00,$0.00,$0.00,$0.00,$0.00,$0.00,$0.00,$0.00,$0.00,,,,$0.00,$0.00,$0.00,$0.00,Stripe,Yes,,Completed,Online,2,b8a9f704-725a-410d-a3fe-557c25d4ec19
GAN1405,Ganeshotsav,30/08/2026,7:00 pm,Edward,Vaughn,edward.vaughn83@example.com,1196421522,10/08/2026 11:39 am,Online,Free,1,0,$0.00,$0.00,$0.00,$0.00,$0.00,$0.00,$0.00,$0.00,$0.00,$0.00,$0.00,$0.00,$0.00,$0.00,$0.00,$0.00,,,,$0.00,$0.00,$0.00,$0.00,Stripe,No,,Completed,Online,1,b184071c-7b35-49f9-ac80-423a7e8450d7
GAN1406,Ganeshotsav,30/08/2026,7:00 pm,Dwayne,Gonzalez,dwayne.gonzalez39@example.com,2366878878,17/08/2026 08:23 am,Online,Free,3,0,$0.00,$0.00,$0.00,$0.00,$0.00,$0.00,$0.00,$0.00,$0.00,$0.00,$0.00,$0.00,$0.00,$0.00,$0.00,$0.00,,,,$0.00,$0.00,$0.00,$0.00,Stripe,Yes,,Completed,Online,3,6bfdc189-b705-40f8-94ba-0d7c1567f88e
GAN1407,Ganeshotsav,30/08/2026,7:00 pm,Sydney,Baker,sydney.baker59@example.com,1350305872,30/07/2026 11:02 pm,Manual,Free,1,0,$0.00,$0.00,$0.00,$0.00,$0.00,$0.00,$0.00,$0.00,$0.00,$0.00,$0.00,$0.00,$0.00,$0.00,$0.00,$0.00,,,,$0.00,$0.00,$0.00,$0.00,Stripe,No,,Completed,Manual,1,dde4cd87-d96d-4200-9947-c72a5c613985
GAN1408,Ganeshotsav,30/08/2026,7:00 pm,Jeffrey,Brown,jeffrey.brown40@example.com,4728633302,09/08/2026 06:37 pm,Online,Free,1,0,$0.00,$0.00,$0.00,$0.00,$0.00,$0.00,$0.00,$0.00,$0.00,$0.00,$0.00,$0.00,$0.00,$0.00,$0.00,$0.00,,,,$0.00,$0.00,$0.00,$0.00,Stripe,No,,Completed,Online,1,f7048d14-b235-4615-86be-ab4abbab3b0e
GAN1409,Ganeshotsav,30/08/2026,7:00 pm,Jackie,Meza,jackie.meza68@example.com,1917920252,26/07/2026 11:20 pm,Online,Free,2,0,$0.00,$0.00,$0.00,$0.00,$0.00,$0.00,$0.00,$0.00,$0.00,$0.00,$0.00,$0.00,$0.00,$0.00,$0.00,$0.00,,,,$0.00,$0.00,$0.00,$0.00,Stripe,No,,Completed,Online,2,d04f6197-d4c0-4f28-91b5-fcb40331bd0d
GAN1410,Ganeshotsav,30/08/2026,7:00 pm,Norman,Stewart,norman.stewart79@example.com,7284765704,26/07/2026 03:39 pm,Online,Free,3,0,$0.00,$0.00,$0.00,$0.00,$0.00,$0.00,$0.00,$0.00,$0.00,$0.00,$0.00,$0.00,$0.00,$0.00,$0.00,$0.00,,,,$0.00,$0.00,$0.00,$0.00,Stripe,No,,Completed,Online,3,9aab1efb-0838-4528-a477-e25ae19383a9
GAN1411,Ganeshotsav,30/08/2026,7:00 pm,Chase,Martin,chase.martin85@example.com,0667849843,08/08/2026 04:52 pm,Online,Free,1,0,$0.00,$0.00,$0.00,$0.00,$0.00,$0.00,$0.00,$0.00,$0.00,$0.00,$0.00,$0.00,$0.00,$0.00,$0.00,$0.00,,,,$0.00,$0.00,$0.00,$0.00,Stripe,Yes,,Completed,Online,1,60a7ca57-8581-47a1-9789-26f3f91e8b9b
GAN1412,Ganeshotsav,30/08/2026,7:00 pm,Jeffery,Huang,jeffery.huang75@example.com,3690362891,17/08/2026 01:09 pm,Online,Free,1,0,$0.00,$0.00,$0.00,$0.00,$0.00,$0.00,$0.00,$0.00,$0.00,$0.00,$0.00,$0.00,$0.00,$0.00,$0.00,$0.00,,,,$0.00,$0.00,$0.00,$0.00,Stripe,No,,Completed,Online,1,d3c6e5a0-67b4-4019-a452-f530a7175804
GAN1413,Ganeshotsav,30/08/2026,7:00 pm,Elizabeth,Duran,elizabeth.duran8@example.com,5634111595,25/07/2026 05:55 am,Online,Free,4,0,$0.00,$0.00,$0.00,$0.00,$0.00,$0.00,$0.00,$0.00,$0.00,$0.00,$0.00,$0.00,$0.00,$0.00,$0.00,$0.00,,,,$0.00,$0.00,$0.00,$0.00,Stripe,Yes,,Completed,Online,4,10b8c1c5-1b41-42aa-8aa4-31e929aaaa7e
GAN1414,Ganeshotsav,30/08/2026,7:00 pm,Erin,Wilson,erin.wilson40@example.com,4383034199,18/07/2026 04:09 pm,Manual,Free,3,0,$0.00,$0.00,$0.00,$0.00,$0.00,$0.00,$0.00,$0.00,$0.00,$0.00,$0.00,$0.00,$0.00,$0.00,$0.00,$0.00,,,,$0.00,$0.00,$0.00,$0.00,Stripe,No,,Completed,Manual,3,17dcabf5-5088-4581-8c4c-eedf0bb1b984
GAN1415,Ganeshotsav,30/08/2026,7:00 pm,Andrew,Ryan,andrew.ryan81@example.com,5468356521,16/08/2026 04:56 am,Online,Free,2,0,$0.00,$0.00,$0.00,$0.00,$0.00,$0.00,$0.00,$0.00,$0.00,$0.00,$0.00,$0.00,$0.00,$0.00,$0.00,$0.00,,,,$0.00,$0.00,$0.00,$0.00,Stripe,Yes,,Completed,Online,2,c66a5821-ceb7-42d6-808e-adf219db533e
GAN1416,Ganeshotsav,30/08/2026,7:00 pm,Craig,Wise,craig.wise32@example.com,7904227113,16/07/2026 06:23 am,Online,Free,3,0,$0.00,$0.00,$0.00,$0.00,$0.00,$0.00,$0.00,$0.00,$0.00,$0.00,$0.00,$0.00,$0.00,$0.00,$0.00,$0.00,,,,$0.00,$0.00,$0.00,$0.00,Stripe,No,,Completed,Online,3,842c49fa-806a-49ad-b6b2-e778fe508d4d
GAN1417,Ganeshotsav,30/08/2026,7:00 pm,Bruce,Fry,bruce.fry38@example.com,7254596063,18/08/2026 02:35 am,Online,Free,1,0,$0.00,$0.00,$0.00,$0.00,$0.00,$0.00,$0.00,$0.00,$0.00,$0.00,$0.00,$0.00,$0.00,$0.00,$0.00,$0.00,,,,$0.00,$0.00,$0.00,$0.00,Stripe,No,,Completed,Online,1,91206a37-2703-475d-b540-838e13331679
GAN1418,Ganeshotsav,30/08/2026,7:00 pm,Rachel,Wallace,rachel.wallace93@example.com,1024817175,03/08/2026 09:25 pm,Online,Free,1,0,$0.00,$0.00,$0.00,$0.00,$0.00,$0.00,$0.00,$0.00,$0.00,$0.00,$0.00,$0.00,$0.00,$0.00,$0.00,$0.00,,,,$0.00,$0.00,$0.00,$0.00,Stripe,No,,Completed,Online,1,5d0314d8-9396-4405-87b5-c4cd11730df2
GAN1419,Ganeshotsav,30/08/2026,7:00 pm,Jennifer,Evans,jennifer.evans82@example.com,2747472197,24/07/2026 04:33 am,Online,Free,1,0,$0.00,$0.00,$0.00,$0.00,$0.00,$0.00,$0.00,$0.00,$0.00,$0.00,$0.00,$0.00,$0.00,$0.00,$0.00,$0.00,,,,$0.00,$0.00,$0.00,$0.00,Stripe,No,,Completed,Online,1,9ea393ea-db64-4a33-a8b6-66d666a3f3db
GAN1420,Ganeshotsav,30/08/2026,7:00 pm,Ashley,Jacobs,ashley.jacobs78@example.com,7589551687,15/08/2026 04:15 am,Online,Free,1,0,$0.00,$0.00,$0.00,$0.00,$0.00,$0.00,$0.00,$0.00,$0.00,$0.00,$0.00,$0.00,$0.00,$0.00,$0.00,$0.00,,,,$0.00,$0.00,$0.00,$0.00,Stripe,No,,Completed,Online,1,bdb4f711-0e9b-45bb-a4d4-7431fa38f5a0
GAN1421,Ganeshotsav,30/08/2026,7:00 pm,Jennifer,Evans,jennifer.evans82@example.com,2146296136,10/08/2026 05:48 am,Online,Free,2,0,$0.00,$0.00,$0.00,$0.00,$0.00,$0.00,$0.00,$0.00,$0.00,$0.00,$0.00,$0.00,$0.00,$0.00,$0.00,$0.00,,,,$0.00,$0.00,$0.00,$0.00,Stripe,No,,Completed,Online,2,88fd5890-a479-4ce2-b7ee-e00f7743c104
GAN1422,Ganeshotsav,30/08/2026,7:00 pm,Pamela,Paul,pamela.paul8@example.com,1121663651,14/08/2026 12:19 pm,Online,Free,3,0,$0.00,$0.00,$0.00,$0.00,$0.00,$0.00,$0.00,$0.00,$0.00,$0.00,$0.00,$0.00,$0.00,$0.00,$0.00,$0.00,,,,$0.00,$0.00,$0.00,$0.00,Stripe,No,,Completed,Online,3,bdc4d680-b3c9-4502-b66f-42687c7dd490
GAN1423,Ganeshotsav,30/08/2026,7:00 pm,Kelsey,Le,kelsey.le59@example.com,7082723590,28/07/2026 11:33 pm,Online,Free,3,0,$0.00,$0.00,$0.00,$0.00,$0.00,$0.00,$0.00,$0.00,$0.00,$0.00,$0.00,$0.00,$0.00,$0.00,$0.00,$0.00,,,,$0.00,$0.00,$0.00,$0.00,Stripe,Yes,,Completed,Online,3,ca208c07-5c8a-4a1b-8efc-0e85efbbd216
GAN1424,Ganeshotsav,30/08/2026,7:00 pm,Russell,Campbell,russell.campbell80@example.com,3030644212,27/07/2026 04:23 am,Online,Free,1,0,$0.00,$0.00,$0.00,$0.00,$0.00,$0.00,$0.00,$0.00,$0.00,$0.00,$0.00,$0.00,$0.00,$0.00,$0.00,$0.00,,,,$0.00,$0.00,$0.00,$0.00,Stripe,No,,Completed,Online,1,b6532dba-dfaf-46cf-8c5f-ccfb14eae37c
GAN1425,Ganeshotsav,30/08/2026,7:00 pm,Richard,Young,richard.young39@example.com,8342016542,28/07/2026 12:20 am,Manual,Free,2,0,$0.00,$0.00,$0.00,$0.00,$0.00,$0.00,$0.00,$0.00,$0.00,$0.00,$0.00,$0.00,$0.00,$0.00,$0.00,$0.00,,,,$0.00,$0.00,$0.00,$0.00,Stripe,No,,Completed,Manual,2,b05731fd-8916-40b7-b9ba-547e7b4bcaf8
GAN1426,Ganeshotsav,30/08/2026,7:00 pm,James,West,james.west82@example.com,5960893199,09/08/2026 11:30 pm,Online,Free,1,0,$0.00,$0.00,$0.00,$0.00,$0.00,$0.00,$0.00,$0.00,$0.00,$0.00,$0.00,$0.00,$0.00,$0.00,$0.00,$0.00,,,,$0.00,$0.00,$0.00,$0.00,Stripe,No,,Completed,Online,1,756aae2d-e581-48d1-a687-944303a1beac
GAN1427,Ganeshotsav,30/08/2026,7:00 pm,Brent,Gray,brent.gray76@example.com,5164807279,15/08/2026 07:52 pm,Online,Free,3,0,$0.00,$0.00,$0.00,$0.00,$0.00,$0.00,$0.00,$0.00,$0.00,$0.00,$0.00,$0.00,$0.00,$0.00,$0.00,$0.00,,,,$0.00,$0.00,$0.00,$0.00,Stripe,No,,Completed,Online,3,6b90a95b-300a-491a-baa1-d736bee6b06e
GAN1428,Ganeshotsav,30/08/2026,7:00 pm,Alicia,Edwards,alicia.edwards56@example.com,9635339055,06/08/2026 01:41 pm,Online,Free,1,0,$0.00,$0.00,$0.00,$0.00,$0.00,$0.00,$0.00,$0.00,$0.00,$0.00,$0.00,$0.00,$0.00,$0.00,$0.00,$0.00,,,,$0.00,$0.00,$0.00,$0.00,Stripe,Yes,,Completed,Online,1,1fef4fb0-de25-45fe-91ad-5c228088a7de
GAN1429,Ganeshotsav,30/08/2026,7:00 pm,Holly,Blair,holly.blair96@example.com,6655868512,06/08/2026 04:22 pm,Online,Free,1,0,$0.00,$0.00,$0.00,$0.00,$0.00,$0.00,$0.00,$0.00,$0.00,$0.00,$0.00,$0.00,$0.00,$0.00,$0.00,$0.00,,,,$0.00,$0.00,$0.00,$0.00,Stripe,No,,Completed,Online,1,29a3e5f6-984a-4463-8d81-42152d490058
GAN1430,Ganeshotsav,30/08/2026,7:00 pm,Kyle,Ortiz,kyle.ortiz65@example.com,4649111109,31/07/2026 01:50 pm,Online,Free,2,0,$0.00,$0.00,$0.00,$0.00,$0.00,$0.00,$0.00,$0.00,$0.00,$0.00,$0.00,$0.00,$0.00,$0.00,$0.00,$0.00,,,,$0.00,$0.00,$0.00,$0.00,Stripe,No,,Completed,Online,2,ed5edfa2-9fb3-4a4d-8071-2a38bffc4f09
GAN1431,Ganeshotsav,30/08/2026,7:00 pm,Amanda,Myers,amanda.myers88@example.com,8904633786,31/07/2026 03:40 pm,Online,Free,1,0,$0.00,$0.00,$0.00,$0.00,$0.00,$0.00,$0.00,$0.00,$0.00,$0.00,$0.00,$0.00,$0.00,$0.00,$0.00,$0.00,,,,$0.00,$0.00,$0.00,$0.00,Stripe,Yes,,Completed,Online,1,f7b5b05b-59c1-416c-9fdb-563af35757c5
GAN1432,Ganeshotsav,30/08/2026,7:00 pm,Joshua,Taylor,joshua.taylor18@example.com,6605384444,10/08/2026 08:45 am,Online,Free,2,0,$0.00,$0.00,$0.00,$0.00,$0.00,$0.00,$0.00,$0.00,$0.00,$0.00,$0.00,$0.00,$0.00,$0.00,$0.00,$0.00,,,,$0.00,$0.00,$0.00,$0.00,Stripe,Yes,,Completed,Online,2,085d5d01-6a20-42aa-a8b8-1813e672abf5
GAN1433,Ganeshotsav,30/08/2026,7:00 pm,Shelby,Byrd,shelby.byrd20@example.com,5895529638,11/07/2026 12:20 am,Online,Free,1,0,$0.00,$0.00,$0.00,$0.00,$0.00,$0.00,$0.00,$0.00,$0.00,$0.00,$0.00,$0.00,$0.00,$0.00,$0.00,$0.00,,,,$0.00,$0.00,$0.00,$0.00,Stripe,Yes,,Completed,Online,1,0d346977-d41b-48bf-a4b0-78a7a4f9a67f
GAN1434,Ganeshotsav,30/08/2026,7:00 pm,Scott,Riley,scott.riley34@example.com,2626582631,10/08/2026 03:51 pm,Online,Free,2,0,$0.00,$0.00,$0.00,$0.00,$0.00,$0.00,$0.00,$0.00,$0.00,$0.00,$0.00,$0.00,$0.00,$0.00,$0.00,$0.00,,,,$0.00,$0.00,$0.00,$0.00,Stripe,Yes,,Completed,Online,2,645ae8ee-c8c6-48b1-93b1-ee1da1a61f32
GAN1435,Ganeshotsav,30/08/2026,7:00 pm,Rebecca,Carlson,rebecca.carlson67@example.com,8253110609,12/08/2026 06:53 am,Manual,Free,3,0,$0.00,$0.00,$0.00,$0.00,$0.00,$0.00,$0.00,$0.00,$0.00,$0.00,$0.00,$0.00,$0.00,$0.00,$0.00,$0.00,,,,$0.00,$0.00,$0.00,$0.00,Stripe,No,,Completed,Manual,3,f8ef32ee-ebac-42ef-8b2e-1eb3b523b1f3
GAN1436,Ganeshotsav,30/08/2026,7:00 pm,Lori,Oconnell,lori.oconnell63@example.com,0275233438,13/07/2026 11:32 am,Online,Free,1,0,$0.00,$0.00,$0.00,$0.00,$0.00,$0.00,$0.00,$0.00,$0.00,$0.00,$0.00,$0.00,$0.00,$0.00,$0.00,$0.00,,,,$0.00,$0.00,$0.00,$0.00,Stripe,Yes,,Completed,Online,1,153d1653-4664-4858-8d3f-69eda8c51cca
GAN1437,Ganeshotsav,30/08/2026,7:00 pm,Melissa,Jones,melissa.jones8@example.com,9117911244,15/08/2026 08:56 pm,Online,Free,1,0,$0.00,$0.00,$0.00,$0.00,$0.00,$0.00,$0.00,$0.00,$0.00,$0.00,$0.00,$0.00,$0.00,$0.00,$0.00,$0.00,,,,$0.00,$0.00,$0.00,$0.00,Stripe,Yes,,Completed,Online,1,e9a7f5e0-5c84-48db-9839-40c97e86d7f8
GAN1438,Ganeshotsav,30/08/2026,7:00 pm,Alicia,Hammond,alicia.hammond18@example.com,1706171366,12/08/2026 02:28 am,Online,Free,2,0,$0.00,$0.00,$0.00,$0.00,$0.00,$0.00,$0.00,$0.00,$0.00,$0.00,$0.00,$0.00,$0.00,$0.00,$0.00,$0.00,,,,$0.00,$0.00,$0.00,$0.00,Stripe,Yes,,Completed,Online,2,e754d4c3-0298-4dd2-8c7b-34e22e07cb63
GAN1439,Ganeshotsav,30/08/2026,7:00 pm,Terri,Miller,terri.miller39@example.com,1557998028,17/07/2026 09:03 am,Online,Free,1,0,$0.00,$0.00,$0.00,$0.00,$0.00,$0.00,$0.00,$0.00,$0.00,$0.00,$0.00,$0.00,$0.00,$0.00,$0.00,$0.00,,,,$0.00,$0.00,$0.00,$0.00,Stripe,Yes,,Completed,Online,1,05e5d461-8934-4b06-8790-eeb49b2a1376
GAN1440,Ganeshotsav,30/08/2026,7:00 pm,Holly,Blair,holly.blair96@example.com,3513052312,30/07/2026 02:39 pm,Online,Free,1,0,$0.00,$0.00,$0.00,$0.00,$0.00,$0.00,$0.00,$0.00,$0.00,$0.00,$0.00,$0.00,$0.00,$0.00,$0.00,$0.00,,,,$0.00,$0.00,$0.00,$0.00,Stripe,Yes,,Completed,Online,1,593acb51-178b-45e7-b406-d6e033013b08
GAN1441,Ganeshotsav,30/08/2026,7:00 pm,John,Martinez,john.martinez60@example.com,7768634234,07/08/2026 12:34 am,Online,Free,3,0,$0.00,$0.00,$0.00,$0.00,$0.00,$0.00,$0.00,$0.00,$0.00,$0.00,$0.00,$0.00,$0.00,$0.00,$0.00,$0.00,,,,$0.00,$0.00,$0.00,$0.00,Stripe,No,,Completed,Online,3,4fc40b0a-966b-41e7-8435-fe28cb0c1709
GAN1442,Ganeshotsav,30/08/2026,7:00 pm,Michael,Matthews,michael.matthews44@example.com,7676945919,16/07/2026 08:51 pm,Online,Free,1,0,$0.00,$0.00,$0.00,$0.00,$0.00,$0.00,$0.00,$0.00,$0.00,$0.00,$0.00,$0.00,$0.00,$0.00,$0.00,$0.00,,,,$0.00,$0.00,$0.00,$0.00,Stripe,No,,Completed,Online,1,e5dc6ce5-5fbb-4fd7-9a58-abba91303877
GAN1443,Ganeshotsav,30/08/2026,7:00 pm,Jacob,Reid,jacob.reid81@example.com,7208496498,04/08/2026 02:01 am,Online,Free,2,0,$0.00,$0.00,$0.00,$0.00,$0.00,$0.00,$0.00,$0.00,$0.00,$0.00,$0.00,$0.00,$0.00,$0.00,$0.00,$0.00,,,,$0.00,$0.00,$0.00,$0.00,Stripe,No,,Completed,Online,2,529b3b96-cf1d-46be-ae0e-343d1d59b308
GAN1444,Ganeshotsav,30/08/2026,7:00 pm,Jessica,Sheppard,jessica.sheppard46@example.com,5313552510,27/07/2026 03:43 am,Online,Free,1,0,$0.00,$0.00,$0.00,$0.00,$0.00,$0.00,$0.00,$0.00,$0.00,$0.00,$0.00,$0.00,$0.00,$0.00,$0.00,$0.00,,,,$0.00,$0.00,$0.00,$0.00,Stripe,Yes,,Completed,Online,1,cb94cf8d-9145-4a38-b722-ec2c36b9ca35
GAN1445,Ganeshotsav,30/08/2026,7:00 pm,Kenneth,Kidd,kenneth.kidd54@example.com,8164938318,22/07/2026 10:47 pm,Online,Free,2,0,$0.00,$0.00,$0.00,$0.00,$0.00,$0.00,$0.00,$0.00,$0.00,$0.00,$0.00,$0.00,$0.00,$0.00,$0.00,$0.00,,,,$0.00,$0.00,$0.00,$0.00,Stripe,No,,Completed,Online,2,6bf7d125-a571-4542-a485-a11892ee4820
GAN1446,Ganeshotsav,30/08/2026,7:00 pm,David,Colon,david.colon78@example.com,5533077046,06/08/2026 12:17 am,Online,Free,1,0,$0.00,$0.00,$0.00,$0.00,$0.00,$0.00,$0.00,$0.00,$0.00,$0.00,$0.00,$0.00,$0.00,$0.00,$0.00,$0.00,,,,$0.00,$0.00,$0.00,$0.00,Stripe,No,,Completed,Online,1,9756fd33-53ae-4065-99f7-5c762bcfd03f
GAN1447,Ganeshotsav,30/08/2026,7:00 pm,Matthew,Schwartz,matthew.schwartz70@example.com,4090742608,25/07/2026 08:10 am,Online,Free,2,0,$0.00,$0.00,$0.00,$0.00,$0.00,$0.00,$0.00,$0.00,$0.00,$0.00,$0.00,$0.00,$0.00,$0.00,$0.00,$0.00,,,,$0.00,$0.00,$0.00,$0.00,Stripe,No,,Completed,Online,2,784aee43-11c7-4eb2-842a-6bd7a51004b8
GAN1448,Ganeshotsav,30/08/2026,7:00 pm,Daniel,Hicks,daniel.hicks39@example.com,4455618579,14/07/2026 02:50 am,Online,Free,2,0,$0.00,$0.00,$0.00,$0.00,$0.00,$0.00,$0.00,$0.00,$0.00,$0.00,$0.00,$0.00,$0.00,$0.00,$0.00,$0.00,,,,$0.00,$0.00,$0.00,$0.00,Stripe,No,,Completed,Online,2,7e4b4f10-745f-480e-bbe5-403bb24b007b
GAN1449,Ganeshotsav,30/08/2026,7:00 pm,Colton,Clay,colton.clay88@example.com,5910300215,12/08/2026 12:10 pm,Online,Free,1,0,$0.00,$0.00,$0.00,$0.00,$0.00,$0.00,$0.00,$0.00,$0.00,$0.00,$0.00,$0.00,$0.00,$0.00,$0.00,$0.00,,,,$0.00,$0.00,$0.00,$0.00,Stripe,No,,Completed,Online,1,e6fb976b-b95f-42d5-b0ef-d76b16884399
GAN1450,Ganeshotsav,30/08/2026,7:00 pm,Gail,Perry,gail.perry53@example.com,0401041459,11/08/2026 02:06 am,Manual,Free,1,0,$0.00,$0.00,$0.00,$0.00,$0.00,$0.00,$0.00,$0.00,$0.00,$0.00,$0.00,$0.00,$0.00,$0.00,$0.00,$0.00,,,,$0.00,$0.00,$0.00,$0.00,Stripe,Yes,,Completed,Manual,1,75f006c0-955d-4078-a344-7519ecc38555
GAN1451,Ganeshotsav,30/08/2026,7:00 pm,Carrie,Short,carrie.short90@example.com,2967188397,15/07/2026 02:02 am,Online,Free,3,0,$0.00,$0.00,$0.00,$0.00,$0.00,$0.00,$0.00,$0.00,$0.00,$0.00,$0.00,$0.00,$0.00,$0.00,$0.00,$0.00,,,,$0.00,$0.00,$0.00,$0.00,Stripe,No,,Completed,Online,3,39d00762-7b92-441d-bb19-f0fec5cbfedd
GAN1452,Ganeshotsav,30/08/2026,7:00 pm,Tammy,Jordan,tammy.jordan89@example.com,1583311703,13/07/2026 11:44 pm,Online,Free,1,0,$0.00,$0.00,$0.00,$0.00,$0.00,$0.00,$0.00,$0.00,$0.00,$0.00,$0.00,$0.00,$0.00,$0.00,$0.00,$0.00,,,,$0.00,$0.00,$0.00,$0.00,Stripe,Yes,,Completed,Online,1,7cd6572f-301b-4b4e-a293-4e8ed189f750
GAN1453,Ganeshotsav,30/08/2026,7:00 pm,Randy,Velasquez,randy.velasquez33@example.com,9885472812,14/07/2026 11:39 am,Online,Free,4,0,$0.00,$0.00,$0.00,$0.00,$0.00,$0.00,$0.00,$0.00,$0.00,$0.00,$0.00,$0.00,$0.00,$0.00,$0.00,$0.00,,,,$0.00,$0.00,$0.00,$0.00,Stripe,Yes,,Completed,Online,4,9ed7a652-de2b-4e58-b3d2-939ef99dd6d5
GAN1454,Ganeshotsav,30/08/2026,7:00 pm,Daniel,Tran,daniel.tran75@example.com,3146249127,30/07/2026 10:24 am,Online,Free,1,0,$0.00,$0.00,$0.00,$0.00,$0.00,$0.00,$0.00,$0.00,$0.00,$0.00,$0.00,$0.00,$0.00,$0.00,$0.00,$0.00,,,,$0.00,$0.00,$0.00,$0.00,Stripe,No,,Completed,Online,1,2fe12ed8-75fa-4ebe-a4e3-9c20043f1b5f
GAN1455,Ganeshotsav,30/08/2026,7:00 pm,Larry,Higgins,larry.higgins26@example.com,8754181563,20/07/2026 07:29 pm,Online,Free,2,0,$0.00,$0.00,$0.00,$0.00,$0.00,$0.00,$0.00,$0.00,$0.00,$0.00,$0.00,$0.00,$0.00,$0.00,$0.00,$0.00,,,,$0.00,$0.00,$0.00,$0.00,Stripe,No,,Completed,Online,2,0d9bb3b5-556f-43c1-8207-7e016e4c1501
GAN1456,Ganeshotsav,30/08/2026,7:00 pm,Catherine,Robertson,catherine.robertson76@example.com,1066343629,27/07/2026 02:54 pm,Online,Free,1,0,$0.00,$0.00,$0.00,$0.00,$0.00,$0.00,$0.00,$0.00,$0.00,$0.00,$0.00,$0.00,$0.00,$0.00,$0.00,$0.00,,,,$0.00,$0.00,$0.00,$0.00,Stripe,No,,Completed,Online,1,1bf384ef-6efe-4368-84c4-2de17e5da21a
GAN1457,Ganeshotsav,30/08/2026,7:00 pm,Joshua,Riddle,joshua.riddle8@example.com,1310094318,05/08/2026 11:22 pm,Online,Free,2,0,$0.00,$0.00,$0.00,$0.00,$0.00,$0.00,$0.00,$0.00,$0.00,$0.00,$0.00,$0.00,$0.00,$0.00,$0.00,$0.00,,,,$0.00,$0.00,$0.00,$0.00,Stripe,Yes,,Completed,Online,2,b7403274-b313-4c8e-9ec6-c95ee1f217be
GAN1458,Ganeshotsav,30/08/2026,7:00 pm,Gary,Norton,gary.norton39@example.com,1347323549,26/07/2026 04:28 am,Manual,Free,3,0,$0.00,$0.00,$0.00,$0.00,$0.00,$0.00,$0.00,$0.00,$0.00,$0.00,$0.00,$0.00,$0.00,$0.00,$0.00,$0.00,,,,$0.00,$0.00,$0.00,$0.00,Stripe,Yes,,Completed,Manual,3,b3521505-e864-4e0c-80d4-58b92f615360
GAN1459,Ganeshotsav,30/08/2026,7:00 pm,Kaitlyn,Cole,kaitlyn.cole23@example.com,3251225720,03/08/2026 04:06 pm,Online,Free,1,0,$0.00,$0.00,$0.00,$0.00,$0.00,$0.00,$0.00,$0.00,$0.00,$0.00,$0.00,$0.00,$0.00,$0.00,$0.00,$0.00,,,,$0.00,$0.00,$0.00,$0.00,Stripe,No,,Completed,Online,1,438a819e-f970-4e4b-ad71-a0400554e88b
GAN1460,Ganeshotsav,30/08/2026,7:00 pm,Joseph,Jones,joseph.jones50@example.com,0957907371,13/08/2026 06:40 pm,Online,Free,2,0,$0.00,$0.00,$0.00,$0.00,$0.00,$0.00,$0.00,$0.00,$0.00,$0.00,$0.00,$0.00,$0.00,$0.00,$0.00,$0.00,,,,$0.00,$0.00,$0.00,$0.00,Stripe,No,,Completed,Online,2,d5da16fd-4a68-498f-bd8b-b697ae1782f6
GAN1461,Ganeshotsav,30/08/2026,7:00 pm,Donald,Shah,donald.shah46@example.com,2114577584,19/07/2026 07:29 am,Online,Free,1,0,$0.00,$0.00,$0.00,$0.00,$0.00,$0.00,$0.00,$0.00,$0.00,$0.00,$0.00,$0.00,$0.00,$0.00,$0.00,$0.00,,,,$0.00,$0.00,$0.00,$0.00,Stripe,No,,Completed,Online,1,5a45b8ea-d3e7-43d1-8378-bcb77570b0ac
GAN1462,Ganeshotsav,30/08/2026,7:00 pm,Katherine,Thompson,katherine.thompson93@example.com,8971480263,22/07/2026 03:40 am,Online,Free,2,0,$0.00,$0.00,$0.00,$0.00,$0.00,$0.00,$0.00,$0.00,$0.00,$0.00,$0.00,$0.00,$0.00,$0.00,$0.00,$0.00,,,,$0.00,$0.00,$0.00,$0.00,Stripe,No,,Completed,Online,2,bdb2fd9e-93dc-4eea-be8e-e36a07e95e6d
GAN1463,Ganeshotsav,30/08/2026,7:00 pm,Spencer,Ward,spencer.ward38@example.com,5313614878,06/08/2026 01:05 pm,Online,Free,2,0,$0.00,$0.00,$0.00,$0.00,$0.00,$0.00,$0.00,$0.00,$0.00,$0.00,$0.00,$0.00,$0.00,$0.00,$0.00,$0.00,,,,$0.00,$0.00,$0.00,$0.00,Stripe,No,,Completed,Online,2,96d26487-641a-4b74-94c9-3d44e353a243
GAN1464,Ganeshotsav,30/08/2026,7:00 pm,Veronica,Casey,veronica.casey83@example.com,4309859167,26/07/2026 04:23 pm,Online,Free,1,0,$0.00,$0.00,$0.00,$0.00,$0.00,$0.00,$0.00,$0.00,$0.00,$0.00,$0.00,$0.00,$0.00,$0.00,$0.00,$0.00,,,,$0.00,$0.00,$0.00,$0.00,Stripe,Yes,,Completed,Online,1,7fb9ae49-0222-4c10-b82f-2dc31c35730b
GAN1465,Ganeshotsav,30/08/2026,7:00 pm,Timothy,Freeman,timothy.freeman81@example.com,7284982474,15/08/2026 01:42 pm,Online,Free,2,0,$0.00,$0.00,$0.00,$0.00,$0.00,$0.00,$0.00,$0.00,$0.00,$0.00,$0.00,$0.00,$0.00,$0.00,$0.00,$0.00,,,,$0.00,$0.00,$0.00,$0.00,Stripe,Yes,,Completed,Online,2,4873d252-37a2-4180-8a7b-e6e774300ccc
GAN1466,Ganeshotsav,30/08/2026,7:00 pm,Andrew,Ryan,andrew.ryan81@example.com,0740650042,11/08/2026 02:27 pm,Online,Free,2,0,$0.00,$0.00,$0.00,$0.00,$0.00,$0.00,$0.00,$0.00,$0.00,$0.00,$0.00,$0.00,$0.00,$0.00,$0.00,$0.00,,,,$0.00,$0.00,$0.00,$0.00,Stripe,No,,Completed,Online,2,8f8d4107-c4d5-4c13-b561-d900aa52cdf3
GAN1467,Ganeshotsav,30/08/2026,7:00 pm,Michael,Molina,michael.molina48@example.com,4236914307,16/07/2026 10:55 am,Online,Free,2,0,$0.00,$0.00,$0.00,$0.00,$0.00,$0.00,$0.00,$0.00,$0.00,$0.00,$0.00,$0.00,$0.00,$0.00,$0.00,$0.00,,,,$0.00,$0.00,$0.00,$0.00,Stripe,No,,Completed,Online,2,e7773701-f787-4461-a62c-4f006c2d1b96
GAN1468,Ganeshotsav,30/08/2026,7:00 pm,Daniel,Bruce,daniel.bruce66@example.com,4942965923,14/07/2026 05:40 am,Online,Free,2,0,$0.00,$0.00,$0.00,$0.00,$0.00,$0.00,$0.00,$0.00,$0.00,$0.00,$0.00,$0.00,$0.00,$0.00,$0.00,$0.00,,,,$0.00,$0.00,$0.00,$0.00,Stripe,No,,Completed,Online,2,4e143977-4d12-4ab1-b313-f36c8de58a88
GAN1469,Ganeshotsav,30/08/2026,7:00 pm,Lisa,Mcneil,lisa.mcneil84@example.com,8266128758,13/07/2026 05:55 pm,Online,Free,1,0,$0.00,$0.00,$0.00,$0.00,$0.00,$0.00,$0.00,$0.00,$0.00,$0.00,$0.00,$0.00,$0.00,$0.00,$0.00,$0.00,,,,$0.00,$0.00,$0.00,$0.00,Stripe,No,,Completed,Online,1,f62162ab-6ba6-4252-b76f-fd036d7bba17
GAN1470,Ganeshotsav,30/08/2026,7:00 pm,Timothy,Booth,timothy.booth63@example.com,8061294398,26/07/2026 09:48 am,Online,Free,3,0,$0.00,$0.00,$0.00,$0.00,$0.00,$0.00,$0.00,$0.00,$0.00,$0.00,$0.00,$0.00,$0.00,$0.00,$0.00,$0.00,,,,$0.00,$0.00,$0.00,$0.00,Stripe,Yes,,Completed,Online,3,e0b7d818-90c9-4f32-a660-a8e08b13b689
GAN1471,Ganeshotsav,30/08/2026,7:00 pm,Robert,Soto,robert.soto31@example.com,2607870104,21/07/2026 08:22 pm,Online,Free,3,0,$0.00,$0.00,$0.00,$0.00,$0.00,$0.00,$0.00,$0.00,$0.00,$0.00,$0.00,$0.00,$0.00,$0.00,$0.00,$0.00,,,,$0.00,$0.00,$0.00,$0.00,Stripe,Yes,,Completed,Online,3,90c0e607-4a63-4fc3-926a-ab2718ef2501
GAN1472,Ganeshotsav,30/08/2026,7:00 pm,Noah,Whitaker,noah.whitaker29@example.com,0198038287,29/07/2026 04:27 am,Online,Free,1,0,$0.00,$0.00,$0.00,$0.00,$0.00,$0.00,$0.00,$0.00,$0.00,$0.00,$0.00,$0.00,$0.00,$0.00,$0.00,$0.00,,,,$0.00,$0.00,$0.00,$0.00,Stripe,Yes,,Completed,Online,1,b819b15d-4f96-4a84-a0d4-4d244d074581
GAN1473,Ganeshotsav,30/08/2026,7:00 pm,James,West,james.west82@example.com,7931102918,17/08/2026 11:39 pm,Online,Free,1,0,$0.00,$0.00,$0.00,$0.00,$0.00,$0.00,$0.00,$0.00,$0.00,$0.00,$0.00,$0.00,$0.00,$0.00,$0.00,$0.00,,,,$0.00,$0.00,$0.00,$0.00,Stripe,Yes,,Completed,Online,1,d52d8f91-064f-4164-b947-2ea41a85fd69
GAN1474,Ganeshotsav,30/08/2026,7:00 pm,Rodney,Lewis,rodney.lewis30@example.com,0146723849,30/07/2026 03:14 am,Manual,Free,2,0,$0.00,$0.00,$0.00,$0.00,$0.00,$0.00,$0.00,$0.00,$0.00,$0.00,$0.00,$0.00,$0.00,$0.00,$0.00,$0.00,,,,$0.00,$0.00,$0.00,$0.00,Stripe,No,,Completed,Manual,2,058b5ee1-a2dd-415a-a570-66e86eaebb60
GAN1475,Ganeshotsav,30/08/2026,7:00 pm,Tina,Silva,tina.silva88@example.com,2883774419,17/07/2026 02:47 pm,Online,Free,1,0,$0.00,$0.00,$0.00,$0.00,$0.00,$0.00,$0.00,$0.00,$0.00,$0.00,$0.00,$0.00,$0.00,$0.00,$0.00,$0.00,,,,$0.00,$0.00,$0.00,$0.00,Stripe,No,,Completed,Online,1,ccc34f70-b299-4e18-a2c5-26ab6424fa05
GAN1476,Ganeshotsav,30/08/2026,7:00 pm,Henry,Lewis,henry.lewis90@example.com,6204719609,14/07/2026 02:16 pm,Online,Free,1,0,$0.00,$0.00,$0.00,$0.00,$0.00,$0.00,$0.00,$0.00,$0.00,$0.00,$0.00,$0.00,$0.00,$0.00,$0.00,$0.00,,,,$0.00,$0.00,$0.00,$0.00,Stripe,No,,Completed,Online,1,e834fb5b-e879-49a6-8ae9-eacc71c966b3
GAN1477,Ganeshotsav,30/08/2026,7:00 pm,John,Munoz,john.munoz7@example.com,7740258835,24/07/2026 05:50 am,Online,Free,2,0,$0.00,$0.00,$0.00,$0.00,$0.00,$0.00,$0.00,$0.00,$0.00,$0.00,$0.00,$0.00,$0.00,$0.00,$0.00,$0.00,,,,$0.00,$0.00,$0.00,$0.00,Stripe,Yes,,Completed,Online,2,26c25405-a7ea-42f0-acab-d3d710116af4
GAN1478,Ganeshotsav,30/08/2026,7:00 pm,Albert,Wagner,albert.wagner13@example.com,7244617679,24/07/2026 03:09 am,Manual,Free,4,0,$0.00,$0.00,$0.00,$0.00,$0.00,$0.00,$0.00,$0.00,$0.00,$0.00,$0.00,$0.00,$0.00,$0.00,$0.00,$0.00,,,,$0.00,$0.00,$0.00,$0.00,Stripe,Yes,,Completed,Manual,4,425ca2e3-8682-462f-a8ae-013ac6807bb4
GAN1479,Ganeshotsav,30/08/2026,7:00 pm,Sean,Padilla,sean.padilla71@example.com,9959961002,15/07/2026 10:57 am,Online,Free,3,0,$0.00,$0.00,$0.00,$0.00,$0.00,$0.00,$0.00,$0.00,$0.00,$0.00,$0.00,$0.00,$0.00,$0.00,$0.00,$0.00,,,,$0.00,$0.00,$0.00,$0.00,Stripe,Yes,,Completed,Online,3,79f633e8-ade8-4084-af29-f4137fdae666
GAN1480,Ganeshotsav,30/08/2026,7:00 pm,Sheila,Wilson,sheila.wilson56@example.com,3126610941,23/07/2026 12:45 am,Online,Free,2,0,$0.00,$0.00,$0.00,$0.00,$0.00,$0.00,$0.00,$0.00,$0.00,$0.00,$0.00,$0.00,$0.00,$0.00,$0.00,$0.00,,,,$0.00,$0.00,$0.00,$0.00,Stripe,Yes,,Completed,Online,2,a19c7caf-9b45-4430-9fd3-92e2c36b0890
GAN1481,Ganeshotsav,30/08/2026,7:00 pm,Richard,Hunter,richard.hunter61@example.com,5176298334,12/08/2026 04:41 am,Online,Free,2,0,$0.00,$0.00,$0.00,$0.00,$0.00,$0.00,$0.00,$0.00,$0.00,$0.00,$0.00,$0.00,$0.00,$0.00,$0.00,$0.00,,,,$0.00,$0.00,$0.00,$0.00,Stripe,Yes,,Completed,Online,2,297eb3f4-bdfd-4c7b-b381-5e0d39ba243a
GAN1482,Ganeshotsav,30/08/2026,7:00 pm,Michael,Reyes,michael.reyes70@example.com,1901302056,27/07/2026 08:05 am,Online,Free,2,0,$0.00,$0.00,$0.00,$0.00,$0.00,$0.00,$0.00,$0.00,$0.00,$0.00,$0.00,$0.00,$0.00,$0.00,$0.00,$0.00,,,,$0.00,$0.00,$0.00,$0.00,Stripe,No,,Completed,Online,2,badfc7a8-aeaf-4951-af70-1b325738db52
GAN1483,Ganeshotsav,30/08/2026,7:00 pm,Justin,Evans,justin.evans97@example.com,3397855982,16/08/2026 06:15 pm,Online,Free,2,0,$0.00,$0.00,$0.00,$0.00,$0.00,$0.00,$0.00,$0.00,$0.00,$0.00,$0.00,$0.00,$0.00,$0.00,$0.00,$0.00,,,,$0.00,$0.00,$0.00,$0.00,Stripe,No,,Completed,Online,2,1224615f-dfbc-4340-a049-48bea01ed90e
GAN1484,Ganeshotsav,30/08/2026,7:00 pm,Julie,Rivera,julie.rivera24@example.com,8411730985,01/08/2026 02:32 pm,Online,Free,1,0,$0.00,$0.00,$0.00,$0.00,$0.00,$0.00,$0.00,$0.00,$0.00,$0.00,$0.00,$0.00,$0.00,$0.00,$0.00,$0.00,,,,$0.00,$0.00,$0.00,$0.00,Stripe,Yes,,Completed,Online,1,63f2fc26-405a-4f9e-9401-8a45ec1a1adc
GAN1485,Ganeshotsav,30/08/2026,7:00 pm,Theresa,Jones,theresa.jones10@example.com,2418938984,06/08/2026 08:04 pm,Online,Free,2,0,$0.00,$0.00,$0.00,$0.00,$0.00,$0.00,$0.00,$0.00,$0.00,$0.00,$0.00,$0.00,$0.00,$0.00,$0.00,$0.00,,,,$0.00,$0.00,$0.00,$0.00,Stripe,Yes,,Completed,Online,2,1c6244f4-e44d-4dc2-b290-88928bc2d46d
GAN1486,Ganeshotsav,30/08/2026,7:00 pm,Michael,Johnson,michael.johnson57@example.com,0056435023,02/08/2026 03:17 am,Online,Free,1,0,$0.00,$0.00,$0.00,$0.00,$0.00,$0.00,$0.00,$0.00,$0.00,$0.00,$0.00,$0.00,$0.00,$0.00,$0.00,$0.00,,,,$0.00,$0.00,$0.00,$0.00,Stripe,No,,Completed,Online,1,ce3fde9a-12aa-4ab4-be59-a0d13c5168b0
GAN1487,Ganeshotsav,30/08/2026,7:00 pm,Gary,Mcclure,gary.mcclure49@example.com,5169918724,16/08/2026 09:08 am,Online,Free,1,0,$0.00,$0.00,$0.00,$0.00,$0.00,$0.00,$0.00,$0.00,$0.00,$0.00,$0.00,$0.00,$0.00,$0.00,$0.00,$0.00,,,,$0.00,$0.00,$0.00,$0.00,Stripe,No,,Completed,Online,1,a67c7bd7-39a9-48a9-81f2-5a737f20f661
GAN1488,Ganeshotsav,30/08/2026,7:00 pm,Laura,Swanson,laura.swanson77@example.com,4300038960,24/07/2026 01:39 am,Online,Free,1,0,$0.00,$0.00,$0.00,$0.00,$0.00,$0.00,$0.00,$0.00,$0.00,$0.00,$0.00,$0.00,$0.00,$0.00,$0.00,$0.00,,,,$0.00,$0.00,$0.00,$0.00,Stripe,No,,Completed,Online,1,b2086418-6092-4068-8403-b430631a9c3c
GAN1489,Ganeshotsav,30/08/2026,7:00 pm,Jacob,Travis,jacob.travis35@example.com,8217195535,15/07/2026 07:02 am,Online,Free,1,0,$0.00,$0.00,$0.00,$0.00,$0.00,$0.00,$0.00,$0.00,$0.00,$0.00,$0.00,$0.00,$0.00,$0.00,$0.00,$0.00,,,,$0.00,$0.00,$0.00,$0.00,Stripe,Yes,,Completed,Online,1,02929d3d-96af-428a-978c-b5a03b668afa
GAN1490,Ganeshotsav,30/08/2026,7:00 pm,Emily,Drake,emily.drake21@example.com,0301027240,19/07/2026 06:24 am,Manual,Free,1,0,$0.00,$0.00,$0.00,$0.00,$0.00,$0.00,$0.00,$0.00,$0.00,$0.00,$0.00,$0.00,$0.00,$0.00,$0.00,$0.00,,,,$0.00,$0.00,$0.00,$0.00,Stripe,No,,Completed,Manual,1,ff82bf84-3e86-4c14-a3f2-df80a7bbc612
GAN1491,Ganeshotsav,30/08/2026,7:00 pm,Tammy,Ramirez,tammy.ramirez44@example.com,7111483753,21/07/2026 07:30 pm,Online,Free,2,0,$0.00,$0.00,$0.00,$0.00,$0.00,$0.00,$0.00,$0.00,$0.00,$0.00,$0.00,$0.00,$0.00,$0.00,$0.00,$0.00,,,,$0.00,$0.00,$0.00,$0.00,Stripe,No,,Completed,Online,2,de74e122-4aed-4cc8-8d28-eef5c7bbbcf8
GAN1492,Ganeshotsav,30/08/2026,7:00 pm,Robert,Fowler,robert.fowler29@example.com,5881056974,04/08/2026 09:37 pm,Online,Free,1,0,$0.00,$0.00,$0.00,$0.00,$0.00,$0.00,$0.00,$0.00,$0.00,$0.00,$0.00,$0.00,$0.00,$0.00,$0.00,$0.00,,,,$0.00,$0.00,$0.00,$0.00,Stripe,No,,Completed,Online,1,3b046707-855f-4cc6-b9d7-1979d767a6da
GAN1493,Ganeshotsav,30/08/2026,7:00 pm,Holly,Wang,holly.wang31@example.com,1520377107,22/07/2026 07:14 am,Online,Free,1,0,$0.00,$0.00,$0.00,$0.00,$0.00,$0.00,$0.00,$0.00,$0.00,$0.00,$0.00,$0.00,$0.00,$0.00,$0.00,$0.00,,,,$0.00,$0.00,$0.00,$0.00,Stripe,Yes,,Completed,Online,1,d3c1fe3f-4ce7-4b3f-a259-66cc9696e833
GAN1494,Ganeshotsav,30/08/2026,7:00 pm,Anthony,Williams,anthony.williams70@example.com,4967066703,17/08/2026 01:08 am,Online,Free,2,0,$0.00,$0.00,$0.00,$0.00,$0.00,$0.00,$0.00,$0.00,$0.00,$0.00,$0.00,$0.00,$0.00,$0.00,$0.00,$0.00,,,,$0.00,$0.00,$0.00,$0.00,Stripe,Yes,,Completed,Online,2,0d60e364-8851-4447-ae5b-9598a8f0e3e0
GAN1495,Ganeshotsav,30/08/2026,7:00 pm,Diane,Walker,diane.walker78@example.com,8509549305,05/08/2026 03:56 am,Manual,Free,1,0,$0.00,$0.00,$0.00,$0.00,$0.00,$0.00,$0.00,$0.00,$0.00,$0.00,$0.00,$0.00,$0.00,$0.00,$0.00,$0.00,,,,$0.00,$0.00,$0.00,$0.00,Stripe,Yes,,Completed,Manual,1,bc441fbc-edb6-4854-baae-905cc8594dfb
GAN1496,Ganeshotsav,30/08/2026,7:00 pm,Candice,Carr,candice.carr27@example.com,8648769984,08/08/2026 06:03 pm,Online,Free,1,0,$0.00,$0.00,$0.00,$0.00,$0.00,$0.00,$0.00,$0.00,$0.00,$0.00,$0.00,$0.00,$0.00,$0.00,$0.00,$0.00,,,,$0.00,$0.00,$0.00,$0.00,Stripe,No,,Completed,Online,1,3cfc7050-ecb6-47a2-be1b-e3e9bee1dc65
GAN1497,Ganeshotsav,30/08/2026,7:00 pm,Rebecca,Marks,rebecca.marks6@example.com,4413845960,15/07/2026 01:14 pm,Online,Free,1,0,$0.00,$0.00,$0.00,$0.00,$0.00,$0.00,$0.00,$0.00,$0.00,$0.00,$0.00,$0.00,$0.00,$0.00,$0.00,$0.00,,,,$0.00,$0.00,$0.00,$0.00,Stripe,No,,Completed,Online,1,c84d16c0-4021-4347-a8c3-4b2544cca057
GAN1498,Ganeshotsav,30/08/2026,7:00 pm,Monique,Johnson,monique.johnson68@example.com,1495427707,04/08/2026 09:02 pm,Online,Free,1,0,$0.00,$0.00,$0.00,$0.00,$0.00,$0.00,$0.00,$0.00,$0.00,$0.00,$0.00,$0.00,$0.00,$0.00,$0.00,$0.00,,,,$0.00,$0.00,$0.00,$0.00,Stripe,No,,Completed,Online,1,a34321bf-7aee-47df-9bd5-5037f7444596
GAN1499,Ganeshotsav,30/08/2026,7:00 pm,Amanda,Ball,amanda.ball23@example.com,6091498517,12/08/2026 08:06 am,Online,Free,1,0,$0.00,$0.00,$0.00,$0.00,$0.00,$0.00,$0.00,$0.00,$0.00,$0.00,$0.00,$0.00,$0.00,$0.00,$0.00,$0.00,,,,$0.00,$0.00,$0.00,$0.00,Stripe,No,,Completed,Online,1,2091a706-7eb3-498f-9e7a-69b442714418
GAN1500,Ganeshotsav,30/08/2026,7:00 pm,Jacob,Ramirez,jacob.ramirez97@example.com,2903102879,19/07/2026 06:40 am,Online,Free,2,0,$0.00,$0.00,$0.00,$0.00,$0.00,$0.00,$0.00,$0.00,$0.00,$0.00,$0.00,$0.00,$0.00,$0.00,$0.00,$0.00,,,,$0.00,$0.00,$0.00,$0.00,Stripe,No,,Completed,Online,2,f3a2dc1d-0f91-4e97-ba5b-171cb7a4c108
GAN1501,Ganeshotsav,30/08/2026,7:00 pm,Travis,Mcguire,travis.mcguire25@example.com,4058093511,07/08/2026 06:37 am,Online,Free,1,0,$0.00,$0.00,$0.00,$0.00,$0.00,$0.00,$0.00,$0.00,$0.00,$0.00,$0.00,$0.00,$0.00,$0.00,$0.00,$0.00,,,,$0.00,$0.00,$0.00,$0.00,Stripe,No,,Completed,Online,1,343c1752-3caa-431e-93d3-c72682d33948
GAN1502,Ganeshotsav,30/08/2026,7:00 pm,Brian,Johnson,brian.johnson73@example.com,6164205955,23/07/2026 02:45 am,Online,Free,1,0,$0.00,$0.00,$0.00,$0.00,$0.00,$0.00,$0.00,$0.00,$0.00,$0.00,$0.00,$0.00,$0.00,$0.00,$0.00,$0.00,,,,$0.00,$0.00,$0.00,$0.00,Stripe,No,,Completed,Online,1,9f35e95d-4b47-4715-b937-5ffff14656f1
GAN1503,Ganeshotsav,30/08/2026,7:00 pm,Sherri,Mason,sherri.mason7@example.com,0429019358,11/07/2026 02:58 pm,Online,Free,1,0,$0.00,$0.00,$0.00,$0.00,$0.00,$0.00,$0.00,$0.00,$0.00,$0.00,$0.00,$0.00,$0.00,$0.00,$0.00,$0.00,,,,$0.00,$0.00,$0.00,$0.00,Stripe,No,,Completed,Online,1,d4aa826d-60fb-434c-b701-a2fdf09fe5ab
GAN1504,Ganeshotsav,30/08/2026,7:00 pm,Chase,King,chase.king78@example.com,6113989868,02/08/2026 03:12 am,Online,Free,1,0,$0.00,$0.00,$0.00,$0.00,$0.00,$0.00,$0.00,$0.00,$0.00,$0.00,$0.00,$0.00,$0.00,$0.00,$0.00,$0.00,,,,$0.00,$0.00,$0.00,$0.00,Stripe,No,,Completed,Online,1,86423a80-a8c1-4f22-b8ea-904d9b6b0992
GAN1505,Ganeshotsav,30/08/2026,7:00 pm,Jessica,Sheppard,jessica.sheppard46@example.com,4394353537,30/07/2026 04:50 pm,Online,Free,1,0,$0.00,$0.00,$0.00,$0.00,$0.00,$0.00,$0.00,$0.00,$0.00,$0.00,$0.00,$0.00,$0.00,$0.00,$0.00,$0.00,,,,$0.00,$0.00,$0.00,$0.00,Stripe,No,,Completed,Online,1,e1568ad3-f525-4556-bb98-abdf71ec02ad
GAN1506,Ganeshotsav,30/08/2026,7:00 pm,Tyler,Strong,tyler.strong55@example.com,5881579376,26/07/2026 09:30 am,Online,Free,1,0,$0.00,$0.00,$0.00,$0.00,$0.00,$0.00,$0.00,$0.00,$0.00,$0.00,$0.00,$0.00,$0.00,$0.00,$0.00,$0.00,,,,$0.00,$0.00,$0.00,$0.00,Stripe,No,,Completed,Online,1,c6c55054-3eb4-4527-89a1-321decfbc936
GAN1507,Ganeshotsav,30/08/2026,7:00 pm,Derrick,Ayala,derrick.ayala65@example.com,9445511668,14/08/2026 08:53 pm,Online,Free,3,0,$0.00,$0.00,$0.00,$0.00,$0.00,$0.00,$0.00,$0.00,$0.00,$0.00,$0.00,$0.00,$0.00,$0.00,$0.00,$0.00,,,,$0.00,$0.00,$0.00,$0.00,Stripe,No,,Completed,Online,3,32b6f533-c5cc-4fb0-a1a6-2208a1f40627
GAN1508,Ganeshotsav,30/08/2026,7:00 pm,Kyle,Nolan,kyle.nolan55@example.com,0216487120,14/08/2026 12:05 pm,Online,Free,1,0,$0.00,$0.00,$0.00,$0.00,$0.00,$0.00,$0.00,$0.00,$0.00,$0.00,$0.00,$0.00,$0.00,$0.00,$0.00,$0.00,,,,$0.00,$0.00,$0.00,$0.00,Stripe,No,,Completed,Online,1,83d04bac-21e3-4238-92b1-178bfd6c47e3
GAN1509,Ganeshotsav,30/08/2026,7:00 pm,Manuel,Brewer,manuel.brewer44@example.com,6526834155,13/08/2026 05:12 am,Online,Free,3,0,$0.00,$0.00,$0.00,$0.00,$0.00,$0.00,$0.00,$0.00,$0.00,$0.00,$0.00,$0.00,$0.00,$0.00,$0.00,$0.00,,,,$0.00,$0.00,$0.00,$0.00,Stripe,No,,Completed,Online,3,0b94b2ab-b8e0-42e1-be7f-92991b96ee81
GAN1510,Ganeshotsav,30/08/2026,7:00 pm,Morgan,Spencer,morgan.spencer60@example.com,7676472298,13/07/2026 06:50 am,Manual,Free,1,0,$0.00,$0.00,$0.00,$0.00,$0.00,$0.00,$0.00,$0.00,$0.00,$0.00,$0.00,$0.00,$0.00,$0.00,$0.00,$0.00,,,,$0.00,$0.00,$0.00,$0.00,Stripe,Yes,,Completed,Manual,1,ac852cc7-5eb0-4e6f-97d2-030097f31baf
GAN1511,Ganeshotsav,30/08/2026,7:00 pm,Stanley,Clark,stanley.clark33@example.com,5728941347,04/08/2026 05:39 pm,Online,Free,1,0,$0.00,$0.00,$0.00,$0.00,$0.00,$0.00,$0.00,$0.00,$0.00,$0.00,$0.00,$0.00,$0.00,$0.00,$0.00,$0.00,,,,$0.00,$0.00,$0.00,$0.00,Stripe,No,,Completed,Online,1,946f9f07-8673-473a-a5b5-8f3084868583
GAN1512,Ganeshotsav,30/08/2026,7:00 pm,Alicia,Hammond,alicia.hammond18@example.com,4565220368,30/07/2026 05:30 am,Online,Free,2,0,$0.00,$0.00,$0.00,$0.00,$0.00,$0.00,$0.00,$0.00,$0.00,$0.00,$0.00,$0.00,$0.00,$0.00,$0.00,$0.00,,,,$0.00,$0.00,$0.00,$0.00,Stripe,Yes,,Completed,Online,2,48e80f79-58eb-4462-9976-a39a507a61a9
GAN1513,Ganeshotsav,30/08/2026,7:00 pm,Samuel,Wolfe,samuel.wolfe73@example.com,4773244913,16/07/2026 08:48 pm,Online,Free,1,0,$0.00,$0.00,$0.00,$0.00,$0.00,$0.00,$0.00,$0.00,$0.00,$0.00,$0.00,$0.00,$0.00,$0.00,$0.00,$0.00,,,,$0.00,$0.00,$0.00,$0.00,Stripe,Yes,,Completed,Online,1,823a0b12-d6ba-40f2-8d5a-954934f3ab8e
GAN1514,Ganeshotsav,30/08/2026,7:00 pm,Stephanie,Murphy,stephanie.murphy63@example.com,9088307053,08/08/2026 08:21 pm,Online,Free,2,0,$0.00,$0.00,$0.00,$0.00,$0.00,$0.00,$0.00,$0.00,$0.00,$0.00,$0.00,$0.00,$0.00,$0.00,$0.00,$0.00,,,,$0.00,$0.00,$0.00,$0.00,Stripe,Yes,,Completed,Online,2,204d3f55-8559-4d77-b1e0-07b0bb6a3647
GAN1515,Ganeshotsav,30/08/2026,7:00 pm,Theresa,Long,theresa.long74@example.com,1176741241,11/08/2026 07:39 pm,Online,Free,3,0,$0.00,$0.00,$0.00,$0.00,$0.00,$0.00,$0.00,$0.00,$0.00,$0.00,$0.00,$0.00,$0.00,$0.00,$0.00,$0.00,,,,$0.00,$0.00,$0.00,$0.00,Stripe,Yes,,Completed,Online,3,281f45ff-53bd-4b05-9308-9f8bba345e82
GAN1516,Ganeshotsav,30/08/2026,7:00 pm,Madeline,Jones,madeline.jones60@example.com,7815061853,30/07/2026 04:25 am,Online,Free,1,0,$0.00,$0.00,$0.00,$0.00,$0.00,$0.00,$0.00,$0.00,$0.00,$0.00,$0.00,$0.00,$0.00,$0.00,$0.00,$0.00,,,,$0.00,$0.00,$0.00,$0.00,Stripe,No,,Completed,Online,1,604f3c8d-961a-4968-a30a-37e53ef433df
GAN1517,Ganeshotsav,30/08/2026,7:00 pm,Brian,Smith,brian.smith38@example.com,3472727423,13/08/2026 10:06 am,Manual,Free,1,0,$0.00,$0.00,$0.00,$0.00,$0.00,$0.00,$0.00,$0.00,$0.00,$0.00,$0.00,$0.00,$0.00,$0.00,$0.00,$0.00,,,,$0.00,$0.00,$0.00,$0.00,Stripe,No,,Completed,Manual,1,7d9def75-1138-48db-af2f-841100d190bd
GAN1518,Ganeshotsav,30/08/2026,7:00 pm,Joseph,Wright,joseph.wright17@example.com,2064969357,01/08/2026 03:51 am,Online,Free,4,0,$0.00,$0.00,$0.00,$0.00,$0.00,$0.00,$0.00,$0.00,$0.00,$0.00,$0.00,$0.00,$0.00,$0.00,$0.00,$0.00,,,,$0.00,$0.00,$0.00,$0.00,Stripe,No,,Completed,Online,4,4ac81bda-e002-4f9a-bb5d-5c9cd73794d5
GAN1519,Ganeshotsav,30/08/2026,7:00 pm,Anthony,Gomez,anthony.gomez35@example.com,6958741314,05/08/2026 11:02 am,Online,Free,2,0,$0.00,$0.00,$0.00,$0.00,$0.00,$0.00,$0.00,$0.00,$0.00,$0.00,$0.00,$0.00,$0.00,$0.00,$0.00,$0.00,,,,$0.00,$0.00,$0.00,$0.00,Stripe,No,,Completed,Online,2,1da6536d-6cc3-48aa-a994-3d143f555c7d
GAN1520,Ganeshotsav,30/08/2026,7:00 pm,Chris,Richard,chris.richard52@example.com,1562779630,17/07/2026 06:43 am,Online,Free,1,0,$0.00,$0.00,$0.00,$0.00,$0.00,$0.00,$0.00,$0.00,$0.00,$0.00,$0.00,$0.00,$0.00,$0.00,$0.00,$0.00,,,,$0.00,$0.00,$0.00,$0.00,Stripe,Yes,,Completed,Online,1,c86768b2-d9da-4f47-a3ca-a0c4371132b7
GAN1521,Ganeshotsav,30/08/2026,7:00 pm,Timothy,Young,timothy.young34@example.com,4566766404,26/07/2026 08:38 am,Online,Free,1,0,$0.00,$0.00,$0.00,$0.00,$0.00,$0.00,$0.00,$0.00,$0.00,$0.00,$0.00,$0.00,$0.00,$0.00,$0.00,$0.00,,,,$0.00,$0.00,$0.00,$0.00,Stripe,Yes,,Completed,Online,1,4efa8dc3-0bae-4fc1-918a-d3caa2e25753
GAN1522,Ganeshotsav,30/08/2026,7:00 pm,Brandon,Cooper,brandon.cooper16@example.com,9283199529,27/07/2026 08:47 pm,Online,Free,2,0,$0.00,$0.00,$0.00,$0.00,$0.00,$0.00,$0.00,$0.00,$0.00,$0.00,$0.00,$0.00,$0.00,$0.00,$0.00,$0.00,,,,$0.00,$0.00,$0.00,$0.00,Stripe,No,,Completed,Online,2,c7ca7ddc-171a-4d35-a112-7927cd6aee30
GAN1523,Ganeshotsav,30/08/2026,7:00 pm,Shelley,Woods,shelley.woods62@example.com,8108358328,06/08/2026 09:26 pm,Online,Free,1,0,$0.00,$0.00,$0.00,$0.00,$0.00,$0.00,$0.00,$0.00,$0.00,$0.00,$0.00,$0.00,$0.00,$0.00,$0.00,$0.00,,,,$0.00,$0.00,$0.00,$0.00,Stripe,Yes,,Completed,Online,1,5fb698a5-e920-4b3a-a951-c8a7cd210a34
GAN1524,Ganeshotsav,30/08/2026,7:00 pm,Eric,Yu,eric.yu52@example.com,8300081867,23/07/2026 08:05 am,Manual,Free,2,0,$0.00,$0.00,$0.00,$0.00,$0.00,$0.00,$0.00,$0.00,$0.00,$0.00,$0.00,$0.00,$0.00,$0.00,$0.00,$0.00,,,,$0.00,$0.00,$0.00,$0.00,Stripe,No,,Completed,Manual,2,a1ad9f14-3ae1-4f9c-8634-e0e64d2ce796
GAN1525,Ganeshotsav,30/08/2026,7:00 pm,Patty,Singleton,patty.singleton49@example.com,0416624111,09/08/2026 12:47 pm,Online,Free,1,0,$0.00,$0.00,$0.00,$0.00,$0.00,$0.00,$0.00,$0.00,$0.00,$0.00,$0.00,$0.00,$0.00,$0.00,$0.00,$0.00,,,,$0.00,$0.00,$0.00,$0.00,Stripe,No,,Completed,Online,1,8aacb783-d48b-4d0d-be1e-70bc03c61e18
GAN1526,Ganeshotsav,30/08/2026,7:00 pm,Christopher,Hayden,christopher.hayden68@example.com,1963945680,02/08/2026 11:58 pm,Online,Free,1,0,$0.00,$0.00,$0.00,$0.00,$0.00,$0.00,$0.00,$0.00,$0.00,$0.00,$0.00,$0.00,$0.00,$0.00,$0.00,$0.00,,,,$0.00,$0.00,$0.00,$0.00,Stripe,No,,Completed,Online,1,f821947c-43a7-420c-9984-93ce33e1f6f7
GAN1527,Ganeshotsav,30/08/2026,7:00 pm,Patricia,Hughes,patricia.hughes27@example.com,6461368474,04/08/2026 11:52 pm,Online,Free,3,0,$0.00,$0.00,$0.00,$0.00,$0.00,$0.00,$0.00,$0.00,$0.00,$0.00,$0.00,$0.00,$0.00,$0.00,$0.00,$0.00,,,,$0.00,$0.00,$0.00,$0.00,Stripe,No,,Completed,Online,3,7f3dadbd-fe3f-4662-8468-0a4a61e5835e
GAN1528,Ganeshotsav,30/08/2026,7:00 pm,Tonya,Byrd,tonya.byrd43@example.com,8173906375,07/08/2026 06:48 pm,Online,Free,2,0,$0.00,$0.00,$0.00,$0.00,$0.00,$0.00,$0.00,$0.00,$0.00,$0.00,$0.00,$0.00,$0.00,$0.00,$0.00,$0.00,,,,$0.00,$0.00,$0.00,$0.00,Stripe,Yes,,Completed,Online,2,24ce3160-551a-4dcd-8f84-2010a48fc1f1
GAN1529,Ganeshotsav,30/08/2026,7:00 pm,Robert,Hernandez,robert.hernandez14@example.com,1823793126,10/08/2026 11:40 pm,Online,Free,2,0,$0.00,$0.00,$0.00,$0.00,$0.00,$0.00,$0.00,$0.00,$0.00,$0.00,$0.00,$0.00,$0.00,$0.00,$0.00,$0.00,,,,$0.00,$0.00,$0.00,$0.00,Stripe,Yes,,Completed,Online,2,c2b579c2-910f-445d-96f3-4d9bb918a6e8
GAN1530,Ganeshotsav,30/08/2026,7:00 pm,Christopher,Lopez,christopher.lopez35@example.com,4645205996,19/07/2026 11:21 am,Online,Free,1,0,$0.00,$0.00,$0.00,$0.00,$0.00,$0.00,$0.00,$0.00,$0.00,$0.00,$0.00,$0.00,$0.00,$0.00,$0.00,$0.00,,,,$0.00,$0.00,$0.00,$0.00,Stripe,No,,Completed,Online,1,7d1d3494-cb71-4efd-8ffa-1194c14a2a61
GAN1531,Ganeshotsav,30/08/2026,7:00 pm,Joshua,Walker,joshua.walker15@example.com,3577881161,31/07/2026 04:28 pm,Online,Free,1,0,$0.00,$0.00,$0.00,$0.00,$0.00,$0.00,$0.00,$0.00,$0.00,$0.00,$0.00,$0.00,$0.00,$0.00,$0.00,$0.00,,,,$0.00,$0.00,$0.00,$0.00,Stripe,No,,Completed,Online,1,1f19297e-bf86-4d63-851a-b93f297eef2f
GAN1532,Ganeshotsav,30/08/2026,7:00 pm,Mary,Dunn,mary.dunn34@example.com,1067287286,16/07/2026 09:22 pm,Manual,Free,2,0,$0.00,$0.00,$0.00,$0.00,$0.00,$0.00,$0.00,$0.00,$0.00,$0.00,$0.00,$0.00,$0.00,$0.00,$0.00,$0.00,,,,$0.00,$0.00,$0.00,$0.00,Stripe,No,,Completed,Manual,2,4b523dc2-fee9-4972-af7b-93e71e19f010
GAN1533,Ganeshotsav,30/08/2026,7:00 pm,Katie,Anderson,katie.anderson89@example.com,8595922483,07/08/2026 11:40 am,Online,Free,1,0,$0.00,$0.00,$0.00,$0.00,$0.00,$0.00,$0.00,$0.00,$0.00,$0.00,$0.00,$0.00,$0.00,$0.00,$0.00,$0.00,,,,$0.00,$0.00,$0.00,$0.00,Stripe,No,,Completed,Online,1,767f5095-78dc-440b-8051-391c9ac1ad69
GAN1534,Ganeshotsav,30/08/2026,7:00 pm,Joseph,Christian,joseph.christian94@example.com,2287056227,18/07/2026 02:56 pm,Online,Free,2,0,$0.00,$0.00,$0.00,$0.00,$0.00,$0.00,$0.00,$0.00,$0.00,$0.00,$0.00,$0.00,$0.00,$0.00,$0.00,$0.00,,,,$0.00,$0.00,$0.00,$0.00,Stripe,No,,Completed,Online,2,b1acf1dd-3303-443c-b00b-6e7bb3932fb8
GAN1535,Ganeshotsav,30/08/2026,7:00 pm,Ronald,Smith,ronald.smith15@example.com,5109792158,14/07/2026 01:39 am,Manual,Free,1,0,$0.00,$0.00,$0.00,$0.00,$0.00,$0.00,$0.00,$0.00,$0.00,$0.00,$0.00,$0.00,$0.00,$0.00,$0.00,$0.00,,,,$0.00,$0.00,$0.00,$0.00,Stripe,No,,Completed,Manual,1,48c08457-464a-4a48-b150-e60ded8982c2
GAN1536,Ganeshotsav,30/08/2026,7:00 pm,Emily,Walker,emily.walker47@example.com,9459648831,11/08/2026 10:02 am,Online,Free,1,0,$0.00,$0.00,$0.00,$0.00,$0.00,$0.00,$0.00,$0.00,$0.00,$0.00,$0.00,$0.00,$0.00,$0.00,$0.00,$0.00,,,,$0.00,$0.00,$0.00,$0.00,Stripe,No,,Completed,Online,1,2da6b974-47ad-41dd-b768-b54abb0c686a
GAN1537,Ganeshotsav,30/08/2026,7:00 pm,Craig,Mendoza,craig.mendoza42@example.com,2896599949,20/07/2026 03:55 pm,Online,Free,3,0,$0.00,$0.00,$0.00,$0.00,$0.00,$0.00,$0.00,$0.00,$0.00,$0.00,$0.00,$0.00,$0.00,$0.00,$0.00,$0.00,,,,$0.00,$0.00,$0.00,$0.00,Stripe,No,,Completed,Online,3,fd34d21e-3b59-475e-888a-9a7400af085d
GAN1538,Ganeshotsav,30/08/2026,7:00 pm,Cynthia,Davenport,cynthia.davenport37@example.com,2270510287,18/07/2026 08:24 pm,Online,Free,1,0,$0.00,$0.00,$0.00,$0.00,$0.00,$0.00,$0.00,$0.00,$0.00,$0.00,$0.00,$0.00,$0.00,$0.00,$0.00,$0.00,,,,$0.00,$0.00,$0.00,$0.00,Stripe,No,,Completed,Online,1,1e0724a8-c28f-48cb-8018-95364d747649
GAN1539,Ganeshotsav,30/08/2026,7:00 pm,Sharon,Wood,sharon.wood85@example.com,6675485819,19/07/2026 07:10 pm,Online,Free,2,0,$0.00,$0.00,$0.00,$0.00,$0.00,$0.00,$0.00,$0.00,$0.00,$0.00,$0.00,$0.00,$0.00,$0.00,$0.00,$0.00,,,,$0.00,$0.00,$0.00,$0.00,Stripe,No,,Completed,Online,2,6fef2c5d-d702-4edd-a494-0bbdb61ae1b0
GAN1540,Ganeshotsav,30/08/2026,7:00 pm,Marcus,Wright,marcus.wright31@example.com,4186520575,01/08/2026 06:25 am,Online,Free,1,0,$0.00,$0.00,$0.00,$0.00,$0.00,$0.00,$0.00,$0.00,$0.00,$0.00,$0.00,$0.00,$0.00,$0.00,$0.00,$0.00,,,,$0.00,$0.00,$0.00,$0.00,Stripe,Yes,,Completed,Online,1,ebacd8e1-ff76-41bb-a054-dba18f4ea920
GAN1541,Ganeshotsav,30/08/2026,7:00 pm,Emily,Adams,emily.adams66@example.com,5203758309,16/08/2026 01:05 am,Manual,Free,2,0,$0.00,$0.00,$0.00,$0.00,$0.00,$0.00,$0.00,$0.00,$0.00,$0.00,$0.00,$0.00,$0.00,$0.00,$0.00,$0.00,,,,$0.00,$0.00,$0.00,$0.00,Stripe,No,,Completed,Manual,2,40f66fde-ea72-4584-9e6e-187ae939f790
GAN1542,Ganeshotsav,30/08/2026,7:00 pm,Donna,Le,donna.le61@example.com,9404760440,30/07/2026 12:25 am,Online,Free,3,0,$0.00,$0.00,$0.00,$0.00,$0.00,$0.00,$0.00,$0.00,$0.00,$0.00,$0.00,$0.00,$0.00,$0.00,$0.00,$0.00,,,,$0.00,$0.00,$0.00,$0.00,Stripe,No,,Completed,Online,3,7458d92c-a1da-4c7a-9b88-26edff4a9185
GAN1543,Ganeshotsav,30/08/2026,7:00 pm,Keith,Landry,keith.landry16@example.com,8105092221,29/07/2026 12:44 pm,Manual,Free,2,0,$0.00,$0.00,$0.00,$0.00,$0.00,$0.00,$0.00,$0.00,$0.00,$0.00,$0.00,$0.00,$0.00,$0.00,$0.00,$0.00,,,,$0.00,$0.00,$0.00,$0.00,Stripe,No,,Completed,Manual,2,0ff48fe8-b5e9-489c-a331-c4b071813890
GAN1544,Ganeshotsav,30/08/2026,7:00 pm,Joshua,Knight,joshua.knight7@example.com,3905529580,22/07/2026 03:56 pm,Online,Free,2,0,$0.00,$0.00,$0.00,$0.00,$0.00,$0.00,$0.00,$0.00,$0.00,$0.00,$0.00,$0.00,$0.00,$0.00,$0.00,$0.00,,,,$0.00,$0.00,$0.00,$0.00,Stripe,No,,Completed,Online,2,c2e41a50-d336-40db-b164-82fe10a0e260
GAN1545,Ganeshotsav,30/08/2026,7:00 pm,John,Davidson,john.davidson18@example.com,1270493862,29/07/2026 11:14 pm,Online,Free,2,0,$0.00,$0.00,$0.00,$0.00,$0.00,$0.00,$0.00,$0.00,$0.00,$0.00,$0.00,$0.00,$0.00,$0.00,$0.00,$0.00,,,,$0.00,$0.00,$0.00,$0.00,Stripe,No,,Completed,Online,2,57696e2f-1e22-4ade-99c6-7a528f80d1ef
GAN1546,Ganeshotsav,30/08/2026,7:00 pm,Brittney,Carter,brittney.carter63@example.com,9711121259,28/07/2026 02:13 pm,Manual,Free,2,0,$0.00,$0.00,$0.00,$0.00,$0.00,$0.00,$0.00,$0.00,$0.00,$0.00,$0.00,$0.00,$0.00,$0.00,$0.00,$0.00,,,,$0.00,$0.00,$0.00,$0.00,Stripe,No,,Completed,Manual,2,75d9704d-5fe1-4b57-a350-676437afc63b
GAN1547,Ganeshotsav,30/08/2026,7:00 pm,James,Mccullough,james.mccullough33@example.com,4324064242,13/07/2026 01:53 pm,Manual,Free,2,0,$0.00,$0.00,$0.00,$0.00,$0.00,$0.00,$0.00,$0.00,$0.00,$0.00,$0.00,$0.00,$0.00,$0.00,$0.00,$0.00,,,,$0.00,$0.00,$0.00,$0.00,Stripe,No,,Completed,Manual,2,45d62ecd-3030-47f4-95d4-999b39d88a14
GAN1548,Ganeshotsav,30/08/2026,7:00 pm,Ronald,Ortega,ronald.ortega15@example.com,4474175955,13/08/2026 08:49 pm,Online,Free,1,0,$0.00,$0.00,$0.00,$0.00,$0.00,$0.00,$0.00,$0.00,$0.00,$0.00,$0.00,$0.00,$0.00,$0.00,$0.00,$0.00,,,,$0.00,$0.00,$0.00,$0.00,Stripe,No,,Completed,Online,1,95d12c70-d5b0-4c12-b31d-40e209673567
GAN1549,Ganeshotsav,30/08/2026,7:00 pm,Caitlin,Dodson,caitlin.dodson17@example.com,6543588418,25/07/2026 10:48 am,Online,Free,2,0,$0.00,$0.00,$0.00,$0.00,$0.00,$0.00,$0.00,$0.00,$0.00,$0.00,$0.00,$0.00,$0.00,$0.00,$0.00,$0.00,,,,$0.00,$0.00,$0.00,$0.00,Stripe,No,,Completed,Online,2,ec02e881-080c-4aaa-82c6-cc4277ba69f1
GAN1550,Ganeshotsav,30/08/2026,7:00 pm,Laura,Swanson,laura.swanson77@example.com,7279559690,14/07/2026 09:43 pm,Manual,Free,4,0,$0.00,$0.00,$0.00,$0.00,$0.00,$0.00,$0.00,$0.00,$0.00,$0.00,$0.00,$0.00,$0.00,$0.00,$0.00,$0.00,,,,$0.00,$0.00,$0.00,$0.00,Stripe,No,,Completed,Manual,4,28a3df6e-0205-4f80-a6a9-8352de8c5a13
GAN1551,Ganeshotsav,30/08/2026,7:00 pm,Laura,Hicks,laura.hicks51@example.com,5125427820,26/07/2026 08:14 pm,Online,Free,1,0,$0.00,$0.00,$0.00,$0.00,$0.00,$0.00,$0.00,$0.00,$0.00,$0.00,$0.00,$0.00,$0.00,$0.00,$0.00,$0.00,,,,$0.00,$0.00,$0.00,$0.00,Stripe,No,,Completed,Online,1,6f5a181a-b1ca-464c-9372-748497f483d6
GAN1552,Ganeshotsav,30/08/2026,7:00 pm,Greg,Moore,greg.moore70@example.com,3459576403,07/08/2026 09:59 pm,Online,Free,2,0,$0.00,$0.00,$0.00,$0.00,$0.00,$0.00,$0.00,$0.00,$0.00,$0.00,$0.00,$0.00,$0.00,$0.00,$0.00,$0.00,,,,$0.00,$0.00,$0.00,$0.00,Stripe,Yes,,Completed,Online,2,f4382911-44f4-474f-8629-9ca66d076774
GAN1553,Ganeshotsav,30/08/2026,7:00 pm,Rebecca,Gardner,rebecca.gardner81@example.com,2824983922,01/08/2026 10:20 pm,Online,Free,2,0,$0.00,$0.00,$0.00,$0.00,$0.00,$0.00,$0.00,$0.00,$0.00,$0.00,$0.00,$0.00,$0.00,$0.00,$0.00,$0.00,,,,$0.00,$0.00,$0.00,$0.00,Stripe,Yes,,Completed,Online,2,2436c8de-c40c-4bde-8af9-19244f2c8cfd
GAN1554,Ganeshotsav,30/08/2026,7:00 pm,Mark,Vang,mark.vang36@example.com,6270232441,10/08/2026 04:00 pm,Online,Free,4,0,$0.00,$0.00,$0.00,$0.00,$0.00,$0.00,$0.00,$0.00,$0.00,$0.00,$0.00,$0.00,$0.00,$0.00,$0.00,$0.00,,,,$0.00,$0.00,$0.00,$0.00,Stripe,Yes,,Completed,Online,4,3ea6ca65-b960-4f1f-9715-2d766fc1aaeb
GAN1555,Ganeshotsav,30/08/2026,7:00 pm,Rachel,Wallace,rachel.wallace93@example.com,0725178637,16/07/2026 10:05 am,Online,Free,1,0,$0.00,$0.00,$0.00,$0.00,$0.00,$0.00,$0.00,$0.00,$0.00,$0.00,$0.00,$0.00,$0.00,$0.00,$0.00,$0.00,,,,$0.00,$0.00,$0.00,$0.00,Stripe,No,,Completed,Online,1,63380b42-1887-4a69-aabd-37dac357a620
GAN1556,Ganeshotsav,30/08/2026,7:00 pm,Jennifer,Evans,jennifer.evans82@example.com,6546968157,15/07/2026 10:05 am,Manual,Free,1,0,$0.00,$0.00,$0.00,$0.00,$0.00,$0.00,$0.00,$0.00,$0.00,$0.00,$0.00,$0.00,$0.00,$0.00,$0.00,$0.00,,,,$0.00,$0.00,$0.00,$0.00,Stripe,No,,Completed,Manual,1,c4916b7f-2d9b-4542-9bc8-1ea5e2b5e74d
GAN1557,Ganeshotsav,30/08/2026,7:00 pm,Kimberly,Brown,kimberly.brown47@example.com,5809961327,19/07/2026 01:55 pm,Manual,Free,1,0,$0.00,$0.00,$0.00,$0.00,$0.00,$0.00,$0.00,$0.00,$0.00,$0.00,$0.00,$0.00,$0.00,$0.00,$0.00,$0.00,,,,$0.00,$0.00,$0.00,$0.00,Stripe,Yes,,Completed,Manual,1,56ef26a3-17c5-4a7c-af76-6a774d4bcdb2
GAN1558,Ganeshotsav,30/08/2026,7:00 pm,Erica,James,erica.james69@example.com,6244670462,25/07/2026 09:17 am,Online,Free,1,0,$0.00,$0.00,$0.00,$0.00,$0.00,$0.00,$0.00,$0.00,$0.00,$0.00,$0.00,$0.00,$0.00,$0.00,$0.00,$0.00,,,,$0.00,$0.00,$0.00,$0.00,Stripe,Yes,,Completed,Online,1,ce65050b-7705-4c84-9b3f-0866d59042df
GAN1559,Ganeshotsav,30/08/2026,7:00 pm,Steven,Wilson,steven.wilson92@example.com,6025298670,13/07/2026 03:09 pm,Online,Free,1,0,$0.00,$0.00,$0.00,$0.00,$0.00,$0.00,$0.00,$0.00,$0.00,$0.00,$0.00,$0.00,$0.00,$0.00,$0.00,$0.00,,,,$0.00,$0.00,$0.00,$0.00,Stripe,No,,Completed,Online,1,6ccb9163-4d8e-4d5e-8df4-73bbc577d3a5
GAN1560,Ganeshotsav,30/08/2026,7:00 pm,Lauren,Marquez,lauren.marquez73@example.com,9785758512,20/07/2026 11:54 am,Online,Free,1,0,$0.00,$0.00,$0.00,$0.00,$0.00,$0.00,$0.00,$0.00,$0.00,$0.00,$0.00,$0.00,$0.00,$0.00,$0.00,$0.00,,,,$0.00,$0.00,$0.00,$0.00,Stripe,Yes,,Completed,Online,1,267fc6ec-147b-4a33-acba-60e2decceaea
GAN1561,Ganeshotsav,30/08/2026,7:00 pm,Melinda,Martin,melinda.martin49@example.com,3897607401,10/07/2026 04:19 pm,Online,Free,1,0,$0.00,$0.00,$0.00,$0.00,$0.00,$0.00,$0.00,$0.00,$0.00,$0.00,$0.00,$0.00,$0.00,$0.00,$0.00,$0.00,,,,$0.00,$0.00,$0.00,$0.00,Stripe,No,,Completed,Online,1,afb719ba-996d-4303-a3a0-60f10cd19e0c
GAN1562,Ganeshotsav,30/08/2026,7:00 pm,Amy,Adkins,amy.adkins30@example.com,5408424560,24/07/2026 07:28 pm,Online,Free,1,0,$0.00,$0.00,$0.00,$0.00,$0.00,$0.00,$0.00,$0.00,$0.00,$0.00,$0.00,$0.00,$0.00,$0.00,$0.00,$0.00,,,,$0.00,$0.00,$0.00,$0.00,Stripe,Yes,,Completed,Online,1,1c974694-9884-476d-891e-11dfa2cfc32d
GAN1563,Ganeshotsav,30/08/2026,7:00 pm,Edward,Velazquez,edward.velazquez73@example.com,8632181227,24/07/2026 08:11 am,Online,Free,2,0,$0.00,$0.00,$0.00,$0.00,$0.00,$0.00,$0.00,$0.00,$0.00,$0.00,$0.00,$0.00,$0.00,$0.00,$0.00,$0.00,,,,$0.00,$0.00,$0.00,$0.00,Stripe,Yes,,Completed,Online,2,9e0383d4-b061-46ff-b541-82e8f8cb57ff
GAN1564,Ganeshotsav,30/08/2026,7:00 pm,Norman,Stewart,norman.stewart79@example.com,0155029168,19/07/2026 10:17 pm,Online,Free,1,0,$0.00,$0.00,$0.00,$0.00,$0.00,$0.00,$0.00,$0.00,$0.00,$0.00,$0.00,$0.00,$0.00,$0.00,$0.00,$0.00,,,,$0.00,$0.00,$0.00,$0.00,Stripe,Yes,,Completed,Online,1,2f160f3d-05ba-4c78-a696-dea06c2aeb89
GAN1565,Ganeshotsav,30/08/2026,7:00 pm,Robert,Clark,robert.clark92@example.com,1613944988,16/08/2026 11:20 am,Online,Free,1,0,$0.00,$0.00,$0.00,$0.00,$0.00,$0.00,$0.00,$0.00,$0.00,$0.00,$0.00,$0.00,$0.00,$0.00,$0.00,$0.00,,,,$0.00,$0.00,$0.00,$0.00,Stripe,No,,Completed,Online,1,c2be7bac-3717-444b-b911-2e2292c62630
GAN1566,Ganeshotsav,30/08/2026,7:00 pm,Michelle,Sanchez,michelle.sanchez68@example.com,2480962440,15/08/2026 09:25 pm,Online,Free,1,0,$0.00,$0.00,$0.00,$0.00,$0.00,$0.00,$0.00,$0.00,$0.00,$0.00,$0.00,$0.00,$0.00,$0.00,$0.00,$0.00,,,,$0.00,$0.00,$0.00,$0.00,Stripe,No,,Completed,Online,1,2138681b-a83f-48e2-aa11-315ac8347776
GAN1567,Ganeshotsav,30/08/2026,7:00 pm,Raymond,Banks,raymond.banks35@example.com,9513305319,21/07/2026 02:59 am,Online,Free,3,0,$0.00,$0.00,$0.00,$0.00,$0.00,$0.00,$0.00,$0.00,$0.00,$0.00,$0.00,$0.00,$0.00,$0.00,$0.00,$0.00,,,,$0.00,$0.00,$0.00,$0.00,Stripe,No,,Completed,Online,3,98610b0b-a280-460f-abb7-3dac96818aed
GAN1568,Ganeshotsav,30/08/2026,7:00 pm,Jennifer,Lewis,jennifer.lewis87@example.com,7805555727,23/07/2026 05:31 am,Online,Free,1,0,$0.00,$0.00,$0.00,$0.00,$0.00,$0.00,$0.00,$0.00,$0.00,$0.00,$0.00,$0.00,$0.00,$0.00,$0.00,$0.00,,,,$0.00,$0.00,$0.00,$0.00,Stripe,No,,Completed,Online,1,63db0dea-ac48-4eaf-ab85-ffb7b29e2126
GAN1569,Ganeshotsav,30/08/2026,7:00 pm,Samantha,Holt,samantha.holt45@example.com,9178513854,20/07/2026 09:08 am,Online,Free,1,0,$0.00,$0.00,$0.00,$0.00,$0.00,$0.00,$0.00,$0.00,$0.00,$0.00,$0.00,$0.00,$0.00,$0.00,$0.00,$0.00,,,,$0.00,$0.00,$0.00,$0.00,Stripe,No,,Completed,Online,1,27e9184f-0791-4b35-b7a6-3918acac1f3b
GAN1570,Ganeshotsav,30/08/2026,7:00 pm,Tina,Herrera,tina.herrera38@example.com,9596604873,03/08/2026 06:41 pm,Online,Free,2,0,$0.00,$0.00,$0.00,$0.00,$0.00,$0.00,$0.00,$0.00,$0.00,$0.00,$0.00,$0.00,$0.00,$0.00,$0.00,$0.00,,,,$0.00,$0.00,$0.00,$0.00,Stripe,No,,Completed,Online,2,d983dadf-f2e5-4ecf-9b6c-549460e0b673
GAN1571,Ganeshotsav,30/08/2026,7:00 pm,Jacob,Reid,jacob.reid81@example.com,3319422686,15/07/2026 05:24 am,Online,Free,1,0,$0.00,$0.00,$0.00,$0.00,$0.00,$0.00,$0.00,$0.00,$0.00,$0.00,$0.00,$0.00,$0.00,$0.00,$0.00,$0.00,,,,$0.00,$0.00,$0.00,$0.00,Stripe,No,,Completed,Online,1,51c46d6e-4764-4956-9968-5a3ce6847984
GAN1572,Ganeshotsav,30/08/2026,7:00 pm,Richard,Cunningham,richard.cunningham1@example.com,5888636774,09/08/2026 10:59 am,Online,Free,1,0,$0.00,$0.00,$0.00,$0.00,$0.00,$0.00,$0.00,$0.00,$0.00,$0.00,$0.00,$0.00,$0.00,$0.00,$0.00,$0.00,,,,$0.00,$0.00,$0.00,$0.00,Stripe,No,,Completed,Online,1,885cc793-00da-47f8-89d5-182c6669f679
GAN1573,Ganeshotsav,30/08/2026,7:00 pm,Debbie,Fisher,debbie.fisher69@example.com,2169666309,11/08/2026 06:34 pm,Online,Free,2,0,$0.00,$0.00,$0.00,$0.00,$0.00,$0.00,$0.00,$0.00,$0.00,$0.00,$0.00,$0.00,$0.00,$0.00,$0.00,$0.00,,,,$0.00,$0.00,$0.00,$0.00,Stripe,Yes,,Completed,Online,2,149c0766-ffb8-4ef4-80dc-48739eb318ad
GAN1574,Ganeshotsav,30/08/2026,7:00 pm,Tyler,Burton,tyler.burton84@example.com,0593297150,02/08/2026 07:00 pm,Online,Free,3,0,$0.00,$0.00,$0.00,$0.00,$0.00,$0.00,$0.00,$0.00,$0.00,$0.00,$0.00,$0.00,$0.00,$0.00,$0.00,$0.00,,,,$0.00,$0.00,$0.00,$0.00,Stripe,No,,Completed,Online,3,d9add9e0-316a-4466-9d0a-4a6e82e6e14d
GAN1575,Ganeshotsav,30/08/2026,7:00 pm,Elizabeth,Jensen,elizabeth.jensen27@example.com,5327352410,15/08/2026 12:34 am,Online,Free,3,0,$0.00,$0.00,$0.00,$0.00,$0.00,$0.00,$0.00,$0.00,$0.00,$0.00,$0.00,$0.00,$0.00,$0.00,$0.00,$0.00,,,,$0.00,$0.00,$0.00,$0.00,Stripe,No,,Completed,Online,3,9a6e868d-af05-4197-bebb-65f1758daaee
GAN1576,Ganeshotsav,30/08/2026,7:00 pm,Ryan,Johnson,ryan.johnson25@example.com,2781952371,27/07/2026 05:04 pm,Online,Free,3,0,$0.00,$0.00,$0.00,$0.00,$0.00,$0.00,$0.00,$0.00,$0.00,$0.00,$0.00,$0.00,$0.00,$0.00,$0.00,$0.00,,,,$0.00,$0.00,$0.00,$0.00,Stripe,No,,Completed,Online,3,785fa1ad-fedb-4a32-850f-7bdcddf7d263
GAN1577,Ganeshotsav,30/08/2026,7:00 pm,Aaron,Hayes,aaron.hayes92@example.com,6481980770,13/08/2026 12:48 am,Online,Free,4,0,$0.00,$0.00,$0.00,$0.00,$0.00,$0.00,$0.00,$0.00,$0.00,$0.00,$0.00,$0.00,$0.00,$0.00,$0.00,$0.00,,,,$0.00,$0.00,$0.00,$0.00,Stripe,Yes,,Completed,Online,4,ed696cb3-b774-461d-a641-01fa5d0607cc
GAN1578,Ganeshotsav,30/08/2026,7:00 pm,Erin,Johnson,erin.johnson48@example.com,6112491256,30/07/2026 08:37 am,Online,Free,1,0,$0.00,$0.00,$0.00,$0.00,$0.00,$0.00,$0.00,$0.00,$0.00,$0.00,$0.00,$0.00,$0.00,$0.00,$0.00,$0.00,,,,$0.00,$0.00,$0.00,$0.00,Stripe,Yes,,Completed,Online,1,43b6c6ef-35c8-4133-bb8b-1581cba95e23
GAN1579,Ganeshotsav,30/08/2026,7:00 pm,Albert,Dominguez,albert.dominguez85@example.com,7734547574,14/07/2026 04:43 am,Online,Free,1,0,$0.00,$0.00,$0.00,$0.00,$0.00,$0.00,$0.00,$0.00,$0.00,$0.00,$0.00,$0.00,$0.00,$0.00,$0.00,$0.00,,,,$0.00,$0.00,$0.00,$0.00,Stripe,Yes,,Completed,Online,1,25e4e633-23d8-4a4f-82e6-0c0509268f85
GAN1580,Ganeshotsav,30/08/2026,7:00 pm,Gary,Mcclure,gary.mcclure49@example.com,3595442947,30/07/2026 06:11 pm,Online,Free,3,0,$0.00,$0.00,$0.00,$0.00,$0.00,$0.00,$0.00,$0.00,$0.00,$0.00,$0.00,$0.00,$0.00,$0.00,$0.00,$0.00,,,,$0.00,$0.00,$0.00,$0.00,Stripe,No,,Completed,Online,3,20e8dae1-b1f0-4d9b-8e21-7fb3be654bf9
GAN1581,Ganeshotsav,30/08/2026,7:00 pm,Scott,Washington,scott.washington4@example.com,6430394290,16/07/2026 02:57 am,Online,Free,2,0,$0.00,$0.00,$0.00,$0.00,$0.00,$0.00,$0.00,$0.00,$0.00,$0.00,$0.00,$0.00,$0.00,$0.00,$0.00,$0.00,,,,$0.00,$0.00,$0.00,$0.00,Stripe,No,,Completed,Online,2,844e2e8b-ff01-4ec6-9ec7-8f9ebed64914
GAN1582,Ganeshotsav,30/08/2026,7:00 pm,Mitchell,Clark,mitchell.clark26@example.com,5298585672,26/07/2026 05:40 am,Online,Free,2,0,$0.00,$0.00,$0.00,$0.00,$0.00,$0.00,$0.00,$0.00,$0.00,$0.00,$0.00,$0.00,$0.00,$0.00,$0.00,$0.00,,,,$0.00,$0.00,$0.00,$0.00,Stripe,No,,Completed,Online,2,03a4bf4b-613f-40db-a5aa-8c5a7be75206
GAN1583,Ganeshotsav,30/08/2026,7:00 pm,Laura,Swanson,laura.swanson77@example.com,5343324913,05/08/2026 11:45 am,Online,Free,1,0,$0.00,$0.00,$0.00,$0.00,$0.00,$0.00,$0.00,$0.00,$0.00,$0.00,$0.00,$0.00,$0.00,$0.00,$0.00,$0.00,,,,$0.00,$0.00,$0.00,$0.00,Stripe,No,,Completed,Online,1,e80368e2-a37d-4fca-a9a6-df1391c4b8c6
GAN1584,Ganeshotsav,30/08/2026,7:00 pm,Monica,Lopez,monica.lopez81@example.com,3506158148,10/07/2026 09:13 pm,Manual,Free,2,0,$0.00,$0.00,$0.00,$0.00,$0.00,$0.00,$0.00,$0.00,$0.00,$0.00,$0.00,$0.00,$0.00,$0.00,$0.00,$0.00,,,,$0.00,$0.00,$0.00,$0.00,Stripe,No,,Completed,Manual,2,725687c2-0e54-4d51-8c44-5778f86e92d6
GAN1585,Ganeshotsav,30/08/2026,7:00 pm,Kristina,Jones,kristina.jones63@example.com,3423372094,01/08/2026 12:14 pm,Online,Free,2,0,$0.00,$0.00,$0.00,$0.00,$0.00,$0.00,$0.00,$0.00,$0.00,$0.00,$0.00,$0.00,$0.00,$0.00,$0.00,$0.00,,,,$0.00,$0.00,$0.00,$0.00,Stripe,No,,Completed,Online,2,d4a84169-bbbb-4d67-b0a4-c4b0be3c7c84
GAN1586,Ganeshotsav,30/08/2026,7:00 pm,Allen,Robertson,allen.robertson63@example.com,8403339977,15/08/2026 04:33 am,Online,Free,3,0,$0.00,$0.00,$0.00,$0.00,$0.00,$0.00,$0.00,$0.00,$0.00,$0.00,$0.00,$0.00,$0.00,$0.00,$0.00,$0.00,,,,$0.00,$0.00,$0.00,$0.00,Stripe,No,,Completed,Online,3,12b3b3eb-a247-44f5-8a3e-7f3a51a0b33c
GAN1587,Ganeshotsav,30/08/2026,7:00 pm,Angel,Garcia,angel.garcia5@example.com,7173189397,18/07/2026 01:40 am,Online,Free,2,0,$0.00,$0.00,$0.00,$0.00,$0.00,$0.00,$0.00,$0.00,$0.00,$0.00,$0.00,$0.00,$0.00,$0.00,$0.00,$0.00,,,,$0.00,$0.00,$0.00,$0.00,Stripe,Yes,,Completed,Online,2,e7ad595b-dc73-4cbc-ae04-775894eb2ddd
GAN1588,Ganeshotsav,30/08/2026,7:00 pm,Nicholas,Johnson,nicholas.johnson65@example.com,3997046947,14/07/2026 06:11 pm,Online,Free,2,0,$0.00,$0.00,$0.00,$0.00,$0.00,$0.00,$0.00,$0.00,$0.00,$0.00,$0.00,$0.00,$0.00,$0.00,$0.00,$0.00,,,,$0.00,$0.00,$0.00,$0.00,Stripe,No,,Completed,Online,2,f3914a36-48a4-46ae-83a2-a06f7bb8373c
GAN1589,Ganeshotsav,30/08/2026,7:00 pm,Timothy,Ballard,timothy.ballard84@example.com,8354884712,04/08/2026 01:47 pm,Online,Free,3,0,$0.00,$0.00,$0.00,$0.00,$0.00,$0.00,$0.00,$0.00,$0.00,$0.00,$0.00,$0.00,$0.00,$0.00,$0.00,$0.00,,,,$0.00,$0.00,$0.00,$0.00,Stripe,Yes,,Completed,Online,3,78731a4e-8271-4bba-b96f-4a1be4b3b66b
GAN1590,Ganeshotsav,30/08/2026,7:00 pm,Victoria,Reyes,victoria.reyes98@example.com,1641758231,29/07/2026 05:52 pm,Manual,Free,3,0,$0.00,$0.00,$0.00,$0.00,$0.00,$0.00,$0.00,$0.00,$0.00,$0.00,$0.00,$0.00,$0.00,$0.00,$0.00,$0.00,,,,$0.00,$0.00,$0.00,$0.00,Stripe,Yes,,Completed,Manual,3,c4342281-51ec-4f30-8e2d-a2578074a1ed
GAN1591,Ganeshotsav,30/08/2026,7:00 pm,Brian,Romero,brian.romero87@example.com,4939252362,31/07/2026 02:15 am,Online,Free,1,0,$0.00,$0.00,$0.00,$0.00,$0.00,$0.00,$0.00,$0.00,$0.00,$0.00,$0.00,$0.00,$0.00,$0.00,$0.00,$0.00,,,,$0.00,$0.00,$0.00,$0.00,Stripe,No,,Completed,Online,1,fb2cef68-8437-4286-b4ea-bfa5535fd8d2
GAN1592,Ganeshotsav,30/08/2026,7:00 pm,Gina,Mckenzie,gina.mckenzie38@example.com,4347452455,28/07/2026 09:15 pm,Online,Free,1,0,$0.00,$0.00,$0.00,$0.00,$0.00,$0.00,$0.00,$0.00,$0.00,$0.00,$0.00,$0.00,$0.00,$0.00,$0.00,$0.00,,,,$0.00,$0.00,$0.00,$0.00,Stripe,Yes,,Completed,Online,1,c33ffef7-64bf-4e8c-9033-89b46ce052ef
GAN1593,Ganeshotsav,30/08/2026,7:00 pm,James,Maynard,james.maynard49@example.com,0652740334,26/07/2026 04:14 pm,Online,Free,2,0,$0.00,$0.00,$0.00,$0.00,$0.00,$0.00,$0.00,$0.00,$0.00,$0.00,$0.00,$0.00,$0.00,$0.00,$0.00,$0.00,,,,$0.00,$0.00,$0.00,$0.00,Stripe,No,,Completed,Online,2,61e561bb-ca79-4b30-ad70-881b52647c6f
GAN1594,Ganeshotsav,30/08/2026,7:00 pm,Jamie,Clark,jamie.clark25@example.com,3987411325,23/07/2026 02:39 am,Online,Free,2,0,$0.00,$0.00,$0.00,$0.00,$0.00,$0.00,$0.00,$0.00,$0.00,$0.00,$0.00,$0.00,$0.00,$0.00,$0.00,$0.00,,,,$0.00,$0.00,$0.00,$0.00,Stripe,Yes,,Completed,Online,2,0bc6a71b-f25b-46a6-b89c-2ef6f3b93ebe
GAN1595,Ganeshotsav,30/08/2026,7:00 pm,Destiny,Ruiz,destiny.ruiz78@example.com,7349960105,09/08/2026 09:02 pm,Online,Free,2,0,$0.00,$0.00,$0.00,$0.00,$0.00,$0.00,$0.00,$0.00,$0.00,$0.00,$0.00,$0.00,$0.00,$0.00,$0.00,$0.00,,,,$0.00,$0.00,$0.00,$0.00,Stripe,No,,Completed,Online,2,1c6c8382-48c3-459d-ac71-72e77028eb2d
GAN1596,Ganeshotsav,30/08/2026,7:00 pm,Christopher,Lopez,christopher.lopez35@example.com,5622949381,28/07/2026 07:27 pm,Online,Free,2,0,$0.00,$0.00,$0.00,$0.00,$0.00,$0.00,$0.00,$0.00,$0.00,$0.00,$0.00,$0.00,$0.00,$0.00,$0.00,$0.00,,,,$0.00,$0.00,$0.00,$0.00,Stripe,Yes,,Completed,Online,2,a9230810-c346-44f9-8bed-0104929ea405
GAN1597,Ganeshotsav,30/08/2026,7:00 pm,Robert,Hart,robert.hart98@example.com,0215573257,20/07/2026 01:50 pm,Online,Free,1,0,$0.00,$0.00,$0.00,$0.00,$0.00,$0.00,$0.00,$0.00,$0.00,$0.00,$0.00,$0.00,$0.00,$0.00,$0.00,$0.00,,,,$0.00,$0.00,$0.00,$0.00,Stripe,No,,Completed,Online,1,f8b03457-ad7b-43c5-b2f0-b15c554047fe
GAN1598,Ganeshotsav,30/08/2026,7:00 pm,Tammy,Jordan,tammy.jordan89@example.com,9021666708,06/08/2026 08:48 pm,Online,Free,1,0,$0.00,$0.00,$0.00,$0.00,$0.00,$0.00,$0.00,$0.00,$0.00,$0.00,$0.00,$0.00,$0.00,$0.00,$0.00,$0.00,,,,$0.00,$0.00,$0.00,$0.00,Stripe,No,,Completed,Online,1,fee33607-6fec-4ac2-90d2-abfe0425c430
GAN1599,Ganeshotsav,30/08/2026,7:00 pm,Pamela,Sanchez,pamela.sanchez73@example.com,8749511918,11/07/2026 03:50 pm,Online,Free,1,0,$0.00,$0.00,$0.00,$0.00,$0.00,$0.00,$0.00,$0.00,$0.00,$0.00,$0.00,$0.00,$0.00,$0.00,$0.00,$0.00,,,,$0.00,$0.00,$0.00,$0.00,Stripe,No,,Completed,Online,1,d9fafbb9-d8a7-42cb-8374-c273cc707551
GAN1600,Ganeshotsav,30/08/2026,7:00 pm,Victoria,Moreno,victoria.moreno94@example.com,9316477251,13/07/2026 07:55 pm,Online,Free,1,0,$0.00,$0.00,$0.00,$0.00,$0.00,$0.00,$0.00,$0.00,$0.00,$0.00,$0.00,$0.00,$0.00,$0.00,$0.00,$0.00,,,,$0.00,$0.00,$0.00,$0.00,Stripe,No,,Completed,Online,1,b14d53b0-c7f7-440b-8718-4322743c6de6
GAN1601,Ganeshotsav,30/08/2026,7:00 pm,Charles,Brown,charles.brown97@example.com,0694096003,08/08/2026 05:56 am,Online,Free,2,0,$0.00,$0.00,$0.00,$0.00,$0.00,$0.00,$0.00,$0.00,$0.00,$0.00,$0.00,$0.00,$0.00,$0.00,$0.00,$0.00,,,,$0.00,$0.00,$0.00,$0.00,Stripe,Yes,,Completed,Online,2,9599b267-390f-416d-9b06-f07242442fce
GAN1602,Ganeshotsav,30/08/2026,7:00 pm,Paul,Hoffman,paul.hoffman4@example.com,8739592323,05/08/2026 05:10 pm,Online,Free,1,0,$0.00,$0.00,$0.00,$0.00,$0.00,$0.00,$0.00,$0.00,$0.00,$0.00,$0.00,$0.00,$0.00,$0.00,$0.00,$0.00,,,,$0.00,$0.00,$0.00,$0.00,Stripe,No,,Completed,Online,1,f1ca680c-9a17-4669-888e-58e706b6a5f4
GAN1603,Ganeshotsav,30/08/2026,7:00 pm,Katie,Good,katie.good96@example.com,8515533342,12/08/2026 08:26 am,Online,Free,2,0,$0.00,$0.00,$0.00,$0.00,$0.00,$0.00,$0.00,$0.00,$0.00,$0.00,$0.00,$0.00,$0.00,$0.00,$0.00,$0.00,,,,$0.00,$0.00,$0.00,$0.00,Stripe,Yes,,Completed,Online,2,c5b86c82-379c-441a-ab7d-2448efb18149
GAN1604,Ganeshotsav,30/08/2026,7:00 pm,Gina,Henry,gina.henry52@example.com,7160736077,24/07/2026 06:24 am,Online,Free,2,0,$0.00,$0.00,$0.00,$0.00,$0.00,$0.00,$0.00,$0.00,$0.00,$0.00,$0.00,$0.00,$0.00,$0.00,$0.00,$0.00,,,,$0.00,$0.00,$0.00,$0.00,Stripe,Yes,,Completed,Online,2,d08308b0-9718-4943-a168-c4a8c55f30a1
GAN1605,Ganeshotsav,30/08/2026,7:00 pm,Brian,Martinez,brian.martinez59@example.com,8981231795,15/07/2026 06:29 am,Online,Free,1,0,$0.00,$0.00,$0.00,$0.00,$0.00,$0.00,$0.00,$0.00,$0.00,$0.00,$0.00,$0.00,$0.00,$0.00,$0.00,$0.00,,,,$0.00,$0.00,$0.00,$0.00,Stripe,No,,Completed,Online,1,ccbf1dfe-173e-43d9-bc32-edb435d80531
GAN1606,Ganeshotsav,30/08/2026,7:00 pm,John,Durham,john.durham20@example.com,4817006661,30/07/2026 04:16 am,Online,Free,3,0,$0.00,$0.00,$0.00,$0.00,$0.00,$0.00,$0.00,$0.00,$0.00,$0.00,$0.00,$0.00,$0.00,$0.00,$0.00,$0.00,,,,$0.00,$0.00,$0.00,$0.00,Stripe,No,,Completed,Online,3,f22929b6-6f24-4189-90b7-de33d627224e
GAN1607,Ganeshotsav,30/08/2026,7:00 pm,Michael,Ortega,michael.ortega56@example.com,3167045023,12/08/2026 11:21 am,Online,Free,2,0,$0.00,$0.00,$0.00,$0.00,$0.00,$0.00,$0.00,$0.00,$0.00,$0.00,$0.00,$0.00,$0.00,$0.00,$0.00,$0.00,,,,$0.00,$0.00,$0.00,$0.00,Stripe,No,,Completed,Online,2,23e57b50-27df-46e0-84c4-69b120c13845
GAN1608,Ganeshotsav,30/08/2026,7:00 pm,Frank,Owens,frank.owens31@example.com,0934596262,06/08/2026 12:23 pm,Manual,Free,1,0,$0.00,$0.00,$0.00,$0.00,$0.00,$0.00,$0.00,$0.00,$0.00,$0.00,$0.00,$0.00,$0.00,$0.00,$0.00,$0.00,,,,$0.00,$0.00,$0.00,$0.00,Stripe,No,,Completed,Manual,1,ab2dd056-cf71-4c2c-8f35-fdb9bdf18708
GAN1609,Ganeshotsav,30/08/2026,7:00 pm,Shannon,Bailey,shannon.bailey62@example.com,2073465495,17/07/2026 11:48 am,Online,Free,3,0,$0.00,$0.00,$0.00,$0.00,$0.00,$0.00,$0.00,$0.00,$0.00,$0.00,$0.00,$0.00,$0.00,$0.00,$0.00,$0.00,,,,$0.00,$0.00,$0.00,$0.00,Stripe,No,,Completed,Online,3,08c2d2ce-7872-473f-a389-bcaf074b927e
GAN1610,Ganeshotsav,30/08/2026,7:00 pm,William,Ford,william.ford22@example.com,6086982210,08/08/2026 01:43 am,Online,Free,2,0,$0.00,$0.00,$0.00,$0.00,$0.00,$0.00,$0.00,$0.00,$0.00,$0.00,$0.00,$0.00,$0.00,$0.00,$0.00,$0.00,,,,$0.00,$0.00,$0.00,$0.00,Stripe,Yes,,Completed,Online,2,1cc6f0a0-10fa-4909-bcfa-1e616b7d71bc
GAN1611,Ganeshotsav,30/08/2026,7:00 pm,Michael,Brown,michael.brown62@example.com,6872904774,17/08/2026 04:32 am,Online,Free,3,0,$0.00,$0.00,$0.00,$0.00,$0.00,$0.00,$0.00,$0.00,$0.00,$0.00,$0.00,$0.00,$0.00,$0.00,$0.00,$0.00,,,,$0.00,$0.00,$0.00,$0.00,Stripe,Yes,,Completed,Online,3,ab1e5b37-9d15-444d-b4f7-bfdc5d96d459
GAN1612,Ganeshotsav,30/08/2026,7:00 pm,Carlos,Ramos,carlos.ramos57@example.com,7932382231,07/08/2026 08:17 am,Online,Free,2,0,$0.00,$0.00,$0.00,$0.00,$0.00,$0.00,$0.00,$0.00,$0.00,$0.00,$0.00,$0.00,$0.00,$0.00,$0.00,$0.00,,,,$0.00,$0.00,$0.00,$0.00,Stripe,No,,Completed,Online,2,3ff180d2-1af0-4c73-9d71-9800e30d0d83
GAN1613,Ganeshotsav,30/08/2026,7:00 pm,Melissa,Jones,melissa.jones8@example.com,4579889425,19/07/2026 05:33 am,Manual,Free,1,0,$0.00,$0.00,$0.00,$0.00,$0.00,$0.00,$0.00,$0.00,$0.00,$0.00,$0.00,$0.00,$0.00,$0.00,$0.00,$0.00,,,,$0.00,$0.00,$0.00,$0.00,Stripe,No,,Completed,Manual,1,d9caa609-ef43-4b80-bc85-630c94517f78
GAN1614,Ganeshotsav,30/08/2026,7:00 pm,Travis,Martinez,travis.martinez87@example.com,0320203265,11/07/2026 05:50 pm,Online,Free,2,0,$0.00,$0.00,$0.00,$0.00,$0.00,$0.00,$0.00,$0.00,$0.00,$0.00,$0.00,$0.00,$0.00,$0.00,$0.00,$0.00,,,,$0.00,$0.00,$0.00,$0.00,Stripe,Yes,,Completed,Online,2,30104525-5809-4249-9b90-f2327bdd41b3
GAN1615,Ganeshotsav,30/08/2026,7:00 pm,David,Moore,david.moore74@example.com,7379487148,03/08/2026 10:17 pm,Online,Free,1,0,$0.00,$0.00,$0.00,$0.00,$0.00,$0.00,$0.00,$0.00,$0.00,$0.00,$0.00,$0.00,$0.00,$0.00,$0.00,$0.00,,,,$0.00,$0.00,$0.00,$0.00,Stripe,No,,Completed,Online,1,df397fa5-ce96-4c5e-974a-a942415a51ff
GAN1616,Ganeshotsav,30/08/2026,7:00 pm,Daniel,Porter,daniel.porter84@example.com,1584156082,29/07/2026 09:58 am,Online,Free,1,0,$0.00,$0.00,$0.00,$0.00,$0.00,$0.00,$0.00,$0.00,$0.00,$0.00,$0.00,$0.00,$0.00,$0.00,$0.00,$0.00,,,,$0.00,$0.00,$0.00,$0.00,Stripe,No,,Completed,Online,1,8ceb424f-1eca-45b3-9c73-78e6d47ffd35
GAN1617,Ganeshotsav,30/08/2026,7:00 pm,Shawn,Lynch,shawn.lynch13@example.com,5476818268,07/08/2026 04:53 am,Online,Free,1,0,$0.00,$0.00,$0.00,$0.00,$0.00,$0.00,$0.00,$0.00,$0.00,$0.00,$0.00,$0.00,$0.00,$0.00,$0.00,$0.00,,,,$0.00,$0.00,$0.00,$0.00,Stripe,No,,Completed,Online,1,bbc0e8ed-32dc-40ee-8447-b659c6a22085
GAN1618,Ganeshotsav,30/08/2026,7:00 pm,Brooke,Leonard,brooke.leonard9@example.com,9880858382,08/08/2026 10:45 am,Online,Free,3,0,$0.00,$0.00,$0.00,$0.00,$0.00,$0.00,$0.00,$0.00,$0.00,$0.00,$0.00,$0.00,$0.00,$0.00,$0.00,$0.00,,,,$0.00,$0.00,$0.00,$0.00,Stripe,No,,Completed,Online,3,a2624fd2-a289-499e-aa67-16d4ae2e7dd2
GAN1619,Ganeshotsav,30/08/2026,7:00 pm,William,Williams,william.williams32@example.com,2896340646,12/08/2026 09:46 pm,Online,Free,1,0,$0.00,$0.00,$0.00,$0.00,$0.00,$0.00,$0.00,$0.00,$0.00,$0.00,$0.00,$0.00,$0.00,$0.00,$0.00,$0.00,,,,$0.00,$0.00,$0.00,$0.00,Stripe,Yes,,Completed,Online,1,b8b758b8-22d8-408b-9269-6eeb77cf1eb6
GAN1620,Ganeshotsav,30/08/2026,7:00 pm,Jenny,Lee,jenny.lee33@example.com,1484399106,15/08/2026 11:54 pm,Online,Free,4,0,$0.00,$0.00,$0.00,$0.00,$0.00,$0.00,$0.00,$0.00,$0.00,$0.00,$0.00,$0.00,$0.00,$0.00,$0.00,$0.00,,,,$0.00,$0.00,$0.00,$0.00,Stripe,No,,Completed,Online,4,f8db37f6-c3bc-4ca7-a906-567dd28b829a
GAN1621,Ganeshotsav,30/08/2026,7:00 pm,Patty,Singleton,patty.singleton49@example.com,6266933513,10/08/2026 09:09 pm,Online,Free,2,0,$0.00,$0.00,$0.00,$0.00,$0.00,$0.00,$0.00,$0.00,$0.00,$0.00,$0.00,$0.00,$0.00,$0.00,$0.00,$0.00,,,,$0.00,$0.00,$0.00,$0.00,Stripe,No,,Completed,Online,2,95ff7d9d-bd5a-4760-b9d9-c1dc1f9bd2b4
GAN1622,Ganeshotsav,30/08/2026,7:00 pm,Victoria,Durham,victoria.durham86@example.com,3724501848,16/08/2026 05:42 am,Online,Free,1,0,$0.00,$0.00,$0.00,$0.00,$0.00,$0.00,$0.00,$0.00,$0.00,$0.00,$0.00,$0.00,$0.00,$0.00,$0.00,$0.00,,,,$0.00,$0.00,$0.00,$0.00,Stripe,No,,Completed,Online,1,4c7f9cd6-7032-47d2-a911-610c3b7039b0
GAN1623,Ganeshotsav,30/08/2026,7:00 pm,April,Hicks,april.hicks44@example.com,2154064176,11/08/2026 11:25 am,Manual,Free,2,0,$0.00,$0.00,$0.00,$0.00,$0.00,$0.00,$0.00,$0.00,$0.00,$0.00,$0.00,$0.00,$0.00,$0.00,$0.00,$0.00,,,,$0.00,$0.00,$0.00,$0.00,Stripe,No,,Completed,Manual,2,85d8cc08-3981-4354-8a85-fbd1c22a6772
GAN1624,Ganeshotsav,30/08/2026,7:00 pm,Jeffrey,Thomas,jeffrey.thomas54@example.com,3766014448,14/07/2026 10:16 am,Online,Free,1,0,$0.00,$0.00,$0.00,$0.00,$0.00,$0.00,$0.00,$0.00,$0.00,$0.00,$0.00,$0.00,$0.00,$0.00,$0.00,$0.00,,,,$0.00,$0.00,$0.00,$0.00,Stripe,No,,Completed,Online,1,034f2029-1545-4b48-9b4e-279bfbab907a
GAN1625,Ganeshotsav,30/08/2026,7:00 pm,Brittany,Gardner,brittany.gardner61@example.com,3973964178,14/07/2026 08:28 am,Online,Free,1,0,$0.00,$0.00,$0.00,$0.00,$0.00,$0.00,$0.00,$0.00,$0.00,$0.00,$0.00,$0.00,$0.00,$0.00,$0.00,$0.00,,,,$0.00,$0.00,$0.00,$0.00,Stripe,Yes,,Completed,Online,1,ecdcbb27-ded2-4b15-84db-01dd9b4bf636
GAN1626,Ganeshotsav,30/08/2026,7:00 pm,Gina,Henry,gina.henry52@example.com,9191911359,05/08/2026 10:38 am,Online,Free,2,0,$0.00,$0.00,$0.00,$0.00,$0.00,$0.00,$0.00,$0.00,$0.00,$0.00,$0.00,$0.00,$0.00,$0.00,$0.00,$0.00,,,,$0.00,$0.00,$0.00,$0.00,Stripe,No,,Completed,Online,2,58e8f1db-0a34-4670-be8b-15f3b7e1c9a2
GAN1627,Ganeshotsav,30/08/2026,7:00 pm,Lauren,Haynes,lauren.haynes39@example.com,7980660392,04/08/2026 03:29 pm,Online,Free,3,0,$0.00,$0.00,$0.00,$0.00,$0.00,$0.00,$0.00,$0.00,$0.00,$0.00,$0.00,$0.00,$0.00,$0.00,$0.00,$0.00,,,,$0.00,$0.00,$0.00,$0.00,Stripe,Yes,,Completed,Online,3,cd4901c9-6982-4369-abb1-02534ad2a7ba
GAN1628,Ganeshotsav,30/08/2026,7:00 pm,Catherine,Gomez,catherine.gomez6@example.com,4555347057,11/07/2026 12:22 pm,Online,Free,2,0,$0.00,$0.00,$0.00,$0.00,$0.00,$0.00,$0.00,$0.00,$0.00,$0.00,$0.00,$0.00,$0.00,$0.00,$0.00,$0.00,,,,$0.00,$0.00,$0.00,$0.00,Stripe,No,,Completed,Online,2,8c1a6477-dd0d-4739-8553-bb6d8ef86619
GAN1629,Ganeshotsav,30/08/2026,7:00 pm,John,Davidson,john.davidson18@example.com,5271559835,04/08/2026 04:36 pm,Online,Free,1,0,$0.00,$0.00,$0.00,$0.00,$0.00,$0.00,$0.00,$0.00,$0.00,$0.00,$0.00,$0.00,$0.00,$0.00,$0.00,$0.00,,,,$0.00,$0.00,$0.00,$0.00,Stripe,No,,Completed,Online,1,9f2e444a-501b-4f44-a7f3-e4bfa3b31be6
GAN1630,Ganeshotsav,30/08/2026,7:00 pm,Michael,Molina,michael.molina48@example.com,6347557522,29/07/2026 07:11 pm,Online,Free,1,0,$0.00,$0.00,$0.00,$0.00,$0.00,$0.00,$0.00,$0.00,$0.00,$0.00,$0.00,$0.00,$0.00,$0.00,$0.00,$0.00,,,,$0.00,$0.00,$0.00,$0.00,Stripe,No,,Completed,Online,1,e8a91aba-4f7e-4c54-94f3-ea1b30960fbb
GAN1631,Ganeshotsav,30/08/2026,7:00 pm,Scott,Smith,scott.smith90@example.com,8826913119,30/07/2026 03:32 am,Manual,Free,1,0,$0.00,$0.00,$0.00,$0.00,$0.00,$0.00,$0.00,$0.00,$0.00,$0.00,$0.00,$0.00,$0.00,$0.00,$0.00,$0.00,,,,$0.00,$0.00,$0.00,$0.00,Stripe,No,,Completed,Manual,1,5a929d27-8867-4641-9714-fc0bb7447158
GAN1632,Ganeshotsav,30/08/2026,7:00 pm,Joseph,Jones,joseph.jones50@example.com,1499153703,25/07/2026 09:10 pm,Online,Free,1,0,$0.00,$0.00,$0.00,$0.00,$0.00,$0.00,$0.00,$0.00,$0.00,$0.00,$0.00,$0.00,$0.00,$0.00,$0.00,$0.00,,,,$0.00,$0.00,$0.00,$0.00,Stripe,Yes,,Completed,Online,1,d54fbd02-3976-4637-be97-16ad06bf79cf
GAN1633,Ganeshotsav,30/08/2026,7:00 pm,Julie,Rivera,julie.rivera24@example.com,3373204309,06/08/2026 12:24 pm,Online,Free,1,0,$0.00,$0.00,$0.00,$0.00,$0.00,$0.00,$0.00,$0.00,$0.00,$0.00,$0.00,$0.00,$0.00,$0.00,$0.00,$0.00,,,,$0.00,$0.00,$0.00,$0.00,Stripe,No,,Completed,Online,1,916e1089-ff95-48a3-8d1d-282e8e6b2439
GAN1634,Ganeshotsav,30/08/2026,7:00 pm,William,Stone,william.stone37@example.com,8969645465,17/07/2026 09:44 pm,Manual,Free,3,0,$0.00,$0.00,$0.00,$0.00,$0.00,$0.00,$0.00,$0.00,$0.00,$0.00,$0.00,$0.00,$0.00,$0.00,$0.00,$0.00,,,,$0.00,$0.00,$0.00,$0.00,Stripe,Yes,,Completed,Manual,3,f545752a-13b8-4c30-9b69-36978a55a14b
GAN1635,Ganeshotsav,30/08/2026,7:00 pm,Megan,Morris,megan.morris60@example.com,3892187851,06/08/2026 10:38 am,Online,Free,1,0,$0.00,$0.00,$0.00,$0.00,$0.00,$0.00,$0.00,$0.00,$0.00,$0.00,$0.00,$0.00,$0.00,$0.00,$0.00,$0.00,,,,$0.00,$0.00,$0.00,$0.00,Stripe,Yes,,Completed,Online,1,f9fb722d-a51c-4d2a-b3bf-bdabb7b24f20
GAN1636,Ganeshotsav,30/08/2026,7:00 pm,Stephanie,Key,stephanie.key8@example.com,7490797796,01/08/2026 12:25 am,Online,Free,1,0,$0.00,$0.00,$0.00,$0.00,$0.00,$0.00,$0.00,$0.00,$0.00,$0.00,$0.00,$0.00,$0.00,$0.00,$0.00,$0.00,,,,$0.00,$0.00,$0.00,$0.00,Stripe,No,,Completed,Online,1,a6789753-8f1a-4d4a-b2ce-d11f8f59748b
GAN1637,Ganeshotsav,30/08/2026,7:00 pm,Julie,Hamilton,julie.hamilton71@example.com,7215149409,12/07/2026 03:40 pm,Online,Free,2,0,$0.00,$0.00,$0.00,$0.00,$0.00,$0.00,$0.00,$0.00,$0.00,$0.00,$0.00,$0.00,$0.00,$0.00,$0.00,$0.00,,,,$0.00,$0.00,$0.00,$0.00,Stripe,No,,Completed,Online,2,a96bc761-3717-4e45-a570-6108fc78090e
GAN1638,Ganeshotsav,30/08/2026,7:00 pm,Bruce,Fry,bruce.fry38@example.com,5398628950,28/07/2026 12:59 am,Online,Free,2,0,$0.00,$0.00,$0.00,$0.00,$0.00,$0.00,$0.00,$0.00,$0.00,$0.00,$0.00,$0.00,$0.00,$0.00,$0.00,$0.00,,,,$0.00,$0.00,$0.00,$0.00,Stripe,Yes,,Completed,Online,2,fa33dca5-c64d-4e70-9ea3-91e29662f883
GAN1639,Ganeshotsav,30/08/2026,7:00 pm,Joshua,Martinez,joshua.martinez79@example.com,8623392207,13/07/2026 04:16 am,Online,Free,2,0,$0.00,$0.00,$0.00,$0.00,$0.00,$0.00,$0.00,$0.00,$0.00,$0.00,$0.00,$0.00,$0.00,$0.00,$0.00,$0.00,,,,$0.00,$0.00,$0.00,$0.00,Stripe,No,,Completed,Online,2,92f1da69-674f-4635-b236-b2ee181af69a
GAN1640,Ganeshotsav,30/08/2026,7:00 pm,Teresa,Day,teresa.day24@example.com,6672521452,06/08/2026 05:52 pm,Online,Free,1,0,$0.00,$0.00,$0.00,$0.00,$0.00,$0.00,$0.00,$0.00,$0.00,$0.00,$0.00,$0.00,$0.00,$0.00,$0.00,$0.00,,,,$0.00,$0.00,$0.00,$0.00,Stripe,No,,Completed,Online,1,66c3f832-42b0-4e31-af3f-be11173a603d
GAN1641,Ganeshotsav,30/08/2026,7:00 pm,George,Daniel,george.daniel90@example.com,1571840908,18/07/2026 05:34 am,Online,Free,3,0,$0.00,$0.00,$0.00,$0.00,$0.00,$0.00,$0.00,$0.00,$0.00,$0.00,$0.00,$0.00,$0.00,$0.00,$0.00,$0.00,,,,$0.00,$0.00,$0.00,$0.00,Stripe,No,,Completed,Online,3,fc31654d-f6ae-4936-8071-4e0f2b23ace0
GAN1642,Ganeshotsav,30/08/2026,7:00 pm,Nancy,Edwards,nancy.edwards98@example.com,5640995123,31/07/2026 01:04 am,Online,Free,2,0,$0.00,$0.00,$0.00,$0.00,$0.00,$0.00,$0.00,$0.00,$0.00,$0.00,$0.00,$0.00,$0.00,$0.00,$0.00,$0.00,,,,$0.00,$0.00,$0.00,$0.00,Stripe,Yes,,Completed,Online,2,58622bb4-f9cc-496e-b7e7-59488903c8c7
GAN1643,Ganeshotsav,30/08/2026,7:00 pm,David,Stein,david.stein46@example.com,9592728270,14/07/2026 04:34 am,Online,Free,3,0,$0.00,$0.00,$0.00,$0.00,$0.00,$0.00,$0.00,$0.00,$0.00,$0.00,$0.00,$0.00,$0.00,$0.00,$0.00,$0.00,,,,$0.00,$0.00,$0.00,$0.00,Stripe,Yes,,Completed,Online,3,f0d1fa72-cb2c-4b1d-b541-8b22e36345fc
GAN1644,Ganeshotsav,30/08/2026,7:00 pm,Andrea,Rowe,andrea.rowe20@example.com,4152982173,15/07/2026 02:23 am,Online,Free,2,0,$0.00,$0.00,$0.00,$0.00,$0.00,$0.00,$0.00,$0.00,$0.00,$0.00,$0.00,$0.00,$0.00,$0.00,$0.00,$0.00,,,,$0.00,$0.00,$0.00,$0.00,Stripe,No,,Completed,Online,2,74650ff9-f014-4b87-965f-a125eb85105d
GAN1645,Ganeshotsav,30/08/2026,7:00 pm,Carrie,Wolf,carrie.wolf37@example.com,7181535237,15/08/2026 02:59 pm,Online,Free,3,0,$0.00,$0.00,$0.00,$0.00,$0.00,$0.00,$0.00,$0.00,$0.00,$0.00,$0.00,$0.00,$0.00,$0.00,$0.00,$0.00,,,,$0.00,$0.00,$0.00,$0.00,Stripe,No,,Completed,Online,3,fb7b00c7-eaa6-4c45-8f01-fe855bbaf3ac
GAN1646,Ganeshotsav,30/08/2026,7:00 pm,Desiree,Garrison,desiree.garrison89@example.com,8158998868,15/08/2026 07:59 am,Manual,Free,1,0,$0.00,$0.00,$0.00,$0.00,$0.00,$0.00,$0.00,$0.00,$0.00,$0.00,$0.00,$0.00,$0.00,$0.00,$0.00,$0.00,,,,$0.00,$0.00,$0.00,$0.00,Stripe,No,,Completed,Manual,1,32b2d952-c376-47d6-b2a9-dfa122ae8888
GAN1647,Ganeshotsav,30/08/2026,7:00 pm,Robert,Bauer,robert.bauer36@example.com,6661707158,21/07/2026 08:01 pm,Online,Free,4,0,$0.00,$0.00,$0.00,$0.00,$0.00,$0.00,$0.00,$0.00,$0.00,$0.00,$0.00,$0.00,$0.00,$0.00,$0.00,$0.00,,,,$0.00,$0.00,$0.00,$0.00,Stripe,No,,Completed,Online,4,c94ee2f0-fe06-4b4e-bf63-abb84e4f4dd0
GAN1648,Ganeshotsav,30/08/2026,7:00 pm,Christine,Lynch,christine.lynch55@example.com,8031499825,09/08/2026 11:13 am,Manual,Free,3,0,$0.00,$0.00,$0.00,$0.00,$0.00,$0.00,$0.00,$0.00,$0.00,$0.00,$0.00,$0.00,$0.00,$0.00,$0.00,$0.00,,,,$0.00,$0.00,$0.00,$0.00,Stripe,No,,Completed,Manual,3,6288e5da-4d8d-4d2d-b77e-1ee60c15cb28
GAN1649,Ganeshotsav,30/08/2026,7:00 pm,Amber,Mata,amber.mata71@example.com,6882850317,17/07/2026 06:00 pm,Manual,Free,1,0,$0.00,$0.00,$0.00,$0.00,$0.00,$0.00,$0.00,$0.00,$0.00,$0.00,$0.00,$0.00,$0.00,$0.00,$0.00,$0.00,,,,$0.00,$0.00,$0.00,$0.00,Stripe,Yes,,Completed,Manual,1,7eca5b2d-341f-4b4a-b6ca-f84012adbc1b
GAN1650,Ganeshotsav,30/08/2026,7:00 pm,Christopher,Williams,christopher.williams26@example.com,0631403526,18/07/2026 11:19 am,Online,Free,2,0,$0.00,$0.00,$0.00,$0.00,$0.00,$0.00,$0.00,$0.00,$0.00,$0.00,$0.00,$0.00,$0.00,$0.00,$0.00,$0.00,,,,$0.00,$0.00,$0.00,$0.00,Stripe,No,,Completed,Online,2,9947c98a-2444-4277-a7ea-f6650b752e49
GAN1651,Ganeshotsav,30/08/2026,7:00 pm,Meghan,Brown,meghan.brown12@example.com,6943460666,20/07/2026 12:13 am,Online,Free,2,0,$0.00,$0.00,$0.00,$0.00,$0.00,$0.00,$0.00,$0.00,$0.00,$0.00,$0.00,$0.00,$0.00,$0.00,$0.00,$0.00,,,,$0.00,$0.00,$0.00,$0.00,Stripe,No,,Completed,Online,2,a064bc2a-02ab-4565-99a2-186f40e07e0f
GAN1652,Ganeshotsav,30/08/2026,7:00 pm,Jennifer,Mason,jennifer.mason29@example.com,7231112712,06/08/2026 10:00 am,Online,Free,2,0,$0.00,$0.00,$0.00,$0.00,$0.00,$0.00,$0.00,$0.00,$0.00,$0.00,$0.00,$0.00,$0.00,$0.00,$0.00,$0.00,,,,$0.00,$0.00,$0.00,$0.00,Stripe,Yes,,Completed,Online,2,f48fab06-41a9-4dd3-bd76-bb2ff1896bad
GAN1653,Ganeshotsav,30/08/2026,7:00 pm,Caitlin,Dodson,caitlin.dodson17@example.com,4844941163,05/08/2026 11:08 pm,Online,Free,2,0,$0.00,$0.00,$0.00,$0.00,$0.00,$0.00,$0.00,$0.00,$0.00,$0.00,$0.00,$0.00,$0.00,$0.00,$0.00,$0.00,,,,$0.00,$0.00,$0.00,$0.00,Stripe,No,,Completed,Online,2,fedceb65-84aa-4e12-a08a-9c4f3366da87
GAN1654,Ganeshotsav,30/08/2026,7:00 pm,Jodi,Evans,jodi.evans32@example.com,1130621136,11/07/2026 07:13 pm,Online,Free,1,0,$0.00,$0.00,$0.00,$0.00,$0.00,$0.00,$0.00,$0.00,$0.00,$0.00,$0.00,$0.00,$0.00,$0.00,$0.00,$0.00,,,,$0.00,$0.00,$0.00,$0.00,Stripe,Yes,,Completed,Online,1,98d516b9-7128-4916-a48b-d5aabd0443f0
GAN1655,Ganeshotsav,30/08/2026,7:00 pm,Michael,Stephens,michael.stephens6@example.com,3509025425,09/08/2026 09:42 am,Online,Free,1,0,$0.00,$0.00,$0.00,$0.00,$0.00,$0.00,$0.00,$0.00,$0.00,$0.00,$0.00,$0.00,$0.00,$0.00,$0.00,$0.00,,,,$0.00,$0.00,$0.00,$0.00,Stripe,No,,Completed,Online,1,f262e145-2731-460c-a149-ee42642d03af
GAN1656,Ganeshotsav,30/08/2026,7:00 pm,Claudia,Lin,claudia.lin42@example.com,3235707139,21/07/2026 06:56 pm,Online,Free,1,0,$0.00,$0.00,$0.00,$0.00,$0.00,$0.00,$0.00,$0.00,$0.00,$0.00,$0.00,$0.00,$0.00,$0.00,$0.00,$0.00,,,,$0.00,$0.00,$0.00,$0.00,Stripe,No,,Completed,Online,1,f6d4461c-8c10-46bf-a4b3-7794293db7fa
GAN1657,Ganeshotsav,30/08/2026,7:00 pm,Sarah,Hill,sarah.hill30@example.com,1688092550,22/07/2026 07:02 pm,Online,Free,2,0,$0.00,$0.00,$0.00,$0.00,$0.00,$0.00,$0.00,$0.00,$0.00,$0.00,$0.00,$0.00,$0.00,$0.00,$0.00,$0.00,,,,$0.00,$0.00,$0.00,$0.00,Stripe,No,,Completed,Online,2,900ddf16-00e0-4200-a197-337c0182c481
GAN1658,Ganeshotsav,30/08/2026,7:00 pm,Karen,Carrillo,karen.carrillo94@example.com,9130981079,12/07/2026 04:29 pm,Online,Free,2,0,$0.00,$0.00,$0.00,$0.00,$0.00,$0.00,$0.00,$0.00,$0.00,$0.00,$0.00,$0.00,$0.00,$0.00,$0.00,$0.00,,,,$0.00,$0.00,$0.00,$0.00,Stripe,Yes,,Completed,Online,2,bf817a17-e905-4f29-b31d-a6ec63032bd4
GAN1659,Ganeshotsav,30/08/2026,7:00 pm,April,Williams,april.williams98@example.com,9457727853,19/07/2026 04:16 pm,Online,Free,1,0,$0.00,$0.00,$0.00,$0.00,$0.00,$0.00,$0.00,$0.00,$0.00,$0.00,$0.00,$0.00,$0.00,$0.00,$0.00,$0.00,,,,$0.00,$0.00,$0.00,$0.00,Stripe,No,,Completed,Online,1,ffc7aba2-6371-4357-b7a5-8f8df689c4c2
GAN1660,Ganeshotsav,30/08/2026,7:00 pm,Veronica,Perez,veronica.perez53@example.com,5064207683,20/07/2026 10:33 am,Online,Free,4,0,$0.00,$0.00,$0.00,$0.00,$0.00,$0.00,$0.00,$0.00,$0.00,$0.00,$0.00,$0.00,$0.00,$0.00,$0.00,$0.00,,,,$0.00,$0.00,$0.00,$0.00,Stripe,No,,Completed,Online,4,6bcfdfa4-67e2-420e-b11f-1e9735461a1c
GAN1661,Ganeshotsav,30/08/2026,7:00 pm,Charles,Soto,charles.soto52@example.com,7767555628,13/08/2026 08:52 pm,Online,Free,1,0,$0.00,$0.00,$0.00,$0.00,$0.00,$0.00,$0.00,$0.00,$0.00,$0.00,$0.00,$0.00,$0.00,$0.00,$0.00,$0.00,,,,$0.00,$0.00,$0.00,$0.00,Stripe,Yes,,Completed,Online,1,31d16ea8-9181-48a2-b0e3-1645b66c4a03
GAN1662,Ganeshotsav,30/08/2026,7:00 pm,John,Reed,john.reed68@example.com,7865436271,16/08/2026 09:08 am,Online,Free,1,0,$0.00,$0.00,$0.00,$0.00,$0.00,$0.00,$0.00,$0.00,$0.00,$0.00,$0.00,$0.00,$0.00,$0.00,$0.00,$0.00,,,,$0.00,$0.00,$0.00,$0.00,Stripe,No,,Completed,Online,1,c64ab8bf-f4aa-484a-9538-2419e798d9bf
GAN1663,Ganeshotsav,30/08/2026,7:00 pm,Thomas,Green,thomas.green34@example.com,0335826862,13/08/2026 08:14 am,Online,Free,3,0,$0.00,$0.00,$0.00,$0.00,$0.00,$0.00,$0.00,$0.00,$0.00,$0.00,$0.00,$0.00,$0.00,$0.00,$0.00,$0.00,,,,$0.00,$0.00,$0.00,$0.00,Stripe,Yes,,Completed,Online,3,2c1e86bb-aac0-46bd-9140-a95d62cef959
GAN1664,Ganeshotsav,30/08/2026,7:00 pm,Aaron,Frost,aaron.frost98@example.com,6932657327,21/07/2026 01:38 am,Online,Free,2,0,$0.00,$0.00,$0.00,$0.00,$0.00,$0.00,$0.00,$0.00,$0.00,$0.00,$0.00,$0.00,$0.00,$0.00,$0.00,$0.00,,,,$0.00,$0.00,$0.00,$0.00,Stripe,No,,Completed,Online,2,e03c119a-a0ca-481c-bc3d-c68a87d49f49
GAN1665,Ganeshotsav,30/08/2026,7:00 pm,Sonia,Williams,sonia.williams30@example.com,1100051553,11/07/2026 06:51 pm,Online,Free,2,0,$0.00,$0.00,$0.00,$0.00,$0.00,$0.00,$0.00,$0.00,$0.00,$0.00,$0.00,$0.00,$0.00,$0.00,$0.00,$0.00,,,,$0.00,$0.00,$0.00,$0.00,Stripe,No,,Completed,Online,2,9f8c1c81-5ce9-43d3-90e6-e383d736b50e
GAN1666,Ganeshotsav,30/08/2026,7:00 pm,Shannon,Perez,shannon.perez69@example.com,7524418222,14/08/2026 08:51 pm,Online,Free,1,0,$0.00,$0.00,$0.00,$0.00,$0.00,$0.00,$0.00,$0.00,$0.00,$0.00,$0.00,$0.00,$0.00,$0.00,$0.00,$0.00,,,,$0.00,$0.00,$0.00,$0.00,Stripe,Yes,,Completed,Online,1,288510d1-68e0-4800-9e48-2e45e904ee42
GAN1667,Ganeshotsav,30/08/2026,7:00 pm,Chad,Welch,chad.welch59@example.com,4312710267,01/08/2026 07:31 am,Online,Free,3,0,$0.00,$0.00,$0.00,$0.00,$0.00,$0.00,$0.00,$0.00,$0.00,$0.00,$0.00,$0.00,$0.00,$0.00,$0.00,$0.00,,,,$0.00,$0.00,$0.00,$0.00,Stripe,No,,Completed,Online,3,b028bafc-960f-46d9-851b-b698c463299a
GAN1668,Ganeshotsav,30/08/2026,7:00 pm,Samantha,Salas,samantha.salas2@example.com,7992707955,17/08/2026 10:22 pm,Online,Free,2,0,$0.00,$0.00,$0.00,$0.00,$0.00,$0.00,$0.00,$0.00,$0.00,$0.00,$0.00,$0.00,$0.00,$0.00,$0.00,$0.00,,,,$0.00,$0.00,$0.00,$0.00,Stripe,No,,Completed,Online,2,4cd3a6a4-9fc0-4086-a28b-a68a2d5f4dd3
GAN1669,Ganeshotsav,30/08/2026,7:00 pm,Michelle,Wright,michelle.wright65@example.com,1354159709,05/08/2026 07:50 pm,Online,Free,1,0,$0.00,$0.00,$0.00,$0.00,$0.00,$0.00,$0.00,$0.00,$0.00,$0.00,$0.00,$0.00,$0.00,$0.00,$0.00,$0.00,,,,$0.00,$0.00,$0.00,$0.00,Stripe,No,,Completed,Online,1,31286dc8-40b1-4b20-99eb-b4955d7ecb5f
GAN1670,Ganeshotsav,30/08/2026,7:00 pm,Stacey,Joyce,stacey.joyce7@example.com,7520344765,30/07/2026 10:22 am,Online,Free,1,0,$0.00,$0.00,$0.00,$0.00,$0.00,$0.00,$0.00,$0.00,$0.00,$0.00,$0.00,$0.00,$0.00,$0.00,$0.00,$0.00,,,,$0.00,$0.00,$0.00,$0.00,Stripe,No,,Completed,Online,1,8d204cf6-553a-4bad-948a-e202a8cf20c8
GAN1671,Ganeshotsav,30/08/2026,7:00 pm,Jennifer,Evans,jennifer.evans82@example.com,9046376604,11/07/2026 03:10 pm,Online,Free,1,0,$0.00,$0.00,$0.00,$0.00,$0.00,$0.00,$0.00,$0.00,$0.00,$0.00,$0.00,$0.00,$0.00,$0.00,$0.00,$0.00,,,,$0.00,$0.00,$0.00,$0.00,Stripe,Yes,,Completed,Online,1,fe600c12-da87-46db-8338-b815cd9afa65
GAN1672,Ganeshotsav,30/08/2026,7:00 pm,Luis,Owens,luis.owens31@example.com,5254837441,09/08/2026 11:44 pm,Online,Free,4,0,$0.00,$0.00,$0.00,$0.00,$0.00,$0.00,$0.00,$0.00,$0.00,$0.00,$0.00,$0.00,$0.00,$0.00,$0.00,$0.00,,,,$0.00,$0.00,$0.00,$0.00,Stripe,No,,Completed,Online,4,1d0ffe16-e554-474f-8240-252ddc89e59a
GAN1673,Ganeshotsav,30/08/2026,7:00 pm,Allison,Luna,allison.luna62@example.com,1312512931,11/07/2026 07:20 am,Online,Free,2,0,$0.00,$0.00,$0.00,$0.00,$0.00,$0.00,$0.00,$0.00,$0.00,$0.00,$0.00,$0.00,$0.00,$0.00,$0.00,$0.00,,,,$0.00,$0.00,$0.00,$0.00,Stripe,No,,Completed,Online,2,dec2c775-5754-4c43-8e96-a698bc8b7eb7
GAN1674,Ganeshotsav,30/08/2026,7:00 pm,Joseph,Flores,joseph.flores70@example.com,2975191023,14/08/2026 08:33 pm,Online,Free,1,0,$0.00,$0.00,$0.00,$0.00,$0.00,$0.00,$0.00,$0.00,$0.00,$0.00,$0.00,$0.00,$0.00,$0.00,$0.00,$0.00,,,,$0.00,$0.00,$0.00,$0.00,Stripe,No,,Completed,Online,1,00fbbb90-1772-4cf0-b38e-6bc3b7df852c
GAN1675,Ganeshotsav,30/08/2026,7:00 pm,Shelley,Woods,shelley.woods62@example.com,3016583737,27/07/2026 07:04 am,Manual,Free,1,0,$0.00,$0.00,$0.00,$0.00,$0.00,$0.00,$0.00,$0.00,$0.00,$0.00,$0.00,$0.00,$0.00,$0.00,$0.00,$0.00,,,,$0.00,$0.00,$0.00,$0.00,Stripe,No,,Completed,Manual,1,9780fe9b-ad18-4723-bb47-d3a449be8766
GAN1676,Ganeshotsav,30/08/2026,7:00 pm,Alex,Green,alex.green64@example.com,7280123428,13/08/2026 03:27 am,Online,Free,2,0,$0.00,$0.00,$0.00,$0.00,$0.00,$0.00,$0.00,$0.00,$0.00,$0.00,$0.00,$0.00,$0.00,$0.00,$0.00,$0.00,,,,$0.00,$0.00,$0.00,$0.00,Stripe,No,,Completed,Online,2,302dc72b-1366-4d76-82fc-93d9b3ef29d7
GAN1677,Ganeshotsav,30/08/2026,7:00 pm,Patricia,Hughes,patricia.hughes27@example.com,3269496843,17/07/2026 04:53 pm,Online,Free,2,0,$0.00,$0.00,$0.00,$0.00,$0.00,$0.00,$0.00,$0.00,$0.00,$0.00,$0.00,$0.00,$0.00,$0.00,$0.00,$0.00,,,,$0.00,$0.00,$0.00,$0.00,Stripe,No,,Completed,Online,2,01c9a464-87d2-4e31-bda3-25e2bc4600bd
GAN1678,Ganeshotsav,30/08/2026,7:00 pm,Gary,Mcclure,gary.mcclure49@example.com,4210175096,04/08/2026 10:44 pm,Online,Free,4,0,$0.00,$0.00,$0.00,$0.00,$0.00,$0.00,$0.00,$0.00,$0.00,$0.00,$0.00,$0.00,$0.00,$0.00,$0.00,$0.00,,,,$0.00,$0.00,$0.00,$0.00,Stripe,No,,Completed,Online,4,16965a15-acac-4b18-be88-64abfa27a8f8
GAN1679,Ganeshotsav,30/08/2026,7:00 pm,Joseph,Flores,joseph.flores70@example.com,9194575757,22/07/2026 07:49 pm,Online,Free,3,0,$0.00,$0.00,$0.00,$0.00,$0.00,$0.00,$0.00,$0.00,$0.00,$0.00,$0.00,$0.00,$0.00,$0.00,$0.00,$0.00,,,,$0.00,$0.00,$0.00,$0.00,Stripe,Yes,,Completed,Online,3,30b6857a-beb6-4fd8-bfc4-d95b8bc135a9
GAN1680,Ganeshotsav,30/08/2026,7:00 pm,David,Norman,david.norman89@example.com,0567756777,19/07/2026 07:19 am,Online,Free,1,0,$0.00,$0.00,$0.00,$0.00,$0.00,$0.00,$0.00,$0.00,$0.00,$0.00,$0.00,$0.00,$0.00,$0.00,$0.00,$0.00,,,,$0.00,$0.00,$0.00,$0.00,Stripe,No,,Completed,Online,1,df94a2f8-0644-4f36-b31b-38886b6ab820
GAN1681,Ganeshotsav,30/08/2026,7:00 pm,Melinda,Wong,melinda.wong66@example.com,6265062292,15/07/2026 08:19 pm,Online,Free,2,0,$0.00,$0.00,$0.00,$0.00,$0.00,$0.00,$0.00,$0.00,$0.00,$0.00,$0.00,$0.00,$0.00,$0.00,$0.00,$0.00,,,,$0.00,$0.00,$0.00,$0.00,Stripe,No,,Completed,Online,2,45590d60-265f-45c1-b8e7-e190642bb07d
GAN1682,Ganeshotsav,30/08/2026,7:00 pm,Devin,Mitchell,devin.mitchell58@example.com,7624843379,23/07/2026 01:32 pm,Online,Free,2,0,$0.00,$0.00,$0.00,$0.00,$0.00,$0.00,$0.00,$0.00,$0.00,$0.00,$0.00,$0.00,$0.00,$0.00,$0.00,$0.00,,,,$0.00,$0.00,$0.00,$0.00,Stripe,No,,Completed,Online,2,7cc27448-28ea-4192-9a02-4444f28446fa
GAN1683,Ganeshotsav,30/08/2026,7:00 pm,Logan,Bailey,logan.bailey84@example.com,5115794238,17/08/2026 04:53 am,Online,Free,2,0,$0.00,$0.00,$0.00,$0.00,$0.00,$0.00,$0.00,$0.00,$0.00,$0.00,$0.00,$0.00,$0.00,$0.00,$0.00,$0.00,,,,$0.00,$0.00,$0.00,$0.00,Stripe,Yes,,Completed,Online,2,4ed9974f-f4f4-4fdc-8351-d8007d91dbcc
GAN1684,Ganeshotsav,30/08/2026,7:00 pm,Jaclyn,Watson,jaclyn.watson76@example.com,4969192845,04/08/2026 12:54 am,Online,Free,2,0,$0.00,$0.00,$0.00,$0.00,$0.00,$0.00,$0.00,$0.00,$0.00,$0.00,$0.00,$0.00,$0.00,$0.00,$0.00,$0.00,,,,$0.00,$0.00,$0.00,$0.00,Stripe,No,,Completed,Online,2,1028f5b4-7938-4e7f-b86e-258890b950bb
GAN1685,Ganeshotsav,30/08/2026,7:00 pm,Zachary,Ramirez,zachary.ramirez75@example.com,6335357485,11/07/2026 02:23 am,Online,Free,1,0,$0.00,$0.00,$0.00,$0.00,$0.00,$0.00,$0.00,$0.00,$0.00,$0.00,$0.00,$0.00,$0.00,$0.00,$0.00,$0.00,,,,$0.00,$0.00,$0.00,$0.00,Stripe,Yes,,Completed,Online,1,5263a195-f729-4c21-a08b-c725e6e005dd
GAN1686,Ganeshotsav,30/08/2026,7:00 pm,William,Bryant,william.bryant59@example.com,9933797058,09/08/2026 09:23 pm,Online,Free,3,0,$0.00,$0.00,$0.00,$0.00,$0.00,$0.00,$0.00,$0.00,$0.00,$0.00,$0.00,$0.00,$0.00,$0.00,$0.00,$0.00,,,,$0.00,$0.00,$0.00,$0.00,Stripe,Yes,,Completed,Online,3,877bfb50-14d0-445b-9257-fa5d9fa4b54f
GAN1687,Ganeshotsav,30/08/2026,7:00 pm,Shelly,Powers,shelly.powers97@example.com,1763425073,29/07/2026 01:19 pm,Online,Free,1,0,$0.00,$0.00,$0.00,$0.00,$0.00,$0.00,$0.00,$0.00,$0.00,$0.00,$0.00,$0.00,$0.00,$0.00,$0.00,$0.00,,,,$0.00,$0.00,$0.00,$0.00,Stripe,Yes,,Completed,Online,1,7b8899f9-9ee3-4563-9328-80c75b2de07e
GAN1688,Ganeshotsav,30/08/2026,7:00 pm,Jeffrey,Thomas,jeffrey.thomas54@example.com,5759833991,01/08/2026 07:43 am,Online,Free,1,0,$0.00,$0.00,$0.00,$0.00,$0.00,$0.00,$0.00,$0.00,$0.00,$0.00,$0.00,$0.00,$0.00,$0.00,$0.00,$0.00,,,,$0.00,$0.00,$0.00,$0.00,Stripe,No,,Completed,Online,1,484f0da6-810e-4d40-8c81-55da86043d41
GAN1689,Ganeshotsav,30/08/2026,7:00 pm,Lynn,Bentley,lynn.bentley19@example.com,6044324006,20/07/2026 02:09 am,Online,Free,1,0,$0.00,$0.00,$0.00,$0.00,$0.00,$0.00,$0.00,$0.00,$0.00,$0.00,$0.00,$0.00,$0.00,$0.00,$0.00,$0.00,,,,$0.00,$0.00,$0.00,$0.00,Stripe,No,,Completed,Online,1,25ca147f-fe33-4bd7-a8e9-1639c69aa024
GAN1690,Ganeshotsav,30/08/2026,7:00 pm,Jessica,Edwards,jessica.edwards93@example.com,8297514743,27/07/2026 07:54 pm,Online,Free,3,0,$0.00,$0.00,$0.00,$0.00,$0.00,$0.00,$0.00,$0.00,$0.00,$0.00,$0.00,$0.00,$0.00,$0.00,$0.00,$0.00,,,,$0.00,$0.00,$0.00,$0.00,Stripe,Yes,,Completed,Online,3,52a343b8-20e7-46ef-9623-934629b3e2d3
GAN1691,Ganeshotsav,30/08/2026,7:00 pm,Jenny,Lee,jenny.lee33@example.com,0587525680,16/08/2026 04:43 pm,Online,Free,2,0,$0.00,$0.00,$0.00,$0.00,$0.00,$0.00,$0.00,$0.00,$0.00,$0.00,$0.00,$0.00,$0.00,$0.00,$0.00,$0.00,,,,$0.00,$0.00,$0.00,$0.00,Stripe,No,,Completed,Online,2,d608e6ac-9cf2-4216-939c-be4f2d914e29
GAN1692,Ganeshotsav,30/08/2026,7:00 pm,Amber,Blair,amber.blair99@example.com,5990802711,09/08/2026 01:40 am,Online,Free,2,0,$0.00,$0.00,$0.00,$0.00,$0.00,$0.00,$0.00,$0.00,$0.00,$0.00,$0.00,$0.00,$0.00,$0.00,$0.00,$0.00,,,,$0.00,$0.00,$0.00,$0.00,Stripe,Yes,,Completed,Online,2,b6bf1f51-f0ab-4316-a9d3-629185d4f2c1
GAN1693,Ganeshotsav,30/08/2026,7:00 pm,Gabriel,Taylor,gabriel.taylor50@example.com,5516517680,19/07/2026 01:47 pm,Online,Free,4,0,$0.00,$0.00,$0.00,$0.00,$0.00,$0.00,$0.00,$0.00,$0.00,$0.00,$0.00,$0.00,$0.00,$0.00,$0.00,$0.00,,,,$0.00,$0.00,$0.00,$0.00,Stripe,No,,Completed,Online,4,d2a60853-8c50-4e6e-a7ad-082fb1d06d8a
GAN1694,Ganeshotsav,30/08/2026,7:00 pm,Donna,Espinoza,donna.espinoza82@example.com,7214330800,13/07/2026 09:33 pm,Online,Free,1,0,$0.00,$0.00,$0.00,$0.00,$0.00,$0.00,$0.00,$0.00,$0.00,$0.00,$0.00,$0.00,$0.00,$0.00,$0.00,$0.00,,,,$0.00,$0.00,$0.00,$0.00,Stripe,No,,Completed,Online,1,3b8ff9d7-c22e-4fc4-b810-71770acc09da
GAN1695,Ganeshotsav,30/08/2026,7:00 pm,Michael,Williams,michael.williams22@example.com,8556608470,16/08/2026 10:58 am,Online,Free,3,0,$0.00,$0.00,$0.00,$0.00,$0.00,$0.00,$0.00,$0.00,$0.00,$0.00,$0.00,$0.00,$0.00,$0.00,$0.00,$0.00,,,,$0.00,$0.00,$0.00,$0.00,Stripe,No,,Completed,Online,3,0937a982-96f4-4688-b33b-5a5d0a45f604
GAN1696,Ganeshotsav,30/08/2026,7:00 pm,Morgan,Spencer,morgan.spencer60@example.com,0519582632,18/07/2026 01:16 pm,Online,Free,2,0,$0.00,$0.00,$0.00,$0.00,$0.00,$0.00,$0.00,$0.00,$0.00,$0.00,$0.00,$0.00,$0.00,$0.00,$0.00,$0.00,,,,$0.00,$0.00,$0.00,$0.00,Stripe,No,,Completed,Online,2,5fd229bc-8e67-4bc8-8401-6c6f480af459
GAN1697,Ganeshotsav,30/08/2026,7:00 pm,Caleb,Joseph,caleb.joseph42@example.com,3945354614,30/07/2026 07:59 am,Online,Free,1,0,$0.00,$0.00,$0.00,$0.00,$0.00,$0.00,$0.00,$0.00,$0.00,$0.00,$0.00,$0.00,$0.00,$0.00,$0.00,$0.00,,,,$0.00,$0.00,$0.00,$0.00,Stripe,Yes,,Completed,Online,1,abfe1fb5-a6c2-4716-b7bd-77509a7650dd
GAN1698,Ganeshotsav,30/08/2026,7:00 pm,Michael,Scott,michael.scott48@example.com,3210613394,30/07/2026 08:51 am,Online,Free,1,0,$0.00,$0.00,$0.00,$0.00,$0.00,$0.00,$0.00,$0.00,$0.00,$0.00,$0.00,$0.00,$0.00,$0.00,$0.00,$0.00,,,,$0.00,$0.00,$0.00,$0.00,Stripe,No,,Completed,Online,1,a5d83148-0deb-483b-b6ba-45725c667438
GAN1699,Ganeshotsav,30/08/2026,7:00 pm,Mark,Solis,mark.solis54@example.com,3804032537,03/08/2026 07:51 pm,Online,Free,2,0,$0.00,$0.00,$0.00,$0.00,$0.00,$0.00,$0.00,$0.00,$0.00,$0.00,$0.00,$0.00,$0.00,$0.00,$0.00,$0.00,,,,$0.00,$0.00,$0.00,$0.00,Stripe,Yes,,Completed,Online,2,c0fce144-9a10-4a52-a408-7ac9fbf676af
