Order id,Event,Event date,Event time,First name,Last name,Email,Mobile,Order date,Type,Financial status,Valid tickets,Cancelled tickets,Ticket sales,Add-on sales,Donations,Fee rebate,Humanitix passed-on fee,Amex surcharge,Refund protection,Custom tax,Paid,Humanitix absorbed fees,Zip fee,Afterpay fee,Refunds,Your earnings,Your payout,Refunded fees,Giftcard used,Voucher used,Discount code used,Discount redeemed,Tax on sales,Tax on rebates,Tax on booking fees,Gateway,Marketing opt-in,Notes,Status,Sales channel,Tickets delivered,Long order id
GAR1000,UTSAV Garba 2025,26/09/2025,7:00 pm,Veronica,Torres,veronica.torres37@example.com,7894319100,16/07/2026 08:29 pm,Online,Paid,1,0,$40.00,$0.00,$0.00,$0.00,$1.60,$0.00,$0.00,$0.00,$41.60,$0.00,$0.00,$0.00,$0.00,$40.00,$40.00,$0.00,,,,$0.00,$0.00,$0.00,$0.00,Stripe,No,,Completed,Online,1,00009f1e-ee1e-4dbf-8634-0607f260a3ed
GAR1001,UTSAV Garba 2025,26/09/2025,7:00 pm,Judy,Fox,judy.fox26@example.com,9210533651,22/07/2026 05:50 am,Online,Paid,2,0,$80.00,$0.00,$0.00,$0.00,$3.20,$0.00,$0.00,$0.00,$83.20,$0.00,$0.00,$0.00,$0.00,$80.00,$80.00,$0.00,,,,$0.00,$0.00,$0.00,$0.00,Stripe,No,,Completed,Online,2,e60584a2-08f5-48e7-853b-cc3a4c26fd27
GAR1002,UTSAV Garba 2025,26/09/2025,7:00 pm,Kevin,Sharp,kevin.sharp83@example.com,4731072011,15/07/2026 02:12 am,Online,Paid,3,0,$120.00,$0.00,$0.00,$0.00,$4.80,$0.00,$0.00,$0.00,$124.80,$0.00,$0.00,$0.00,$0.00,$120.00,$120.00,$0.00,,,,$0.00,$0.00,$0.00,$0.00,Stripe,No,,Completed,Online,3,452319ae-45ec-457f-8eb4-b40eb1e62f11
GAR1003,UTSAV Garba 2025,26/09/2025,7:00 pm,Robert,Ramirez,robert.ramirez22@example.com,1231660076,11/07/2026 06:55 am,Online,Paid,3,0,$120.00,$0.00,$0.00,$0.00,$4.80,$0.00,$0.00,$0.00,$124.80,$0.00,$0.00,$0.00,$0.00,$120.00,$120.00,$0.00,,,,$0.00,$0.00,$0.00,$0.00,Stripe,No,,Completed,Online,3,e5bc89c0-93a6-4684-8365-99fcf91070e0
GAR1004,UTSAV Garba 2025,26/09/2025,7:00 pm,Sheena,Rosales,sheena.rosales72@example.com,4473404337,12/07/2026 03:01 am,Online,Paid,1,0,$40.00,$0.00,$0.00,$0.00,$1.60,$0.00,$0.00,$0.00,$41.60,$0.00,$0.00,$0.00,$0.00,$40.00,$40.00,$0.00,,,,$0.00,$0.00,$0.00,$0.00,Stripe,No,,Completed,Online,1,8f16fac0-6f72-4ca4-9b64-3c30d5dc4812
GAR1005,UTSAV Garba 2025,26/09/2025,7:00 pm,Jeffrey,Lawrence,jeffrey.lawrence95@example.com,3045195778,16/08/2026 01:01 pm,Online,Paid,2,0,$80.00,$0.00,$0.00,$0.00,$3.20,$0.00,$0.00,$0.00,$83.20,$0.00,$0.00,$0.00,$0.00,$80.00,$80.00,$0.00,,,,$0.00,$0.00,$0.00,$0.00,Stripe,No,,Completed,Online,2,254c5028-8a6f-4508-8d0f-e9b5b9e826d0
GAR1006,UTSAV Garba 2025,26/09/2025,7:00 pm,Alexis,Harris,alexis.harris38@example.com,6296575427,22/07/2026 09:59 pm,Online,Paid,3,0,$120.00,$0.00,$0.00,$0.00,$4.80,$0.00,$0.00,$0.00,$124.80,$0.00,$0.00,$0.00,$0.00,$120.00,$120.00,$0.00,,,,$0.00,$0.00,$0.00,$0.00,Stripe,No,,Completed,Online,3,9a26a065-1621-4bd0-ae84-a24bf61d6b9c
GAR1007,UTSAV Garba 2025,26/09/2025,7:00 pm,Haley,Lyons,haley.lyons8@example.com,5577820582,20/07/2026 06:48 am,Online,Paid,2,0,$80.00,$0.00,$0.00,$0.00,$3.20,$0.00,$0.00,$0.00,$83.20,$0.00,$0.00,$0.00,$0.00,$80.00,$80.00,$0.00,,,,$0.00,$0.00,$0.00,$0.00,Stripe,No,,Completed,Online,2,28d04562-beaa-400d-94fe-cf58a1f875a4
GAR1008,UTSAV Garba 2025,26/09/2025,7:00 pm,Craig,Wise,craig.wise32@example.com,3616188081,12/08/2026 02:26 pm,Online,Refunded,0,2,$0.00,$0.00,$0.00,$0.00,$0.00,$0.00,$0.00,$0.00,$0.00,$0.00,$0.00,$0.00,$0.00,$0.00,$0.00,$0.00,,,,$0.00,$0.00,$0.00,$0.00,Stripe,No,,Completed,Online,2,f139e895-aa25-4578-8cea-3275ef3bbcb5
GAR1009,UTSAV Garba 2025,26/09/2025,7:00 pm,David,Cunningham,david.cunningham53@example.com,5715586863,16/07/2026 07:58 pm,Manual,Refunded,0,1,$0.00,$0.00,$0.00,$0.00,$0.00,$0.00,$0.00,$0.00,$0.00,$0.00,$0.00,$0.00,$0.00,$0.00,$0.00,$0.00,,,,$0.00,$0.00,$0.00,$0.00,Stripe,No,,Completed,Manual,1,1b3ec681-fcea-445a-8066-98e4b013b8e4
GAR1010,UTSAV Garba 2025,26/09/2025,7:00 pm,Susan,Sanders,susan.sanders17@example.com,2308172143,19/07/2026 05:10 am,Online,Paid,1,0,$40.00,$0.00,$0.00,$0.00,$1.60,$0.00,$0.00,$0.00,$41.60,$0.00,$0.00,$0.00,$0.00,$40.00,$40.00,$0.00,,,,$0.00,$0.00,$0.00,$0.00,Stripe,No,,Completed,Online,1,f398d16e-18b9-40a2-a364-42e58abe5779
GAR1011,UTSAV Garba 2025,26/09/2025,7:00 pm,Veronica,Casey,veronica.casey83@example.com,0041321147,11/08/2026 04:10 am,Online,Paid,2,0,$80.00,$0.00,$0.00,$0.00,$3.20,$0.00,$0.00,$0.00,$83.20,$0.00,$0.00,$0.00,$0.00,$80.00,$80.00,$0.00,,,,$0.00,$0.00,$0.00,$0.00,Stripe,No,,Completed,Online,2,b2a43bf4-02b4-4d26-a72b-0fa7a95da34b
GAR1012,UTSAV Garba 2025,26/09/2025,7:00 pm,Danielle,Coleman,danielle.coleman27@example.com,6534699799,02/08/2026 05:07 pm,Online,Paid,1,0,$40.00,$0.00,$0.00,$0.00,$1.60,$0.00,$0.00,$0.00,$41.60,$0.00,$0.00,$0.00,$0.00,$40.00,$40.00,$0.00,,,,$0.00,$0.00,$0.00,$0.00,Stripe,Yes,,Completed,Online,1,07f2422d-59fb-446d-91d3-649c7fffa983
GAR1013,UTSAV Garba 2025,26/09/2025,7:00 pm,Stephanie,Smith,stephanie.smith60@example.com,6816995706,20/07/2026 09:13 am,Online,Refunded,0,1,$0.00,$0.00,$0.00,$0.00,$0.00,$0.00,$0.00,$0.00,$0.00,$0.00,$0.00,$0.00,$0.00,$0.00,$0.00,$0.00,,,,$0.00,$0.00,$0.00,$0.00,Stripe,Yes,,Completed,Online,1,1790834b-8b32-46d6-808d-52127991329a
GAR1014,UTSAV Garba 2025,26/09/2025,7:00 pm,Kyle,Ward,kyle.ward89@example.com,7653970548,13/07/2026 03:28 pm,Online,Paid,2,0,$80.00,$0.00,$0.00,$0.00,$3.20,$0.00,$0.00,$0.00,$83.20,$0.00,$0.00,$0.00,$0.00,$80.00,$80.00,$0.00,,,,$0.00,$0.00,$0.00,$0.00,Stripe,No,,Completed,Online,2,af0f134e-02a2-4fcc-984e-e3db691d8bea
GAR1015,UTSAV Garba 2025,26/09/2025,7:00 pm,Amanda,Morrow,amanda.morrow98@example.com,8718274968,15/07/2026 09:58 am,Manual,Paid,2,0,$80.00,$0.00,$0.00,$0.00,$3.20,$0.00,$0.00,$0.00,$83.20,$0.00,$0.00,$0.00,$0.00,$80.00,$80.00,$0.00,,,,$0.00,$0.00,$0.00,$0.00,Stripe,No,,Completed,Manual,2,7db8aa1c-8448-44ed-b2be-520f1e1f86f7
GAR1016,UTSAV Garba 2025,26/09/2025,7:00 pm,Martin,Campos,martin.campos15@example.com,4204956121,17/07/2026 04:36 am,Online,Paid,1,0,$40.00,$0.00,$0.00,$0.00,$1.60,$0.00,$0.00,$0.00,$41.60,$0.00,$0.00,$0.00,$0.00,$40.00,$40.00,$0.00,,,,$0.00,$0.00,$0.00,$0.00,Stripe,No,,Completed,Online,1,c696e772-6326-4564-8175-105a3fc1428a
GAR1017,UTSAV Garba 2025,26/09/2025,7:00 pm,Erin,Herrera,erin.herrera45@example.com,6042359737,08/08/2026 10:41 am,Online,Paid,1,0,$40.00,$0.00,$0.00,$0.00,$1.60,$0.00,$0.00,$0.00,$41.60,$0.00,$0.00,$0.00,$0.00,$40.00,$40.00,$0.00,,,,$0.00,$0.00,$0.00,$0.00,Stripe,Yes,,Completed,Online,1,fa926f97-bd87-4f11-a1ca-afcd23a2f59c
GAR1018,UTSAV Garba 2025,26/09/2025,7:00 pm,Brian,Hernandez,brian.hernandez8@example.com,7756085816,16/08/2026 07:53 am,Online,Paid,4,0,$160.00,$0.00,$0.00,$0.00,$6.40,$0.00,$0.00,$0.00,$166.40,$0.00,$0.00,$0.00,$0.00,$160.00,$160.00,$0.00,,,,$0.00,$0.00,$0.00,$0.00,Stripe,Yes,,Completed,Online,4,6c18eb52-b3b9-46e2-8eaa-01126fb0c665
GAR1019,UTSAV Garba 2025,26/09/2025,7:00 pm,Gary,Dixon,gary.dixon73@example.com,4576832102,13/07/2026 12:28 am,Online,Paid,1,0,$40.00,$0.00,$0.00,$0.00,$1.60,$0.00,$0.00,$0.00,$41.60,$0.00,$0.00,$0.00,$0.00,$40.00,$40.00,$0.00,,,,$0.00,$0.00,$0.00,$0.00,Stripe,No,,Completed,Online,1,a8ecb6a1-7233-4f8c-b24e-f0f7aa25e8da
GAR1020,UTSAV Garba 2025,26/09/2025,7:00 pm,Michael,Brown,michael.brown62@example.com,8471296180,18/08/2026 06:33 am,Online,Paid,3,0,$120.00,$0.00,$0.00,$0.00,$4.80,$0.00,$0.00,$0.00,$124.80,$0.00,$0.00,$0.00,$0.00,$120.00,$120.00,$0.00,,,,$0.00,$0.00,$0.00,$0.00,Stripe,No,,Completed,Online,3,b393cb2d-bf23-4095-a21a-5dd04ce34923
GAR1021,UTSAV Garba 2025,26/09/2025,7:00 pm,Robert,Porter,robert.porter75@example.com,0801849804,25/07/2026 03:30 pm,Online,Paid,1,0,$40.00,$0.00,$0.00,$0.00,$1.60,$0.00,$0.00,$0.00,$41.60,$0.00,$0.00,$0.00,$0.00,$40.00,$40.00,$0.00,,,,$0.00,$0.00,$0.00,$0.00,Stripe,No,,Completed,Online,1,36abeff0-cd1d-49da-bafa-c8cedc4f57fe
GAR1022,UTSAV Garba 2025,26/09/2025,7:00 pm,Rachel,Ramos,rachel.ramos78@example.com,7731268812,17/07/2026 06:24 pm,Manual,Paid,2,0,$80.00,$0.00,$0.00,$0.00,$3.20,$0.00,$0.00,$0.00,$83.20,$0.00,$0.00,$0.00,$0.00,$80.00,$80.00,$0.00,,,,$0.00,$0.00,$0.00,$0.00,Stripe,No,,Completed,Manual,2,7a49c96a-1168-4e55-82b1-4f24dc76a6a8
GAR1023,UTSAV Garba 2025,26/09/2025,7:00 pm,Heidi,Williams,heidi.williams90@example.com,9236534606,30/07/2026 10:20 am,Online,Paid,1,0,$40.00,$0.00,$0.00,$0.00,$1.60,$0.00,$0.00,$0.00,$41.60,$0.00,$0.00,$0.00,$0.00,$40.00,$40.00,$0.00,,,,$0.00,$0.00,$0.00,$0.00,Stripe,Yes,,Completed,Online,1,b9fb97b9-abf1-4574-b14e-9b45071511b6
GAR1024,UTSAV Garba 2025,26/09/2025,7:00 pm,David,Mathews,david.mathews25@example.com,7932798623,15/08/2026 05:01 pm,Online,Paid,3,0,$120.00,$0.00,$0.00,$0.00,$4.80,$0.00,$0.00,$0.00,$124.80,$0.00,$0.00,$0.00,$0.00,$120.00,$120.00,$0.00,,,,$0.00,$0.00,$0.00,$0.00,Stripe,Yes,,Completed,Online,3,6ec8261b-1336-44de-85e9-d3c37f4423d5
GAR1025,UTSAV Garba 2025,26/09/2025,7:00 pm,Glenda,Heath,glenda.heath59@example.com,1812054647,02/08/2026 07:14 pm,Online,Paid,2,0,$80.00,$0.00,$0.00,$0.00,$3.20,$0.00,$0.00,$0.00,$83.20,$0.00,$0.00,$0.00,$0.00,$80.00,$80.00,$0.00,,,,$0.00,$0.00,$0.00,$0.00,Stripe,No,,Completed,Online,2,4ee26290-eb59-403a-93bc-06119af4ab8a
GAR1026,UTSAV Garba 2025,26/09/2025,7:00 pm,Brianna,Bell,brianna.bell71@example.com,8769899927,12/08/2026 06:26 pm,Online,Paid,1,0,$40.00,$0.00,$0.00,$0.00,$1.60,$0.00,$0.00,$0.00,$41.60,$0.00,$0.00,$0.00,$0.00,$40.00,$40.00,$0.00,,,,$0.00,$0.00,$0.00,$0.00,Stripe,No,,Completed,Online,1,8459f41e-8861-472e-97a8-2eeff9a8743d
GAR1027,UTSAV Garba 2025,26/09/2025,7:00 pm,Richard,Herrera,richard.herrera49@example.com,4444983553,03/08/2026 10:43 am,Manual,Paid,1,0,$40.00,$0.00,$0.00,$0.00,$1.60,$0.00,$0.00,$0.00,$41.60,$0.00,$0.00,$0.00,$0.00,$40.00,$40.00,$0.00,,,,$0.00,$0.00,$0.00,$0.00,Stripe,Yes,,Completed,Manual,1,d363621f-311c-4ad4-8e6c-cc79f8eb51b8
GAR1028,UTSAV Garba 2025,26/09/2025,7:00 pm,John,Caldwell,john.caldwell21@example.com,4496392435,23/07/2026 11:22 am,Online,Paid,1,0,$40.00,$0.00,$0.00,$0.00,$1.60,$0.00,$0.00,$0.00,$41.60,$0.00,$0.00,$0.00,$0.00,$40.00,$40.00,$0.00,,,,$0.00,$0.00,$0.00,$0.00,Stripe,No,,Completed,Online,1,94ed8114-7672-414b-8c4b-bc6f3457c8d7
GAR1029,UTSAV Garba 2025,26/09/2025,7:00 pm,Kimberly,Palmer,kimberly.palmer45@example.com,4339527536,30/07/2026 04:38 pm,Online,Paid,1,0,$40.00,$0.00,$0.00,$0.00,$1.60,$0.00,$0.00,$0.00,$41.60,$0.00,$0.00,$0.00,$0.00,$40.00,$40.00,$0.00,,,,$0.00,$0.00,$0.00,$0.00,Stripe,Yes,,Completed,Online,1,25768869-5765-4418-8993-9c6e75863743
GAR1030,UTSAV Garba 2025,26/09/2025,7:00 pm,Mary,Stephenson,mary.stephenson19@example.com,4168601347,20/07/2026 08:14 am,Online,Paid,2,0,$80.00,$0.00,$0.00,$0.00,$3.20,$0.00,$0.00,$0.00,$83.20,$0.00,$0.00,$0.00,$0.00,$80.00,$80.00,$0.00,,,,$0.00,$0.00,$0.00,$0.00,Stripe,No,,Completed,Online,2,9144a442-82d8-47f5-86ef-7aaad2376d22
GAR1031,UTSAV Garba 2025,26/09/2025,7:00 pm,Claudia,Lin,claudia.lin42@example.com,0679176651,26/07/2026 07:23 pm,Online,Paid,1,0,$40.00,$0.00,$0.00,$0.00,$1.60,$0.00,$0.00,$0.00,$41.60,$0.00,$0.00,$0.00,$0.00,$40.00,$40.00,$0.00,,,,$0.00,$0.00,$0.00,$0.00,Stripe,No,,Completed,Online,1,fe833c05-cd21-4b86-8297-83925c807220
GAR1032,UTSAV Garba 2025,26/09/2025,7:00 pm,Lisa,Santiago,lisa.santiago54@example.com,4188421630,12/07/2026 12:49 pm,Manual,Paid,2,0,$80.00,$0.00,$0.00,$0.00,$3.20,$0.00,$0.00,$0.00,$83.20,$0.00,$0.00,$0.00,$0.00,$80.00,$80.00,$0.00,,,,$0.00,$0.00,$0.00,$0.00,Stripe,No,,Completed,Manual,2,9fd60efb-fa11-40e7-966d-56e81c86cf6f
GAR1033,UTSAV Garba 2025,26/09/2025,7:00 pm,Shelley,Woods,shelley.woods62@example.com,6333999485,07/08/2026 11:19 am,Online,Paid,1,0,$40.00,$0.00,$0.00,$0.00,$1.60,$0.00,$0.00,$0.00,$41.60,$0.00,$0.00,$0.00,$0.00,$40.00,$40.00,$0.00,,,,$0.00,$0.00,$0.00,$0.00,Stripe,Yes,,Completed,Online,1,c329732b-5114-4ac7-9588-e38e8dbff478
GAR1034,UTSAV Garba 2025,26/09/2025,7:00 pm,George,Miller,george.miller96@example.com,3890219947,18/07/2026 11:36 pm,Online,Paid,2,0,$80.00,$0.00,$0.00,$0.00,$3.20,$0.00,$0.00,$0.00,$83.20,$0.00,$0.00,$0.00,$0.00,$80.00,$80.00,$0.00,,,,$0.00,$0.00,$0.00,$0.00,Stripe,No,,Completed,Online,2,3df5516b-3891-47f7-a809-f986d86af8f9
GAR1035,UTSAV Garba 2025,26/09/2025,7:00 pm,Ashlee,Washington,ashlee.washington70@example.com,2341034699,28/07/2026 07:54 am,Manual,Paid,2,0,$80.00,$0.00,$0.00,$0.00,$3.20,$0.00,$0.00,$0.00,$83.20,$0.00,$0.00,$0.00,$0.00,$80.00,$80.00,$0.00,,,,$0.00,$0.00,$0.00,$0.00,Stripe,No,,Completed,Manual,2,14fdc3a7-d8e7-4ca2-99b1-a0433b70324e
GAR1036,UTSAV Garba 2025,26/09/2025,7:00 pm,Maria,Montgomery,maria.montgomery12@example.com,7269608437,26/07/2026 08:12 am,Online,Paid,1,0,$40.00,$0.00,$0.00,$0.00,$1.60,$0.00,$0.00,$0.00,$41.60,$0.00,$0.00,$0.00,$0.00,$40.00,$40.00,$0.00,,,,$0.00,$0.00,$0.00,$0.00,Stripe,No,,Completed,Online,1,81ef688b-7fc0-422e-854d-a1975273d60c
GAR1037,UTSAV Garba 2025,26/09/2025,7:00 pm,Susan,Harris,susan.harris31@example.com,9352196263,03/08/2026 10:02 am,Online,Paid,1,0,$40.00,$0.00,$0.00,$0.00,$1.60,$0.00,$0.00,$0.00,$41.60,$0.00,$0.00,$0.00,$0.00,$40.00,$40.00,$0.00,,,,$0.00,$0.00,$0.00,$0.00,Stripe,No,,Completed,Online,1,b705e692-3faf-4b34-862e-27af67b4c897
GAR1038,UTSAV Garba 2025,26/09/2025,7:00 pm,Amber,Taylor,amber.taylor97@example.com,6970931706,21/07/2026 05:53 pm,Online,Paid,1,0,$40.00,$0.00,$0.00,$0.00,$1.60,$0.00,$0.00,$0.00,$41.60,$0.00,$0.00,$0.00,$0.00,$40.00,$40.00,$0.00,,,,$0.00,$0.00,$0.00,$0.00,Stripe,No,,Completed,Online,1,6fb0d297-7daf-438b-853f-1a4361874fa9
GAR1039,UTSAV Garba 2025,26/09/2025,7:00 pm,Melissa,Hayes,melissa.hayes52@example.com,1645345472,07/08/2026 03:38 pm,Online,Paid,2,0,$80.00,$0.00,$0.00,$0.00,$3.20,$0.00,$0.00,$0.00,$83.20,$0.00,$0.00,$0.00,$0.00,$80.00,$80.00,$0.00,,,,$0.00,$0.00,$0.00,$0.00,Stripe,Yes,,Completed,Online,2,87eb754a-995e-45bd-8465-3d5fa51f4e7c
GAR1040,UTSAV Garba 2025,26/09/2025,7:00 pm,Shawn,Lynch,shawn.lynch13@example.com,6503121980,11/08/2026 12:06 am,Online,Paid,1,0,$40.00,$0.00,$0.00,$0.00,$1.60,$0.00,$0.00,$0.00,$41.60,$0.00,$0.00,$0.00,$0.00,$40.00,$40.00,$0.00,,,,$0.00,$0.00,$0.00,$0.00,Stripe,Yes,,Completed,Online,1,2626c97d-73fe-4a93-8151-344eee9836b7
GAR1041,UTSAV Garba 2025,26/09/2025,7:00 pm,Joshua,Riddle,joshua.riddle8@example.com,4236428131,21/07/2026 08:12 pm,Online,Paid,2,0,$80.00,$0.00,$0.00,$0.00,$3.20,$0.00,$0.00,$0.00,$83.20,$0.00,$0.00,$0.00,$0.00,$80.00,$80.00,$0.00,,,,$0.00,$0.00,$0.00,$0.00,Stripe,No,,Completed,Online,2,df301cb5-c8c5-44fa-8879-4a56a7954d2b
GAR1042,UTSAV Garba 2025,26/09/2025,7:00 pm,George,Miller,george.miller96@example.com,4876230391,16/08/2026 02:36 pm,Online,Paid,3,0,$120.00,$0.00,$0.00,$0.00,$4.80,$0.00,$0.00,$0.00,$124.80,$0.00,$0.00,$0.00,$0.00,$120.00,$120.00,$0.00,,,,$0.00,$0.00,$0.00,$0.00,Stripe,No,,Completed,Online,3,88b12a44-2dc1-49dd-887c-1935d139e6d8
GAR1043,UTSAV Garba 2025,26/09/2025,7:00 pm,Wayne,Price,wayne.price57@example.com,8522823052,15/07/2026 06:00 am,Online,Paid,3,0,$120.00,$0.00,$0.00,$0.00,$4.80,$0.00,$0.00,$0.00,$124.80,$0.00,$0.00,$0.00,$0.00,$120.00,$120.00,$0.00,,,,$0.00,$0.00,$0.00,$0.00,Stripe,No,,Completed,Online,3,0e8db9f5-e514-4d91-8127-8cf9803bd70b
GAR1044,UTSAV Garba 2025,26/09/2025,7:00 pm,Joyce,Arnold,joyce.arnold7@example.com,0722395947,25/07/2026 06:24 pm,Online,Paid,2,0,$80.00,$0.00,$0.00,$0.00,$3.20,$0.00,$0.00,$0.00,$83.20,$0.00,$0.00,$0.00,$0.00,$80.00,$80.00,$0.00,,,,$0.00,$0.00,$0.00,$0.00,Stripe,Yes,,Completed,Online,2,3f8b015e-b6a3-4409-9c20-d86bb5d044fb
GAR1045,UTSAV Garba 2025,26/09/2025,7:00 pm,Daniel,Hamilton,daniel.hamilton1@example.com,1620478768,16/07/2026 05:31 pm,Online,Paid,1,0,$40.00,$0.00,$0.00,$0.00,$1.60,$0.00,$0.00,$0.00,$41.60,$0.00,$0.00,$0.00,$0.00,$40.00,$40.00,$0.00,,,,$0.00,$0.00,$0.00,$0.00,Stripe,Yes,,Completed,Online,1,f17b25ef-a5b8-4158-b64c-81bf77746c09
GAR1046,UTSAV Garba 2025,26/09/2025,7:00 pm,Gregory,Anderson,gregory.anderson57@example.com,4862872031,30/07/2026 04:12 pm,Online,Paid,3,0,$120.00,$0.00,$0.00,$0.00,$4.80,$0.00,$0.00,$0.00,$124.80,$0.00,$0.00,$0.00,$0.00,$120.00,$120.00,$0.00,,,,$0.00,$0.00,$0.00,$0.00,Stripe,No,,Completed,Online,3,6993e611-e777-4ef5-9ab9-ae1b1d93c7bd
GAR1047,UTSAV Garba 2025,26/09/2025,7:00 pm,Philip,Larson,philip.larson99@example.com,5057303627,25/07/2026 07:53 am,Online,Paid,1,0,$40.00,$0.00,$0.00,$0.00,$1.60,$0.00,$0.00,$0.00,$41.60,$0.00,$0.00,$0.00,$0.00,$40.00,$40.00,$0.00,,,,$0.00,$0.00,$0.00,$0.00,Stripe,No,,Completed,Online,1,043159ef-246e-470f-be97-037d6577e64d
GAR1048,UTSAV Garba 2025,26/09/2025,7:00 pm,Ashlee,Washington,ashlee.washington70@example.com,4767753726,14/08/2026 12:41 pm,Online,Paid,1,0,$40.00,$0.00,$0.00,$0.00,$1.60,$0.00,$0.00,$0.00,$41.60,$0.00,$0.00,$0.00,$0.00,$40.00,$40.00,$0.00,,,,$0.00,$0.00,$0.00,$0.00,Stripe,No,,Completed,Online,1,19edcdbc-ec39-412e-a3d8-89fae5a456d8
GAR1049,UTSAV Garba 2025,26/09/2025,7:00 pm,David,Richardson,david.richardson54@example.com,5766194588,21/07/2026 10:19 pm,Online,Paid,3,0,$120.00,$0.00,$0.00,$0.00,$4.80,$0.00,$0.00,$0.00,$124.80,$0.00,$0.00,$0.00,$0.00,$120.00,$120.00,$0.00,,,,$0.00,$0.00,$0.00,$0.00,Stripe,Yes,,Completed,Online,3,3187dc09-54da-4012-9a3c-49e011586f46
GAR1050,UTSAV Garba 2025,26/09/2025,7:00 pm,Tara,White,tara.white21@example.com,0128400838,22/07/2026 12:17 pm,Manual,Paid,1,0,$40.00,$0.00,$0.00,$0.00,$1.60,$0.00,$0.00,$0.00,$41.60,$0.00,$0.00,$0.00,$0.00,$40.00,$40.00,$0.00,,,,$0.00,$0.00,$0.00,$0.00,Stripe,No,,Completed,Manual,1,9ce8b890-cc6b-4a6e-9583-b4db67460338
GAR1051,UTSAV Garba 2025,26/09/2025,7:00 pm,Andrew,Hickman,andrew.hickman81@example.com,4508917768,28/07/2026 08:38 am,Online,Paid,1,0,$40.00,$0.00,$0.00,$0.00,$1.60,$0.00,$0.00,$0.00,$41.60,$0.00,$0.00,$0.00,$0.00,$40.00,$40.00,$0.00,,,,$0.00,$0.00,$0.00,$0.00,Stripe,No,,Completed,Online,1,f7d75510-ffa7-4ae1-9139-dd0f8185ca84
GAR1052,UTSAV Garba 2025,26/09/2025,7:00 pm,Mark,Cruz,mark.cruz70@example.com,5742231964,16/07/2026 09:19 am,Online,Paid,1,0,$40.00,$0.00,$0.00,$0.00,$1.60,$0.00,$0.00,$0.00,$41.60,$0.00,$0.00,$0.00,$0.00,$40.00,$40.00,$0.00,,,,$0.00,$0.00,$0.00,$0.00,Stripe,No,,Completed,Online,1,f41c7c7d-0319-4369-8d8b-876a0b4476b2
GAR1053,UTSAV Garba 2025,26/09/2025,7:00 pm,John,Jones,john.jones87@example.com,9362689430,15/07/2026 02:14 pm,Manual,Paid,2,0,$80.00,$0.00,$0.00,$0.00,$3.20,$0.00,$0.00,$0.00,$83.20,$0.00,$0.00,$0.00,$0.00,$80.00,$80.00,$0.00,,,,$0.00,$0.00,$0.00,$0.00,Stripe,No,,Completed,Manual,2,c979a0e1-7b8f-47cf-ba2c-43ec43f84fcf
GAR1054,UTSAV Garba 2025,26/09/2025,7:00 pm,Ryan,Simon,ryan.simon60@example.com,2711759574,12/07/2026 11:40 pm,Online,Paid,1,0,$40.00,$0.00,$0.00,$0.00,$1.60,$0.00,$0.00,$0.00,$41.60,$0.00,$0.00,$0.00,$0.00,$40.00,$40.00,$0.00,,,,$0.00,$0.00,$0.00,$0.00,Stripe,No,,Completed,Online,1,bdfb0259-d07b-4c55-a6bd-4bbce3a0aa3c
GAR1055,UTSAV Garba 2025,26/09/2025,7:00 pm,Darlene,Ross,darlene.ross15@example.com,8298493306,23/07/2026 07:15 am,Online,Paid,1,0,$40.00,$0.00,$0.00,$0.00,$1.60,$0.00,$0.00,$0.00,$41.60,$0.00,$0.00,$0.00,$0.00,$40.00,$40.00,$0.00,,,,$0.00,$0.00,$0.00,$0.00,Stripe,Yes,,Completed,Online,1,7fb63b12-4cf2-4624-8243-0329f09fe936
GAR1056,UTSAV Garba 2025,26/09/2025,7:00 pm,Sheila,Fischer,sheila.fischer49@example.com,0944128333,17/08/2026 08:19 am,Online,Paid,3,0,$120.00,$0.00,$0.00,$0.00,$4.80,$0.00,$0.00,$0.00,$124.80,$0.00,$0.00,$0.00,$0.00,$120.00,$120.00,$0.00,,,,$0.00,$0.00,$0.00,$0.00,Stripe,Yes,,Completed,Online,3,5ced1a62-817e-4840-8ace-3a10b2879bdd
GAR1057,UTSAV Garba 2025,26/09/2025,7:00 pm,Russell,Lewis,russell.lewis43@example.com,6954132971,26/07/2026 12:02 pm,Online,Paid,3,0,$120.00,$0.00,$0.00,$0.00,$4.80,$0.00,$0.00,$0.00,$124.80,$0.00,$0.00,$0.00,$0.00,$120.00,$120.00,$0.00,,,,$0.00,$0.00,$0.00,$0.00,Stripe,No,,Completed,Online,3,276f8e0d-6ea2-4b15-90a7-d3b967eaae63
GAR1058,UTSAV Garba 2025,26/09/2025,7:00 pm,Amy,Adkins,amy.adkins30@example.com,5514377693,26/07/2026 01:31 pm,Manual,Refunded,0,3,$0.00,$0.00,$0.00,$0.00,$0.00,$0.00,$0.00,$0.00,$0.00,$0.00,$0.00,$0.00,$0.00,$0.00,$0.00,$0.00,,,,$0.00,$0.00,$0.00,$0.00,Stripe,No,,Completed,Manual,3,cdf5a57f-9c4e-4e7f-be44-b4c74955f0b0
GAR1059,UTSAV Garba 2025,26/09/2025,7:00 pm,Robert,Washington,robert.washington42@example.com,9596111102,16/07/2026 08:09 pm,Online,Paid,1,0,$40.00,$0.00,$0.00,$0.00,$1.60,$0.00,$0.00,$0.00,$41.60,$0.00,$0.00,$0.00,$0.00,$40.00,$40.00,$0.00,,,,$0.00,$0.00,$0.00,$0.00,Stripe,Yes,,Completed,Online,1,f855ddab-ef33-4684-97a1-f56ee5865a54
GAR1060,UTSAV Garba 2025,26/09/2025,7:00 pm,Brittany,Price,brittany.price47@example.com,0072024559,10/08/2026 08:36 am,Online,Paid,1,0,$40.00,$0.00,$0.00,$0.00,$1.60,$0.00,$0.00,$0.00,$41.60,$0.00,$0.00,$0.00,$0.00,$40.00,$40.00,$0.00,,,,$0.00,$0.00,$0.00,$0.00,Stripe,No,,Completed,Online,1,1997b851-5484-4b4d-8f4c-ea72e493c415
GAR1061,UTSAV Garba 2025,26/09/2025,7:00 pm,Cynthia,Rogers,cynthia.rogers3@example.com,0903267149,11/07/2026 10:15 pm,Online,Paid,1,0,$40.00,$0.00,$0.00,$0.00,$1.60,$0.00,$0.00,$0.00,$41.60,$0.00,$0.00,$0.00,$0.00,$40.00,$40.00,$0.00,,,,$0.00,$0.00,$0.00,$0.00,Stripe,No,,Completed,Online,1,48d160c6-9cdc-446c-94f0-fd631259d654
GAR1062,UTSAV Garba 2025,26/09/2025,7:00 pm,Mary,Richardson,mary.richardson60@example.com,9428179340,15/07/2026 07:33 pm,Online,Paid,2,0,$80.00,$0.00,$0.00,$0.00,$3.20,$0.00,$0.00,$0.00,$83.20,$0.00,$0.00,$0.00,$0.00,$80.00,$80.00,$0.00,,,,$0.00,$0.00,$0.00,$0.00,Stripe,No,,Completed,Online,2,73d79809-cf6d-4802-b900-4406b1e58a88
GAR1063,UTSAV Garba 2025,26/09/2025,7:00 pm,Whitney,Hill,whitney.hill46@example.com,4663453372,24/07/2026 09:36 am,Manual,Paid,3,0,$120.00,$0.00,$0.00,$0.00,$4.80,$0.00,$0.00,$0.00,$124.80,$0.00,$0.00,$0.00,$0.00,$120.00,$120.00,$0.00,,,,$0.00,$0.00,$0.00,$0.00,Stripe,Yes,,Completed,Manual,3,1e22c6b2-e009-4827-9672-663f0f0a1d5b
GAR1064,UTSAV Garba 2025,26/09/2025,7:00 pm,Gina,Garner,gina.garner12@example.com,2214559376,16/07/2026 04:02 am,Online,Paid,2,0,$80.00,$0.00,$0.00,$0.00,$3.20,$0.00,$0.00,$0.00,$83.20,$0.00,$0.00,$0.00,$0.00,$80.00,$80.00,$0.00,,,,$0.00,$0.00,$0.00,$0.00,Stripe,No,,Completed,Online,2,effbd197-4d73-4782-9671-97ecbab8ad70
GAR1065,UTSAV Garba 2025,26/09/2025,7:00 pm,Jose,Edwards,jose.edwards59@example.com,0526351004,07/08/2026 01:32 am,Online,Paid,2,0,$80.00,$0.00,$0.00,$0.00,$3.20,$0.00,$0.00,$0.00,$83.20,$0.00,$0.00,$0.00,$0.00,$80.00,$80.00,$0.00,,,,$0.00,$0.00,$0.00,$0.00,Stripe,No,,Completed,Online,2,65c1e162-f76f-4c87-a888-475076a831c7
GAR1066,UTSAV Garba 2025,26/09/2025,7:00 pm,William,Ford,william.ford22@example.com,7256592024,09/08/2026 11:22 pm,Online,Paid,1,0,$40.00,$0.00,$0.00,$0.00,$1.60,$0.00,$0.00,$0.00,$41.60,$0.00,$0.00,$0.00,$0.00,$40.00,$40.00,$0.00,,,,$0.00,$0.00,$0.00,$0.00,Stripe,Yes,,Completed,Online,1,25ee52db-55a5-4ad7-bd05-bd92e0222432
GAR1067,UTSAV Garba 2025,26/09/2025,7:00 pm,Christopher,Williams,christopher.williams26@example.com,3897432600,12/07/2026 01:08 am,Online,Paid,3,0,$120.00,$0.00,$0.00,$0.00,$4.80,$0.00,$0.00,$0.00,$124.80,$0.00,$0.00,$0.00,$0.00,$120.00,$120.00,$0.00,,,,$0.00,$0.00,$0.00,$0.00,Stripe,Yes,,Completed,Online,3,1ac6e2bf-00b3-4478-9651-6ab65f7e7e7d
GAR1068,UTSAV Garba 2025,26/09/2025,7:00 pm,Jeremy,Frazier,jeremy.frazier50@example.com,3258486899,29/07/2026 05:42 am,Online,Paid,1,0,$40.00,$0.00,$0.00,$0.00,$1.60,$0.00,$0.00,$0.00,$41.60,$0.00,$0.00,$0.00,$0.00,$40.00,$40.00,$0.00,,,,$0.00,$0.00,$0.00,$0.00,Stripe,No,,Completed,Online,1,ccdf1d3e-bb34-44d1-b327-33efc50bd5b9
GAR1069,UTSAV Garba 2025,26/09/2025,7:00 pm,Andrew,Hickman,andrew.hickman81@example.com,8704506917,11/07/2026 10:42 pm,Online,Paid,3,0,$120.00,$0.00,$0.00,$0.00,$4.80,$0.00,$0.00,$0.00,$124.80,$0.00,$0.00,$0.00,$0.00,$120.00,$120.00,$0.00,,,,$0.00,$0.00,$0.00,$0.00,Stripe,Yes,,Completed,Online,3,50af9b53-ec4f-4838-bb1f-3a0d9267e278
GAR1070,UTSAV Garba 2025,26/09/2025,7:00 pm,Wanda,Santos,wanda.santos11@example.com,7440394640,11/08/2026 11:11 pm,Online,Refunded,0,2,$0.00,$0.00,$0.00,$0.00,$0.00,$0.00,$0.00,$0.00,$0.00,$0.00,$0.00,$0.00,$0.00,$0.00,$0.00,$0.00,,,,$0.00,$0.00,$0.00,$0.00,Stripe,No,,Completed,Online,2,73020b26-d24e-4a96-b3b6-d5ae38c7f236
GAR1071,UTSAV Garba 2025,26/09/2025,7:00 pm,Christopher,Walker,christopher.walker69@example.com,6014886084,19/07/2026 05:29 pm,Online,Paid,1,0,$40.00,$0.00,$0.00,$0.00,$1.60,$0.00,$0.00,$0.00,$41.60,$0.00,$0.00,$0.00,$0.00,$40.00,$40.00,$0.00,,,,$0.00,$0.00,$0.00,$0.00,Stripe,No,,Completed,Online,1,88ba1f6f-36a2-4607-9486-6e3cfd267a93
GAR1072,UTSAV Garba 2025,26/09/2025,7:00 pm,Jenna,Butler,jenna.butler17@example.com,1368528306,05/08/2026 04:46 am,Online,Paid,1,0,$40.00,$0.00,$0.00,$0.00,$1.60,$0.00,$0.00,$0.00,$41.60,$0.00,$0.00,$0.00,$0.00,$40.00,$40.00,$0.00,,,,$0.00,$0.00,$0.00,$0.00,Stripe,No,,Completed,Online,1,197634e5-054b-4fbb-bad8-66baf252f8f9
GAR1073,UTSAV Garba 2025,26/09/2025,7:00 pm,Jeremy,Roberts,jeremy.roberts65@example.com,2446263251,15/07/2026 11:22 am,Online,Paid,2,0,$80.00,$0.00,$0.00,$0.00,$3.20,$0.00,$0.00,$0.00,$83.20,$0.00,$0.00,$0.00,$0.00,$80.00,$80.00,$0.00,,,,$0.00,$0.00,$0.00,$0.00,Stripe,No,,Completed,Online,2,118f1972-a396-4c57-8c76-560fb109e971
GAR1074,UTSAV Garba 2025,26/09/2025,7:00 pm,Jared,Clark,jared.clark94@example.com,1031421751,13/07/2026 09:09 am,Online,Paid,2,0,$80.00,$0.00,$0.00,$0.00,$3.20,$0.00,$0.00,$0.00,$83.20,$0.00,$0.00,$0.00,$0.00,$80.00,$80.00,$0.00,,,,$0.00,$0.00,$0.00,$0.00,Stripe,No,,Completed,Online,2,ab01f101-7b32-4adb-9f41-c85182c273a9
GAR1075,UTSAV Garba 2025,26/09/2025,7:00 pm,Amanda,Little,amanda.little42@example.com,5152638409,03/08/2026 08:51 am,Manual,Paid,2,0,$80.00,$0.00,$0.00,$0.00,$3.20,$0.00,$0.00,$0.00,$83.20,$0.00,$0.00,$0.00,$0.00,$80.00,$80.00,$0.00,,,,$0.00,$0.00,$0.00,$0.00,Stripe,No,,Completed,Manual,2,85a7797f-290c-47eb-9793-f1952553ff33
GAR1076,UTSAV Garba 2025,26/09/2025,7:00 pm,Patricia,Hughes,patricia.hughes27@example.com,7505661863,11/08/2026 04:51 am,Online,Paid,1,0,$40.00,$0.00,$0.00,$0.00,$1.60,$0.00,$0.00,$0.00,$41.60,$0.00,$0.00,$0.00,$0.00,$40.00,$40.00,$0.00,,,,$0.00,$0.00,$0.00,$0.00,Stripe,Yes,,Completed,Online,1,961b53af-c601-422f-bbc1-9e2fa3327e99
GAR1077,UTSAV Garba 2025,26/09/2025,7:00 pm,Shawn,Chambers,shawn.chambers75@example.com,3787655300,08/08/2026 01:41 pm,Online,Paid,1,0,$40.00,$0.00,$0.00,$0.00,$1.60,$0.00,$0.00,$0.00,$41.60,$0.00,$0.00,$0.00,$0.00,$40.00,$40.00,$0.00,,,,$0.00,$0.00,$0.00,$0.00,Stripe,No,,Completed,Online,1,fcd77150-0462-4030-9afc-e6a6922913f1
GAR1078,UTSAV Garba 2025,26/09/2025,7:00 pm,William,Bryant,william.bryant59@example.com,5605712198,05/08/2026 07:51 am,Manual,Paid,3,0,$120.00,$0.00,$0.00,$0.00,$4.80,$0.00,$0.00,$0.00,$124.80,$0.00,$0.00,$0.00,$0.00,$120.00,$120.00,$0.00,,,,$0.00,$0.00,$0.00,$0.00,Stripe,No,,Completed,Manual,3,8db7c020-7e8d-4bb3-b932-b23322c1d7a1
GAR1079,UTSAV Garba 2025,26/09/2025,7:00 pm,James,Horton,james.horton73@example.com,1905348640,18/08/2026 06:11 am,Online,Paid,2,0,$80.00,$0.00,$0.00,$0.00,$3.20,$0.00,$0.00,$0.00,$83.20,$0.00,$0.00,$0.00,$0.00,$80.00,$80.00,$0.00,,,,$0.00,$0.00,$0.00,$0.00,Stripe,No,,Completed,Online,2,230d27b8-ff97-488e-b6cd-d0d1aa31e22b
GAR1080,UTSAV Garba 2025,26/09/2025,7:00 pm,Jennifer,Lewis,jennifer.lewis87@example.com,2456185174,06/08/2026 01:10 pm,Online,Paid,2,0,$80.00,$0.00,$0.00,$0.00,$3.20,$0.00,$0.00,$0.00,$83.20,$0.00,$0.00,$0.00,$0.00,$80.00,$80.00,$0.00,,,,$0.00,$0.00,$0.00,$0.00,Stripe,No,,Completed,Online,2,53e7ad02-48ff-4ea5-bb33-740c06b19eec
GAR1081,UTSAV Garba 2025,26/09/2025,7:00 pm,David,Torres,david.torres90@example.com,2899151145,17/07/2026 02:45 pm,Online,Paid,2,0,$80.00,$0.00,$0.00,$0.00,$3.20,$0.00,$0.00,$0.00,$83.20,$0.00,$0.00,$0.00,$0.00,$80.00,$80.00,$0.00,,,,$0.00,$0.00,$0.00,$0.00,Stripe,No,,Completed,Online,2,cce52711-950c-4835-b659-fa8c938fb1ef
GAR1082,UTSAV Garba 2025,26/09/2025,7:00 pm,Justin,Lindsey,justin.lindsey36@example.com,4488189848,13/07/2026 11:36 am,Online,Paid,2,0,$80.00,$0.00,$0.00,$0.00,$3.20,$0.00,$0.00,$0.00,$83.20,$0.00,$0.00,$0.00,$0.00,$80.00,$80.00,$0.00,,,,$0.00,$0.00,$0.00,$0.00,Stripe,No,,Completed,Online,2,4fd82aba-0a6d-44ac-ae48-1499c096dbe4
GAR1083,UTSAV Garba 2025,26/09/2025,7:00 pm,Lisa,Barnes,lisa.barnes13@example.com,1540211901,15/08/2026 05:50 am,Online,Paid,3,0,$120.00,$0.00,$0.00,$0.00,$4.80,$0.00,$0.00,$0.00,$124.80,$0.00,$0.00,$0.00,$0.00,$120.00,$120.00,$0.00,,,,$0.00,$0.00,$0.00,$0.00,Stripe,No,,Completed,Online,3,8abe2e04-67ee-4fe9-9c72-e5cacf3b6e13
GAR1084,UTSAV Garba 2025,26/09/2025,7:00 pm,Lindsay,Francis,lindsay.francis2@example.com,9831522910,14/07/2026 01:51 pm,Online,Paid,1,0,$40.00,$0.00,$0.00,$0.00,$1.60,$0.00,$0.00,$0.00,$41.60,$0.00,$0.00,$0.00,$0.00,$40.00,$40.00,$0.00,,,,$0.00,$0.00,$0.00,$0.00,Stripe,Yes,,Completed,Online,1,d27a1a33-f511-4f36-bce4-808b2b5bce12
GAR1085,UTSAV Garba 2025,26/09/2025,7:00 pm,Christopher,Guerrero,christopher.guerrero98@example.com,6084937830,13/08/2026 02:21 am,Online,Paid,2,0,$80.00,$0.00,$0.00,$0.00,$3.20,$0.00,$0.00,$0.00,$83.20,$0.00,$0.00,$0.00,$0.00,$80.00,$80.00,$0.00,,,,$0.00,$0.00,$0.00,$0.00,Stripe,No,,Completed,Online,2,d334dce9-3145-44c5-a370-e0f7aab8cc30
GAR1086,UTSAV Garba 2025,26/09/2025,7:00 pm,Tammy,Montoya,tammy.montoya16@example.com,2696944391,30/07/2026 11:48 pm,Online,Paid,2,0,$80.00,$0.00,$0.00,$0.00,$3.20,$0.00,$0.00,$0.00,$83.20,$0.00,$0.00,$0.00,$0.00,$80.00,$80.00,$0.00,,,,$0.00,$0.00,$0.00,$0.00,Stripe,Yes,,Completed,Online,2,1d5720cd-fa52-43bb-805f-33377f67c68a
GAR1087,UTSAV Garba 2025,26/09/2025,7:00 pm,Anna,Torres,anna.torres22@example.com,4292913203,26/07/2026 05:24 am,Online,Paid,2,0,$80.00,$0.00,$0.00,$0.00,$3.20,$0.00,$0.00,$0.00,$83.20,$0.00,$0.00,$0.00,$0.00,$80.00,$80.00,$0.00,,,,$0.00,$0.00,$0.00,$0.00,Stripe,Yes,,Completed,Online,2,f718a6ad-2209-4d5f-a50c-4a03af1f1779
GAR1088,UTSAV Garba 2025,26/09/2025,7:00 pm,Albert,Taylor,albert.taylor71@example.com,9031061537,18/07/2026 09:59 pm,Online,Paid,1,0,$40.00,$0.00,$0.00,$0.00,$1.60,$0.00,$0.00,$0.00,$41.60,$0.00,$0.00,$0.00,$0.00,$40.00,$40.00,$0.00,,,,$0.00,$0.00,$0.00,$0.00,Stripe,No,,Completed,Online,1,fa2d0e68-533a-43b3-9e66-d8fade69c076
GAR1089,UTSAV Garba 2025,26/09/2025,7:00 pm,Eric,Yu,eric.yu52@example.com,7323653377,26/07/2026 10:37 am,Manual,Paid,1,0,$40.00,$0.00,$0.00,$0.00,$1.60,$0.00,$0.00,$0.00,$41.60,$0.00,$0.00,$0.00,$0.00,$40.00,$40.00,$0.00,,,,$0.00,$0.00,$0.00,$0.00,Stripe,No,,Completed,Manual,1,76ad57f1-6eec-40cb-80c8-5e9a408a5d2f
GAR1090,UTSAV Garba 2025,26/09/2025,7:00 pm,Richard,Hunter,richard.hunter61@example.com,7843614244,16/07/2026 02:16 pm,Online,Paid,2,0,$80.00,$0.00,$0.00,$0.00,$3.20,$0.00,$0.00,$0.00,$83.20,$0.00,$0.00,$0.00,$0.00,$80.00,$80.00,$0.00,,,,$0.00,$0.00,$0.00,$0.00,Stripe,No,,Completed,Online,2,87935d69-c33b-403e-8923-527f7925dc65
GAR1091,UTSAV Garba 2025,26/09/2025,7:00 pm,Tina,Herrera,tina.herrera38@example.com,5437347642,12/07/2026 10:55 pm,Online,Paid,1,0,$40.00,$0.00,$0.00,$0.00,$1.60,$0.00,$0.00,$0.00,$41.60,$0.00,$0.00,$0.00,$0.00,$40.00,$40.00,$0.00,,,,$0.00,$0.00,$0.00,$0.00,Stripe,No,,Completed,Online,1,c7f020cf-0463-4a5e-a22c-2fd2e7a166d2
GAR1092,UTSAV Garba 2025,26/09/2025,7:00 pm,Ashley,Andrews,ashley.andrews65@example.com,6388214584,19/07/2026 01:13 pm,Online,Paid,3,0,$120.00,$0.00,$0.00,$0.00,$4.80,$0.00,$0.00,$0.00,$124.80,$0.00,$0.00,$0.00,$0.00,$120.00,$120.00,$0.00,,,,$0.00,$0.00,$0.00,$0.00,Stripe,No,,Completed,Online,3,6759d978-bf14-4332-8f6a-648fcca97f81
GAR1093,UTSAV Garba 2025,26/09/2025,7:00 pm,Keith,Landry,keith.landry16@example.com,3443899827,11/07/2026 04:48 am,Online,Paid,2,0,$80.00,$0.00,$0.00,$0.00,$3.20,$0.00,$0.00,$0.00,$83.20,$0.00,$0.00,$0.00,$0.00,$80.00,$80.00,$0.00,,,,$0.00,$0.00,$0.00,$0.00,Stripe,No,,Completed,Online,2,c4bbf711-53ce-4524-8502-8ad9f568384d
GAR1094,UTSAV Garba 2025,26/09/2025,7:00 pm,Katherine,Thompson,katherine.thompson93@example.com,9507321464,06/08/2026 07:18 am,Online,Paid,2,0,$80.00,$0.00,$0.00,$0.00,$3.20,$0.00,$0.00,$0.00,$83.20,$0.00,$0.00,$0.00,$0.00,$80.00,$80.00,$0.00,,,,$0.00,$0.00,$0.00,$0.00,Stripe,Yes,,Completed,Online,2,d7876a50-ab7a-43e3-a6e6-6f92a0fc1ea8
GAR1095,UTSAV Garba 2025,26/09/2025,7:00 pm,Jeremy,Johnson,jeremy.johnson76@example.com,1679335055,16/08/2026 08:59 pm,Online,Paid,1,0,$40.00,$0.00,$0.00,$0.00,$1.60,$0.00,$0.00,$0.00,$41.60,$0.00,$0.00,$0.00,$0.00,$40.00,$40.00,$0.00,,,,$0.00,$0.00,$0.00,$0.00,Stripe,No,,Completed,Online,1,6e4a6daa-3a42-47f3-be3f-1d45555b9d60
GAR1096,UTSAV Garba 2025,26/09/2025,7:00 pm,Bonnie,Kennedy,bonnie.kennedy18@example.com,1192360376,16/08/2026 06:02 pm,Online,Paid,2,0,$80.00,$0.00,$0.00,$0.00,$3.20,$0.00,$0.00,$0.00,$83.20,$0.00,$0.00,$0.00,$0.00,$80.00,$80.00,$0.00,,,,$0.00,$0.00,$0.00,$0.00,Stripe,No,,Completed,Online,2,8c6ef4cd-f9d6-4e8e-bd61-de15ae53719c
GAR1097,UTSAV Garba 2025,26/09/2025,7:00 pm,Brenda,Goodwin,brenda.goodwin81@example.com,3335104096,27/07/2026 02:51 pm,Online,Paid,2,0,$80.00,$0.00,$0.00,$0.00,$3.20,$0.00,$0.00,$0.00,$83.20,$0.00,$0.00,$0.00,$0.00,$80.00,$80.00,$0.00,,,,$0.00,$0.00,$0.00,$0.00,Stripe,Yes,,Completed,Online,2,35868ed1-e4a2-418e-b328-8280e3ca0915
GAR1098,UTSAV Garba 2025,26/09/2025,7:00 pm,Brianna,Bell,brianna.bell71@example.com,9114983074,14/07/2026 01:18 am,Online,Paid,2,0,$80.00,$0.00,$0.00,$0.00,$3.20,$0.00,$0.00,$0.00,$83.20,$0.00,$0.00,$0.00,$0.00,$80.00,$80.00,$0.00,,,,$0.00,$0.00,$0.00,$0.00,Stripe,No,,Completed,Online,2,d12b32e6-7d53-4cdc-9790-6117ed1d4adb
GAR1099,UTSAV Garba 2025,26/09/2025,7:00 pm,Jeffrey,Dudley,jeffrey.dudley23@example.com,5118939406,18/08/2026 02:33 am,Online,Paid,2,0,$80.00,$0.00,$0.00,$0.00,$3.20,$0.00,$0.00,$0.00,$83.20,$0.00,$0.00,$0.00,$0.00,$80.00,$80.00,$0.00,,,,$0.00,$0.00,$0.00,$0.00,Stripe,No,,Completed,Online,2,06e2e080-2a0f-41e4-b229-0f1c8e68d0c1
GAR1100,UTSAV Garba 2025,26/09/2025,7:00 pm,Maria,Scott,maria.scott55@example.com,4322302333,08/08/2026 05:25 am,Online,Paid,3,0,$120.00,$0.00,$0.00,$0.00,$4.80,$0.00,$0.00,$0.00,$124.80,$0.00,$0.00,$0.00,$0.00,$120.00,$120.00,$0.00,,,,$0.00,$0.00,$0.00,$0.00,Stripe,No,,Completed,Online,3,39c29259-7310-453d-a962-a21a0fafba84
GAR1101,UTSAV Garba 2025,26/09/2025,7:00 pm,Gerald,Lewis,gerald.lewis87@example.com,1354621276,03/08/2026 12:51 pm,Online,Paid,2,0,$80.00,$0.00,$0.00,$0.00,$3.20,$0.00,$0.00,$0.00,$83.20,$0.00,$0.00,$0.00,$0.00,$80.00,$80.00,$0.00,,,,$0.00,$0.00,$0.00,$0.00,Stripe,No,,Completed,Online,2,af376fbe-2cd3-4317-8874-a1c508fe3f40
GAR1102,UTSAV Garba 2025,26/09/2025,7:00 pm,Andrew,Lee,andrew.lee99@example.com,1123126163,12/08/2026 06:46 am,Online,Paid,1,0,$40.00,$0.00,$0.00,$0.00,$1.60,$0.00,$0.00,$0.00,$41.60,$0.00,$0.00,$0.00,$0.00,$40.00,$40.00,$0.00,,,,$0.00,$0.00,$0.00,$0.00,Stripe,Yes,,Completed,Online,1,ad592953-e242-47fc-8e14-4e1fb6b6815c
GAR1103,UTSAV Garba 2025,26/09/2025,7:00 pm,Gregory,Watkins,gregory.watkins17@example.com,7298937629,31/07/2026 02:42 am,Online,Paid,2,0,$80.00,$0.00,$0.00,$0.00,$3.20,$0.00,$0.00,$0.00,$83.20,$0.00,$0.00,$0.00,$0.00,$80.00,$80.00,$0.00,,,,$0.00,$0.00,$0.00,$0.00,Stripe,No,,Completed,Online,2,ed1c4d70-36d2-4823-9b35-4089429e5882
GAR1104,UTSAV Garba 2025,26/09/2025,7:00 pm,Rachel,Wallace,rachel.wallace93@example.com,3646871912,08/08/2026 12:17 am,Online,Paid,2,0,$80.00,$0.00,$0.00,$0.00,$3.20,$0.00,$0.00,$0.00,$83.20,$0.00,$0.00,$0.00,$0.00,$80.00,$80.00,$0.00,,,,$0.00,$0.00,$0.00,$0.00,Stripe,No,,Completed,Online,2,8f6068e7-1cf8-4fc4-9b6f-df8bf316891d
GAR1105,UTSAV Garba 2025,26/09/2025,7:00 pm,Justin,Garcia,justin.garcia7@example.com,0828323089,29/07/2026 02:27 am,Online,Paid,1,0,$40.00,$0.00,$0.00,$0.00,$1.60,$0.00,$0.00,$0.00,$41.60,$0.00,$0.00,$0.00,$0.00,$40.00,$40.00,$0.00,,,,$0.00,$0.00,$0.00,$0.00,Stripe,No,,Completed,Online,1,56d00a82-1564-4478-8d62-0ba689fc17cf
GAR1106,UTSAV Garba 2025,26/09/2025,7:00 pm,Amy,Gibbs,amy.gibbs53@example.com,4458220673,30/07/2026 09:17 pm,Online,Paid,1,0,$40.00,$0.00,$0.00,$0.00,$1.60,$0.00,$0.00,$0.00,$41.60,$0.00,$0.00,$0.00,$0.00,$40.00,$40.00,$0.00,,,,$0.00,$0.00,$0.00,$0.00,Stripe,No,,Completed,Online,1,713db204-9ff5-446e-a5d7-ad5e8498b40a
GAR1107,UTSAV Garba 2025,26/09/2025,7:00 pm,James,Hicks,james.hicks51@example.com,5724500000,13/07/2026 04:40 am,Online,Paid,2,0,$80.00,$0.00,$0.00,$0.00,$3.20,$0.00,$0.00,$0.00,$83.20,$0.00,$0.00,$0.00,$0.00,$80.00,$80.00,$0.00,,,,$0.00,$0.00,$0.00,$0.00,Stripe,No,,Completed,Online,2,ced7430d-be00-40cb-81ef-5aef2a38746e
GAR1108,UTSAV Garba 2025,26/09/2025,7:00 pm,Craig,Johnson,craig.johnson30@example.com,1371785090,04/08/2026 06:04 am,Online,Paid,1,0,$40.00,$0.00,$0.00,$0.00,$1.60,$0.00,$0.00,$0.00,$41.60,$0.00,$0.00,$0.00,$0.00,$40.00,$40.00,$0.00,,,,$0.00,$0.00,$0.00,$0.00,Stripe,No,,Completed,Online,1,cb70c67b-1d7a-4727-ac13-e4e8610918c9
GAR1109,UTSAV Garba 2025,26/09/2025,7:00 pm,Melissa,Short,melissa.short13@example.com,4421829987,15/08/2026 01:33 am,Online,Paid,3,0,$120.00,$0.00,$0.00,$0.00,$4.80,$0.00,$0.00,$0.00,$124.80,$0.00,$0.00,$0.00,$0.00,$120.00,$120.00,$0.00,,,,$0.00,$0.00,$0.00,$0.00,Stripe,No,,Completed,Online,3,268c3b15-139c-4fd6-849a-cd85e9066120
GAR1110,UTSAV Garba 2025,26/09/2025,7:00 pm,Joshua,Taylor,joshua.taylor18@example.com,8905670867,17/07/2026 06:17 am,Online,Paid,3,0,$120.00,$0.00,$0.00,$0.00,$4.80,$0.00,$0.00,$0.00,$124.80,$0.00,$0.00,$0.00,$0.00,$120.00,$120.00,$0.00,,,,$0.00,$0.00,$0.00,$0.00,Stripe,No,,Completed,Online,3,42e397d9-a97b-43bd-80b7-36360c81a3cc
GAR1111,UTSAV Garba 2025,26/09/2025,7:00 pm,John,Weber,john.weber33@example.com,5515848266,13/08/2026 10:54 pm,Online,Paid,2,0,$80.00,$0.00,$0.00,$0.00,$3.20,$0.00,$0.00,$0.00,$83.20,$0.00,$0.00,$0.00,$0.00,$80.00,$80.00,$0.00,,,,$0.00,$0.00,$0.00,$0.00,Stripe,No,,Completed,Online,2,44f801b9-cc36-4369-a636-c24569b88f33
GAR1112,UTSAV Garba 2025,26/09/2025,7:00 pm,Joshua,Miller,joshua.miller84@example.com,5054296080,30/07/2026 08:44 am,Online,Paid,1,0,$40.00,$0.00,$0.00,$0.00,$1.60,$0.00,$0.00,$0.00,$41.60,$0.00,$0.00,$0.00,$0.00,$40.00,$40.00,$0.00,,,,$0.00,$0.00,$0.00,$0.00,Stripe,No,,Completed,Online,1,9a2363fe-6901-488c-bd8a-3090353a044d
GAR1113,UTSAV Garba 2025,26/09/2025,7:00 pm,Stephanie,Ballard,stephanie.ballard60@example.com,9509822104,12/08/2026 07:03 pm,Online,Paid,1,0,$40.00,$0.00,$0.00,$0.00,$1.60,$0.00,$0.00,$0.00,$41.60,$0.00,$0.00,$0.00,$0.00,$40.00,$40.00,$0.00,,,,$0.00,$0.00,$0.00,$0.00,Stripe,No,,Completed,Online,1,1fcfcb8e-8750-4e7b-95bb-e3a440b87dc3
GAR1114,UTSAV Garba 2025,26/09/2025,7:00 pm,Tammy,Johnson,tammy.johnson48@example.com,4428773836,14/08/2026 03:02 am,Manual,Paid,1,0,$40.00,$0.00,$0.00,$0.00,$1.60,$0.00,$0.00,$0.00,$41.60,$0.00,$0.00,$0.00,$0.00,$40.00,$40.00,$0.00,,,,$0.00,$0.00,$0.00,$0.00,Stripe,No,,Completed,Manual,1,27a4f74d-3e02-49f6-848e-811766534f79
GAR1115,UTSAV Garba 2025,26/09/2025,7:00 pm,Jacob,Travis,jacob.travis35@example.com,6942894642,05/08/2026 03:44 pm,Online,Paid,4,0,$160.00,$0.00,$0.00,$0.00,$6.40,$0.00,$0.00,$0.00,$166.40,$0.00,$0.00,$0.00,$0.00,$160.00,$160.00,$0.00,,,,$0.00,$0.00,$0.00,$0.00,Stripe,Yes,,Completed,Online,4,5e460f1c-2169-40d1-b78c-bafcc1a8a33b
GAR1116,UTSAV Garba 2025,26/09/2025,7:00 pm,Linda,Melendez,linda.melendez61@example.com,3144170646,07/08/2026 01:50 pm,Online,Paid,1,0,$40.00,$0.00,$0.00,$0.00,$1.60,$0.00,$0.00,$0.00,$41.60,$0.00,$0.00,$0.00,$0.00,$40.00,$40.00,$0.00,,,,$0.00,$0.00,$0.00,$0.00,Stripe,No,,Completed,Online,1,df9b87b0-ddc4-48d2-8a65-8a7dc1f5e014
GAR1117,UTSAV Garba 2025,26/09/2025,7:00 pm,Jason,Taylor,jason.taylor39@example.com,3558243017,12/07/2026 01:25 am,Online,Paid,1,0,$40.00,$0.00,$0.00,$0.00,$1.60,$0.00,$0.00,$0.00,$41.60,$0.00,$0.00,$0.00,$0.00,$40.00,$40.00,$0.00,,,,$0.00,$0.00,$0.00,$0.00,Stripe,No,,Completed,Online,1,4a64cfcc-dcf3-45c6-87a0-29aecac6a853
GAR1118,UTSAV Garba 2025,26/09/2025,7:00 pm,Jessica,Simon,jessica.simon58@example.com,3153888245,30/07/2026 09:57 am,Online,Paid,1,0,$40.00,$0.00,$0.00,$0.00,$1.60,$0.00,$0.00,$0.00,$41.60,$0.00,$0.00,$0.00,$0.00,$40.00,$40.00,$0.00,,,,$0.00,$0.00,$0.00,$0.00,Stripe,Yes,,Completed,Online,1,ac7625b8-0fc0-4f77-b27b-14fdd4edc9d8
GAR1119,UTSAV Garba 2025,26/09/2025,7:00 pm,Miranda,Henry,miranda.henry31@example.com,4043333538,06/08/2026 06:01 am,Online,Paid,1,0,$40.00,$0.00,$0.00,$0.00,$1.60,$0.00,$0.00,$0.00,$41.60,$0.00,$0.00,$0.00,$0.00,$40.00,$40.00,$0.00,,,,$0.00,$0.00,$0.00,$0.00,Stripe,No,,Completed,Online,1,650c5ea2-1f47-4751-b579-0849e22bc2f8
GAR1120,UTSAV Garba 2025,26/09/2025,7:00 pm,Tammy,Lewis,tammy.lewis48@example.com,1119787180,07/08/2026 07:38 pm,Online,Paid,2,0,$80.00,$0.00,$0.00,$0.00,$3.20,$0.00,$0.00,$0.00,$83.20,$0.00,$0.00,$0.00,$0.00,$80.00,$80.00,$0.00,,,,$0.00,$0.00,$0.00,$0.00,Stripe,Yes,,Completed,Online,2,adc4b86d-a180-4e9b-9767-370097e3ab40
GAR1121,UTSAV Garba 2025,26/09/2025,7:00 pm,Aaron,Frost,aaron.frost98@example.com,2653060119,18/07/2026 03:07 am,Online,Paid,2,0,$80.00,$0.00,$0.00,$0.00,$3.20,$0.00,$0.00,$0.00,$83.20,$0.00,$0.00,$0.00,$0.00,$80.00,$80.00,$0.00,,,,$0.00,$0.00,$0.00,$0.00,Stripe,No,,Completed,Online,2,7632d4d4-1866-477e-a3ab-d48ffdcdd45c
GAR1122,UTSAV Garba 2025,26/09/2025,7:00 pm,Vanessa,Spencer,vanessa.spencer37@example.com,8800230091,16/08/2026 09:03 pm,Online,Paid,4,0,$160.00,$0.00,$0.00,$0.00,$6.40,$0.00,$0.00,$0.00,$166.40,$0.00,$0.00,$0.00,$0.00,$160.00,$160.00,$0.00,,,,$0.00,$0.00,$0.00,$0.00,Stripe,Yes,,Completed,Online,4,98e1e160-d66c-4da1-a0be-83948cbbca01
GAR1123,UTSAV Garba 2025,26/09/2025,7:00 pm,Xavier,Jimenez,xavier.jimenez90@example.com,3657744916,30/07/2026 08:09 pm,Online,Paid,2,0,$80.00,$0.00,$0.00,$0.00,$3.20,$0.00,$0.00,$0.00,$83.20,$0.00,$0.00,$0.00,$0.00,$80.00,$80.00,$0.00,,,,$0.00,$0.00,$0.00,$0.00,Stripe,Yes,,Completed,Online,2,cac5ebc7-9c18-47a3-9e2f-0318644a79cd
GAR1124,UTSAV Garba 2025,26/09/2025,7:00 pm,Ronald,Smith,ronald.smith15@example.com,1491189418,23/07/2026 09:28 pm,Online,Paid,2,0,$80.00,$0.00,$0.00,$0.00,$3.20,$0.00,$0.00,$0.00,$83.20,$0.00,$0.00,$0.00,$0.00,$80.00,$80.00,$0.00,,,,$0.00,$0.00,$0.00,$0.00,Stripe,No,,Completed,Online,2,57cb9719-7a33-47d0-87a6-c63c65a1ee9c
GAR1125,UTSAV Garba 2025,26/09/2025,7:00 pm,Tamara,Brown,tamara.brown85@example.com,6322399821,12/08/2026 02:14 am,Online,Paid,3,0,$120.00,$0.00,$0.00,$0.00,$4.80,$0.00,$0.00,$0.00,$124.80,$0.00,$0.00,$0.00,$0.00,$120.00,$120.00,$0.00,,,,$0.00,$0.00,$0.00,$0.00,Stripe,No,,Completed,Online,3,13a5893a-6b13-4d0a-9673-28bc55cf185a
GAR1126,UTSAV Garba 2025,26/09/2025,7:00 pm,Amber,Vance,amber.vance80@example.com,4288605053,14/07/2026 12:08 am,Online,Paid,2,0,$80.00,$0.00,$0.00,$0.00,$3.20,$0.00,$0.00,$0.00,$83.20,$0.00,$0.00,$0.00,$0.00,$80.00,$80.00,$0.00,,,,$0.00,$0.00,$0.00,$0.00,Stripe,No,,Completed,Online,2,be66de49-ca6d-4803-b75e-a48f6f747d68
GAR1127,UTSAV Garba 2025,26/09/2025,7:00 pm,David,Parker,david.parker58@example.com,1260030835,12/07/2026 05:12 am,Manual,Paid,2,0,$80.00,$0.00,$0.00,$0.00,$3.20,$0.00,$0.00,$0.00,$83.20,$0.00,$0.00,$0.00,$0.00,$80.00,$80.00,$0.00,,,,$0.00,$0.00,$0.00,$0.00,Stripe,No,,Completed,Manual,2,c342adc9-df09-451f-9173-bd6d16a00e13
GAR1128,UTSAV Garba 2025,26/09/2025,7:00 pm,Timothy,Morales,timothy.morales25@example.com,7153123455,11/07/2026 11:20 am,Online,Refunded,0,1,$0.00,$0.00,$0.00,$0.00,$0.00,$0.00,$0.00,$0.00,$0.00,$0.00,$0.00,$0.00,$0.00,$0.00,$0.00,$0.00,,,,$0.00,$0.00,$0.00,$0.00,Stripe,No,,Completed,Online,1,92714fea-6fad-4460-aef3-8ed18cdfe58d
GAR1129,UTSAV Garba 2025,26/09/2025,7:00 pm,Makayla,Olson,makayla.olson72@example.com,6829384401,14/07/2026 03:37 pm,Online,Paid,3,0,$120.00,$0.00,$0.00,$0.00,$4.80,$0.00,$0.00,$0.00,$124.80,$0.00,$0.00,$0.00,$0.00,$120.00,$120.00,$0.00,,,,$0.00,$0.00,$0.00,$0.00,Stripe,No,,Completed,Online,3,fc32964b-871e-4c56-8b37-38c20144fe67
GAR1130,UTSAV Garba 2025,26/09/2025,7:00 pm,Leah,Norton,leah.norton81@example.com,5437882603,27/07/2026 08:36 pm,Online,Paid,3,0,$120.00,$0.00,$0.00,$0.00,$4.80,$0.00,$0.00,$0.00,$124.80,$0.00,$0.00,$0.00,$0.00,$120.00,$120.00,$0.00,,,,$0.00,$0.00,$0.00,$0.00,Stripe,No,,Completed,Online,3,1a3bc8d8-0dab-4507-9fc7-737cb94eb6f8
GAR1131,UTSAV Garba 2025,26/09/2025,7:00 pm,Kevin,Williams,kevin.williams82@example.com,0908599144,05/08/2026 10:08 am,Manual,Paid,1,0,$40.00,$0.00,$0.00,$0.00,$1.60,$0.00,$0.00,$0.00,$41.60,$0.00,$0.00,$0.00,$0.00,$40.00,$40.00,$0.00,,,,$0.00,$0.00,$0.00,$0.00,Stripe,No,,Completed,Manual,1,fdecc58d-73fe-41a3-bed0-24cbb6f37bd4
GAR1132,UTSAV Garba 2025,26/09/2025,7:00 pm,Donald,Collins,donald.collins41@example.com,6999699648,20/07/2026 08:43 am,Manual,Paid,1,0,$40.00,$0.00,$0.00,$0.00,$1.60,$0.00,$0.00,$0.00,$41.60,$0.00,$0.00,$0.00,$0.00,$40.00,$40.00,$0.00,,,,$0.00,$0.00,$0.00,$0.00,Stripe,No,,Completed,Manual,1,4ba9008d-85af-4680-a39f-6cc716f39bed
GAR1133,UTSAV Garba 2025,26/09/2025,7:00 pm,Jacob,Gill,jacob.gill9@example.com,9693259140,16/07/2026 01:42 am,Online,Paid,2,0,$80.00,$0.00,$0.00,$0.00,$3.20,$0.00,$0.00,$0.00,$83.20,$0.00,$0.00,$0.00,$0.00,$80.00,$80.00,$0.00,,,,$0.00,$0.00,$0.00,$0.00,Stripe,Yes,,Completed,Online,2,db5983d3-f990-43d8-8ad4-13f49e689a6c
GAR1134,UTSAV Garba 2025,26/09/2025,7:00 pm,Maria,Scott,maria.scott55@example.com,3123426698,17/07/2026 11:49 pm,Online,Paid,1,0,$40.00,$0.00,$0.00,$0.00,$1.60,$0.00,$0.00,$0.00,$41.60,$0.00,$0.00,$0.00,$0.00,$40.00,$40.00,$0.00,,,,$0.00,$0.00,$0.00,$0.00,Stripe,Yes,,Completed,Online,1,8ed31834-fd72-4fc2-85e0-c019b31e120d
GAR1135,UTSAV Garba 2025,26/09/2025,7:00 pm,John,Charles,john.charles69@example.com,1760723483,28/07/2026 08:31 pm,Online,Paid,1,0,$40.00,$0.00,$0.00,$0.00,$1.60,$0.00,$0.00,$0.00,$41.60,$0.00,$0.00,$0.00,$0.00,$40.00,$40.00,$0.00,,,,$0.00,$0.00,$0.00,$0.00,Stripe,No,,Completed,Online,1,9a36e49e-a99c-406e-ab8e-b99553663145
GAR1136,UTSAV Garba 2025,26/09/2025,7:00 pm,Christopher,Davis,christopher.davis12@example.com,8280405612,14/08/2026 07:34 pm,Online,Paid,2,0,$80.00,$0.00,$0.00,$0.00,$3.20,$0.00,$0.00,$0.00,$83.20,$0.00,$0.00,$0.00,$0.00,$80.00,$80.00,$0.00,,,,$0.00,$0.00,$0.00,$0.00,Stripe,No,,Completed,Online,2,cdf94cb5-8c9b-4aa6-87aa-240c57620a6f
GAR1137,UTSAV Garba 2025,26/09/2025,7:00 pm,Scott,Smith,scott.smith90@example.com,6958264186,12/08/2026 12:27 pm,Manual,Paid,1,0,$40.00,$0.00,$0.00,$0.00,$1.60,$0.00,$0.00,$0.00,$41.60,$0.00,$0.00,$0.00,$0.00,$40.00,$40.00,$0.00,,,,$0.00,$0.00,$0.00,$0.00,Stripe,No,,Completed,Manual,1,ec67f7b7-12a3-4b04-a15e-cdba682c3bb2
GAR1138,UTSAV Garba 2025,26/09/2025,7:00 pm,Dawn,Johnson,dawn.johnson33@example.com,8761238595,11/08/2026 05:57 pm,Manual,Paid,1,0,$40.00,$0.00,$0.00,$0.00,$1.60,$0.00,$0.00,$0.00,$41.60,$0.00,$0.00,$0.00,$0.00,$40.00,$40.00,$0.00,,,,$0.00,$0.00,$0.00,$0.00,Stripe,Yes,,Completed,Manual,1,8a9da702-660f-44e6-845d-3231c6f7cc83
GAR1139,UTSAV Garba 2025,26/09/2025,7:00 pm,Brandon,Obrien,brandon.obrien82@example.com,8400273008,16/07/2026 05:13 am,Online,Paid,2,0,$80.00,$0.00,$0.00,$0.00,$3.20,$0.00,$0.00,$0.00,$83.20,$0.00,$0.00,$0.00,$0.00,$80.00,$80.00,$0.00,,,,$0.00,$0.00,$0.00,$0.00,Stripe,No,,Completed,Online,2,1006e0eb-63a8-4422-a29e-ae63e8475ebd
GAR1140,UTSAV Garba 2025,26/09/2025,7:00 pm,Christopher,Moore,christopher.moore37@example.com,6831139500,18/08/2026 08:21 am,Online,Paid,1,0,$40.00,$0.00,$0.00,$0.00,$1.60,$0.00,$0.00,$0.00,$41.60,$0.00,$0.00,$0.00,$0.00,$40.00,$40.00,$0.00,,,,$0.00,$0.00,$0.00,$0.00,Stripe,No,,Completed,Online,1,477cbc8c-a5f6-44d7-9cb0-76a20e551d71
GAR1141,UTSAV Garba 2025,26/09/2025,7:00 pm,Kevin,Sharp,kevin.sharp83@example.com,5076283976,13/07/2026 12:47 pm,Online,Paid,4,0,$160.00,$0.00,$0.00,$0.00,$6.40,$0.00,$0.00,$0.00,$166.40,$0.00,$0.00,$0.00,$0.00,$160.00,$160.00,$0.00,,,,$0.00,$0.00,$0.00,$0.00,Stripe,No,,Completed,Online,4,4526aeed-47a0-4cda-a333-639f387364c1
GAR1142,UTSAV Garba 2025,26/09/2025,7:00 pm,Cynthia,Diaz,cynthia.diaz72@example.com,7794620726,11/07/2026 01:33 am,Online,Paid,2,0,$80.00,$0.00,$0.00,$0.00,$3.20,$0.00,$0.00,$0.00,$83.20,$0.00,$0.00,$0.00,$0.00,$80.00,$80.00,$0.00,,,,$0.00,$0.00,$0.00,$0.00,Stripe,No,,Completed,Online,2,8e32ebbf-04fb-4e52-9834-75e1231f1676
GAR1143,UTSAV Garba 2025,26/09/2025,7:00 pm,Christopher,Franklin,christopher.franklin36@example.com,7602991406,10/08/2026 01:21 pm,Online,Paid,1,0,$40.00,$0.00,$0.00,$0.00,$1.60,$0.00,$0.00,$0.00,$41.60,$0.00,$0.00,$0.00,$0.00,$40.00,$40.00,$0.00,,,,$0.00,$0.00,$0.00,$0.00,Stripe,No,,Completed,Online,1,32ccea25-31fd-4e5e-b865-61ef113145d2
GAR1144,UTSAV Garba 2025,26/09/2025,7:00 pm,Stephen,Rodriguez,stephen.rodriguez99@example.com,1255235617,18/07/2026 07:30 am,Online,Paid,1,0,$40.00,$0.00,$0.00,$0.00,$1.60,$0.00,$0.00,$0.00,$41.60,$0.00,$0.00,$0.00,$0.00,$40.00,$40.00,$0.00,,,,$0.00,$0.00,$0.00,$0.00,Stripe,No,,Completed,Online,1,ff011f14-d97b-400e-b475-717102b964d6
GAR1145,UTSAV Garba 2025,26/09/2025,7:00 pm,Paul,Hoffman,paul.hoffman4@example.com,1192061363,14/08/2026 11:22 am,Online,Paid,1,0,$40.00,$0.00,$0.00,$0.00,$1.60,$0.00,$0.00,$0.00,$41.60,$0.00,$0.00,$0.00,$0.00,$40.00,$40.00,$0.00,,,,$0.00,$0.00,$0.00,$0.00,Stripe,No,,Completed,Online,1,92ccadb2-8bce-4c24-bee9-58ac77bd00de
GAR1146,UTSAV Garba 2025,26/09/2025,7:00 pm,Lisa,Wilson,lisa.wilson52@example.com,1337184449,17/08/2026 11:45 am,Online,Paid,2,0,$80.00,$0.00,$0.00,$0.00,$3.20,$0.00,$0.00,$0.00,$83.20,$0.00,$0.00,$0.00,$0.00,$80.00,$80.00,$0.00,,,,$0.00,$0.00,$0.00,$0.00,Stripe,No,,Completed,Online,2,dd372743-240e-41db-8c3b-add852b19d01
GAR1147,UTSAV Garba 2025,26/09/2025,7:00 pm,Tamara,Novak,tamara.novak35@example.com,1644037341,25/07/2026 08:05 pm,Online,Paid,1,0,$40.00,$0.00,$0.00,$0.00,$1.60,$0.00,$0.00,$0.00,$41.60,$0.00,$0.00,$0.00,$0.00,$40.00,$40.00,$0.00,,,,$0.00,$0.00,$0.00,$0.00,Stripe,No,,Completed,Online,1,e7b0e27d-244b-405a-ad7c-b20d1bb868d5
GAR1148,UTSAV Garba 2025,26/09/2025,7:00 pm,Bonnie,Kennedy,bonnie.kennedy18@example.com,8221021798,28/07/2026 11:22 am,Online,Paid,1,0,$40.00,$0.00,$0.00,$0.00,$1.60,$0.00,$0.00,$0.00,$41.60,$0.00,$0.00,$0.00,$0.00,$40.00,$40.00,$0.00,,,,$0.00,$0.00,$0.00,$0.00,Stripe,Yes,,Completed,Online,1,f942fcb2-ee3a-4a8b-84f9-00cb42d757a8
GAR1149,UTSAV Garba 2025,26/09/2025,7:00 pm,Karen,Anderson,karen.anderson76@example.com,7973638318,26/07/2026 06:48 pm,Online,Paid,2,0,$80.00,$0.00,$0.00,$0.00,$3.20,$0.00,$0.00,$0.00,$83.20,$0.00,$0.00,$0.00,$0.00,$80.00,$80.00,$0.00,,,,$0.00,$0.00,$0.00,$0.00,Stripe,Yes,,Completed,Online,2,3a99bbcb-56a6-4db5-8776-d49a688e8d5d
GAR1150,UTSAV Garba 2025,26/09/2025,7:00 pm,Donna,Espinoza,donna.espinoza82@example.com,0798661770,01/08/2026 05:36 pm,Online,Paid,3,0,$120.00,$0.00,$0.00,$0.00,$4.80,$0.00,$0.00,$0.00,$124.80,$0.00,$0.00,$0.00,$0.00,$120.00,$120.00,$0.00,,,,$0.00,$0.00,$0.00,$0.00,Stripe,Yes,,Completed,Online,3,c7a69982-84ad-436e-a7b3-a154e67ae19a
GAR1151,UTSAV Garba 2025,26/09/2025,7:00 pm,Albert,Ballard,albert.ballard78@example.com,5068212235,10/08/2026 09:43 pm,Online,Paid,3,0,$120.00,$0.00,$0.00,$0.00,$4.80,$0.00,$0.00,$0.00,$124.80,$0.00,$0.00,$0.00,$0.00,$120.00,$120.00,$0.00,,,,$0.00,$0.00,$0.00,$0.00,Stripe,No,,Completed,Online,3,df9a7704-adc2-4f16-a4b3-0768fdfd984e
GAR1152,UTSAV Garba 2025,26/09/2025,7:00 pm,Jeffrey,Hayes,jeffrey.hayes97@example.com,5871469218,05/08/2026 03:09 am,Online,Paid,1,0,$40.00,$0.00,$0.00,$0.00,$1.60,$0.00,$0.00,$0.00,$41.60,$0.00,$0.00,$0.00,$0.00,$40.00,$40.00,$0.00,,,,$0.00,$0.00,$0.00,$0.00,Stripe,No,,Completed,Online,1,65dec4ed-915f-4bf9-93cf-ff732384bb95
GAR1153,UTSAV Garba 2025,26/09/2025,7:00 pm,Allen,Robertson,allen.robertson63@example.com,8984369984,17/08/2026 04:43 am,Online,Paid,1,0,$40.00,$0.00,$0.00,$0.00,$1.60,$0.00,$0.00,$0.00,$41.60,$0.00,$0.00,$0.00,$0.00,$40.00,$40.00,$0.00,,,,$0.00,$0.00,$0.00,$0.00,Stripe,No,,Completed,Online,1,09ac7ba5-eb28-43e6-a465-aed7207ad1d4
GAR1154,UTSAV Garba 2025,26/09/2025,7:00 pm,Ashley,Hall,ashley.hall10@example.com,9386948424,12/08/2026 02:13 pm,Online,Paid,2,0,$80.00,$0.00,$0.00,$0.00,$3.20,$0.00,$0.00,$0.00,$83.20,$0.00,$0.00,$0.00,$0.00,$80.00,$80.00,$0.00,,,,$0.00,$0.00,$0.00,$0.00,Stripe,No,,Completed,Online,2,10e681fd-a127-4663-8db4-daaa831fe884
GAR1155,UTSAV Garba 2025,26/09/2025,7:00 pm,Elizabeth,Williams,elizabeth.williams85@example.com,5788707152,04/08/2026 03:39 pm,Online,Paid,1,0,$40.00,$0.00,$0.00,$0.00,$1.60,$0.00,$0.00,$0.00,$41.60,$0.00,$0.00,$0.00,$0.00,$40.00,$40.00,$0.00,,,,$0.00,$0.00,$0.00,$0.00,Stripe,No,,Completed,Online,1,322c519f-7a44-467a-a3f7-8edf72948c64
GAR1156,UTSAV Garba 2025,26/09/2025,7:00 pm,Michelle,Cherry,michelle.cherry68@example.com,0974619177,31/07/2026 10:34 am,Online,Paid,1,0,$40.00,$0.00,$0.00,$0.00,$1.60,$0.00,$0.00,$0.00,$41.60,$0.00,$0.00,$0.00,$0.00,$40.00,$40.00,$0.00,,,,$0.00,$0.00,$0.00,$0.00,Stripe,Yes,,Completed,Online,1,db65e8d6-2660-473f-8abe-fd88626cea12
GAR1157,UTSAV Garba 2025,26/09/2025,7:00 pm,Brittney,Carter,brittney.carter63@example.com,8722589370,03/08/2026 05:32 pm,Manual,Paid,2,0,$80.00,$0.00,$0.00,$0.00,$3.20,$0.00,$0.00,$0.00,$83.20,$0.00,$0.00,$0.00,$0.00,$80.00,$80.00,$0.00,,,,$0.00,$0.00,$0.00,$0.00,Stripe,No,,Completed,Manual,2,2fad3d7e-a4bf-4846-a60a-3bdb002ae6c6
GAR1158,UTSAV Garba 2025,26/09/2025,7:00 pm,Kyle,Johnson,kyle.johnson33@example.com,5040566957,06/08/2026 12:28 am,Online,Paid,3,0,$120.00,$0.00,$0.00,$0.00,$4.80,$0.00,$0.00,$0.00,$124.80,$0.00,$0.00,$0.00,$0.00,$120.00,$120.00,$0.00,,,,$0.00,$0.00,$0.00,$0.00,Stripe,Yes,,Completed,Online,3,4793acb1-2afc-487e-9ff4-9019ac4a7701
GAR1159,UTSAV Garba 2025,26/09/2025,7:00 pm,Sharon,Collins,sharon.collins10@example.com,5544286796,14/08/2026 11:59 am,Online,Paid,2,0,$80.00,$0.00,$0.00,$0.00,$3.20,$0.00,$0.00,$0.00,$83.20,$0.00,$0.00,$0.00,$0.00,$80.00,$80.00,$0.00,,,,$0.00,$0.00,$0.00,$0.00,Stripe,No,,Completed,Online,2,4b4e52fd-9c83-42d2-90b2-b078d3936f3e
GAR1160,UTSAV Garba 2025,26/09/2025,7:00 pm,Jennifer,Zuniga,jennifer.zuniga42@example.com,2894633891,17/07/2026 03:37 pm,Manual,Paid,2,0,$80.00,$0.00,$0.00,$0.00,$3.20,$0.00,$0.00,$0.00,$83.20,$0.00,$0.00,$0.00,$0.00,$80.00,$80.00,$0.00,,,,$0.00,$0.00,$0.00,$0.00,Stripe,No,,Completed,Manual,2,ae372e39-af39-4095-9461-1ef142bf18d2
GAR1161,UTSAV Garba 2025,26/09/2025,7:00 pm,Sheena,Rosales,sheena.rosales72@example.com,8572562926,15/08/2026 03:11 am,Online,Paid,1,0,$40.00,$0.00,$0.00,$0.00,$1.60,$0.00,$0.00,$0.00,$41.60,$0.00,$0.00,$0.00,$0.00,$40.00,$40.00,$0.00,,,,$0.00,$0.00,$0.00,$0.00,Stripe,No,,Completed,Online,1,c81c597a-9ba1-4be2-879d-19c357e4267e
GAR1162,UTSAV Garba 2025,26/09/2025,7:00 pm,Edward,Velazquez,edward.velazquez73@example.com,3818655078,06/08/2026 04:19 am,Online,Paid,1,0,$40.00,$0.00,$0.00,$0.00,$1.60,$0.00,$0.00,$0.00,$41.60,$0.00,$0.00,$0.00,$0.00,$40.00,$40.00,$0.00,,,,$0.00,$0.00,$0.00,$0.00,Stripe,Yes,,Completed,Online,1,520872d3-9c21-4920-8400-7c5d530a542a
GAR1163,UTSAV Garba 2025,26/09/2025,7:00 pm,Scott,Washington,scott.washington4@example.com,4303491891,08/08/2026 09:25 pm,Online,Paid,1,0,$40.00,$0.00,$0.00,$0.00,$1.60,$0.00,$0.00,$0.00,$41.60,$0.00,$0.00,$0.00,$0.00,$40.00,$40.00,$0.00,,,,$0.00,$0.00,$0.00,$0.00,Stripe,No,,Completed,Online,1,32fb59fd-0c00-48ff-aa31-4f1d7bf7bf91
GAR1164,UTSAV Garba 2025,26/09/2025,7:00 pm,Daniel,Graham,daniel.graham34@example.com,9340153641,30/07/2026 05:58 pm,Online,Refunded,0,2,$0.00,$0.00,$0.00,$0.00,$0.00,$0.00,$0.00,$0.00,$0.00,$0.00,$0.00,$0.00,$0.00,$0.00,$0.00,$0.00,,,,$0.00,$0.00,$0.00,$0.00,Stripe,Yes,,Completed,Online,2,53e87b79-d3dd-4cf8-93a7-0e7d1b869a72
GAR1165,UTSAV Garba 2025,26/09/2025,7:00 pm,Matthew,Lane,matthew.lane98@example.com,2593678136,18/07/2026 07:09 am,Online,Paid,1,0,$40.00,$0.00,$0.00,$0.00,$1.60,$0.00,$0.00,$0.00,$41.60,$0.00,$0.00,$0.00,$0.00,$40.00,$40.00,$0.00,,,,$0.00,$0.00,$0.00,$0.00,Stripe,Yes,,Completed,Online,1,44087b43-9eea-45de-b5b5-777f041c4ba3
GAR1166,UTSAV Garba 2025,26/09/2025,7:00 pm,Carla,Smith,carla.smith95@example.com,1410527698,16/08/2026 01:34 pm,Online,Paid,2,0,$80.00,$0.00,$0.00,$0.00,$3.20,$0.00,$0.00,$0.00,$83.20,$0.00,$0.00,$0.00,$0.00,$80.00,$80.00,$0.00,,,,$0.00,$0.00,$0.00,$0.00,Stripe,No,,Completed,Online,2,9ae5fbbc-0f65-4cc9-8fbd-853a790f2b45
GAR1167,UTSAV Garba 2025,26/09/2025,7:00 pm,Ronald,Stephens,ronald.stephens75@example.com,7045238885,07/08/2026 11:26 pm,Online,Paid,1,0,$40.00,$0.00,$0.00,$0.00,$1.60,$0.00,$0.00,$0.00,$41.60,$0.00,$0.00,$0.00,$0.00,$40.00,$40.00,$0.00,,,,$0.00,$0.00,$0.00,$0.00,Stripe,Yes,,Completed,Online,1,cf2109f1-8eb2-42b8-94b5-6b05ef678fc8
GAR1168,UTSAV Garba 2025,26/09/2025,7:00 pm,Nicholas,Vega,nicholas.vega24@example.com,6059867874,15/08/2026 12:16 am,Online,Paid,1,0,$40.00,$0.00,$0.00,$0.00,$1.60,$0.00,$0.00,$0.00,$41.60,$0.00,$0.00,$0.00,$0.00,$40.00,$40.00,$0.00,,,,$0.00,$0.00,$0.00,$0.00,Stripe,No,,Completed,Online,1,829d03f5-567f-4e50-b4c3-13eb7e225d5c
GAR1169,UTSAV Garba 2025,26/09/2025,7:00 pm,Curtis,Barton,curtis.barton74@example.com,8596559428,23/07/2026 01:30 pm,Online,Paid,4,0,$160.00,$0.00,$0.00,$0.00,$6.40,$0.00,$0.00,$0.00,$166.40,$0.00,$0.00,$0.00,$0.00,$160.00,$160.00,$0.00,,,,$0.00,$0.00,$0.00,$0.00,Stripe,No,,Completed,Online,4,153e09ba-f7b6-434b-9e60-5b15e915a8f9
GAR1170,UTSAV Garba 2025,26/09/2025,7:00 pm,Victoria,Thomas,victoria.thomas43@example.com,5020002453,11/08/2026 02:14 am,Online,Paid,2,0,$80.00,$0.00,$0.00,$0.00,$3.20,$0.00,$0.00,$0.00,$83.20,$0.00,$0.00,$0.00,$0.00,$80.00,$80.00,$0.00,,,,$0.00,$0.00,$0.00,$0.00,Stripe,No,,Completed,Online,2,a484be3e-2191-490c-bc86-1a6af55db8b9
GAR1171,UTSAV Garba 2025,26/09/2025,7:00 pm,Martin,Campos,martin.campos15@example.com,5513055708,13/08/2026 03:01 pm,Online,Paid,1,0,$40.00,$0.00,$0.00,$0.00,$1.60,$0.00,$0.00,$0.00,$41.60,$0.00,$0.00,$0.00,$0.00,$40.00,$40.00,$0.00,,,,$0.00,$0.00,$0.00,$0.00,Stripe,No,,Completed,Online,1,19b1cec8-ae97-4869-aea1-51aabcf7bbc2
GAR1172,UTSAV Garba 2025,26/09/2025,7:00 pm,Andrea,Hickman,andrea.hickman73@example.com,8896699727,21/07/2026 11:33 am,Online,Paid,1,0,$40.00,$0.00,$0.00,$0.00,$1.60,$0.00,$0.00,$0.00,$41.60,$0.00,$0.00,$0.00,$0.00,$40.00,$40.00,$0.00,,,,$0.00,$0.00,$0.00,$0.00,Stripe,Yes,,Completed,Online,1,70e98f08-c9f0-4bd6-a327-85f7e61c4368
GAR1173,UTSAV Garba 2025,26/09/2025,7:00 pm,Veronica,Perez,veronica.perez53@example.com,6202582543,07/08/2026 11:08 am,Online,Paid,3,0,$120.00,$0.00,$0.00,$0.00,$4.80,$0.00,$0.00,$0.00,$124.80,$0.00,$0.00,$0.00,$0.00,$120.00,$120.00,$0.00,,,,$0.00,$0.00,$0.00,$0.00,Stripe,No,,Completed,Online,3,b5230821-2c41-46f7-9045-f17ece2db215
GAR1174,UTSAV Garba 2025,26/09/2025,7:00 pm,Nicholas,Arnold,nicholas.arnold4@example.com,2312392049,31/07/2026 02:24 pm,Online,Paid,2,0,$80.00,$0.00,$0.00,$0.00,$3.20,$0.00,$0.00,$0.00,$83.20,$0.00,$0.00,$0.00,$0.00,$80.00,$80.00,$0.00,,,,$0.00,$0.00,$0.00,$0.00,Stripe,Yes,,Completed,Online,2,17007953-e2ae-4508-8213-d090bd00ff19
GAR1175,UTSAV Garba 2025,26/09/2025,7:00 pm,Chelsea,Lee,chelsea.lee20@example.com,4723875082,30/07/2026 04:08 pm,Online,Paid,2,0,$80.00,$0.00,$0.00,$0.00,$3.20,$0.00,$0.00,$0.00,$83.20,$0.00,$0.00,$0.00,$0.00,$80.00,$80.00,$0.00,,,,$0.00,$0.00,$0.00,$0.00,Stripe,No,,Completed,Online,2,74be3766-aa47-4fc8-964b-a766b4c7573a
GAR1176,UTSAV Garba 2025,26/09/2025,7:00 pm,Eric,Pierce,eric.pierce34@example.com,5775458472,17/07/2026 07:25 am,Online,Paid,1,0,$40.00,$0.00,$0.00,$0.00,$1.60,$0.00,$0.00,$0.00,$41.60,$0.00,$0.00,$0.00,$0.00,$40.00,$40.00,$0.00,,,,$0.00,$0.00,$0.00,$0.00,Stripe,Yes,,Completed,Online,1,2477536f-534f-489b-885e-9e90f12ff03e
GAR1177,UTSAV Garba 2025,26/09/2025,7:00 pm,Courtney,Mason,courtney.mason70@example.com,6831608271,03/08/2026 12:49 pm,Online,Paid,1,0,$40.00,$0.00,$0.00,$0.00,$1.60,$0.00,$0.00,$0.00,$41.60,$0.00,$0.00,$0.00,$0.00,$40.00,$40.00,$0.00,,,,$0.00,$0.00,$0.00,$0.00,Stripe,No,,Completed,Online,1,32c52d76-370e-4b11-affe-e02e7508e10c
GAR1178,UTSAV Garba 2025,26/09/2025,7:00 pm,Colton,Clay,colton.clay88@example.com,9920522299,27/07/2026 04:21 pm,Online,Paid,2,0,$80.00,$0.00,$0.00,$0.00,$3.20,$0.00,$0.00,$0.00,$83.20,$0.00,$0.00,$0.00,$0.00,$80.00,$80.00,$0.00,,,,$0.00,$0.00,$0.00,$0.00,Stripe,No,,Completed,Online,2,19ceafee-f491-4ab0-abd3-46cbe1add4fa
GAR1179,UTSAV Garba 2025,26/09/2025,7:00 pm,Diane,Walker,diane.walker78@example.com,9143882325,07/08/2026 11:43 pm,Online,Paid,1,0,$40.00,$0.00,$0.00,$0.00,$1.60,$0.00,$0.00,$0.00,$41.60,$0.00,$0.00,$0.00,$0.00,$40.00,$40.00,$0.00,,,,$0.00,$0.00,$0.00,$0.00,Stripe,No,,Completed,Online,1,340407f4-8a48-48af-a4ff-5eecdb0f1685
GAR1180,UTSAV Garba 2025,26/09/2025,7:00 pm,Jennifer,Harris,jennifer.harris47@example.com,4617773264,22/07/2026 09:31 pm,Online,Paid,1,0,$40.00,$0.00,$0.00,$0.00,$1.60,$0.00,$0.00,$0.00,$41.60,$0.00,$0.00,$0.00,$0.00,$40.00,$40.00,$0.00,,,,$0.00,$0.00,$0.00,$0.00,Stripe,No,,Completed,Online,1,40ff5822-dd8d-4747-82d3-61aa5526db8e
GAR1181,UTSAV Garba 2025,26/09/2025,7:00 pm,Daniel,Bruce,daniel.bruce66@example.com,9127997029,01/08/2026 10:27 pm,Online,Paid,2,0,$80.00,$0.00,$0.00,$0.00,$3.20,$0.00,$0.00,$0.00,$83.20,$0.00,$0.00,$0.00,$0.00,$80.00,$80.00,$0.00,,,,$0.00,$0.00,$0.00,$0.00,Stripe,Yes,,Completed,Online,2,3f19ed0f-54c3-4b6d-8e31-275c297eb3ce
GAR1182,UTSAV Garba 2025,26/09/2025,7:00 pm,Jennifer,Mason,jennifer.mason29@example.com,8713752988,05/08/2026 09:51 am,Manual,Paid,1,0,$40.00,$0.00,$0.00,$0.00,$1.60,$0.00,$0.00,$0.00,$41.60,$0.00,$0.00,$0.00,$0.00,$40.00,$40.00,$0.00,,,,$0.00,$0.00,$0.00,$0.00,Stripe,Yes,,Completed,Manual,1,c0b4283a-acdb-425c-8ff4-40eb073024e4
GAR1183,UTSAV Garba 2025,26/09/2025,7:00 pm,Heather,Taylor,heather.taylor32@example.com,5608320048,17/08/2026 07:41 am,Online,Paid,2,0,$80.00,$0.00,$0.00,$0.00,$3.20,$0.00,$0.00,$0.00,$83.20,$0.00,$0.00,$0.00,$0.00,$80.00,$80.00,$0.00,,,,$0.00,$0.00,$0.00,$0.00,Stripe,No,,Completed,Online,2,dd16663a-8183-4bc0-80e2-cd0484c48ac0
GAR1184,UTSAV Garba 2025,26/09/2025,7:00 pm,Kevin,Williams,kevin.williams82@example.com,3585238600,01/08/2026 02:19 pm,Online,Paid,1,0,$40.00,$0.00,$0.00,$0.00,$1.60,$0.00,$0.00,$0.00,$41.60,$0.00,$0.00,$0.00,$0.00,$40.00,$40.00,$0.00,,,,$0.00,$0.00,$0.00,$0.00,Stripe,No,,Completed,Online,1,ec2be308-3c7d-43a0-8d56-a834fa5d8ae7
GAR1185,UTSAV Garba 2025,26/09/2025,7:00 pm,Jacob,Ramirez,jacob.ramirez97@example.com,9951715239,25/07/2026 12:50 pm,Online,Paid,2,0,$80.00,$0.00,$0.00,$0.00,$3.20,$0.00,$0.00,$0.00,$83.20,$0.00,$0.00,$0.00,$0.00,$80.00,$80.00,$0.00,,,,$0.00,$0.00,$0.00,$0.00,Stripe,No,,Completed,Online,2,c77afed5-2adf-4941-93c2-9f31a495dbf9
GAR1186,UTSAV Garba 2025,26/09/2025,7:00 pm,Eric,Yu,eric.yu52@example.com,0143748309,15/08/2026 01:21 pm,Online,Paid,1,0,$40.00,$0.00,$0.00,$0.00,$1.60,$0.00,$0.00,$0.00,$41.60,$0.00,$0.00,$0.00,$0.00,$40.00,$40.00,$0.00,,,,$0.00,$0.00,$0.00,$0.00,Stripe,Yes,,Completed,Online,1,15286855-7858-406c-bdff-67de6a63bd5b
GAR1187,UTSAV Garba 2025,26/09/2025,7:00 pm,Dylan,Lester,dylan.lester35@example.com,1912602213,18/07/2026 02:45 pm,Online,Paid,3,0,$120.00,$0.00,$0.00,$0.00,$4.80,$0.00,$0.00,$0.00,$124.80,$0.00,$0.00,$0.00,$0.00,$120.00,$120.00,$0.00,,,,$0.00,$0.00,$0.00,$0.00,Stripe,No,,Completed,Online,3,a901bdb8-c0ae-40f3-b770-014d68fd1179
GAR1188,UTSAV Garba 2025,26/09/2025,7:00 pm,Casey,Hubbard,casey.hubbard86@example.com,9111661220,15/07/2026 08:30 pm,Manual,Paid,1,0,$40.00,$0.00,$0.00,$0.00,$1.60,$0.00,$0.00,$0.00,$41.60,$0.00,$0.00,$0.00,$0.00,$40.00,$40.00,$0.00,,,,$0.00,$0.00,$0.00,$0.00,Stripe,No,,Completed,Manual,1,57cad887-b916-4c61-a2d0-0779724d3c00
GAR1189,UTSAV Garba 2025,26/09/2025,7:00 pm,Ashley,Hall,ashley.hall10@example.com,3393049366,05/08/2026 05:10 am,Online,Paid,1,0,$40.00,$0.00,$0.00,$0.00,$1.60,$0.00,$0.00,$0.00,$41.60,$0.00,$0.00,$0.00,$0.00,$40.00,$40.00,$0.00,,,,$0.00,$0.00,$0.00,$0.00,Stripe,No,,Completed,Online,1,74916018-2dc8-4e80-a90b-dc3a036ec6cb
GAR1190,UTSAV Garba 2025,26/09/2025,7:00 pm,Sarah,Jones,sarah.jones25@example.com,8124211408,04/08/2026 06:47 pm,Manual,Paid,1,0,$40.00,$0.00,$0.00,$0.00,$1.60,$0.00,$0.00,$0.00,$41.60,$0.00,$0.00,$0.00,$0.00,$40.00,$40.00,$0.00,,,,$0.00,$0.00,$0.00,$0.00,Stripe,Yes,,Completed,Manual,1,023ced0d-dc1e-49f4-964f-d4adec0389c1
GAR1191,UTSAV Garba 2025,26/09/2025,7:00 pm,Danielle,Tanner,danielle.tanner48@example.com,2294620935,01/08/2026 09:21 pm,Manual,Paid,1,0,$40.00,$0.00,$0.00,$0.00,$1.60,$0.00,$0.00,$0.00,$41.60,$0.00,$0.00,$0.00,$0.00,$40.00,$40.00,$0.00,,,,$0.00,$0.00,$0.00,$0.00,Stripe,Yes,,Completed,Manual,1,a7b85447-bc69-45e7-bdfb-0e2fcf7a9bd5
GAR1192,UTSAV Garba 2025,26/09/2025,7:00 pm,April,Hicks,april.hicks44@example.com,9952970137,10/07/2026 10:58 am,Online,Paid,1,0,$40.00,$0.00,$0.00,$0.00,$1.60,$0.00,$0.00,$0.00,$41.60,$0.00,$0.00,$0.00,$0.00,$40.00,$40.00,$0.00,,,,$0.00,$0.00,$0.00,$0.00,Stripe,No,,Completed,Online,1,5be87a2a-ef67-49d2-ac82-3a4130d569ed
GAR1193,UTSAV Garba 2025,26/09/2025,7:00 pm,Joseph,Flores,joseph.flores70@example.com,6423041202,31/07/2026 08:19 pm,Online,Paid,1,0,$40.00,$0.00,$0.00,$0.00,$1.60,$0.00,$0.00,$0.00,$41.60,$0.00,$0.00,$0.00,$0.00,$40.00,$40.00,$0.00,,,,$0.00,$0.00,$0.00,$0.00,Stripe,No,,Completed,Online,1,2975cef7-9d3f-404a-9ca0-678b1f8452fb
GAR1194,UTSAV Garba 2025,26/09/2025,7:00 pm,Candice,Carr,candice.carr27@example.com,4029907166,29/07/2026 02:26 am,Online,Paid,1,0,$40.00,$0.00,$0.00,$0.00,$1.60,$0.00,$0.00,$0.00,$41.60,$0.00,$0.00,$0.00,$0.00,$40.00,$40.00,$0.00,,,,$0.00,$0.00,$0.00,$0.00,Stripe,Yes,,Completed,Online,1,dc29aca7-2061-4cdd-a146-de313a6b65aa
GAR1195,UTSAV Garba 2025,26/09/2025,7:00 pm,David,Colon,david.colon78@example.com,5542034030,21/07/2026 09:12 am,Online,Paid,1,0,$40.00,$0.00,$0.00,$0.00,$1.60,$0.00,$0.00,$0.00,$41.60,$0.00,$0.00,$0.00,$0.00,$40.00,$40.00,$0.00,,,,$0.00,$0.00,$0.00,$0.00,Stripe,Yes,,Completed,Online,1,67d17836-e7b4-438b-a871-690e5cf9cefa
GAR1196,UTSAV Garba 2025,26/09/2025,7:00 pm,Miranda,Henry,miranda.henry31@example.com,5649157955,16/08/2026 05:10 pm,Online,Paid,1,0,$40.00,$0.00,$0.00,$0.00,$1.60,$0.00,$0.00,$0.00,$41.60,$0.00,$0.00,$0.00,$0.00,$40.00,$40.00,$0.00,,,,$0.00,$0.00,$0.00,$0.00,Stripe,No,,Completed,Online,1,7ac53288-4053-474e-bf00-3f8af21dfe36
GAR1197,UTSAV Garba 2025,26/09/2025,7:00 pm,Jim,Rios,jim.rios61@example.com,4760108018,12/08/2026 05:31 am,Online,Paid,1,0,$40.00,$0.00,$0.00,$0.00,$1.60,$0.00,$0.00,$0.00,$41.60,$0.00,$0.00,$0.00,$0.00,$40.00,$40.00,$0.00,,,,$0.00,$0.00,$0.00,$0.00,Stripe,No,,Completed,Online,1,bc9742d3-e955-4593-8e5c-5b2006d23bde
GAR1198,UTSAV Garba 2025,26/09/2025,7:00 pm,Stephen,Solis,stephen.solis99@example.com,1764172680,10/08/2026 07:37 am,Online,Refunded,0,1,$0.00,$0.00,$0.00,$0.00,$0.00,$0.00,$0.00,$0.00,$0.00,$0.00,$0.00,$0.00,$0.00,$0.00,$0.00,$0.00,,,,$0.00,$0.00,$0.00,$0.00,Stripe,No,,Completed,Online,1,ab91dd71-ba0d-44f5-8ff5-435718f1101e
GAR1199,UTSAV Garba 2025,26/09/2025,7:00 pm,Vanessa,Spencer,vanessa.spencer37@example.com,2901507138,24/07/2026 04:37 pm,Online,Paid,3,0,$120.00,$0.00,$0.00,$0.00,$4.80,$0.00,$0.00,$0.00,$124.80,$0.00,$0.00,$0.00,$0.00,$120.00,$120.00,$0.00,,,,$0.00,$0.00,$0.00,$0.00,Stripe,No,,Completed,Online,3,76421a9f-0dcb-4811-bf1a-d2201a06cff0
GAR1200,UTSAV Garba 2025,26/09/2025,7:00 pm,Pamela,Paul,pamela.paul8@example.com,1045847436,07/08/2026 04:49 am,Online,Paid,2,0,$80.00,$0.00,$0.00,$0.00,$3.20,$0.00,$0.00,$0.00,$83.20,$0.00,$0.00,$0.00,$0.00,$80.00,$80.00,$0.00,,,,$0.00,$0.00,$0.00,$0.00,Stripe,No,,Completed,Online,2,6f627524-90ac-4063-8476-444d0658a5a8
GAR1201,UTSAV Garba 2025,26/09/2025,7:00 pm,Erin,Pierce,erin.pierce67@example.com,7669470318,17/07/2026 11:54 am,Online,Paid,1,0,$40.00,$0.00,$0.00,$0.00,$1.60,$0.00,$0.00,$0.00,$41.60,$0.00,$0.00,$0.00,$0.00,$40.00,$40.00,$0.00,,,,$0.00,$0.00,$0.00,$0.00,Stripe,Yes,,Completed,Online,1,df466896-cdbc-4b08-abc9-fbb3fff03027
GAR1202,UTSAV Garba 2025,26/09/2025,7:00 pm,Peter,Harrison,peter.harrison31@example.com,2746662159,09/08/2026 05:05 pm,Online,Paid,1,0,$40.00,$0.00,$0.00,$0.00,$1.60,$0.00,$0.00,$0.00,$41.60,$0.00,$0.00,$0.00,$0.00,$40.00,$40.00,$0.00,,,,$0.00,$0.00,$0.00,$0.00,Stripe,No,,Completed,Online,1,da8f55c4-b310-40ed-a362-84b8d4a84c96
GAR1203,UTSAV Garba 2025,26/09/2025,7:00 pm,Malik,Valentine,malik.valentine98@example.com,0466614590,28/07/2026 10:24 pm,Online,Paid,1,0,$40.00,$0.00,$0.00,$0.00,$1.60,$0.00,$0.00,$0.00,$41.60,$0.00,$0.00,$0.00,$0.00,$40.00,$40.00,$0.00,,,,$0.00,$0.00,$0.00,$0.00,Stripe,No,,Completed,Online,1,aaa22344-7c53-4cb0-96a8-df54726a1844
GAR1204,UTSAV Garba 2025,26/09/2025,7:00 pm,Jodi,Stewart,jodi.stewart16@example.com,0049388194,28/07/2026 03:15 pm,Online,Paid,1,0,$40.00,$0.00,$0.00,$0.00,$1.60,$0.00,$0.00,$0.00,$41.60,$0.00,$0.00,$0.00,$0.00,$40.00,$40.00,$0.00,,,,$0.00,$0.00,$0.00,$0.00,Stripe,No,,Completed,Online,1,b52db8c8-ff5b-4d52-aaef-05913fd180e5
GAR1205,UTSAV Garba 2025,26/09/2025,7:00 pm,Jacob,Cox,jacob.cox11@example.com,0499809497,12/07/2026 11:22 pm,Online,Paid,3,0,$120.00,$0.00,$0.00,$0.00,$4.80,$0.00,$0.00,$0.00,$124.80,$0.00,$0.00,$0.00,$0.00,$120.00,$120.00,$0.00,,,,$0.00,$0.00,$0.00,$0.00,Stripe,No,,Completed,Online,3,394323c3-a38d-4e8c-be29-bddcfd5cd74e
GAR1206,UTSAV Garba 2025,26/09/2025,7:00 pm,Stacey,Tucker,stacey.tucker50@example.com,7971669841,04/08/2026 04:21 pm,Online,Paid,2,0,$80.00,$0.00,$0.00,$0.00,$3.20,$0.00,$0.00,$0.00,$83.20,$0.00,$0.00,$0.00,$0.00,$80.00,$80.00,$0.00,,,,$0.00,$0.00,$0.00,$0.00,Stripe,No,,Completed,Online,2,4962394f-7c26-49e1-b75e-5c72260027aa
GAR1207,UTSAV Garba 2025,26/09/2025,7:00 pm,Desiree,Garrison,desiree.garrison89@example.com,7943325623,16/08/2026 01:23 pm,Online,Paid,2,0,$80.00,$0.00,$0.00,$0.00,$3.20,$0.00,$0.00,$0.00,$83.20,$0.00,$0.00,$0.00,$0.00,$80.00,$80.00,$0.00,,,,$0.00,$0.00,$0.00,$0.00,Stripe,Yes,,Completed,Online,2,e976d79f-9186-42a1-9536-922e4a02d7c1
GAR1208,UTSAV Garba 2025,26/09/2025,7:00 pm,Angela,Jones,angela.jones14@example.com,0142620370,14/07/2026 08:27 pm,Online,Paid,2,0,$80.00,$0.00,$0.00,$0.00,$3.20,$0.00,$0.00,$0.00,$83.20,$0.00,$0.00,$0.00,$0.00,$80.00,$80.00,$0.00,,,,$0.00,$0.00,$0.00,$0.00,Stripe,Yes,,Completed,Online,2,16ca331c-1b0e-43e1-abe9-4560d820d362
GAR1209,UTSAV Garba 2025,26/09/2025,7:00 pm,David,Caldwell,david.caldwell10@example.com,0418135998,26/07/2026 10:16 am,Online,Paid,1,0,$40.00,$0.00,$0.00,$0.00,$1.60,$0.00,$0.00,$0.00,$41.60,$0.00,$0.00,$0.00,$0.00,$40.00,$40.00,$0.00,,,,$0.00,$0.00,$0.00,$0.00,Stripe,Yes,,Completed,Online,1,e5bf1379-2587-46a0-a69c-f4c872d627e9
GAR1210,UTSAV Garba 2025,26/09/2025,7:00 pm,Kyle,Brown,kyle.brown47@example.com,0889480186,14/07/2026 06:36 pm,Online,Paid,2,0,$80.00,$0.00,$0.00,$0.00,$3.20,$0.00,$0.00,$0.00,$83.20,$0.00,$0.00,$0.00,$0.00,$80.00,$80.00,$0.00,,,,$0.00,$0.00,$0.00,$0.00,Stripe,No,,Completed,Online,2,1ec83ceb-c201-426f-a924-b4722363bd37
GAR1211,UTSAV Garba 2025,26/09/2025,7:00 pm,Veronica,Casey,veronica.casey83@example.com,8839785708,28/07/2026 12:13 am,Online,Paid,2,0,$80.00,$0.00,$0.00,$0.00,$3.20,$0.00,$0.00,$0.00,$83.20,$0.00,$0.00,$0.00,$0.00,$80.00,$80.00,$0.00,,,,$0.00,$0.00,$0.00,$0.00,Stripe,No,,Completed,Online,2,6b35a9b9-0bfc-4c45-8a43-aa23426ea2f9
GAR1212,UTSAV Garba 2025,26/09/2025,7:00 pm,Joseph,Zuniga,joseph.zuniga92@example.com,1236914961,28/07/2026 09:45 pm,Online,Paid,3,0,$120.00,$0.00,$0.00,$0.00,$4.80,$0.00,$0.00,$0.00,$124.80,$0.00,$0.00,$0.00,$0.00,$120.00,$120.00,$0.00,,,,$0.00,$0.00,$0.00,$0.00,Stripe,No,,Completed,Online,3,d1303a7a-aca1-4386-bfeb-5020e417eadf
GAR1213,UTSAV Garba 2025,26/09/2025,7:00 pm,Martin,Galvan,martin.galvan2@example.com,9688276970,02/08/2026 10:27 am,Online,Paid,1,0,$40.00,$0.00,$0.00,$0.00,$1.60,$0.00,$0.00,$0.00,$41.60,$0.00,$0.00,$0.00,$0.00,$40.00,$40.00,$0.00,,,,$0.00,$0.00,$0.00,$0.00,Stripe,No,,Completed,Online,1,1e2f9c71-b6a0-43e6-bab5-d8d05ac9c4d4
GAR1214,UTSAV Garba 2025,26/09/2025,7:00 pm,Mark,Austin,mark.austin89@example.com,9615607832,20/07/2026 11:54 am,Online,Paid,3,0,$120.00,$0.00,$0.00,$0.00,$4.80,$0.00,$0.00,$0.00,$124.80,$0.00,$0.00,$0.00,$0.00,$120.00,$120.00,$0.00,,,,$0.00,$0.00,$0.00,$0.00,Stripe,No,,Completed,Online,3,b90db373-5553-4a05-b960-a10e8ee56246
GAR1215,UTSAV Garba 2025,26/09/2025,7:00 pm,Thomas,Williams,thomas.williams59@example.com,7962409649,25/07/2026 03:02 am,Online,Paid,1,0,$40.00,$0.00,$0.00,$0.00,$1.60,$0.00,$0.00,$0.00,$41.60,$0.00,$0.00,$0.00,$0.00,$40.00,$40.00,$0.00,,,,$0.00,$0.00,$0.00,$0.00,Stripe,No,,Completed,Online,1,ef80a189-43cb-4d06-b869-2e433fa7d954
GAR1216,UTSAV Garba 2025,26/09/2025,7:00 pm,Andre,Li,andre.li11@example.com,4784217028,03/08/2026 06:27 am,Online,Paid,1,0,$40.00,$0.00,$0.00,$0.00,$1.60,$0.00,$0.00,$0.00,$41.60,$0.00,$0.00,$0.00,$0.00,$40.00,$40.00,$0.00,,,,$0.00,$0.00,$0.00,$0.00,Stripe,Yes,,Completed,Online,1,eef474a3-fb31-455f-a8e9-209e24705fcc
GAR1217,UTSAV Garba 2025,26/09/2025,7:00 pm,George,Porter,george.porter5@example.com,6488208934,24/07/2026 06:37 am,Online,Paid,2,0,$80.00,$0.00,$0.00,$0.00,$3.20,$0.00,$0.00,$0.00,$83.20,$0.00,$0.00,$0.00,$0.00,$80.00,$80.00,$0.00,,,,$0.00,$0.00,$0.00,$0.00,Stripe,No,,Completed,Online,2,9d345ce9-3a5b-40ff-8076-8a77b25a2225
GAR1218,UTSAV Garba 2025,26/09/2025,7:00 pm,Brittany,Gardner,brittany.gardner61@example.com,2467287991,12/07/2026 12:16 am,Online,Paid,1,0,$40.00,$0.00,$0.00,$0.00,$1.60,$0.00,$0.00,$0.00,$41.60,$0.00,$0.00,$0.00,$0.00,$40.00,$40.00,$0.00,,,,$0.00,$0.00,$0.00,$0.00,Stripe,No,,Completed,Online,1,4cc639c9-16d4-4f2d-903b-a2edd540d6f5
GAR1219,UTSAV Garba 2025,26/09/2025,7:00 pm,David,Parker,david.parker58@example.com,9359236133,13/07/2026 06:56 am,Online,Paid,2,0,$80.00,$0.00,$0.00,$0.00,$3.20,$0.00,$0.00,$0.00,$83.20,$0.00,$0.00,$0.00,$0.00,$80.00,$80.00,$0.00,,,,$0.00,$0.00,$0.00,$0.00,Stripe,No,,Completed,Online,2,3fa5e99f-fb23-44b7-afc3-bb1c577b8d97
GAR1220,UTSAV Garba 2025,26/09/2025,7:00 pm,Chase,King,chase.king78@example.com,5881650254,12/07/2026 02:48 am,Online,Paid,1,0,$40.00,$0.00,$0.00,$0.00,$1.60,$0.00,$0.00,$0.00,$41.60,$0.00,$0.00,$0.00,$0.00,$40.00,$40.00,$0.00,,,,$0.00,$0.00,$0.00,$0.00,Stripe,No,,Completed,Online,1,18ecae05-9dc4-405f-9fe3-c69c431e6874
GAR1221,UTSAV Garba 2025,26/09/2025,7:00 pm,James,Maynard,james.maynard49@example.com,3440966177,27/07/2026 03:16 am,Manual,Paid,3,0,$120.00,$0.00,$0.00,$0.00,$4.80,$0.00,$0.00,$0.00,$124.80,$0.00,$0.00,$0.00,$0.00,$120.00,$120.00,$0.00,,,,$0.00,$0.00,$0.00,$0.00,Stripe,No,,Completed,Manual,3,89ca1b26-9834-4ead-8239-a13eb33ff435
GAR1222,UTSAV Garba 2025,26/09/2025,7:00 pm,Jill,Porter,jill.porter63@example.com,8806782141,01/08/2026 06:21 pm,Online,Paid,1,0,$40.00,$0.00,$0.00,$0.00,$1.60,$0.00,$0.00,$0.00,$41.60,$0.00,$0.00,$0.00,$0.00,$40.00,$40.00,$0.00,,,,$0.00,$0.00,$0.00,$0.00,Stripe,Yes,,Completed,Online,1,1ac62a63-feca-4f41-9908-d31984584019
GAR1223,UTSAV Garba 2025,26/09/2025,7:00 pm,Ellen,Paul,ellen.paul86@example.com,9266486989,10/08/2026 02:42 am,Online,Paid,2,0,$80.00,$0.00,$0.00,$0.00,$3.20,$0.00,$0.00,$0.00,$83.20,$0.00,$0.00,$0.00,$0.00,$80.00,$80.00,$0.00,,,,$0.00,$0.00,$0.00,$0.00,Stripe,No,,Completed,Online,2,70ba8e9c-8caf-428a-9e58-f8b6b24c7782
GAR1224,UTSAV Garba 2025,26/09/2025,7:00 pm,Judy,Fox,judy.fox26@example.com,9415594501,22/07/2026 01:29 pm,Online,Paid,1,0,$40.00,$0.00,$0.00,$0.00,$1.60,$0.00,$0.00,$0.00,$41.60,$0.00,$0.00,$0.00,$0.00,$40.00,$40.00,$0.00,,,,$0.00,$0.00,$0.00,$0.00,Stripe,Yes,,Completed,Online,1,2e3a9584-adf5-48fc-995f-2694b8edffe8
GAR1225,UTSAV Garba 2025,26/09/2025,7:00 pm,Thomas,Pierce,thomas.pierce6@example.com,5360511716,12/07/2026 04:39 pm,Online,Paid,4,0,$160.00,$0.00,$0.00,$0.00,$6.40,$0.00,$0.00,$0.00,$166.40,$0.00,$0.00,$0.00,$0.00,$160.00,$160.00,$0.00,,,,$0.00,$0.00,$0.00,$0.00,Stripe,No,,Completed,Online,4,8e242b1d-c573-4b1c-80b1-5ca389ae67cb
GAR1226,UTSAV Garba 2025,26/09/2025,7:00 pm,Carlos,Ramos,carlos.ramos57@example.com,6536218945,10/08/2026 09:38 pm,Manual,Paid,1,0,$40.00,$0.00,$0.00,$0.00,$1.60,$0.00,$0.00,$0.00,$41.60,$0.00,$0.00,$0.00,$0.00,$40.00,$40.00,$0.00,,,,$0.00,$0.00,$0.00,$0.00,Stripe,Yes,,Completed,Manual,1,0c953522-01f7-4517-bc4a-42db61050668
GAR1227,UTSAV Garba 2025,26/09/2025,7:00 pm,Donald,Smith,donald.smith96@example.com,2489420466,11/07/2026 09:00 am,Manual,Paid,3,0,$120.00,$0.00,$0.00,$0.00,$4.80,$0.00,$0.00,$0.00,$124.80,$0.00,$0.00,$0.00,$0.00,$120.00,$120.00,$0.00,,,,$0.00,$0.00,$0.00,$0.00,Stripe,No,,Completed,Manual,3,6913ed3b-7f5c-42cc-ae6c-4c646f5621b1
GAR1228,UTSAV Garba 2025,26/09/2025,7:00 pm,Vincent,Cooper,vincent.cooper71@example.com,4204565775,12/07/2026 08:36 am,Online,Paid,1,0,$40.00,$0.00,$0.00,$0.00,$1.60,$0.00,$0.00,$0.00,$41.60,$0.00,$0.00,$0.00,$0.00,$40.00,$40.00,$0.00,,,,$0.00,$0.00,$0.00,$0.00,Stripe,Yes,,Completed,Online,1,4efb4227-f3f7-4d69-8853-05f9735bea93
GAR1229,UTSAV Garba 2025,26/09/2025,7:00 pm,Douglas,Lawson,douglas.lawson69@example.com,3890623546,09/08/2026 08:39 am,Online,Paid,3,0,$120.00,$0.00,$0.00,$0.00,$4.80,$0.00,$0.00,$0.00,$124.80,$0.00,$0.00,$0.00,$0.00,$120.00,$120.00,$0.00,,,,$0.00,$0.00,$0.00,$0.00,Stripe,Yes,,Completed,Online,3,b35a6b1c-5625-483a-ab32-264fc53a8da2
GAR1230,UTSAV Garba 2025,26/09/2025,7:00 pm,Sean,Myers,sean.myers52@example.com,6599530062,21/07/2026 04:29 pm,Manual,Paid,1,0,$40.00,$0.00,$0.00,$0.00,$1.60,$0.00,$0.00,$0.00,$41.60,$0.00,$0.00,$0.00,$0.00,$40.00,$40.00,$0.00,,,,$0.00,$0.00,$0.00,$0.00,Stripe,No,,Completed,Manual,1,f699734e-2e58-457a-8b4a-f20d26f3af26
GAR1231,UTSAV Garba 2025,26/09/2025,7:00 pm,Katie,Stephenson,katie.stephenson25@example.com,6774625916,09/08/2026 03:04 am,Online,Paid,1,0,$40.00,$0.00,$0.00,$0.00,$1.60,$0.00,$0.00,$0.00,$41.60,$0.00,$0.00,$0.00,$0.00,$40.00,$40.00,$0.00,,,,$0.00,$0.00,$0.00,$0.00,Stripe,No,,Completed,Online,1,fbc6423e-b58a-4321-87eb-11722d47d84c
GAR1232,UTSAV Garba 2025,26/09/2025,7:00 pm,Raven,Gilbert,raven.gilbert48@example.com,8488600801,14/07/2026 07:19 am,Online,Paid,2,0,$80.00,$0.00,$0.00,$0.00,$3.20,$0.00,$0.00,$0.00,$83.20,$0.00,$0.00,$0.00,$0.00,$80.00,$80.00,$0.00,,,,$0.00,$0.00,$0.00,$0.00,Stripe,No,,Completed,Online,2,b601efce-7b2f-4249-a565-8fc1fb62f1dc
GAR1233,UTSAV Garba 2025,26/09/2025,7:00 pm,Michelle,Cherry,michelle.cherry68@example.com,3129957047,29/07/2026 04:41 pm,Manual,Paid,2,0,$80.00,$0.00,$0.00,$0.00,$3.20,$0.00,$0.00,$0.00,$83.20,$0.00,$0.00,$0.00,$0.00,$80.00,$80.00,$0.00,,,,$0.00,$0.00,$0.00,$0.00,Stripe,No,,Completed,Manual,2,cfde82ad-a37a-4656-aa03-1bf9da4d4948
GAR1234,UTSAV Garba 2025,26/09/2025,7:00 pm,Erica,James,erica.james69@example.com,1203843753,26/07/2026 11:36 pm,Online,Paid,1,0,$40.00,$0.00,$0.00,$0.00,$1.60,$0.00,$0.00,$0.00,$41.60,$0.00,$0.00,$0.00,$0.00,$40.00,$40.00,$0.00,,,,$0.00,$0.00,$0.00,$0.00,Stripe,Yes,,Completed,Online,1,c0a7b490-ddcc-48a5-a2c8-570ebac043ca
GAR1235,UTSAV Garba 2025,26/09/2025,7:00 pm,Joy,Wilson,joy.wilson82@example.com,8525482421,31/07/2026 04:02 am,Manual,Paid,3,0,$120.00,$0.00,$0.00,$0.00,$4.80,$0.00,$0.00,$0.00,$124.80,$0.00,$0.00,$0.00,$0.00,$120.00,$120.00,$0.00,,,,$0.00,$0.00,$0.00,$0.00,Stripe,No,,Completed,Manual,3,5cadf1a9-40d2-41be-a0ef-341653054058
GAR1236,UTSAV Garba 2025,26/09/2025,7:00 pm,Tanya,Riley,tanya.riley8@example.com,0064454752,10/08/2026 11:43 am,Online,Paid,1,0,$40.00,$0.00,$0.00,$0.00,$1.60,$0.00,$0.00,$0.00,$41.60,$0.00,$0.00,$0.00,$0.00,$40.00,$40.00,$0.00,,,,$0.00,$0.00,$0.00,$0.00,Stripe,Yes,,Completed,Online,1,277747dc-318c-4ee8-b1c8-6a3723d359b8
GAR1237,UTSAV Garba 2025,26/09/2025,7:00 pm,John,Munoz,john.munoz7@example.com,4897917763,15/08/2026 08:38 pm,Online,Paid,2,0,$80.00,$0.00,$0.00,$0.00,$3.20,$0.00,$0.00,$0.00,$83.20,$0.00,$0.00,$0.00,$0.00,$80.00,$80.00,$0.00,,,,$0.00,$0.00,$0.00,$0.00,Stripe,No,,Completed,Online,2,310e8aed-07dc-4a0c-ab72-d6947d41cba8
GAR1238,UTSAV Garba 2025,26/09/2025,7:00 pm,Robin,Thompson,robin.thompson24@example.com,2175080196,13/08/2026 05:53 am,Online,Paid,2,0,$80.00,$0.00,$0.00,$0.00,$3.20,$0.00,$0.00,$0.00,$83.20,$0.00,$0.00,$0.00,$0.00,$80.00,$80.00,$0.00,,,,$0.00,$0.00,$0.00,$0.00,Stripe,No,,Completed,Online,2,31c1b3f3-a2a5-400c-b6fa-64725436273c
GAR1239,UTSAV Garba 2025,26/09/2025,7:00 pm,Robert,Fowler,robert.fowler29@example.com,5882493534,11/07/2026 04:53 pm,Online,Paid,1,0,$40.00,$0.00,$0.00,$0.00,$1.60,$0.00,$0.00,$0.00,$41.60,$0.00,$0.00,$0.00,$0.00,$40.00,$40.00,$0.00,,,,$0.00,$0.00,$0.00,$0.00,Stripe,No,,Completed,Online,1,df61dbe1-b714-4c44-91b2-152483c38648
GAR1240,UTSAV Garba 2025,26/09/2025,7:00 pm,Oscar,Taylor,oscar.taylor6@example.com,8481652444,25/07/2026 08:47 pm,Online,Paid,1,0,$40.00,$0.00,$0.00,$0.00,$1.60,$0.00,$0.00,$0.00,$41.60,$0.00,$0.00,$0.00,$0.00,$40.00,$40.00,$0.00,,,,$0.00,$0.00,$0.00,$0.00,Stripe,No,,Completed,Online,1,881fea11-d36b-46cd-8db1-565d6d70799e
GAR1241,UTSAV Garba 2025,26/09/2025,7:00 pm,Holly,Wang,holly.wang31@example.com,1799378105,18/07/2026 02:37 pm,Online,Paid,2,0,$80.00,$0.00,$0.00,$0.00,$3.20,$0.00,$0.00,$0.00,$83.20,$0.00,$0.00,$0.00,$0.00,$80.00,$80.00,$0.00,,,,$0.00,$0.00,$0.00,$0.00,Stripe,No,,Completed,Online,2,f5d92b55-74dc-4f13-8960-a41b25a744a7
GAR1242,UTSAV Garba 2025,26/09/2025,7:00 pm,Vincent,Cooper,vincent.cooper71@example.com,8699969882,30/07/2026 12:00 am,Online,Paid,1,0,$40.00,$0.00,$0.00,$0.00,$1.60,$0.00,$0.00,$0.00,$41.60,$0.00,$0.00,$0.00,$0.00,$40.00,$40.00,$0.00,,,,$0.00,$0.00,$0.00,$0.00,Stripe,Yes,,Completed,Online,1,7b3299df-5083-4557-bc3b-8f4dfe42db8f
GAR1243,UTSAV Garba 2025,26/09/2025,7:00 pm,Dana,Green,dana.green97@example.com,7147246301,01/08/2026 11:32 pm,Online,Paid,1,0,$40.00,$0.00,$0.00,$0.00,$1.60,$0.00,$0.00,$0.00,$41.60,$0.00,$0.00,$0.00,$0.00,$40.00,$40.00,$0.00,,,,$0.00,$0.00,$0.00,$0.00,Stripe,No,,Completed,Online,1,448e8408-2cce-4c86-80ac-9243b5e18851
GAR1244,UTSAV Garba 2025,26/09/2025,7:00 pm,Chris,Mitchell,chris.mitchell28@example.com,8397283391,15/07/2026 01:33 pm,Online,Paid,2,0,$80.00,$0.00,$0.00,$0.00,$3.20,$0.00,$0.00,$0.00,$83.20,$0.00,$0.00,$0.00,$0.00,$80.00,$80.00,$0.00,,,,$0.00,$0.00,$0.00,$0.00,Stripe,Yes,,Completed,Online,2,eb81e224-6453-4f72-87b3-8e707ffdfae1
GAR1245,UTSAV Garba 2025,26/09/2025,7:00 pm,Gail,Perry,gail.perry53@example.com,2880983221,11/08/2026 06:26 am,Online,Paid,2,0,$80.00,$0.00,$0.00,$0.00,$3.20,$0.00,$0.00,$0.00,$83.20,$0.00,$0.00,$0.00,$0.00,$80.00,$80.00,$0.00,,,,$0.00,$0.00,$0.00,$0.00,Stripe,Yes,,Completed,Online,2,e3931f65-2cfc-45d7-bae2-8de82f63a62d
GAR1246,UTSAV Garba 2025,26/09/2025,7:00 pm,Richard,Donovan,richard.donovan79@example.com,8676610089,10/07/2026 11:47 am,Online,Paid,2,0,$80.00,$0.00,$0.00,$0.00,$3.20,$0.00,$0.00,$0.00,$83.20,$0.00,$0.00,$0.00,$0.00,$80.00,$80.00,$0.00,,,,$0.00,$0.00,$0.00,$0.00,Stripe,Yes,,Completed,Online,2,15678e9b-8c38-418b-82de-45561f27e8b5
GAR1247,UTSAV Garba 2025,26/09/2025,7:00 pm,Heidi,Williams,heidi.williams90@example.com,5614038453,11/08/2026 07:18 am,Online,Paid,1,0,$40.00,$0.00,$0.00,$0.00,$1.60,$0.00,$0.00,$0.00,$41.60,$0.00,$0.00,$0.00,$0.00,$40.00,$40.00,$0.00,,,,$0.00,$0.00,$0.00,$0.00,Stripe,Yes,,Completed,Online,1,7b8ae091-c942-4b82-8c20-1760c14f5b9f
GAR1248,UTSAV Garba 2025,26/09/2025,7:00 pm,Amy,Adkins,amy.adkins30@example.com,3546951003,21/07/2026 04:29 am,Online,Paid,1,0,$40.00,$0.00,$0.00,$0.00,$1.60,$0.00,$0.00,$0.00,$41.60,$0.00,$0.00,$0.00,$0.00,$40.00,$40.00,$0.00,,,,$0.00,$0.00,$0.00,$0.00,Stripe,No,,Completed,Online,1,5ebc23bf-00e5-4baf-aeb0-6b1eea7eee0b
GAR1249,UTSAV Garba 2025,26/09/2025,7:00 pm,Jane,Mason,jane.mason53@example.com,5967150066,11/08/2026 06:52 am,Online,Paid,1,0,$40.00,$0.00,$0.00,$0.00,$1.60,$0.00,$0.00,$0.00,$41.60,$0.00,$0.00,$0.00,$0.00,$40.00,$40.00,$0.00,,,,$0.00,$0.00,$0.00,$0.00,Stripe,No,,Completed,Online,1,e7ad3be2-0356-46fe-92e6-3e97178f1dd7
GAR1250,UTSAV Garba 2025,26/09/2025,7:00 pm,Laura,Henderson,laura.henderson14@example.com,4113407851,04/08/2026 03:41 pm,Online,Paid,1,0,$40.00,$0.00,$0.00,$0.00,$1.60,$0.00,$0.00,$0.00,$41.60,$0.00,$0.00,$0.00,$0.00,$40.00,$40.00,$0.00,,,,$0.00,$0.00,$0.00,$0.00,Stripe,No,,Completed,Online,1,782ccfec-9e5d-48a1-85bd-b49544d44eca
GAR1251,UTSAV Garba 2025,26/09/2025,7:00 pm,Gina,Henry,gina.henry52@example.com,5836683482,12/07/2026 01:05 am,Online,Refunded,0,2,$0.00,$0.00,$0.00,$0.00,$0.00,$0.00,$0.00,$0.00,$0.00,$0.00,$0.00,$0.00,$0.00,$0.00,$0.00,$0.00,,,,$0.00,$0.00,$0.00,$0.00,Stripe,No,,Completed,Online,2,28c840b1-67be-426e-9f30-418c9089bcfd
GAR1252,UTSAV Garba 2025,26/09/2025,7:00 pm,James,Elliott,james.elliott19@example.com,0838688891,25/07/2026 01:22 pm,Online,Paid,1,0,$40.00,$0.00,$0.00,$0.00,$1.60,$0.00,$0.00,$0.00,$41.60,$0.00,$0.00,$0.00,$0.00,$40.00,$40.00,$0.00,,,,$0.00,$0.00,$0.00,$0.00,Stripe,Yes,,Completed,Online,1,5d34a219-1299-4cb3-9d47-0a35c8163c27
GAR1253,UTSAV Garba 2025,26/09/2025,7:00 pm,Donna,Peck,donna.peck8@example.com,2571976093,11/07/2026 02:29 pm,Online,Paid,1,0,$40.00,$0.00,$0.00,$0.00,$1.60,$0.00,$0.00,$0.00,$41.60,$0.00,$0.00,$0.00,$0.00,$40.00,$40.00,$0.00,,,,$0.00,$0.00,$0.00,$0.00,Stripe,Yes,,Completed,Online,1,b39844f4-e194-4b21-ae7e-2fbc21f8b225
GAR1254,UTSAV Garba 2025,26/09/2025,7:00 pm,Sean,Padilla,sean.padilla71@example.com,7898260418,09/08/2026 04:55 am,Online,Paid,2,0,$80.00,$0.00,$0.00,$0.00,$3.20,$0.00,$0.00,$0.00,$83.20,$0.00,$0.00,$0.00,$0.00,$80.00,$80.00,$0.00,,,,$0.00,$0.00,$0.00,$0.00,Stripe,Yes,,Completed,Online,2,12a59eaf-f0d4-4d0c-a3a2-9fe4ef3cfc8f
GAR1255,UTSAV Garba 2025,26/09/2025,7:00 pm,Jennifer,Perez,jennifer.perez19@example.com,5851777412,09/08/2026 11:36 pm,Online,Paid,1,0,$40.00,$0.00,$0.00,$0.00,$1.60,$0.00,$0.00,$0.00,$41.60,$0.00,$0.00,$0.00,$0.00,$40.00,$40.00,$0.00,,,,$0.00,$0.00,$0.00,$0.00,Stripe,No,,Completed,Online,1,131ad6fa-c8b8-4c6c-af54-2dc69a24beb8
GAR1256,UTSAV Garba 2025,26/09/2025,7:00 pm,Brian,Martinez,brian.martinez59@example.com,4199626422,14/07/2026 04:12 am,Online,Refunded,0,1,$0.00,$0.00,$0.00,$0.00,$0.00,$0.00,$0.00,$0.00,$0.00,$0.00,$0.00,$0.00,$0.00,$0.00,$0.00,$0.00,,,,$0.00,$0.00,$0.00,$0.00,Stripe,Yes,,Completed,Online,1,130f0872-966f-4d47-8321-4b1455928cd5
GAR1257,UTSAV Garba 2025,26/09/2025,7:00 pm,Tammy,Hale,tammy.hale79@example.com,5421854570,27/07/2026 10:20 pm,Online,Paid,1,0,$40.00,$0.00,$0.00,$0.00,$1.60,$0.00,$0.00,$0.00,$41.60,$0.00,$0.00,$0.00,$0.00,$40.00,$40.00,$0.00,,,,$0.00,$0.00,$0.00,$0.00,Stripe,Yes,,Completed,Online,1,93f65b6f-d84c-4c20-80bd-2562205cffb1
GAR1258,UTSAV Garba 2025,26/09/2025,7:00 pm,Alexander,Valdez,alexander.valdez92@example.com,7090016356,15/07/2026 10:17 pm,Online,Paid,2,0,$80.00,$0.00,$0.00,$0.00,$3.20,$0.00,$0.00,$0.00,$83.20,$0.00,$0.00,$0.00,$0.00,$80.00,$80.00,$0.00,,,,$0.00,$0.00,$0.00,$0.00,Stripe,No,,Completed,Online,2,22d1b5fa-d3c8-4cca-b615-ede42bf30743
GAR1259,UTSAV Garba 2025,26/09/2025,7:00 pm,Melissa,Gilbert,melissa.gilbert95@example.com,2828954001,21/07/2026 06:26 am,Online,Paid,1,0,$40.00,$0.00,$0.00,$0.00,$1.60,$0.00,$0.00,$0.00,$41.60,$0.00,$0.00,$0.00,$0.00,$40.00,$40.00,$0.00,,,,$0.00,$0.00,$0.00,$0.00,Stripe,Yes,,Completed,Online,1,430679d8-b058-4c0b-a931-e8032ec9e5f6
GAR1260,UTSAV Garba 2025,26/09/2025,7:00 pm,Gregory,Maxwell,gregory.maxwell30@example.com,1261685071,07/08/2026 08:59 am,Online,Refunded,0,1,$0.00,$0.00,$0.00,$0.00,$0.00,$0.00,$0.00,$0.00,$0.00,$0.00,$0.00,$0.00,$0.00,$0.00,$0.00,$0.00,,,,$0.00,$0.00,$0.00,$0.00,Stripe,No,,Completed,Online,1,f2e3fdc9-c0c8-4a82-b2b1-1b81a4380f8a
GAR1261,UTSAV Garba 2025,26/09/2025,7:00 pm,Joseph,White,joseph.white91@example.com,9509271152,12/07/2026 05:02 pm,Online,Paid,3,0,$120.00,$0.00,$0.00,$0.00,$4.80,$0.00,$0.00,$0.00,$124.80,$0.00,$0.00,$0.00,$0.00,$120.00,$120.00,$0.00,,,,$0.00,$0.00,$0.00,$0.00,Stripe,No,,Completed,Online,3,f26edf2e-3a37-4907-9cdb-b28bbe6e2511
GAR1262,UTSAV Garba 2025,26/09/2025,7:00 pm,Kathryn,Ryan,kathryn.ryan11@example.com,0923007169,11/08/2026 06:28 am,Manual,Paid,3,0,$120.00,$0.00,$0.00,$0.00,$4.80,$0.00,$0.00,$0.00,$124.80,$0.00,$0.00,$0.00,$0.00,$120.00,$120.00,$0.00,,,,$0.00,$0.00,$0.00,$0.00,Stripe,Yes,,Completed,Manual,3,e7f2f49d-41a5-4d1f-bbde-b381f4fcb6bc
GAR1263,UTSAV Garba 2025,26/09/2025,7:00 pm,Anthony,Williams,anthony.williams70@example.com,8948543298,06/08/2026 05:37 pm,Online,Paid,2,0,$80.00,$0.00,$0.00,$0.00,$3.20,$0.00,$0.00,$0.00,$83.20,$0.00,$0.00,$0.00,$0.00,$80.00,$80.00,$0.00,,,,$0.00,$0.00,$0.00,$0.00,Stripe,No,,Completed,Online,2,dd7e0ae6-369d-4ad4-92b5-a7e38e2a4c5a
GAR1264,UTSAV Garba 2025,26/09/2025,7:00 pm,Nicole,Davis,nicole.davis76@example.com,2944716198,12/08/2026 08:23 pm,Online,Paid,3,0,$120.00,$0.00,$0.00,$0.00,$4.80,$0.00,$0.00,$0.00,$124.80,$0.00,$0.00,$0.00,$0.00,$120.00,$120.00,$0.00,,,,$0.00,$0.00,$0.00,$0.00,Stripe,No,,Completed,Online,3,89d5e178-cf99-4da3-8f94-2b3ece05a281
GAR1265,UTSAV Garba 2025,26/09/2025,7:00 pm,Jill,Brown,jill.brown54@example.com,0450258963,13/07/2026 03:09 pm,Manual,Paid,4,0,$160.00,$0.00,$0.00,$0.00,$6.40,$0.00,$0.00,$0.00,$166.40,$0.00,$0.00,$0.00,$0.00,$160.00,$160.00,$0.00,,,,$0.00,$0.00,$0.00,$0.00,Stripe,No,,Completed,Manual,4,f887ac21-369d-4be1-8bf9-1d08e47472d0
GAR1266,UTSAV Garba 2025,26/09/2025,7:00 pm,Norman,Stewart,norman.stewart79@example.com,7483526806,13/08/2026 07:02 pm,Online,Paid,2,0,$80.00,$0.00,$0.00,$0.00,$3.20,$0.00,$0.00,$0.00,$83.20,$0.00,$0.00,$0.00,$0.00,$80.00,$80.00,$0.00,,,,$0.00,$0.00,$0.00,$0.00,Stripe,Yes,,Completed,Online,2,72a35369-6de4-4fed-bece-128609f68439
GAR1267,UTSAV Garba 2025,26/09/2025,7:00 pm,Melissa,Short,melissa.short13@example.com,4488384253,17/07/2026 11:10 pm,Online,Paid,1,0,$40.00,$0.00,$0.00,$0.00,$1.60,$0.00,$0.00,$0.00,$41.60,$0.00,$0.00,$0.00,$0.00,$40.00,$40.00,$0.00,,,,$0.00,$0.00,$0.00,$0.00,Stripe,Yes,,Completed,Online,1,0c248f00-8a4a-47e1-a34d-65cfea3dbc37
GAR1268,UTSAV Garba 2025,26/09/2025,7:00 pm,Matthew,Beard,matthew.beard52@example.com,7740657955,23/07/2026 07:29 am,Online,Paid,2,0,$80.00,$0.00,$0.00,$0.00,$3.20,$0.00,$0.00,$0.00,$83.20,$0.00,$0.00,$0.00,$0.00,$80.00,$80.00,$0.00,,,,$0.00,$0.00,$0.00,$0.00,Stripe,Yes,,Completed,Online,2,2eca29b7-9087-4a73-b4bb-c27828d217d6
GAR1269,UTSAV Garba 2025,26/09/2025,7:00 pm,John,Davenport,john.davenport26@example.com,9085510740,07/08/2026 08:19 pm,Online,Paid,3,0,$120.00,$0.00,$0.00,$0.00,$4.80,$0.00,$0.00,$0.00,$124.80,$0.00,$0.00,$0.00,$0.00,$120.00,$120.00,$0.00,,,,$0.00,$0.00,$0.00,$0.00,Stripe,No,,Completed,Online,3,ff2d10f4-1555-4b95-b377-7cff1987e58e
GAR1270,UTSAV Garba 2025,26/09/2025,7:00 pm,Gary,Mcclure,gary.mcclure49@example.com,1902547602,14/07/2026 07:31 am,Online,Refunded,0,1,$0.00,$0.00,$0.00,$0.00,$0.00,$0.00,$0.00,$0.00,$0.00,$0.00,$0.00,$0.00,$0.00,$0.00,$0.00,$0.00,,,,$0.00,$0.00,$0.00,$0.00,Stripe,No,,Completed,Online,1,eb5c4ed8-5ef6-440e-9ef8-b5a9b792ff65
GAR1271,UTSAV Garba 2025,26/09/2025,7:00 pm,Lance,Hayes,lance.hayes28@example.com,1201227595,19/07/2026 12:39 pm,Manual,Paid,1,0,$40.00,$0.00,$0.00,$0.00,$1.60,$0.00,$0.00,$0.00,$41.60,$0.00,$0.00,$0.00,$0.00,$40.00,$40.00,$0.00,,,,$0.00,$0.00,$0.00,$0.00,Stripe,No,,Completed,Manual,1,cffd1e28-c271-448f-aaed-2058dc247a02
GAR1272,UTSAV Garba 2025,26/09/2025,7:00 pm,Megan,Villegas,megan.villegas74@example.com,1515325947,06/08/2026 04:40 pm,Online,Paid,1,0,$40.00,$0.00,$0.00,$0.00,$1.60,$0.00,$0.00,$0.00,$41.60,$0.00,$0.00,$0.00,$0.00,$40.00,$40.00,$0.00,,,,$0.00,$0.00,$0.00,$0.00,Stripe,Yes,,Completed,Online,1,f4b3593f-0b38-4c49-8853-338d7024cf94
GAR1273,UTSAV Garba 2025,26/09/2025,7:00 pm,Shannon,Schultz,shannon.schultz39@example.com,7327980595,11/08/2026 11:08 pm,Online,Paid,2,0,$80.00,$0.00,$0.00,$0.00,$3.20,$0.00,$0.00,$0.00,$83.20,$0.00,$0.00,$0.00,$0.00,$80.00,$80.00,$0.00,,,,$0.00,$0.00,$0.00,$0.00,Stripe,No,,Completed,Online,2,64860c75-fb89-45bc-827d-30940c5332b3
GAR1274,UTSAV Garba 2025,26/09/2025,7:00 pm,Matthew,Wilson,matthew.wilson15@example.com,4039104520,21/07/2026 03:14 pm,Online,Paid,2,0,$80.00,$0.00,$0.00,$0.00,$3.20,$0.00,$0.00,$0.00,$83.20,$0.00,$0.00,$0.00,$0.00,$80.00,$80.00,$0.00,,,,$0.00,$0.00,$0.00,$0.00,Stripe,No,,Completed,Online,2,f8e8e938-b2df-42fe-9c90-282181a8d2b0
GAR1275,UTSAV Garba 2025,26/09/2025,7:00 pm,John,Munoz,john.munoz7@example.com,1849135992,09/08/2026 01:28 am,Online,Paid,3,0,$120.00,$0.00,$0.00,$0.00,$4.80,$0.00,$0.00,$0.00,$124.80,$0.00,$0.00,$0.00,$0.00,$120.00,$120.00,$0.00,,,,$0.00,$0.00,$0.00,$0.00,Stripe,Yes,,Completed,Online,3,e8c80d96-3e5e-4986-8002-cd6bc28d1433
GAR1276,UTSAV Garba 2025,26/09/2025,7:00 pm,Marcus,Fletcher,marcus.fletcher44@example.com,2056100679,24/07/2026 11:41 pm,Online,Paid,1,0,$40.00,$0.00,$0.00,$0.00,$1.60,$0.00,$0.00,$0.00,$41.60,$0.00,$0.00,$0.00,$0.00,$40.00,$40.00,$0.00,,,,$0.00,$0.00,$0.00,$0.00,Stripe,Yes,,Completed,Online,1,f16231e0-6db0-4ad8-9239-b3a065d52310
GAR1277,UTSAV Garba 2025,26/09/2025,7:00 pm,Veronica,Bowman,veronica.bowman54@example.com,1867740378,15/08/2026 01:19 am,Manual,Paid,3,0,$120.00,$0.00,$0.00,$0.00,$4.80,$0.00,$0.00,$0.00,$124.80,$0.00,$0.00,$0.00,$0.00,$120.00,$120.00,$0.00,,,,$0.00,$0.00,$0.00,$0.00,Stripe,No,,Completed,Manual,3,d928c011-91fd-4b9d-b19f-da66a986bfc0
GAR1278,UTSAV Garba 2025,26/09/2025,7:00 pm,Morgan,Alexander,morgan.alexander32@example.com,3006776255,21/07/2026 04:17 pm,Online,Paid,2,0,$80.00,$0.00,$0.00,$0.00,$3.20,$0.00,$0.00,$0.00,$83.20,$0.00,$0.00,$0.00,$0.00,$80.00,$80.00,$0.00,,,,$0.00,$0.00,$0.00,$0.00,Stripe,No,,Completed,Online,2,02d4729d-d414-4afe-9912-853ea204a093
GAR1279,UTSAV Garba 2025,26/09/2025,7:00 pm,Russell,Lewis,russell.lewis43@example.com,6542624178,13/07/2026 06:01 am,Online,Paid,1,0,$40.00,$0.00,$0.00,$0.00,$1.60,$0.00,$0.00,$0.00,$41.60,$0.00,$0.00,$0.00,$0.00,$40.00,$40.00,$0.00,,,,$0.00,$0.00,$0.00,$0.00,Stripe,Yes,,Completed,Online,1,a957811d-2fd0-4b45-a0b3-543a0fa76a5b
GAR1280,UTSAV Garba 2025,26/09/2025,7:00 pm,Sierra,Wagner,sierra.wagner99@example.com,3345110090,16/08/2026 08:13 am,Online,Paid,2,0,$80.00,$0.00,$0.00,$0.00,$3.20,$0.00,$0.00,$0.00,$83.20,$0.00,$0.00,$0.00,$0.00,$80.00,$80.00,$0.00,,,,$0.00,$0.00,$0.00,$0.00,Stripe,No,,Completed,Online,2,c3a98532-a31f-4add-8170-38743e897b35
GAR1281,UTSAV Garba 2025,26/09/2025,7:00 pm,Robert,Fowler,robert.fowler29@example.com,8430211667,16/08/2026 07:30 pm,Online,Paid,2,0,$80.00,$0.00,$0.00,$0.00,$3.20,$0.00,$0.00,$0.00,$83.20,$0.00,$0.00,$0.00,$0.00,$80.00,$80.00,$0.00,,,,$0.00,$0.00,$0.00,$0.00,Stripe,No,,Completed,Online,2,e57977ec-4816-4644-81a9-abd0ed71d874
GAR1282,UTSAV Garba 2025,26/09/2025,7:00 pm,Kimberly,Brown,kimberly.brown47@example.com,5988759212,05/08/2026 08:44 pm,Online,Paid,2,0,$80.00,$0.00,$0.00,$0.00,$3.20,$0.00,$0.00,$0.00,$83.20,$0.00,$0.00,$0.00,$0.00,$80.00,$80.00,$0.00,,,,$0.00,$0.00,$0.00,$0.00,Stripe,No,,Completed,Online,2,0be29694-652e-4957-aae0-6f264fca946a
GAR1283,UTSAV Garba 2025,26/09/2025,7:00 pm,Thomas,Mueller,thomas.mueller27@example.com,6202755821,19/07/2026 09:58 am,Online,Paid,3,0,$120.00,$0.00,$0.00,$0.00,$4.80,$0.00,$0.00,$0.00,$124.80,$0.00,$0.00,$0.00,$0.00,$120.00,$120.00,$0.00,,,,$0.00,$0.00,$0.00,$0.00,Stripe,No,,Completed,Online,3,9888d27b-b1e5-4a90-8650-6312e3d2549d
GAR1284,UTSAV Garba 2025,26/09/2025,7:00 pm,Chad,Welch,chad.welch59@example.com,1152380236,15/07/2026 07:49 am,Online,Paid,2,0,$80.00,$0.00,$0.00,$0.00,$3.20,$0.00,$0.00,$0.00,$83.20,$0.00,$0.00,$0.00,$0.00,$80.00,$80.00,$0.00,,,,$0.00,$0.00,$0.00,$0.00,Stripe,Yes,,Completed,Online,2,1149544e-2bc1-43fb-a906-5b41b9be1d00
GAR1285,UTSAV Garba 2025,26/09/2025,7:00 pm,Darius,Smith,darius.smith25@example.com,8970591611,24/07/2026 03:49 am,Manual,Paid,1,0,$40.00,$0.00,$0.00,$0.00,$1.60,$0.00,$0.00,$0.00,$41.60,$0.00,$0.00,$0.00,$0.00,$40.00,$40.00,$0.00,,,,$0.00,$0.00,$0.00,$0.00,Stripe,Yes,,Completed,Manual,1,8cdc6715-5512-4507-9f15-ee3f891887a7
GAR1286,UTSAV Garba 2025,26/09/2025,7:00 pm,Donna,Moore,donna.moore72@example.com,9772168800,31/07/2026 09:10 pm,Online,Paid,1,0,$40.00,$0.00,$0.00,$0.00,$1.60,$0.00,$0.00,$0.00,$41.60,$0.00,$0.00,$0.00,$0.00,$40.00,$40.00,$0.00,,,,$0.00,$0.00,$0.00,$0.00,Stripe,No,,Completed,Online,1,b309887d-ceec-49d5-83fd-913088f45162
GAR1287,UTSAV Garba 2025,26/09/2025,7:00 pm,Mariah,Miller,mariah.miller7@example.com,1869289728,02/08/2026 11:02 pm,Online,Paid,1,0,$40.00,$0.00,$0.00,$0.00,$1.60,$0.00,$0.00,$0.00,$41.60,$0.00,$0.00,$0.00,$0.00,$40.00,$40.00,$0.00,,,,$0.00,$0.00,$0.00,$0.00,Stripe,No,,Completed,Online,1,1891c896-a848-449e-8dac-f645ddc16c3a
GAR1288,UTSAV Garba 2025,26/09/2025,7:00 pm,Travis,Davis,travis.davis9@example.com,2720028394,18/08/2026 05:32 am,Manual,Paid,2,0,$80.00,$0.00,$0.00,$0.00,$3.20,$0.00,$0.00,$0.00,$83.20,$0.00,$0.00,$0.00,$0.00,$80.00,$80.00,$0.00,,,,$0.00,$0.00,$0.00,$0.00,Stripe,Yes,,Completed,Manual,2,27ce0017-f20d-4aea-a998-a3ee22a112b5
GAR1289,UTSAV Garba 2025,26/09/2025,7:00 pm,James,Hicks,james.hicks51@example.com,4474328116,12/07/2026 05:11 pm,Online,Paid,1,0,$40.00,$0.00,$0.00,$0.00,$1.60,$0.00,$0.00,$0.00,$41.60,$0.00,$0.00,$0.00,$0.00,$40.00,$40.00,$0.00,,,,$0.00,$0.00,$0.00,$0.00,Stripe,No,,Completed,Online,1,029cfbda-b37b-474e-b23f-9bb2b5e5f62a
GAR1290,UTSAV Garba 2025,26/09/2025,7:00 pm,Benjamin,Shaw,benjamin.shaw45@example.com,2030423227,05/08/2026 03:51 pm,Online,Paid,3,0,$120.00,$0.00,$0.00,$0.00,$4.80,$0.00,$0.00,$0.00,$124.80,$0.00,$0.00,$0.00,$0.00,$120.00,$120.00,$0.00,,,,$0.00,$0.00,$0.00,$0.00,Stripe,No,,Completed,Online,3,3e63131e-1a6d-42e5-a035-1e44b2092e71
GAR1291,UTSAV Garba 2025,26/09/2025,7:00 pm,Jacob,Travis,jacob.travis35@example.com,0281650646,24/07/2026 10:52 pm,Online,Paid,2,0,$80.00,$0.00,$0.00,$0.00,$3.20,$0.00,$0.00,$0.00,$83.20,$0.00,$0.00,$0.00,$0.00,$80.00,$80.00,$0.00,,,,$0.00,$0.00,$0.00,$0.00,Stripe,Yes,,Completed,Online,2,984973b7-cb05-4418-b71a-72c1582cd97f
GAR1292,UTSAV Garba 2025,26/09/2025,7:00 pm,Justin,Hays,justin.hays90@example.com,7756919832,19/07/2026 09:50 am,Online,Paid,2,0,$80.00,$0.00,$0.00,$0.00,$3.20,$0.00,$0.00,$0.00,$83.20,$0.00,$0.00,$0.00,$0.00,$80.00,$80.00,$0.00,,,,$0.00,$0.00,$0.00,$0.00,Stripe,No,,Completed,Online,2,6a6c0216-16f3-41c8-9924-9d85fd9c70c3
GAR1293,UTSAV Garba 2025,26/09/2025,7:00 pm,Gary,Norton,gary.norton39@example.com,7469029831,06/08/2026 12:45 am,Online,Paid,2,0,$80.00,$0.00,$0.00,$0.00,$3.20,$0.00,$0.00,$0.00,$83.20,$0.00,$0.00,$0.00,$0.00,$80.00,$80.00,$0.00,,,,$0.00,$0.00,$0.00,$0.00,Stripe,Yes,,Completed,Online,2,8a8ce2d7-bdeb-4527-b721-e45ed796efbc
GAR1294,UTSAV Garba 2025,26/09/2025,7:00 pm,Ronald,Stephens,ronald.stephens75@example.com,9662291316,11/08/2026 10:26 am,Online,Paid,3,0,$120.00,$0.00,$0.00,$0.00,$4.80,$0.00,$0.00,$0.00,$124.80,$0.00,$0.00,$0.00,$0.00,$120.00,$120.00,$0.00,,,,$0.00,$0.00,$0.00,$0.00,Stripe,Yes,,Completed,Online,3,8ea359f9-67e6-4ffe-9dec-aa980e4df5f6
GAR1295,UTSAV Garba 2025,26/09/2025,7:00 pm,Jason,Salinas,jason.salinas8@example.com,6706362198,13/08/2026 09:59 pm,Online,Paid,1,0,$40.00,$0.00,$0.00,$0.00,$1.60,$0.00,$0.00,$0.00,$41.60,$0.00,$0.00,$0.00,$0.00,$40.00,$40.00,$0.00,,,,$0.00,$0.00,$0.00,$0.00,Stripe,Yes,,Completed,Online,1,4974e1b7-94ca-48d9-8d9e-4c770f794b76
GAR1296,UTSAV Garba 2025,26/09/2025,7:00 pm,Nicole,Thompson,nicole.thompson63@example.com,4076634933,09/08/2026 06:46 pm,Online,Paid,1,0,$40.00,$0.00,$0.00,$0.00,$1.60,$0.00,$0.00,$0.00,$41.60,$0.00,$0.00,$0.00,$0.00,$40.00,$40.00,$0.00,,,,$0.00,$0.00,$0.00,$0.00,Stripe,No,,Completed,Online,1,9ac1b7f0-a5b0-4be6-8d63-96fe022f6ca5
GAR1297,UTSAV Garba 2025,26/09/2025,7:00 pm,Debra,Gardner,debra.gardner18@example.com,3226261142,25/07/2026 02:37 am,Online,Paid,2,0,$80.00,$0.00,$0.00,$0.00,$3.20,$0.00,$0.00,$0.00,$83.20,$0.00,$0.00,$0.00,$0.00,$80.00,$80.00,$0.00,,,,$0.00,$0.00,$0.00,$0.00,Stripe,No,,Completed,Online,2,d428df1c-eb6d-4598-a32f-9fbeaa5be353
GAR1298,UTSAV Garba 2025,26/09/2025,7:00 pm,Jacob,Cole,jacob.cole90@example.com,4218808799,08/08/2026 05:22 am,Online,Paid,3,0,$120.00,$0.00,$0.00,$0.00,$4.80,$0.00,$0.00,$0.00,$124.80,$0.00,$0.00,$0.00,$0.00,$120.00,$120.00,$0.00,,,,$0.00,$0.00,$0.00,$0.00,Stripe,Yes,,Completed,Online,3,b96f5266-3d77-446e-a3b4-4efe25c3cc9d
GAR1299,UTSAV Garba 2025,26/09/2025,7:00 pm,Dakota,Berry,dakota.berry56@example.com,9964338532,22/07/2026 01:02 pm,Online,Paid,1,0,$40.00,$0.00,$0.00,$0.00,$1.60,$0.00,$0.00,$0.00,$41.60,$0.00,$0.00,$0.00,$0.00,$40.00,$40.00,$0.00,,,,$0.00,$0.00,$0.00,$0.00,Stripe,No,,Completed,Online,1,0ebf1523-aaad-4926-9d9a-24cde3931b79
GAR1300,UTSAV Garba 2025,26/09/2025,7:00 pm,Amy,Levine,amy.levine21@example.com,3343031158,24/07/2026 03:08 pm,Online,Paid,3,0,$120.00,$0.00,$0.00,$0.00,$4.80,$0.00,$0.00,$0.00,$124.80,$0.00,$0.00,$0.00,$0.00,$120.00,$120.00,$0.00,,,,$0.00,$0.00,$0.00,$0.00,Stripe,No,,Completed,Online,3,445f1ad1-b801-4d83-baea-50545fb56c40
GAR1301,UTSAV Garba 2025,26/09/2025,7:00 pm,Monique,Johnson,monique.johnson68@example.com,6947576945,24/07/2026 07:56 pm,Online,Paid,1,0,$40.00,$0.00,$0.00,$0.00,$1.60,$0.00,$0.00,$0.00,$41.60,$0.00,$0.00,$0.00,$0.00,$40.00,$40.00,$0.00,,,,$0.00,$0.00,$0.00,$0.00,Stripe,Yes,,Completed,Online,1,78e15240-9077-4f71-9ee7-6dc66fc41bf6
GAR1302,UTSAV Garba 2025,26/09/2025,7:00 pm,Natalie,Arroyo,natalie.arroyo74@example.com,6698616342,18/08/2026 01:30 am,Online,Paid,2,0,$80.00,$0.00,$0.00,$0.00,$3.20,$0.00,$0.00,$0.00,$83.20,$0.00,$0.00,$0.00,$0.00,$80.00,$80.00,$0.00,,,,$0.00,$0.00,$0.00,$0.00,Stripe,No,,Completed,Online,2,8915a364-05aa-4cd3-9eb4-54064919d9ff
GAR1303,UTSAV Garba 2025,26/09/2025,7:00 pm,Tanya,House,tanya.house60@example.com,9594815269,06/08/2026 02:53 pm,Manual,Paid,1,0,$40.00,$0.00,$0.00,$0.00,$1.60,$0.00,$0.00,$0.00,$41.60,$0.00,$0.00,$0.00,$0.00,$40.00,$40.00,$0.00,,,,$0.00,$0.00,$0.00,$0.00,Stripe,Yes,,Completed,Manual,1,4d5593a3-65a6-4335-a19c-03d193622966
GAR1304,UTSAV Garba 2025,26/09/2025,7:00 pm,Michelle,Sanchez,michelle.sanchez68@example.com,1307423591,12/08/2026 08:01 am,Online,Paid,2,0,$80.00,$0.00,$0.00,$0.00,$3.20,$0.00,$0.00,$0.00,$83.20,$0.00,$0.00,$0.00,$0.00,$80.00,$80.00,$0.00,,,,$0.00,$0.00,$0.00,$0.00,Stripe,Yes,,Completed,Online,2,4931bd94-d04a-4ff9-aee1-4ab31f5ec4d2
GAR1305,UTSAV Garba 2025,26/09/2025,7:00 pm,Jack,Taylor,jack.taylor98@example.com,8933261454,12/07/2026 11:04 am,Online,Paid,2,0,$80.00,$0.00,$0.00,$0.00,$3.20,$0.00,$0.00,$0.00,$83.20,$0.00,$0.00,$0.00,$0.00,$80.00,$80.00,$0.00,,,,$0.00,$0.00,$0.00,$0.00,Stripe,No,,Completed,Online,2,a864a116-3852-4f46-a9a3-618b910ad032
GAR1306,UTSAV Garba 2025,26/09/2025,7:00 pm,Benjamin,Rogers,benjamin.rogers84@example.com,1008178522,09/08/2026 10:49 am,Online,Paid,1,0,$40.00,$0.00,$0.00,$0.00,$1.60,$0.00,$0.00,$0.00,$41.60,$0.00,$0.00,$0.00,$0.00,$40.00,$40.00,$0.00,,,,$0.00,$0.00,$0.00,$0.00,Stripe,No,,Completed,Online,1,17a61711-7256-4d7c-8c8a-22f6bada092a
GAR1307,UTSAV Garba 2025,26/09/2025,7:00 pm,John,Weber,john.weber33@example.com,5235426874,15/08/2026 03:19 am,Online,Paid,1,0,$40.00,$0.00,$0.00,$0.00,$1.60,$0.00,$0.00,$0.00,$41.60,$0.00,$0.00,$0.00,$0.00,$40.00,$40.00,$0.00,,,,$0.00,$0.00,$0.00,$0.00,Stripe,No,,Completed,Online,1,a48f93b4-31a9-414c-bf49-d0d91cc81f38
GAR1308,UTSAV Garba 2025,26/09/2025,7:00 pm,Steven,Campbell,steven.campbell31@example.com,8652377729,17/08/2026 12:56 am,Online,Paid,2,0,$80.00,$0.00,$0.00,$0.00,$3.20,$0.00,$0.00,$0.00,$83.20,$0.00,$0.00,$0.00,$0.00,$80.00,$80.00,$0.00,,,,$0.00,$0.00,$0.00,$0.00,Stripe,No,,Completed,Online,2,77d0da32-31ea-4821-b034-7270681ff528
GAR1309,UTSAV Garba 2025,26/09/2025,7:00 pm,Jennifer,Wagner,jennifer.wagner61@example.com,0052781055,10/07/2026 12:59 pm,Manual,Paid,2,0,$80.00,$0.00,$0.00,$0.00,$3.20,$0.00,$0.00,$0.00,$83.20,$0.00,$0.00,$0.00,$0.00,$80.00,$80.00,$0.00,,,,$0.00,$0.00,$0.00,$0.00,Stripe,Yes,,Completed,Manual,2,7bdd42e3-26e8-4cb6-abb7-e6cc067b30d1
GAR1310,UTSAV Garba 2025,26/09/2025,7:00 pm,Peter,Gamble,peter.gamble59@example.com,2142573160,12/08/2026 07:20 pm,Manual,Refunded,0,2,$0.00,$0.00,$0.00,$0.00,$0.00,$0.00,$0.00,$0.00,$0.00,$0.00,$0.00,$0.00,$0.00,$0.00,$0.00,$0.00,,,,$0.00,$0.00,$0.00,$0.00,Stripe,Yes,,Completed,Manual,2,cab0d331-b13a-4dc7-92db-a951f7b8895a
GAR1311,UTSAV Garba 2025,26/09/2025,7:00 pm,Samantha,Riddle,samantha.riddle54@example.com,6817203136,15/07/2026 05:19 am,Online,Paid,3,0,$120.00,$0.00,$0.00,$0.00,$4.80,$0.00,$0.00,$0.00,$124.80,$0.00,$0.00,$0.00,$0.00,$120.00,$120.00,$0.00,,,,$0.00,$0.00,$0.00,$0.00,Stripe,No,,Completed,Online,3,c68b751f-84a2-492d-a777-fe38b58d4c97
GAR1312,UTSAV Garba 2025,26/09/2025,7:00 pm,David,Caldwell,david.caldwell10@example.com,9297352595,25/07/2026 03:34 pm,Online,Paid,2,0,$80.00,$0.00,$0.00,$0.00,$3.20,$0.00,$0.00,$0.00,$83.20,$0.00,$0.00,$0.00,$0.00,$80.00,$80.00,$0.00,,,,$0.00,$0.00,$0.00,$0.00,Stripe,No,,Completed,Online,2,b1773184-a3d2-430b-a699-46482b42023a
GAR1313,UTSAV Garba 2025,26/09/2025,7:00 pm,Travis,Davis,travis.davis9@example.com,3938992045,09/08/2026 11:20 am,Online,Paid,3,0,$120.00,$0.00,$0.00,$0.00,$4.80,$0.00,$0.00,$0.00,$124.80,$0.00,$0.00,$0.00,$0.00,$120.00,$120.00,$0.00,,,,$0.00,$0.00,$0.00,$0.00,Stripe,Yes,,Completed,Online,3,6c589836-3a04-44d7-a113-6ce039ba7d2f
GAR1314,UTSAV Garba 2025,26/09/2025,7:00 pm,Melissa,Ashley,melissa.ashley57@example.com,0761087082,27/07/2026 01:19 am,Online,Paid,1,0,$40.00,$0.00,$0.00,$0.00,$1.60,$0.00,$0.00,$0.00,$41.60,$0.00,$0.00,$0.00,$0.00,$40.00,$40.00,$0.00,,,,$0.00,$0.00,$0.00,$0.00,Stripe,No,,Completed,Online,1,c3b5b2bd-1eec-4d0d-b5a8-edd7c9b49d09
GAR1315,UTSAV Garba 2025,26/09/2025,7:00 pm,Stephen,Beck,stephen.beck69@example.com,3601071261,30/07/2026 03:06 am,Online,Paid,4,0,$160.00,$0.00,$0.00,$0.00,$6.40,$0.00,$0.00,$0.00,$166.40,$0.00,$0.00,$0.00,$0.00,$160.00,$160.00,$0.00,,,,$0.00,$0.00,$0.00,$0.00,Stripe,No,,Completed,Online,4,ad8264e3-8eeb-4a03-b676-831fe498446d
GAR1316,UTSAV Garba 2025,26/09/2025,7:00 pm,Hannah,Abbott,hannah.abbott61@example.com,1764846735,01/08/2026 06:10 am,Online,Paid,1,0,$40.00,$0.00,$0.00,$0.00,$1.60,$0.00,$0.00,$0.00,$41.60,$0.00,$0.00,$0.00,$0.00,$40.00,$40.00,$0.00,,,,$0.00,$0.00,$0.00,$0.00,Stripe,Yes,,Completed,Online,1,f8490b53-facc-4e35-b5b6-c6922528759d
GAR1317,UTSAV Garba 2025,26/09/2025,7:00 pm,Daniel,Tran,daniel.tran75@example.com,2280194425,17/08/2026 12:16 am,Online,Paid,1,0,$40.00,$0.00,$0.00,$0.00,$1.60,$0.00,$0.00,$0.00,$41.60,$0.00,$0.00,$0.00,$0.00,$40.00,$40.00,$0.00,,,,$0.00,$0.00,$0.00,$0.00,Stripe,Yes,,Completed,Online,1,fda5e1d1-aa3d-4493-90d0-d99db7a49237
GAR1318,UTSAV Garba 2025,26/09/2025,7:00 pm,Mary,Murphy,mary.murphy38@example.com,2560629535,06/08/2026 03:16 am,Online,Paid,1,0,$40.00,$0.00,$0.00,$0.00,$1.60,$0.00,$0.00,$0.00,$41.60,$0.00,$0.00,$0.00,$0.00,$40.00,$40.00,$0.00,,,,$0.00,$0.00,$0.00,$0.00,Stripe,No,,Completed,Online,1,ca54c1d7-a2ab-4713-a5a7-9d2fd5471932
GAR1319,UTSAV Garba 2025,26/09/2025,7:00 pm,Marcus,Wright,marcus.wright31@example.com,1180467413,07/08/2026 01:39 pm,Online,Paid,1,0,$40.00,$0.00,$0.00,$0.00,$1.60,$0.00,$0.00,$0.00,$41.60,$0.00,$0.00,$0.00,$0.00,$40.00,$40.00,$0.00,,,,$0.00,$0.00,$0.00,$0.00,Stripe,No,,Completed,Online,1,f324a4fd-8f13-42bb-9b55-667b3aa74acf
GAR1320,UTSAV Garba 2025,26/09/2025,7:00 pm,Katie,Good,katie.good96@example.com,8520136260,22/07/2026 07:11 am,Online,Paid,2,0,$80.00,$0.00,$0.00,$0.00,$3.20,$0.00,$0.00,$0.00,$83.20,$0.00,$0.00,$0.00,$0.00,$80.00,$80.00,$0.00,,,,$0.00,$0.00,$0.00,$0.00,Stripe,No,,Completed,Online,2,b8582767-d403-4364-9227-31e93aaf6187
GAR1321,UTSAV Garba 2025,26/09/2025,7:00 pm,Stephanie,Sanders,stephanie.sanders19@example.com,6154705549,28/07/2026 09:02 pm,Online,Paid,3,0,$120.00,$0.00,$0.00,$0.00,$4.80,$0.00,$0.00,$0.00,$124.80,$0.00,$0.00,$0.00,$0.00,$120.00,$120.00,$0.00,,,,$0.00,$0.00,$0.00,$0.00,Stripe,No,,Completed,Online,3,fa33dec0-6d99-45f0-9623-6b475e4815f7
GAR1322,UTSAV Garba 2025,26/09/2025,7:00 pm,Eric,Yu,eric.yu52@example.com,1955640919,07/08/2026 12:05 pm,Online,Paid,3,0,$120.00,$0.00,$0.00,$0.00,$4.80,$0.00,$0.00,$0.00,$124.80,$0.00,$0.00,$0.00,$0.00,$120.00,$120.00,$0.00,,,,$0.00,$0.00,$0.00,$0.00,Stripe,Yes,,Completed,Online,3,8c102bc1-736b-4385-922f-b6b097477da7
GAR1323,UTSAV Garba 2025,26/09/2025,7:00 pm,Samuel,Roberson,samuel.roberson20@example.com,0702042620,29/07/2026 06:40 pm,Online,Paid,1,0,$40.00,$0.00,$0.00,$0.00,$1.60,$0.00,$0.00,$0.00,$41.60,$0.00,$0.00,$0.00,$0.00,$40.00,$40.00,$0.00,,,,$0.00,$0.00,$0.00,$0.00,Stripe,No,,Completed,Online,1,a960bd87-ba9d-44d4-a2cd-f6a018999d8c
GAR1324,UTSAV Garba 2025,26/09/2025,7:00 pm,Stephen,Carter,stephen.carter91@example.com,1393696789,13/07/2026 09:52 pm,Online,Paid,1,0,$40.00,$0.00,$0.00,$0.00,$1.60,$0.00,$0.00,$0.00,$41.60,$0.00,$0.00,$0.00,$0.00,$40.00,$40.00,$0.00,,,,$0.00,$0.00,$0.00,$0.00,Stripe,Yes,,Completed,Online,1,797d3028-85f1-4c46-b473-bdb490ff3e09
GAR1325,UTSAV Garba 2025,26/09/2025,7:00 pm,Rachel,Wallace,rachel.wallace93@example.com,6773192276,18/07/2026 07:37 pm,Online,Paid,2,0,$80.00,$0.00,$0.00,$0.00,$3.20,$0.00,$0.00,$0.00,$83.20,$0.00,$0.00,$0.00,$0.00,$80.00,$80.00,$0.00,,,,$0.00,$0.00,$0.00,$0.00,Stripe,No,,Completed,Online,2,87c97761-f6bd-4f6e-93a7-9138b2093314
GAR1326,UTSAV Garba 2025,26/09/2025,7:00 pm,Christopher,Johnson,christopher.johnson29@example.com,8653394319,31/07/2026 06:21 am,Online,Paid,1,0,$40.00,$0.00,$0.00,$0.00,$1.60,$0.00,$0.00,$0.00,$41.60,$0.00,$0.00,$0.00,$0.00,$40.00,$40.00,$0.00,,,,$0.00,$0.00,$0.00,$0.00,Stripe,No,,Completed,Online,1,f42d157f-07e7-4181-b039-6a9f4f0b5593
GAR1327,UTSAV Garba 2025,26/09/2025,7:00 pm,Linda,Wolfe,linda.wolfe70@example.com,2312021915,30/07/2026 09:30 am,Online,Paid,1,0,$40.00,$0.00,$0.00,$0.00,$1.60,$0.00,$0.00,$0.00,$41.60,$0.00,$0.00,$0.00,$0.00,$40.00,$40.00,$0.00,,,,$0.00,$0.00,$0.00,$0.00,Stripe,Yes,,Completed,Online,1,fe418620-45b4-413e-a0cd-8424cebbdf91
GAR1328,UTSAV Garba 2025,26/09/2025,7:00 pm,Stephen,Scott,stephen.scott25@example.com,4700026876,21/07/2026 10:30 am,Online,Paid,3,0,$120.00,$0.00,$0.00,$0.00,$4.80,$0.00,$0.00,$0.00,$124.80,$0.00,$0.00,$0.00,$0.00,$120.00,$120.00,$0.00,,,,$0.00,$0.00,$0.00,$0.00,Stripe,Yes,,Completed,Online,3,7f14d81c-6f6d-48c6-8334-33e0aa566d79
GAR1329,UTSAV Garba 2025,26/09/2025,7:00 pm,Travis,Martinez,travis.martinez87@example.com,9741636560,26/07/2026 01:04 am,Online,Paid,2,0,$80.00,$0.00,$0.00,$0.00,$3.20,$0.00,$0.00,$0.00,$83.20,$0.00,$0.00,$0.00,$0.00,$80.00,$80.00,$0.00,,,,$0.00,$0.00,$0.00,$0.00,Stripe,No,,Completed,Online,2,5a5e6d18-3e88-4490-a81d-e32b05e6d708
GAR1330,UTSAV Garba 2025,26/09/2025,7:00 pm,Erin,Herrera,erin.herrera45@example.com,7309649692,22/07/2026 04:24 pm,Manual,Paid,2,0,$80.00,$0.00,$0.00,$0.00,$3.20,$0.00,$0.00,$0.00,$83.20,$0.00,$0.00,$0.00,$0.00,$80.00,$80.00,$0.00,,,,$0.00,$0.00,$0.00,$0.00,Stripe,Yes,,Completed,Manual,2,90c031a8-a28e-4ff6-a1fa-b7e41c230f19
GAR1331,UTSAV Garba 2025,26/09/2025,7:00 pm,Craig,Johnson,craig.johnson30@example.com,9635305970,04/08/2026 06:16 pm,Online,Paid,2,0,$80.00,$0.00,$0.00,$0.00,$3.20,$0.00,$0.00,$0.00,$83.20,$0.00,$0.00,$0.00,$0.00,$80.00,$80.00,$0.00,,,,$0.00,$0.00,$0.00,$0.00,Stripe,Yes,,Completed,Online,2,293dffae-876d-4b13-a958-d9ab1c30f3f5
GAR1332,UTSAV Garba 2025,26/09/2025,7:00 pm,Thomas,Santana,thomas.santana77@example.com,6431594898,28/07/2026 10:52 am,Manual,Paid,3,0,$120.00,$0.00,$0.00,$0.00,$4.80,$0.00,$0.00,$0.00,$124.80,$0.00,$0.00,$0.00,$0.00,$120.00,$120.00,$0.00,,,,$0.00,$0.00,$0.00,$0.00,Stripe,Yes,,Completed,Manual,3,481d07d0-ec2f-49e6-9943-277264ba82bf
GAR1333,UTSAV Garba 2025,26/09/2025,7:00 pm,Tammy,Johnson,tammy.johnson48@example.com,3454434414,26/07/2026 01:16 pm,Online,Paid,1,0,$40.00,$0.00,$0.00,$0.00,$1.60,$0.00,$0.00,$0.00,$41.60,$0.00,$0.00,$0.00,$0.00,$40.00,$40.00,$0.00,,,,$0.00,$0.00,$0.00,$0.00,Stripe,Yes,,Completed,Online,1,96ce7d17-9a7d-44b4-ad91-9b5591c33f13
GAR1334,UTSAV Garba 2025,26/09/2025,7:00 pm,Erik,Watson,erik.watson31@example.com,4497439464,19/07/2026 10:44 pm,Online,Paid,3,0,$120.00,$0.00,$0.00,$0.00,$4.80,$0.00,$0.00,$0.00,$124.80,$0.00,$0.00,$0.00,$0.00,$120.00,$120.00,$0.00,,,,$0.00,$0.00,$0.00,$0.00,Stripe,Yes,,Completed,Online,3,0c38f74b-397a-47cc-a567-14d62bdcc3d7
GAR1335,UTSAV Garba 2025,26/09/2025,7:00 pm,Edward,Murphy,edward.murphy96@example.com,2973988941,02/08/2026 01:09 pm,Online,Paid,3,0,$120.00,$0.00,$0.00,$0.00,$4.80,$0.00,$0.00,$0.00,$124.80,$0.00,$0.00,$0.00,$0.00,$120.00,$120.00,$0.00,,,,$0.00,$0.00,$0.00,$0.00,Stripe,No,,Completed,Online,3,e4eb5ab9-ff69-4f1c-820a-b8a8f7a37987
GAR1336,UTSAV Garba 2025,26/09/2025,7:00 pm,Laura,Henderson,laura.henderson14@example.com,2021707548,09/08/2026 01:24 am,Online,Paid,2,0,$80.00,$0.00,$0.00,$0.00,$3.20,$0.00,$0.00,$0.00,$83.20,$0.00,$0.00,$0.00,$0.00,$80.00,$80.00,$0.00,,,,$0.00,$0.00,$0.00,$0.00,Stripe,Yes,,Completed,Online,2,69ad2a79-c8cc-484d-b5b2-872ba15b293e
GAR1337,UTSAV Garba 2025,26/09/2025,7:00 pm,Andrea,Reyes,andrea.reyes17@example.com,9220300449,24/07/2026 08:38 pm,Online,Paid,1,0,$40.00,$0.00,$0.00,$0.00,$1.60,$0.00,$0.00,$0.00,$41.60,$0.00,$0.00,$0.00,$0.00,$40.00,$40.00,$0.00,,,,$0.00,$0.00,$0.00,$0.00,Stripe,No,,Completed,Online,1,b9398e8e-25fc-47c7-9068-1724edcc6a95
GAR1338,UTSAV Garba 2025,26/09/2025,7:00 pm,Michael,Farmer,michael.farmer15@example.com,0251213756,03/08/2026 05:39 am,Online,Paid,1,0,$40.00,$0.00,$0.00,$0.00,$1.60,$0.00,$0.00,$0.00,$41.60,$0.00,$0.00,$0.00,$0.00,$40.00,$40.00,$0.00,,,,$0.00,$0.00,$0.00,$0.00,Stripe,No,,Completed,Online,1,9514e86e-54ad-4b86-b0b8-74e164404fef
GAR1339,UTSAV Garba 2025,26/09/2025,7:00 pm,Melanie,Landry,melanie.landry80@example.com,0861993145,23/07/2026 01:36 pm,Online,Paid,1,0,$40.00,$0.00,$0.00,$0.00,$1.60,$0.00,$0.00,$0.00,$41.60,$0.00,$0.00,$0.00,$0.00,$40.00,$40.00,$0.00,,,,$0.00,$0.00,$0.00,$0.00,Stripe,Yes,,Completed,Online,1,65843875-53c7-4de6-b21d-856b426664cf
GAR1340,UTSAV Garba 2025,26/09/2025,7:00 pm,Kimberly,Brown,kimberly.brown47@example.com,1388503423,25/07/2026 12:52 pm,Online,Paid,3,0,$120.00,$0.00,$0.00,$0.00,$4.80,$0.00,$0.00,$0.00,$124.80,$0.00,$0.00,$0.00,$0.00,$120.00,$120.00,$0.00,,,,$0.00,$0.00,$0.00,$0.00,Stripe,Yes,,Completed,Online,3,31e5266a-3fa8-4ff8-9ba4-444b089280fd
GAR1341,UTSAV Garba 2025,26/09/2025,7:00 pm,Maria,Horton,maria.horton21@example.com,2463104379,22/07/2026 11:59 am,Online,Paid,2,0,$80.00,$0.00,$0.00,$0.00,$3.20,$0.00,$0.00,$0.00,$83.20,$0.00,$0.00,$0.00,$0.00,$80.00,$80.00,$0.00,,,,$0.00,$0.00,$0.00,$0.00,Stripe,No,,Completed,Online,2,d4c933f2-8a4f-48b2-9251-63adc80bdbd7
GAR1342,UTSAV Garba 2025,26/09/2025,7:00 pm,Richard,Brown,richard.brown82@example.com,2946902177,11/07/2026 12:02 pm,Online,Paid,1,0,$40.00,$0.00,$0.00,$0.00,$1.60,$0.00,$0.00,$0.00,$41.60,$0.00,$0.00,$0.00,$0.00,$40.00,$40.00,$0.00,,,,$0.00,$0.00,$0.00,$0.00,Stripe,Yes,,Completed,Online,1,099c3693-fe59-489f-b035-fa61437478bd
GAR1343,UTSAV Garba 2025,26/09/2025,7:00 pm,Joshua,Medina,joshua.medina60@example.com,0238502289,22/07/2026 04:34 am,Online,Paid,3,0,$120.00,$0.00,$0.00,$0.00,$4.80,$0.00,$0.00,$0.00,$124.80,$0.00,$0.00,$0.00,$0.00,$120.00,$120.00,$0.00,,,,$0.00,$0.00,$0.00,$0.00,Stripe,No,,Completed,Online,3,c06947d3-72cd-4dd0-ae61-6bd7569d7aeb
GAR1344,UTSAV Garba 2025,26/09/2025,7:00 pm,Amy,King,amy.king53@example.com,3328293020,23/07/2026 01:01 pm,Online,Paid,1,0,$40.00,$0.00,$0.00,$0.00,$1.60,$0.00,$0.00,$0.00,$41.60,$0.00,$0.00,$0.00,$0.00,$40.00,$40.00,$0.00,,,,$0.00,$0.00,$0.00,$0.00,Stripe,No,,Completed,Online,1,372cba50-1b99-4f82-bdd3-5eea92d88eb1
GAR1345,UTSAV Garba 2025,26/09/2025,7:00 pm,Paul,Mosley,paul.mosley55@example.com,3033467711,18/07/2026 09:08 am,Manual,Paid,1,0,$40.00,$0.00,$0.00,$0.00,$1.60,$0.00,$0.00,$0.00,$41.60,$0.00,$0.00,$0.00,$0.00,$40.00,$40.00,$0.00,,,,$0.00,$0.00,$0.00,$0.00,Stripe,No,,Completed,Manual,1,70029831-02bd-43a7-90d7-4aa0eeccf146
GAR1346,UTSAV Garba 2025,26/09/2025,7:00 pm,Jennifer,Evans,jennifer.evans82@example.com,7995530245,12/08/2026 06:56 pm,Manual,Paid,3,0,$120.00,$0.00,$0.00,$0.00,$4.80,$0.00,$0.00,$0.00,$124.80,$0.00,$0.00,$0.00,$0.00,$120.00,$120.00,$0.00,,,,$0.00,$0.00,$0.00,$0.00,Stripe,No,,Completed,Manual,3,e9052c4b-2c4c-4385-a74c-87ebf10a373d
GAR1347,UTSAV Garba 2025,26/09/2025,7:00 pm,David,Moore,david.moore74@example.com,7230342028,19/07/2026 09:52 am,Online,Paid,2,0,$80.00,$0.00,$0.00,$0.00,$3.20,$0.00,$0.00,$0.00,$83.20,$0.00,$0.00,$0.00,$0.00,$80.00,$80.00,$0.00,,,,$0.00,$0.00,$0.00,$0.00,Stripe,No,,Completed,Online,2,94deff78-ccaf-419b-b8e2-74d8f250f86c
GAR1348,UTSAV Garba 2025,26/09/2025,7:00 pm,Nicholas,Johnson,nicholas.johnson65@example.com,1722240507,10/08/2026 11:30 pm,Online,Paid,3,0,$120.00,$0.00,$0.00,$0.00,$4.80,$0.00,$0.00,$0.00,$124.80,$0.00,$0.00,$0.00,$0.00,$120.00,$120.00,$0.00,,,,$0.00,$0.00,$0.00,$0.00,Stripe,No,,Completed,Online,3,f55c6af8-c6b4-4036-baca-2a87766afbe7
GAR1349,UTSAV Garba 2025,26/09/2025,7:00 pm,Joshua,Taylor,joshua.taylor18@example.com,7546199240,14/07/2026 08:54 am,Online,Paid,3,0,$120.00,$0.00,$0.00,$0.00,$4.80,$0.00,$0.00,$0.00,$124.80,$0.00,$0.00,$0.00,$0.00,$120.00,$120.00,$0.00,,,,$0.00,$0.00,$0.00,$0.00,Stripe,Yes,,Completed,Online,3,eba5c500-df55-4ba6-896d-3a543a363b3a
GAR1350,UTSAV Garba 2025,26/09/2025,7:00 pm,Carla,Chambers,carla.chambers36@example.com,2581225909,27/07/2026 02:18 pm,Online,Paid,1,0,$40.00,$0.00,$0.00,$0.00,$1.60,$0.00,$0.00,$0.00,$41.60,$0.00,$0.00,$0.00,$0.00,$40.00,$40.00,$0.00,,,,$0.00,$0.00,$0.00,$0.00,Stripe,No,,Completed,Online,1,b66db5df-4820-4942-88a5-9343c21ca2c1
GAR1351,UTSAV Garba 2025,26/09/2025,7:00 pm,Ronald,Stephens,ronald.stephens75@example.com,3733791212,20/07/2026 08:13 am,Online,Paid,1,0,$40.00,$0.00,$0.00,$0.00,$1.60,$0.00,$0.00,$0.00,$41.60,$0.00,$0.00,$0.00,$0.00,$40.00,$40.00,$0.00,,,,$0.00,$0.00,$0.00,$0.00,Stripe,No,,Completed,Online,1,f74c72c0-7538-40d9-87ea-19f21e859536
GAR1352,UTSAV Garba 2025,26/09/2025,7:00 pm,Tammy,Lewis,tammy.lewis48@example.com,5869017074,30/07/2026 10:27 am,Online,Paid,3,0,$120.00,$0.00,$0.00,$0.00,$4.80,$0.00,$0.00,$0.00,$124.80,$0.00,$0.00,$0.00,$0.00,$120.00,$120.00,$0.00,,,,$0.00,$0.00,$0.00,$0.00,Stripe,No,,Completed,Online,3,96773d4c-1a83-4f9e-9a3e-de1226ab406f
GAR1353,UTSAV Garba 2025,26/09/2025,7:00 pm,Carlos,Ramos,carlos.ramos57@example.com,5295171222,17/08/2026 07:15 am,Online,Paid,2,0,$80.00,$0.00,$0.00,$0.00,$3.20,$0.00,$0.00,$0.00,$83.20,$0.00,$0.00,$0.00,$0.00,$80.00,$80.00,$0.00,,,,$0.00,$0.00,$0.00,$0.00,Stripe,No,,Completed,Online,2,7453c9c3-8ebc-42b1-b866-5e813ff1254b
GAR1354,UTSAV Garba 2025,26/09/2025,7:00 pm,Oscar,Taylor,oscar.taylor6@example.com,5422162654,17/07/2026 11:57 am,Online,Paid,1,0,$40.00,$0.00,$0.00,$0.00,$1.60,$0.00,$0.00,$0.00,$41.60,$0.00,$0.00,$0.00,$0.00,$40.00,$40.00,$0.00,,,,$0.00,$0.00,$0.00,$0.00,Stripe,Yes,,Completed,Online,1,bc6699ff-bd73-4fcc-b1ff-18f9e8a541f8
GAR1355,UTSAV Garba 2025,26/09/2025,7:00 pm,Maria,Rivera,maria.rivera29@example.com,3444704887,10/07/2026 11:13 am,Online,Paid,2,0,$80.00,$0.00,$0.00,$0.00,$3.20,$0.00,$0.00,$0.00,$83.20,$0.00,$0.00,$0.00,$0.00,$80.00,$80.00,$0.00,,,,$0.00,$0.00,$0.00,$0.00,Stripe,No,,Completed,Online,2,455dc614-0301-406c-94a1-c8a6ec2597eb
GAR1356,UTSAV Garba 2025,26/09/2025,7:00 pm,Anthony,Gomez,anthony.gomez35@example.com,0596851953,28/07/2026 12:42 pm,Online,Paid,2,0,$80.00,$0.00,$0.00,$0.00,$3.20,$0.00,$0.00,$0.00,$83.20,$0.00,$0.00,$0.00,$0.00,$80.00,$80.00,$0.00,,,,$0.00,$0.00,$0.00,$0.00,Stripe,No,,Completed,Online,2,2e8139fe-e75d-4776-b3b5-ab5c9fb8d4b8
GAR1357,UTSAV Garba 2025,26/09/2025,7:00 pm,Jacob,Travis,jacob.travis35@example.com,2956342777,25/07/2026 09:38 pm,Online,Paid,2,0,$80.00,$0.00,$0.00,$0.00,$3.20,$0.00,$0.00,$0.00,$83.20,$0.00,$0.00,$0.00,$0.00,$80.00,$80.00,$0.00,,,,$0.00,$0.00,$0.00,$0.00,Stripe,No,,Completed,Online,2,27530c4a-9136-4ea8-9bd3-494be97c0337
GAR1358,UTSAV Garba 2025,26/09/2025,7:00 pm,James,Edwards,james.edwards87@example.com,6581292059,11/07/2026 02:13 am,Online,Paid,1,0,$40.00,$0.00,$0.00,$0.00,$1.60,$0.00,$0.00,$0.00,$41.60,$0.00,$0.00,$0.00,$0.00,$40.00,$40.00,$0.00,,,,$0.00,$0.00,$0.00,$0.00,Stripe,No,,Completed,Online,1,52949fbd-1243-4159-9df5-6402492ca612
GAR1359,UTSAV Garba 2025,26/09/2025,7:00 pm,Madeline,Richardson,madeline.richardson92@example.com,3029559636,15/08/2026 10:43 am,Online,Paid,1,0,$40.00,$0.00,$0.00,$0.00,$1.60,$0.00,$0.00,$0.00,$41.60,$0.00,$0.00,$0.00,$0.00,$40.00,$40.00,$0.00,,,,$0.00,$0.00,$0.00,$0.00,Stripe,No,,Completed,Online,1,d3a085ec-2c1f-40db-a89a-5f90a5500af1
GAR1360,UTSAV Garba 2025,26/09/2025,7:00 pm,Linda,Melendez,linda.melendez61@example.com,2066154980,03/08/2026 04:24 pm,Online,Paid,2,0,$80.00,$0.00,$0.00,$0.00,$3.20,$0.00,$0.00,$0.00,$83.20,$0.00,$0.00,$0.00,$0.00,$80.00,$80.00,$0.00,,,,$0.00,$0.00,$0.00,$0.00,Stripe,Yes,,Completed,Online,2,1b625489-b94e-42be-b46b-544c31ccd55c
GAR1361,UTSAV Garba 2025,26/09/2025,7:00 pm,Brittany,Price,brittany.price47@example.com,0498321122,19/07/2026 02:34 am,Online,Paid,3,0,$120.00,$0.00,$0.00,$0.00,$4.80,$0.00,$0.00,$0.00,$124.80,$0.00,$0.00,$0.00,$0.00,$120.00,$120.00,$0.00,,,,$0.00,$0.00,$0.00,$0.00,Stripe,Yes,,Completed,Online,3,82e89b5e-4bcb-48bd-bfca-79d85f42cf6b
GAR1362,UTSAV Garba 2025,26/09/2025,7:00 pm,Heather,Torres,heather.torres58@example.com,5826868764,05/08/2026 06:08 am,Online,Paid,1,0,$40.00,$0.00,$0.00,$0.00,$1.60,$0.00,$0.00,$0.00,$41.60,$0.00,$0.00,$0.00,$0.00,$40.00,$40.00,$0.00,,,,$0.00,$0.00,$0.00,$0.00,Stripe,No,,Completed,Online,1,431bdc70-53a3-434e-87e5-04ce1c179c69
GAR1363,UTSAV Garba 2025,26/09/2025,7:00 pm,Debra,Christian,debra.christian91@example.com,6442006298,01/08/2026 02:28 am,Online,Paid,2,0,$80.00,$0.00,$0.00,$0.00,$3.20,$0.00,$0.00,$0.00,$83.20,$0.00,$0.00,$0.00,$0.00,$80.00,$80.00,$0.00,,,,$0.00,$0.00,$0.00,$0.00,Stripe,No,,Completed,Online,2,504d39e0-d4f7-415f-be9a-f4fb7afe3780
GAR1364,UTSAV Garba 2025,26/09/2025,7:00 pm,Chase,Lin,chase.lin61@example.com,6464196234,30/07/2026 05:15 pm,Manual,Paid,3,0,$120.00,$0.00,$0.00,$0.00,$4.80,$0.00,$0.00,$0.00,$124.80,$0.00,$0.00,$0.00,$0.00,$120.00,$120.00,$0.00,,,,$0.00,$0.00,$0.00,$0.00,Stripe,No,,Completed,Manual,3,6fa579d0-ee1f-48ac-b701-001e2412a2ab
GAR1365,UTSAV Garba 2025,26/09/2025,7:00 pm,Paul,Ray,paul.ray34@example.com,1320410429,10/08/2026 10:43 pm,Online,Paid,2,0,$80.00,$0.00,$0.00,$0.00,$3.20,$0.00,$0.00,$0.00,$83.20,$0.00,$0.00,$0.00,$0.00,$80.00,$80.00,$0.00,,,,$0.00,$0.00,$0.00,$0.00,Stripe,No,,Completed,Online,2,480a202f-1cde-4b69-b8fb-04f3cbbc04a3
GAR1366,UTSAV Garba 2025,26/09/2025,7:00 pm,Randy,Collins,randy.collins23@example.com,1797269999,07/08/2026 11:39 pm,Manual,Paid,1,0,$40.00,$0.00,$0.00,$0.00,$1.60,$0.00,$0.00,$0.00,$41.60,$0.00,$0.00,$0.00,$0.00,$40.00,$40.00,$0.00,,,,$0.00,$0.00,$0.00,$0.00,Stripe,Yes,,Completed,Manual,1,8381023f-292f-4ba1-a6d5-010318b685c5
GAR1367,UTSAV Garba 2025,26/09/2025,7:00 pm,Jeanette,Gonzales,jeanette.gonzales57@example.com,8003666020,06/08/2026 03:25 pm,Online,Paid,3,0,$120.00,$0.00,$0.00,$0.00,$4.80,$0.00,$0.00,$0.00,$124.80,$0.00,$0.00,$0.00,$0.00,$120.00,$120.00,$0.00,,,,$0.00,$0.00,$0.00,$0.00,Stripe,No,,Completed,Online,3,294a8a71-bf7c-4627-b25b-7c88efadd4b5
GAR1368,UTSAV Garba 2025,26/09/2025,7:00 pm,Lynn,Bentley,lynn.bentley19@example.com,8631050524,31/07/2026 10:32 am,Online,Paid,1,0,$40.00,$0.00,$0.00,$0.00,$1.60,$0.00,$0.00,$0.00,$41.60,$0.00,$0.00,$0.00,$0.00,$40.00,$40.00,$0.00,,,,$0.00,$0.00,$0.00,$0.00,Stripe,No,,Completed,Online,1,ef70f8b6-007d-4d37-b5b4-6dcd8cc1e036
GAR1369,UTSAV Garba 2025,26/09/2025,7:00 pm,Michael,Williams,michael.williams22@example.com,6929900768,24/07/2026 06:21 am,Online,Paid,1,0,$40.00,$0.00,$0.00,$0.00,$1.60,$0.00,$0.00,$0.00,$41.60,$0.00,$0.00,$0.00,$0.00,$40.00,$40.00,$0.00,,,,$0.00,$0.00,$0.00,$0.00,Stripe,No,,Completed,Online,1,3e7b15a3-eefd-41cf-afa7-60a9c19bfe2a
