Order id,Event,Event date,Event time,First name,Last name,Email,Mobile,Order date,Type,Financial status,Valid tickets,Cancelled tickets,Ticket sales,Add-on sales,Donations,Fee rebate,Humanitix passed-on fee,Amex surcharge,Refund protection,Custom tax,Paid,Humanitix absorbed fees,Zip fee,Afterpay fee,Refunds,Your earnings,Your payout,Refunded fees,Giftcard used,Voucher used,Discount code used,Discount redeemed,Tax on sales,Tax on rebates,Tax on booking fees,Gateway,Marketing opt-in,Notes,Status,Sales channel,Tickets delivered,Long order id
GUL1000,Gulaal Holi,14/03/2026,7:00 pm,Chelsea,Allen,chelsea.allen41@example.com,8389633761,12/08/2026 08:42 pm,Online,Paid,2,0,$50.00,$0.00,$0.00,$0.00,$2.00,$0.00,$0.00,$0.00,$52.00,$0.00,$0.00,$0.00,$0.00,$50.00,$50.00,$0.00,,,,$0.00,$0.00,$0.00,$0.00,Stripe,No,,Completed,Online,2,8ad634a7-f6a6-4d7f-a190-28e4e21e2ae4
GUL1001,Gulaal Holi,14/03/2026,7:00 pm,Martha,Drake,martha.drake42@example.com,2671368410,15/08/2026 12:25 am,Online,Paid,4,0,$100.00,$0.00,$0.00,$0.00,$4.00,$0.00,$0.00,$0.00,$104.00,$0.00,$0.00,$0.00,$0.00,$100.00,$100.00,$0.00,,,,$0.00,$0.00,$0.00,$0.00,Stripe,Yes,,Completed,Online,4,282767c0-ca85-482c-817e-d3f4a9f05ec4
GUL1002,Gulaal Holi,14/03/2026,7:00 pm,Megan,Parsons,megan.parsons58@example.com,9218835279,18/07/2026 06:03 am,Manual,Paid,1,0,$25.00,$0.00,$0.00,$0.00,$1.00,$0.00,$0.00,$0.00,$26.00,$0.00,$0.00,$0.00,$0.00,$25.00,$25.00,$0.00,,,,$0.00,$0.00,$0.00,$0.00,Stripe,No,,Completed,Manual,1,c3a623ce-f019-4ca2-b54f-ae0b534b3dbb
GUL1003,Gulaal Holi,14/03/2026,7:00 pm,David,Riggs,david.riggs32@example.com,6776106592,08/08/2026 02:58 am,Online,Paid,1,0,$25.00,$0.00,$0.00,$0.00,$1.00,$0.00,$0.00,$0.00,$26.00,$0.00,$0.00,$0.00,$0.00,$25.00,$25.00,$0.00,,,,$0.00,$0.00,$0.00,$0.00,Stripe,No,,Completed,Online,1,d02f1905-a778-414e-9b36-840c19b72aaa
GUL1004,Gulaal Holi,14/03/2026,7:00 pm,Lorraine,Foster,lorraine.foster80@example.com,9279761781,20/07/2026 07:09 pm,Online,Paid,2,0,$50.00,$0.00,$0.00,$0.00,$2.00,$0.00,$0.00,$0.00,$52.00,$0.00,$0.00,$0.00,$0.00,$50.00,$50.00,$0.00,,,,$0.00,$0.00,$0.00,$0.00,Stripe,No,,Completed,Online,2,a4ac2176-8882-4b82-9a6d-33da945dbe02
GUL1005,Gulaal Holi,14/03/2026,7:00 pm,Stacy,Cook,stacy.cook30@example.com,5720266568,20/07/2026 12:57 am,Online,Paid,3,0,$75.00,$0.00,$0.00,$0.00,$3.00,$0.00,$0.00,$0.00,$78.00,$0.00,$0.00,$0.00,$0.00,$75.00,$75.00,$0.00,,,,$0.00,$0.00,$0.00,$0.00,Stripe,No,,Completed,Online,3,d455b87e-9322-4023-9a99-5017deb04c83
GUL1006,Gulaal Holi,14/03/2026,7:00 pm,Lindsay,Blair,lindsay.blair55@example.com,7349899255,14/07/2026 01:59 am,Online,Paid,2,0,$50.00,$0.00,$0.00,$0.00,$2.00,$0.00,$0.00,$0.00,$52.00,$0.00,$0.00,$0.00,$0.00,$50.00,$50.00,$0.00,,,,$0.00,$0.00,$0.00,$0.00,Stripe,No,,Completed,Online,2,a2ef2b77-a0d6-4a59-af66-56b4abd14dd5
GUL1007,Gulaal Holi,14/03/2026,7:00 pm,Joshua,Hays,joshua.hays4@example.com,4299074729,10/07/2026 06:16 pm,Online,Paid,3,0,$75.00,$0.00,$0.00,$0.00,$3.00,$0.00,$0.00,$0.00,$78.00,$0.00,$0.00,$0.00,$0.00,$75.00,$75.00,$0.00,,,,$0.00,$0.00,$0.00,$0.00,Stripe,Yes,,Completed,Online,3,101c1fa0-4df4-4d1f-bf3c-6eb0fd0be52c
GUL1008,Gulaal Holi,14/03/2026,7:00 pm,Alexis,Harris,alexis.harris38@example.com,7080897474,09/08/2026 05:21 am,Online,Paid,2,0,$50.00,$0.00,$0.00,$0.00,$2.00,$0.00,$0.00,$0.00,$52.00,$0.00,$0.00,$0.00,$0.00,$50.00,$50.00,$0.00,,,,$0.00,$0.00,$0.00,$0.00,Stripe,No,,Completed,Online,2,67d73e57-48c3-4385-922b-a6f1d9c175fd
GUL1009,Gulaal Holi,14/03/2026,7:00 pm,Joseph,Christian,joseph.christian94@example.com,9841673478,21/07/2026 03:57 am,Online,Paid,2,0,$50.00,$0.00,$0.00,$0.00,$2.00,$0.00,$0.00,$0.00,$52.00,$0.00,$0.00,$0.00,$0.00,$50.00,$50.00,$0.00,,,,$0.00,$0.00,$0.00,$0.00,Stripe,No,,Completed,Online,2,cef516c8-8953-4abc-94de-d20dbbaae0a4
GUL1010,Gulaal Holi,14/03/2026,7:00 pm,Mitchell,Griffith,mitchell.griffith95@example.com,4980445092,31/07/2026 04:54 am,Online,Paid,1,0,$25.00,$0.00,$0.00,$0.00,$1.00,$0.00,$0.00,$0.00,$26.00,$0.00,$0.00,$0.00,$0.00,$25.00,$25.00,$0.00,,,,$0.00,$0.00,$0.00,$0.00,Stripe,Yes,,Completed,Online,1,1e46c88e-2bc0-40e4-b700-942853a0730b
GUL1011,Gulaal Holi,14/03/2026,7:00 pm,Bryce,Mcknight,bryce.mcknight93@example.com,2627066489,12/08/2026 12:01 am,Online,Paid,2,0,$50.00,$0.00,$0.00,$0.00,$2.00,$0.00,$0.00,$0.00,$52.00,$0.00,$0.00,$0.00,$0.00,$50.00,$50.00,$0.00,,,,$0.00,$0.00,$0.00,$0.00,Stripe,No,,Completed,Online,2,d5647056-88de-4047-8543-646b2ddc3792
GUL1012,Gulaal Holi,14/03/2026,7:00 pm,Erin,Guerrero,erin.guerrero77@example.com,3088983057,20/07/2026 06:18 am,Online,Paid,2,0,$50.00,$0.00,$0.00,$0.00,$2.00,$0.00,$0.00,$0.00,$52.00,$0.00,$0.00,$0.00,$0.00,$50.00,$50.00,$0.00,,,,$0.00,$0.00,$0.00,$0.00,Stripe,Yes,,Completed,Online,2,bca50ac2-9852-4535-9e6d-3d623ca97d02
GUL1013,Gulaal Holi,14/03/2026,7:00 pm,Christopher,Hall,christopher.hall62@example.com,8563027500,28/07/2026 09:13 pm,Online,Paid,1,0,$25.00,$0.00,$0.00,$0.00,$1.00,$0.00,$0.00,$0.00,$26.00,$0.00,$0.00,$0.00,$0.00,$25.00,$25.00,$0.00,,,,$0.00,$0.00,$0.00,$0.00,Stripe,No,,Completed,Online,1,63efc4d9-b85f-4790-984c-3ee3adfe0110
GUL1014,Gulaal Holi,14/03/2026,7:00 pm,Krista,Parsons,krista.parsons6@example.com,1995305641,09/08/2026 12:57 am,Manual,Paid,1,0,$25.00,$0.00,$0.00,$0.00,$1.00,$0.00,$0.00,$0.00,$26.00,$0.00,$0.00,$0.00,$0.00,$25.00,$25.00,$0.00,,,,$0.00,$0.00,$0.00,$0.00,Stripe,Yes,,Completed,Manual,1,fa8f3923-7032-48e2-9351-df5f310b82d7
GUL1015,Gulaal Holi,14/03/2026,7:00 pm,Gary,Berry,gary.berry25@example.com,6790870187,31/07/2026 12:31 pm,Online,Paid,3,0,$75.00,$0.00,$0.00,$0.00,$3.00,$0.00,$0.00,$0.00,$78.00,$0.00,$0.00,$0.00,$0.00,$75.00,$75.00,$0.00,,,,$0.00,$0.00,$0.00,$0.00,Stripe,No,,Completed,Online,3,c007e123-a18a-4fa8-9ced-799107feb08e
GUL1016,Gulaal Holi,14/03/2026,7:00 pm,Leslie,Walton,leslie.walton83@example.com,1034444299,18/07/2026 08:47 am,Online,Paid,2,0,$50.00,$0.00,$0.00,$0.00,$2.00,$0.00,$0.00,$0.00,$52.00,$0.00,$0.00,$0.00,$0.00,$50.00,$50.00,$0.00,,,,$0.00,$0.00,$0.00,$0.00,Stripe,No,,Completed,Online,2,f466b44b-57cb-4f2e-aa4e-d1334635d22a
GUL1017,Gulaal Holi,14/03/2026,7:00 pm,Mark,Solis,mark.solis54@example.com,5240622155,26/07/2026 08:44 pm,Online,Paid,3,0,$75.00,$0.00,$0.00,$0.00,$3.00,$0.00,$0.00,$0.00,$78.00,$0.00,$0.00,$0.00,$0.00,$75.00,$75.00,$0.00,,,,$0.00,$0.00,$0.00,$0.00,Stripe,Yes,,Completed,Online,3,50bfc860-230d-462a-ba49-ae9cdf4b4c19
GUL1018,Gulaal Holi,14/03/2026,7:00 pm,Terrance,Franco,terrance.franco16@example.com,2219053347,15/08/2026 06:34 pm,Online,Paid,1,0,$25.00,$0.00,$0.00,$0.00,$1.00,$0.00,$0.00,$0.00,$26.00,$0.00,$0.00,$0.00,$0.00,$25.00,$25.00,$0.00,,,,$0.00,$0.00,$0.00,$0.00,Stripe,No,,Completed,Online,1,63883dea-e698-4376-bafb-83cc4eab6bdd
GUL1019,Gulaal Holi,14/03/2026,7:00 pm,Sarah,Gallegos,sarah.gallegos6@example.com,5593965213,22/07/2026 05:57 am,Online,Paid,3,0,$75.00,$0.00,$0.00,$0.00,$3.00,$0.00,$0.00,$0.00,$78.00,$0.00,$0.00,$0.00,$0.00,$75.00,$75.00,$0.00,,,,$0.00,$0.00,$0.00,$0.00,Stripe,Yes,,Completed,Online,3,14f32e9b-d497-4ff6-bd35-960301903474
GUL1020,Gulaal Holi,14/03/2026,7:00 pm,Leonard,Hayes,leonard.hayes21@example.com,5531290036,17/08/2026 05:13 am,Online,Paid,2,0,$50.00,$0.00,$0.00,$0.00,$2.00,$0.00,$0.00,$0.00,$52.00,$0.00,$0.00,$0.00,$0.00,$50.00,$50.00,$0.00,,,,$0.00,$0.00,$0.00,$0.00,Stripe,Yes,,Completed,Online,2,ede652f5-1167-41d8-9e71-a4acee367214
GUL1021,Gulaal Holi,14/03/2026,7:00 pm,Leah,Norton,leah.norton81@example.com,3277264883,07/08/2026 09:02 am,Online,Paid,1,0,$25.00,$0.00,$0.00,$0.00,$1.00,$0.00,$0.00,$0.00,$26.00,$0.00,$0.00,$0.00,$0.00,$25.00,$25.00,$0.00,,,,$0.00,$0.00,$0.00,$0.00,Stripe,Yes,,Completed,Online,1,523c0ed4-acd3-4c0b-b65d-95c2522c12e1
GUL1022,Gulaal Holi,14/03/2026,7:00 pm,Mark,Lin,mark.lin83@example.com,2942525161,01/08/2026 12:29 am,Online,Paid,4,0,$100.00,$0.00,$0.00,$0.00,$4.00,$0.00,$0.00,$0.00,$104.00,$0.00,$0.00,$0.00,$0.00,$100.00,$100.00,$0.00,,,,$0.00,$0.00,$0.00,$0.00,Stripe,No,,Completed,Online,4,72d932a4-1583-467e-9d6d-37c75e4532ec
GUL1023,Gulaal Holi,14/03/2026,7:00 pm,Sheila,Fischer,sheila.fischer49@example.com,0805491477,13/07/2026 12:06 am,Online,Paid,2,0,$50.00,$0.00,$0.00,$0.00,$2.00,$0.00,$0.00,$0.00,$52.00,$0.00,$0.00,$0.00,$0.00,$50.00,$50.00,$0.00,,,,$0.00,$0.00,$0.00,$0.00,Stripe,No,,Completed,Online,2,a37d299e-5dba-4337-83c2-72483af6527f
GUL1024,Gulaal Holi,14/03/2026,7:00 pm,Heather,Berger,heather.berger14@example.com,4784171594,18/07/2026 06:53 pm,Online,Paid,2,0,$50.00,$0.00,$0.00,$0.00,$2.00,$0.00,$0.00,$0.00,$52.00,$0.00,$0.00,$0.00,$0.00,$50.00,$50.00,$0.00,,,,$0.00,$0.00,$0.00,$0.00,Stripe,Yes,,Completed,Online,2,e6bbba9e-d8ef-4f09-8a15-21ff428c92a6
GUL1025,Gulaal Holi,14/03/2026,7:00 pm,Robert,Stein,robert.stein40@example.com,5378803318,02/08/2026 10:15 pm,Online,Paid,1,0,$25.00,$0.00,$0.00,$0.00,$1.00,$0.00,$0.00,$0.00,$26.00,$0.00,$0.00,$0.00,$0.00,$25.00,$25.00,$0.00,,,,$0.00,$0.00,$0.00,$0.00,Stripe,No,,Completed,Online,1,b039ba0d-1192-44dc-899a-9a60dfb46e9e
GUL1026,Gulaal Holi,14/03/2026,7:00 pm,Chase,Martin,chase.martin85@example.com,6087882815,18/07/2026 05:59 am,Online,Paid,1,0,$25.00,$0.00,$0.00,$0.00,$1.00,$0.00,$0.00,$0.00,$26.00,$0.00,$0.00,$0.00,$0.00,$25.00,$25.00,$0.00,,,,$0.00,$0.00,$0.00,$0.00,Stripe,Yes,,Completed,Online,1,49058e12-0277-4141-b240-ab1579a7e05a
GUL1027,Gulaal Holi,14/03/2026,7:00 pm,Antonio,Mcfarland,antonio.mcfarland30@example.com,2515217465,11/08/2026 04:04 pm,Online,Paid,3,0,$75.00,$0.00,$0.00,$0.00,$3.00,$0.00,$0.00,$0.00,$78.00,$0.00,$0.00,$0.00,$0.00,$75.00,$75.00,$0.00,,,,$0.00,$0.00,$0.00,$0.00,Stripe,No,,Completed,Online,3,c8c489bc-ce47-46d1-8fea-3a8f7b8db32f
GUL1028,Gulaal Holi,14/03/2026,7:00 pm,Ashley,Graham,ashley.graham89@example.com,8915673446,30/07/2026 08:54 am,Online,Paid,1,0,$25.00,$0.00,$0.00,$0.00,$1.00,$0.00,$0.00,$0.00,$26.00,$0.00,$0.00,$0.00,$0.00,$25.00,$25.00,$0.00,,,,$0.00,$0.00,$0.00,$0.00,Stripe,Yes,,Completed,Online,1,eefadcfa-60ff-4567-be07-d0c971545572
GUL1029,Gulaal Holi,14/03/2026,7:00 pm,Brenda,Goodwin,brenda.goodwin81@example.com,9143362999,16/07/2026 05:59 pm,Manual,Paid,2,0,$50.00,$0.00,$0.00,$0.00,$2.00,$0.00,$0.00,$0.00,$52.00,$0.00,$0.00,$0.00,$0.00,$50.00,$50.00,$0.00,,,,$0.00,$0.00,$0.00,$0.00,Stripe,No,,Completed,Manual,2,5769993c-e7f1-4c14-b8bf-491d4311fb26
GUL1030,Gulaal Holi,14/03/2026,7:00 pm,Michael,Farmer,michael.farmer15@example.com,0108985739,12/07/2026 11:06 am,Online,Paid,1,0,$25.00,$0.00,$0.00,$0.00,$1.00,$0.00,$0.00,$0.00,$26.00,$0.00,$0.00,$0.00,$0.00,$25.00,$25.00,$0.00,,,,$0.00,$0.00,$0.00,$0.00,Stripe,No,,Completed,Online,1,b5788525-af0a-45d6-ae5e-1fb5d52939e5
GUL1031,Gulaal Holi,14/03/2026,7:00 pm,Donna,Le,donna.le61@example.com,1896844246,23/07/2026 04:24 pm,Online,Paid,1,0,$25.00,$0.00,$0.00,$0.00,$1.00,$0.00,$0.00,$0.00,$26.00,$0.00,$0.00,$0.00,$0.00,$25.00,$25.00,$0.00,,,,$0.00,$0.00,$0.00,$0.00,Stripe,No,,Completed,Online,1,f06cfdb6-c046-4297-9e87-60404c2ba24c
GUL1032,Gulaal Holi,14/03/2026,7:00 pm,William,Hoover,william.hoover41@example.com,9572857595,14/08/2026 01:05 pm,Online,Refunded,0,2,$0.00,$0.00,$0.00,$0.00,$0.00,$0.00,$0.00,$0.00,$0.00,$0.00,$0.00,$0.00,$0.00,$0.00,$0.00,$0.00,,,,$0.00,$0.00,$0.00,$0.00,Stripe,Yes,,Completed,Online,2,97a35108-d7b3-4866-9c75-1ad4bdecfa9d
GUL1033,Gulaal Holi,14/03/2026,7:00 pm,Jeremy,Roberts,jeremy.roberts65@example.com,1797891248,12/07/2026 09:52 am,Online,Paid,2,0,$50.00,$0.00,$0.00,$0.00,$2.00,$0.00,$0.00,$0.00,$52.00,$0.00,$0.00,$0.00,$0.00,$50.00,$50.00,$0.00,,,,$0.00,$0.00,$0.00,$0.00,Stripe,Yes,,Completed,Online,2,e61219b5-73ac-46e1-9c21-0944e84511a2
GUL1034,Gulaal Holi,14/03/2026,7:00 pm,Troy,Sanchez,troy.sanchez11@example.com,5984451436,13/07/2026 02:31 pm,Online,Paid,2,0,$50.00,$0.00,$0.00,$0.00,$2.00,$0.00,$0.00,$0.00,$52.00,$0.00,$0.00,$0.00,$0.00,$50.00,$50.00,$0.00,,,,$0.00,$0.00,$0.00,$0.00,Stripe,Yes,,Completed,Online,2,85fb94a6-fb67-4437-a426-e700feb2ac4b
GUL1035,Gulaal Holi,14/03/2026,7:00 pm,Katie,Anderson,katie.anderson89@example.com,3038856811,14/07/2026 11:54 am,Online,Paid,1,0,$25.00,$0.00,$0.00,$0.00,$1.00,$0.00,$0.00,$0.00,$26.00,$0.00,$0.00,$0.00,$0.00,$25.00,$25.00,$0.00,,,,$0.00,$0.00,$0.00,$0.00,Stripe,No,,Completed,Online,1,d5942bb2-7ddf-4270-bc60-037efc6f2e6e
GUL1036,Gulaal Holi,14/03/2026,7:00 pm,Michael,Matthews,michael.matthews44@example.com,5900992177,31/07/2026 10:06 am,Online,Paid,4,0,$100.00,$0.00,$0.00,$0.00,$4.00,$0.00,$0.00,$0.00,$104.00,$0.00,$0.00,$0.00,$0.00,$100.00,$100.00,$0.00,,,,$0.00,$0.00,$0.00,$0.00,Stripe,Yes,,Completed,Online,4,dc87885e-8f6e-4e30-a5d6-ad4050cca99f
GUL1037,Gulaal Holi,14/03/2026,7:00 pm,Jamie,Clark,jamie.clark25@example.com,9335158807,26/07/2026 11:49 pm,Online,Paid,1,0,$25.00,$0.00,$0.00,$0.00,$1.00,$0.00,$0.00,$0.00,$26.00,$0.00,$0.00,$0.00,$0.00,$25.00,$25.00,$0.00,,,,$0.00,$0.00,$0.00,$0.00,Stripe,No,,Completed,Online,1,051d1800-6502-4273-ac5f-a7262064b2a1
GUL1038,Gulaal Holi,14/03/2026,7:00 pm,Amy,Gutierrez,amy.gutierrez80@example.com,1939103829,08/08/2026 12:11 pm,Online,Paid,3,0,$75.00,$0.00,$0.00,$0.00,$3.00,$0.00,$0.00,$0.00,$78.00,$0.00,$0.00,$0.00,$0.00,$75.00,$75.00,$0.00,,,,$0.00,$0.00,$0.00,$0.00,Stripe,No,,Completed,Online,3,597ce0cf-50ad-4cd5-9dbb-5298a5751dda
GUL1039,Gulaal Holi,14/03/2026,7:00 pm,Rachel,Clark,rachel.clark9@example.com,0908581810,15/07/2026 03:18 am,Manual,Paid,2,0,$50.00,$0.00,$0.00,$0.00,$2.00,$0.00,$0.00,$0.00,$52.00,$0.00,$0.00,$0.00,$0.00,$50.00,$50.00,$0.00,,,,$0.00,$0.00,$0.00,$0.00,Stripe,No,,Completed,Manual,2,36514258-4ca1-4720-a2b8-952ee11b1719
GUL1040,Gulaal Holi,14/03/2026,7:00 pm,Angela,Smith,angela.smith75@example.com,6158736627,07/08/2026 06:42 am,Online,Paid,2,0,$50.00,$0.00,$0.00,$0.00,$2.00,$0.00,$0.00,$0.00,$52.00,$0.00,$0.00,$0.00,$0.00,$50.00,$50.00,$0.00,,,,$0.00,$0.00,$0.00,$0.00,Stripe,Yes,,Completed,Online,2,66a4372a-997e-43d1-b87a-d8968278e194
GUL1041,Gulaal Holi,14/03/2026,7:00 pm,Yolanda,Ferrell,yolanda.ferrell19@example.com,5390058561,01/08/2026 01:47 pm,Online,Paid,1,0,$25.00,$0.00,$0.00,$0.00,$1.00,$0.00,$0.00,$0.00,$26.00,$0.00,$0.00,$0.00,$0.00,$25.00,$25.00,$0.00,,,,$0.00,$0.00,$0.00,$0.00,Stripe,No,,Completed,Online,1,a691c0e6-1600-43cf-bf0e-3075aa68a301
GUL1042,Gulaal Holi,14/03/2026,7:00 pm,Robert,Davis,robert.davis4@example.com,6397925511,23/07/2026 10:43 am,Online,Refunded,0,1,$0.00,$0.00,$0.00,$0.00,$0.00,$0.00,$0.00,$0.00,$0.00,$0.00,$0.00,$0.00,$0.00,$0.00,$0.00,$0.00,,,,$0.00,$0.00,$0.00,$0.00,Stripe,Yes,,Completed,Online,1,9d0aafe2-adc8-4219-b4de-6a696494446a
GUL1043,Gulaal Holi,14/03/2026,7:00 pm,Anthony,Williams,anthony.williams70@example.com,8377270289,12/07/2026 01:40 am,Online,Paid,1,0,$25.00,$0.00,$0.00,$0.00,$1.00,$0.00,$0.00,$0.00,$26.00,$0.00,$0.00,$0.00,$0.00,$25.00,$25.00,$0.00,,,,$0.00,$0.00,$0.00,$0.00,Stripe,No,,Completed,Online,1,3fd6f99e-ea03-486f-97d6-6988013319d1
GUL1044,Gulaal Holi,14/03/2026,7:00 pm,James,Cruz,james.cruz82@example.com,6441610197,21/07/2026 09:55 pm,Online,Paid,2,0,$50.00,$0.00,$0.00,$0.00,$2.00,$0.00,$0.00,$0.00,$52.00,$0.00,$0.00,$0.00,$0.00,$50.00,$50.00,$0.00,,,,$0.00,$0.00,$0.00,$0.00,Stripe,Yes,,Completed,Online,2,a28322e8-d171-404f-9f48-00048910d70e
GUL1045,Gulaal Holi,14/03/2026,7:00 pm,Joseph,Brennan,joseph.brennan85@example.com,4051038802,15/08/2026 06:02 am,Online,Paid,1,0,$25.00,$0.00,$0.00,$0.00,$1.00,$0.00,$0.00,$0.00,$26.00,$0.00,$0.00,$0.00,$0.00,$25.00,$25.00,$0.00,,,,$0.00,$0.00,$0.00,$0.00,Stripe,No,,Completed,Online,1,6b715b34-7c92-4cab-a488-a33043995af3
GUL1046,Gulaal Holi,14/03/2026,7:00 pm,Joseph,Nunez,joseph.nunez62@example.com,8144471893,18/07/2026 12:59 pm,Online,Paid,1,0,$25.00,$0.00,$0.00,$0.00,$1.00,$0.00,$0.00,$0.00,$26.00,$0.00,$0.00,$0.00,$0.00,$25.00,$25.00,$0.00,,,,$0.00,$0.00,$0.00,$0.00,Stripe,No,,Completed,Online,1,696932ac-9349-466a-8588-15b3ed335d5f
GUL1047,Gulaal Holi,14/03/2026,7:00 pm,Sandra,Jones,sandra.jones23@example.com,6764909228,01/08/2026 08:08 pm,Online,Paid,1,0,$25.00,$0.00,$0.00,$0.00,$1.00,$0.00,$0.00,$0.00,$26.00,$0.00,$0.00,$0.00,$0.00,$25.00,$25.00,$0.00,,,,$0.00,$0.00,$0.00,$0.00,Stripe,Yes,,Completed,Online,1,4505f98e-c3e8-412d-b44f-eff882577dd1
GUL1048,Gulaal Holi,14/03/2026,7:00 pm,Jeffrey,Bradford,jeffrey.bradford54@example.com,1358727174,13/08/2026 09:13 am,Online,Paid,3,0,$75.00,$0.00,$0.00,$0.00,$3.00,$0.00,$0.00,$0.00,$78.00,$0.00,$0.00,$0.00,$0.00,$75.00,$75.00,$0.00,,,,$0.00,$0.00,$0.00,$0.00,Stripe,No,,Completed,Online,3,8f58ed08-f5b9-47b1-8d84-067fce58e7fc
GUL1049,Gulaal Holi,14/03/2026,7:00 pm,Meghan,Davis,meghan.davis66@example.com,6403439881,17/08/2026 07:53 pm,Online,Paid,2,0,$50.00,$0.00,$0.00,$0.00,$2.00,$0.00,$0.00,$0.00,$52.00,$0.00,$0.00,$0.00,$0.00,$50.00,$50.00,$0.00,,,,$0.00,$0.00,$0.00,$0.00,Stripe,No,,Completed,Online,2,a6e2e3f4-7174-4bc8-b84a-ed028c626a8f
GUL1050,Gulaal Holi,14/03/2026,7:00 pm,Lisa,Barnes,lisa.barnes13@example.com,3364770413,08/08/2026 01:23 pm,Online,Refunded,0,1,$0.00,$0.00,$0.00,$0.00,$0.00,$0.00,$0.00,$0.00,$0.00,$0.00,$0.00,$0.00,$0.00,$0.00,$0.00,$0.00,,,,$0.00,$0.00,$0.00,$0.00,Stripe,Yes,,Completed,Online,1,f12c2046-1cdb-46cb-a9c3-d3719f688611
GUL1051,Gulaal Holi,14/03/2026,7:00 pm,Brian,Romero,brian.romero87@example.com,8602826254,16/08/2026 12:25 pm,Online,Paid,1,0,$25.00,$0.00,$0.00,$0.00,$1.00,$0.00,$0.00,$0.00,$26.00,$0.00,$0.00,$0.00,$0.00,$25.00,$25.00,$0.00,,,,$0.00,$0.00,$0.00,$0.00,Stripe,Yes,,Completed,Online,1,2b9e6568-d8ee-4d81-a7bb-c32d115ca802
GUL1052,Gulaal Holi,14/03/2026,7:00 pm,Donald,Hinton,donald.hinton70@example.com,1905772044,13/08/2026 12:58 am,Online,Paid,3,0,$75.00,$0.00,$0.00,$0.00,$3.00,$0.00,$0.00,$0.00,$78.00,$0.00,$0.00,$0.00,$0.00,$75.00,$75.00,$0.00,,,,$0.00,$0.00,$0.00,$0.00,Stripe,No,,Completed,Online,3,b080e995-7ea7-4cb8-b0ad-194db5100bca
GUL1053,Gulaal Holi,14/03/2026,7:00 pm,Samantha,Atkins,samantha.atkins38@example.com,1932453810,02/08/2026 11:31 am,Online,Paid,2,0,$50.00,$0.00,$0.00,$0.00,$2.00,$0.00,$0.00,$0.00,$52.00,$0.00,$0.00,$0.00,$0.00,$50.00,$50.00,$0.00,,,,$0.00,$0.00,$0.00,$0.00,Stripe,No,,Completed,Online,2,a260f227-f46a-4817-994a-589d4f3fbe07
GUL1054,Gulaal Holi,14/03/2026,7:00 pm,Jennifer,Hicks,jennifer.hicks31@example.com,4870987264,15/08/2026 10:17 am,Online,Paid,1,0,$25.00,$0.00,$0.00,$0.00,$1.00,$0.00,$0.00,$0.00,$26.00,$0.00,$0.00,$0.00,$0.00,$25.00,$25.00,$0.00,,,,$0.00,$0.00,$0.00,$0.00,Stripe,No,,Completed,Online,1,14003cbc-5f89-498c-ad6d-c2cb2eeedca9
GUL1055,Gulaal Holi,14/03/2026,7:00 pm,Keith,Cabrera,keith.cabrera69@example.com,2240432611,18/08/2026 02:11 am,Online,Paid,1,0,$25.00,$0.00,$0.00,$0.00,$1.00,$0.00,$0.00,$0.00,$26.00,$0.00,$0.00,$0.00,$0.00,$25.00,$25.00,$0.00,,,,$0.00,$0.00,$0.00,$0.00,Stripe,Yes,,Completed,Online,1,61f03b99-4e33-4b37-b142-5d810912fddc
GUL1056,Gulaal Holi,14/03/2026,7:00 pm,Sandra,Romero,sandra.romero86@example.com,6307028672,30/07/2026 09:59 pm,Manual,Paid,1,0,$25.00,$0.00,$0.00,$0.00,$1.00,$0.00,$0.00,$0.00,$26.00,$0.00,$0.00,$0.00,$0.00,$25.00,$25.00,$0.00,,,,$0.00,$0.00,$0.00,$0.00,Stripe,No,,Completed,Manual,1,c788e847-55d1-4dfc-9834-e02f0823e20b
GUL1057,Gulaal Holi,14/03/2026,7:00 pm,Christopher,Moore,christopher.moore37@example.com,6219536890,10/08/2026 07:31 am,Online,Paid,2,0,$50.00,$0.00,$0.00,$0.00,$2.00,$0.00,$0.00,$0.00,$52.00,$0.00,$0.00,$0.00,$0.00,$50.00,$50.00,$0.00,,,,$0.00,$0.00,$0.00,$0.00,Stripe,No,,Completed,Online,2,07afb918-5020-436f-9adb-b8f179cdc59e
GUL1058,Gulaal Holi,14/03/2026,7:00 pm,Jeremy,Johnson,jeremy.johnson76@example.com,3259007397,12/07/2026 05:54 pm,Online,Paid,1,0,$25.00,$0.00,$0.00,$0.00,$1.00,$0.00,$0.00,$0.00,$26.00,$0.00,$0.00,$0.00,$0.00,$25.00,$25.00,$0.00,,,,$0.00,$0.00,$0.00,$0.00,Stripe,Yes,,Completed,Online,1,2905fe7d-2bf2-4fc0-b393-9a80a7836218
GUL1059,Gulaal Holi,14/03/2026,7:00 pm,Melissa,Ashley,melissa.ashley57@example.com,8690871672,14/07/2026 01:21 am,Online,Paid,1,0,$25.00,$0.00,$0.00,$0.00,$1.00,$0.00,$0.00,$0.00,$26.00,$0.00,$0.00,$0.00,$0.00,$25.00,$25.00,$0.00,,,,$0.00,$0.00,$0.00,$0.00,Stripe,No,,Completed,Online,1,50f35bb4-40fe-4948-92d9-3f36cde44f3a
GUL1060,Gulaal Holi,14/03/2026,7:00 pm,Matthew,Mack,matthew.mack35@example.com,6171928170,13/08/2026 08:15 am,Online,Paid,1,0,$25.00,$0.00,$0.00,$0.00,$1.00,$0.00,$0.00,$0.00,$26.00,$0.00,$0.00,$0.00,$0.00,$25.00,$25.00,$0.00,,,,$0.00,$0.00,$0.00,$0.00,Stripe,Yes,,Completed,Online,1,fbb64c04-0dc5-4a75-a835-3c7e3eb059ec
GUL1061,Gulaal Holi,14/03/2026,7:00 pm,Ryan,Simon,ryan.simon60@example.com,4422521602,17/08/2026 01:34 pm,Online,Paid,1,0,$25.00,$0.00,$0.00,$0.00,$1.00,$0.00,$0.00,$0.00,$26.00,$0.00,$0.00,$0.00,$0.00,$25.00,$25.00,$0.00,,,,$0.00,$0.00,$0.00,$0.00,Stripe,No,,Completed,Online,1,c15d3abb-4516-4b39-9674-5e86e94f82d9
GUL1062,Gulaal Holi,14/03/2026,7:00 pm,Stephanie,Johnson,stephanie.johnson80@example.com,9447726903,13/07/2026 02:49 pm,Online,Paid,2,0,$50.00,$0.00,$0.00,$0.00,$2.00,$0.00,$0.00,$0.00,$52.00,$0.00,$0.00,$0.00,$0.00,$50.00,$50.00,$0.00,,,,$0.00,$0.00,$0.00,$0.00,Stripe,Yes,,Completed,Online,2,ec466708-3982-4dd4-9828-da8f50d8ae13
GUL1063,Gulaal Holi,14/03/2026,7:00 pm,Marc,Alvarez,marc.alvarez66@example.com,1794802455,15/07/2026 12:00 pm,Online,Paid,3,0,$75.00,$0.00,$0.00,$0.00,$3.00,$0.00,$0.00,$0.00,$78.00,$0.00,$0.00,$0.00,$0.00,$75.00,$75.00,$0.00,,,,$0.00,$0.00,$0.00,$0.00,Stripe,No,,Completed,Online,3,21a44c4a-097c-463b-a1dc-1d581ca88afb
GUL1064,Gulaal Holi,14/03/2026,7:00 pm,Nicole,Suarez,nicole.suarez32@example.com,5891268649,14/07/2026 12:48 pm,Online,Paid,3,0,$75.00,$0.00,$0.00,$0.00,$3.00,$0.00,$0.00,$0.00,$78.00,$0.00,$0.00,$0.00,$0.00,$75.00,$75.00,$0.00,,,,$0.00,$0.00,$0.00,$0.00,Stripe,No,,Completed,Online,3,ca89b460-6d8e-4757-8e56-2fbe7a9dbea0
GUL1065,Gulaal Holi,14/03/2026,7:00 pm,Tiffany,Barrett,tiffany.barrett33@example.com,2376008844,13/08/2026 04:22 pm,Online,Paid,1,0,$25.00,$0.00,$0.00,$0.00,$1.00,$0.00,$0.00,$0.00,$26.00,$0.00,$0.00,$0.00,$0.00,$25.00,$25.00,$0.00,,,,$0.00,$0.00,$0.00,$0.00,Stripe,No,,Completed,Online,1,7035dec5-3b10-4cba-bfcb-aa5582dc286e
GUL1066,Gulaal Holi,14/03/2026,7:00 pm,Ashley,Graham,ashley.graham89@example.com,9190749921,11/08/2026 10:08 am,Online,Paid,1,0,$25.00,$0.00,$0.00,$0.00,$1.00,$0.00,$0.00,$0.00,$26.00,$0.00,$0.00,$0.00,$0.00,$25.00,$25.00,$0.00,,,,$0.00,$0.00,$0.00,$0.00,Stripe,No,,Completed,Online,1,bcaa8722-923f-420a-a756-84ce0ce3dcce
GUL1067,Gulaal Holi,14/03/2026,7:00 pm,Chris,Richard,chris.richard52@example.com,6923534848,07/08/2026 05:26 pm,Online,Paid,3,0,$75.00,$0.00,$0.00,$0.00,$3.00,$0.00,$0.00,$0.00,$78.00,$0.00,$0.00,$0.00,$0.00,$75.00,$75.00,$0.00,,,,$0.00,$0.00,$0.00,$0.00,Stripe,No,,Completed,Online,3,811143a5-0a00-4b04-b359-77e1f1cdf51a
GUL1068,Gulaal Holi,14/03/2026,7:00 pm,Brian,Shaw,brian.shaw79@example.com,9865462202,16/07/2026 01:26 pm,Online,Paid,1,0,$25.00,$0.00,$0.00,$0.00,$1.00,$0.00,$0.00,$0.00,$26.00,$0.00,$0.00,$0.00,$0.00,$25.00,$25.00,$0.00,,,,$0.00,$0.00,$0.00,$0.00,Stripe,Yes,,Completed,Online,1,afb29df9-7ddd-43dc-ba13-06b5be54b9d8
GUL1069,Gulaal Holi,14/03/2026,7:00 pm,Nathan,Hines,nathan.hines63@example.com,0550330000,16/08/2026 12:31 am,Online,Paid,2,0,$50.00,$0.00,$0.00,$0.00,$2.00,$0.00,$0.00,$0.00,$52.00,$0.00,$0.00,$0.00,$0.00,$50.00,$50.00,$0.00,,,,$0.00,$0.00,$0.00,$0.00,Stripe,Yes,,Completed,Online,2,be6826d2-4aac-4fb6-8b14-5c963fa8a0e3
GUL1070,Gulaal Holi,14/03/2026,7:00 pm,Cynthia,Rogers,cynthia.rogers3@example.com,7391900889,07/08/2026 06:24 am,Online,Paid,2,0,$50.00,$0.00,$0.00,$0.00,$2.00,$0.00,$0.00,$0.00,$52.00,$0.00,$0.00,$0.00,$0.00,$50.00,$50.00,$0.00,,,,$0.00,$0.00,$0.00,$0.00,Stripe,Yes,,Completed,Online,2,cc5ec79b-67fc-40e0-9e7e-0e2d408b1ac0
GUL1071,Gulaal Holi,14/03/2026,7:00 pm,Jessica,Flores,jessica.flores17@example.com,6923273798,10/07/2026 12:17 pm,Online,Paid,1,0,$25.00,$0.00,$0.00,$0.00,$1.00,$0.00,$0.00,$0.00,$26.00,$0.00,$0.00,$0.00,$0.00,$25.00,$25.00,$0.00,,,,$0.00,$0.00,$0.00,$0.00,Stripe,No,,Completed,Online,1,8ab1e605-0247-404d-a361-60320b73633f
GUL1072,Gulaal Holi,14/03/2026,7:00 pm,William,Simpson,william.simpson71@example.com,4818674630,10/08/2026 10:04 am,Online,Paid,3,0,$75.00,$0.00,$0.00,$0.00,$3.00,$0.00,$0.00,$0.00,$78.00,$0.00,$0.00,$0.00,$0.00,$75.00,$75.00,$0.00,,,,$0.00,$0.00,$0.00,$0.00,Stripe,No,,Completed,Online,3,96e89593-f8f1-41f4-9756-1954d0e12881
GUL1073,Gulaal Holi,14/03/2026,7:00 pm,Jonathan,Hess,jonathan.hess37@example.com,3611371181,30/07/2026 11:53 am,Online,Paid,1,0,$25.00,$0.00,$0.00,$0.00,$1.00,$0.00,$0.00,$0.00,$26.00,$0.00,$0.00,$0.00,$0.00,$25.00,$25.00,$0.00,,,,$0.00,$0.00,$0.00,$0.00,Stripe,No,,Completed,Online,1,b1bdd56a-5e8f-4079-a550-a4d18e27e044
GUL1074,Gulaal Holi,14/03/2026,7:00 pm,Kevin,Vasquez,kevin.vasquez27@example.com,9420340153,20/07/2026 12:21 pm,Online,Paid,3,0,$75.00,$0.00,$0.00,$0.00,$3.00,$0.00,$0.00,$0.00,$78.00,$0.00,$0.00,$0.00,$0.00,$75.00,$75.00,$0.00,,,,$0.00,$0.00,$0.00,$0.00,Stripe,Yes,,Completed,Online,3,724c5cd0-07ac-4372-a93e-e2d569b20a83
GUL1075,Gulaal Holi,14/03/2026,7:00 pm,Timothy,Booth,timothy.booth63@example.com,4946672010,22/07/2026 10:52 pm,Online,Paid,2,0,$50.00,$0.00,$0.00,$0.00,$2.00,$0.00,$0.00,$0.00,$52.00,$0.00,$0.00,$0.00,$0.00,$50.00,$50.00,$0.00,,,,$0.00,$0.00,$0.00,$0.00,Stripe,Yes,,Completed,Online,2,041aabfd-b894-4e59-a4da-b893e19896da
GUL1076,Gulaal Holi,14/03/2026,7:00 pm,Micheal,Nunez,micheal.nunez39@example.com,8223879402,11/08/2026 12:04 am,Online,Paid,1,0,$25.00,$0.00,$0.00,$0.00,$1.00,$0.00,$0.00,$0.00,$26.00,$0.00,$0.00,$0.00,$0.00,$25.00,$25.00,$0.00,,,,$0.00,$0.00,$0.00,$0.00,Stripe,No,,Completed,Online,1,e322544a-8034-4d4d-98be-184d87e7a66e
GUL1077,Gulaal Holi,14/03/2026,7:00 pm,Raven,Gilbert,raven.gilbert48@example.com,5273536423,13/07/2026 03:21 am,Online,Refunded,0,2,$0.00,$0.00,$0.00,$0.00,$0.00,$0.00,$0.00,$0.00,$0.00,$0.00,$0.00,$0.00,$0.00,$0.00,$0.00,$0.00,,,,$0.00,$0.00,$0.00,$0.00,Stripe,No,,Completed,Online,2,28d30ca3-1652-442c-8b6e-c9d50227e56b
GUL1078,Gulaal Holi,14/03/2026,7:00 pm,John,Fischer,john.fischer48@example.com,8518161255,03/08/2026 01:54 pm,Online,Paid,2,0,$50.00,$0.00,$0.00,$0.00,$2.00,$0.00,$0.00,$0.00,$52.00,$0.00,$0.00,$0.00,$0.00,$50.00,$50.00,$0.00,,,,$0.00,$0.00,$0.00,$0.00,Stripe,Yes,,Completed,Online,2,65c7fb93-e46a-4676-9dc4-5dd4aa620cd9
GUL1079,Gulaal Holi,14/03/2026,7:00 pm,Heather,Torres,heather.torres58@example.com,0792304660,14/07/2026 08:54 pm,Manual,Paid,2,0,$50.00,$0.00,$0.00,$0.00,$2.00,$0.00,$0.00,$0.00,$52.00,$0.00,$0.00,$0.00,$0.00,$50.00,$50.00,$0.00,,,,$0.00,$0.00,$0.00,$0.00,Stripe,Yes,,Completed,Manual,2,24b0e62f-85ba-4504-be07-90f18fc23d26
GUL1080,Gulaal Holi,14/03/2026,7:00 pm,James,Mccullough,james.mccullough33@example.com,1232961512,28/07/2026 06:45 am,Online,Paid,3,0,$75.00,$0.00,$0.00,$0.00,$3.00,$0.00,$0.00,$0.00,$78.00,$0.00,$0.00,$0.00,$0.00,$75.00,$75.00,$0.00,,,,$0.00,$0.00,$0.00,$0.00,Stripe,Yes,,Completed,Online,3,7f6d19a8-02f3-4593-9fcf-960eb71fe000
GUL1081,Gulaal Holi,14/03/2026,7:00 pm,Duane,Anderson,duane.anderson90@example.com,5344604227,08/08/2026 02:10 am,Online,Paid,1,0,$25.00,$0.00,$0.00,$0.00,$1.00,$0.00,$0.00,$0.00,$26.00,$0.00,$0.00,$0.00,$0.00,$25.00,$25.00,$0.00,,,,$0.00,$0.00,$0.00,$0.00,Stripe,Yes,,Completed,Online,1,067070e0-f765-4613-9341-72ff620072e0
GUL1082,Gulaal Holi,14/03/2026,7:00 pm,Susan,Cowan,susan.cowan88@example.com,5305734724,14/07/2026 02:01 pm,Online,Paid,3,0,$75.00,$0.00,$0.00,$0.00,$3.00,$0.00,$0.00,$0.00,$78.00,$0.00,$0.00,$0.00,$0.00,$75.00,$75.00,$0.00,,,,$0.00,$0.00,$0.00,$0.00,Stripe,No,,Completed,Online,3,7dbd40f0-1544-4902-abfe-bd17f60ad0a3
GUL1083,Gulaal Holi,14/03/2026,7:00 pm,Robert,Stein,robert.stein40@example.com,2512726708,18/08/2026 09:02 am,Online,Paid,1,0,$25.00,$0.00,$0.00,$0.00,$1.00,$0.00,$0.00,$0.00,$26.00,$0.00,$0.00,$0.00,$0.00,$25.00,$25.00,$0.00,,,,$0.00,$0.00,$0.00,$0.00,Stripe,No,,Completed,Online,1,b2e3e64b-ee8f-46ca-99e0-890fef58b690
GUL1084,Gulaal Holi,14/03/2026,7:00 pm,Tina,Silva,tina.silva88@example.com,2419768784,09/08/2026 10:51 pm,Online,Paid,1,0,$25.00,$0.00,$0.00,$0.00,$1.00,$0.00,$0.00,$0.00,$26.00,$0.00,$0.00,$0.00,$0.00,$25.00,$25.00,$0.00,,,,$0.00,$0.00,$0.00,$0.00,Stripe,No,,Completed,Online,1,a9927ca9-149c-4ebd-9472-511a7792a78a
GUL1085,Gulaal Holi,14/03/2026,7:00 pm,Erica,Young,erica.young55@example.com,3500618489,16/07/2026 03:14 pm,Online,Paid,1,0,$25.00,$0.00,$0.00,$0.00,$1.00,$0.00,$0.00,$0.00,$26.00,$0.00,$0.00,$0.00,$0.00,$25.00,$25.00,$0.00,,,,$0.00,$0.00,$0.00,$0.00,Stripe,Yes,,Completed,Online,1,dd354aa4-502e-4598-bc3c-318220244fcf
GUL1086,Gulaal Holi,14/03/2026,7:00 pm,Tiffany,Barrett,tiffany.barrett33@example.com,4046682121,21/07/2026 12:17 am,Online,Paid,1,0,$25.00,$0.00,$0.00,$0.00,$1.00,$0.00,$0.00,$0.00,$26.00,$0.00,$0.00,$0.00,$0.00,$25.00,$25.00,$0.00,,,,$0.00,$0.00,$0.00,$0.00,Stripe,No,,Completed,Online,1,5b35300d-c04f-4bd0-bcfe-44089ac725a7
GUL1087,Gulaal Holi,14/03/2026,7:00 pm,Rachel,Byrd,rachel.byrd27@example.com,9206441119,16/07/2026 06:58 pm,Online,Paid,3,0,$75.00,$0.00,$0.00,$0.00,$3.00,$0.00,$0.00,$0.00,$78.00,$0.00,$0.00,$0.00,$0.00,$75.00,$75.00,$0.00,,,,$0.00,$0.00,$0.00,$0.00,Stripe,Yes,,Completed,Online,3,2591855b-87fc-4d1a-948f-0e3c8ce90fdf
GUL1088,Gulaal Holi,14/03/2026,7:00 pm,Susan,Banks,susan.banks72@example.com,6343594882,28/07/2026 11:44 am,Online,Paid,1,0,$25.00,$0.00,$0.00,$0.00,$1.00,$0.00,$0.00,$0.00,$26.00,$0.00,$0.00,$0.00,$0.00,$25.00,$25.00,$0.00,,,,$0.00,$0.00,$0.00,$0.00,Stripe,Yes,,Completed,Online,1,6b766741-cd26-422b-9631-15d046f860a9
GUL1089,Gulaal Holi,14/03/2026,7:00 pm,Kyle,Brown,kyle.brown47@example.com,6405110212,31/07/2026 08:17 am,Online,Paid,2,0,$50.00,$0.00,$0.00,$0.00,$2.00,$0.00,$0.00,$0.00,$52.00,$0.00,$0.00,$0.00,$0.00,$50.00,$50.00,$0.00,,,,$0.00,$0.00,$0.00,$0.00,Stripe,No,,Completed,Online,2,150f1ad2-476a-4f1d-bfef-bd38a8112386
GUL1090,Gulaal Holi,14/03/2026,7:00 pm,David,Parker,david.parker58@example.com,3016049860,10/08/2026 04:37 pm,Online,Paid,1,0,$25.00,$0.00,$0.00,$0.00,$1.00,$0.00,$0.00,$0.00,$26.00,$0.00,$0.00,$0.00,$0.00,$25.00,$25.00,$0.00,,,,$0.00,$0.00,$0.00,$0.00,Stripe,Yes,,Completed,Online,1,a450f04f-bae0-454d-b6a9-e66b19b91096
GUL1091,Gulaal Holi,14/03/2026,7:00 pm,Heidi,Martinez,heidi.martinez97@example.com,0032031978,13/08/2026 10:16 am,Online,Paid,2,0,$50.00,$0.00,$0.00,$0.00,$2.00,$0.00,$0.00,$0.00,$52.00,$0.00,$0.00,$0.00,$0.00,$50.00,$50.00,$0.00,,,,$0.00,$0.00,$0.00,$0.00,Stripe,Yes,,Completed,Online,2,1486cd28-0cab-418c-b53d-488de9944cd2
GUL1092,Gulaal Holi,14/03/2026,7:00 pm,Mark,Cook,mark.cook74@example.com,0034713171,13/07/2026 09:33 pm,Online,Paid,3,0,$75.00,$0.00,$0.00,$0.00,$3.00,$0.00,$0.00,$0.00,$78.00,$0.00,$0.00,$0.00,$0.00,$75.00,$75.00,$0.00,,,,$0.00,$0.00,$0.00,$0.00,Stripe,No,,Completed,Online,3,bfcc8e33-c7da-450f-8bab-99ee6a3990da
GUL1093,Gulaal Holi,14/03/2026,7:00 pm,Eric,Alexander,eric.alexander92@example.com,2590841947,14/07/2026 12:03 pm,Online,Paid,2,0,$50.00,$0.00,$0.00,$0.00,$2.00,$0.00,$0.00,$0.00,$52.00,$0.00,$0.00,$0.00,$0.00,$50.00,$50.00,$0.00,,,,$0.00,$0.00,$0.00,$0.00,Stripe,No,,Completed,Online,2,1ed7cc8a-a0f1-463a-8269-b71bebd7fd91
GUL1094,Gulaal Holi,14/03/2026,7:00 pm,Elizabeth,May,elizabeth.may23@example.com,5358210728,13/07/2026 09:55 am,Online,Paid,1,0,$25.00,$0.00,$0.00,$0.00,$1.00,$0.00,$0.00,$0.00,$26.00,$0.00,$0.00,$0.00,$0.00,$25.00,$25.00,$0.00,,,,$0.00,$0.00,$0.00,$0.00,Stripe,No,,Completed,Online,1,2339df60-78bf-4e23-80e2-f562bea32d34
GUL1095,Gulaal Holi,14/03/2026,7:00 pm,Heather,Torres,heather.torres58@example.com,3716160881,09/08/2026 07:19 pm,Manual,Paid,3,0,$75.00,$0.00,$0.00,$0.00,$3.00,$0.00,$0.00,$0.00,$78.00,$0.00,$0.00,$0.00,$0.00,$75.00,$75.00,$0.00,,,,$0.00,$0.00,$0.00,$0.00,Stripe,Yes,,Completed,Manual,3,ad45c94d-33ea-4f2f-a4cd-46e12139298b
GUL1096,Gulaal Holi,14/03/2026,7:00 pm,Lindsay,Cummings,lindsay.cummings40@example.com,4771837530,02/08/2026 03:24 pm,Online,Paid,2,0,$50.00,$0.00,$0.00,$0.00,$2.00,$0.00,$0.00,$0.00,$52.00,$0.00,$0.00,$0.00,$0.00,$50.00,$50.00,$0.00,,,,$0.00,$0.00,$0.00,$0.00,Stripe,No,,Completed,Online,2,e726f649-e650-4ae5-9b25-97f3dd00a64c
GUL1097,Gulaal Holi,14/03/2026,7:00 pm,Gerald,Lewis,gerald.lewis87@example.com,8085578002,10/07/2026 04:20 pm,Online,Paid,3,0,$75.00,$0.00,$0.00,$0.00,$3.00,$0.00,$0.00,$0.00,$78.00,$0.00,$0.00,$0.00,$0.00,$75.00,$75.00,$0.00,,,,$0.00,$0.00,$0.00,$0.00,Stripe,No,,Completed,Online,3,3699febb-228c-4f0c-849d-c4fccc641c00
GUL1098,Gulaal Holi,14/03/2026,7:00 pm,Mitchell,Clark,mitchell.clark26@example.com,2169069685,13/08/2026 02:03 pm,Online,Paid,2,0,$50.00,$0.00,$0.00,$0.00,$2.00,$0.00,$0.00,$0.00,$52.00,$0.00,$0.00,$0.00,$0.00,$50.00,$50.00,$0.00,,,,$0.00,$0.00,$0.00,$0.00,Stripe,No,,Completed,Online,2,63912604-0519-4e36-b8df-7714aa97ff51
GUL1099,Gulaal Holi,14/03/2026,7:00 pm,Kevin,Vasquez,kevin.vasquez27@example.com,1691395215,10/08/2026 03:24 pm,Online,Paid,2,0,$50.00,$0.00,$0.00,$0.00,$2.00,$0.00,$0.00,$0.00,$52.00,$0.00,$0.00,$0.00,$0.00,$50.00,$50.00,$0.00,,,,$0.00,$0.00,$0.00,$0.00,Stripe,Yes,,Completed,Online,2,252b473a-d2cd-4683-8c56-4c15e507b981
GUL1100,Gulaal Holi,14/03/2026,7:00 pm,Hector,Flores,hector.flores5@example.com,7033508424,25/07/2026 01:21 pm,Online,Paid,1,0,$25.00,$0.00,$0.00,$0.00,$1.00,$0.00,$0.00,$0.00,$26.00,$0.00,$0.00,$0.00,$0.00,$25.00,$25.00,$0.00,,,,$0.00,$0.00,$0.00,$0.00,Stripe,No,,Completed,Online,1,93f06c26-38dd-4a5e-9d9e-ae7389c70e18
GUL1101,Gulaal Holi,14/03/2026,7:00 pm,Elizabeth,Robinson,elizabeth.robinson75@example.com,8130041691,15/07/2026 06:00 pm,Online,Paid,2,0,$50.00,$0.00,$0.00,$0.00,$2.00,$0.00,$0.00,$0.00,$52.00,$0.00,$0.00,$0.00,$0.00,$50.00,$50.00,$0.00,,,,$0.00,$0.00,$0.00,$0.00,Stripe,No,,Completed,Online,2,5e48f8b3-19d6-4f82-a5b9-64540bfe68af
GUL1102,Gulaal Holi,14/03/2026,7:00 pm,Audrey,Moreno,audrey.moreno29@example.com,7586463395,14/08/2026 11:03 pm,Online,Paid,2,0,$50.00,$0.00,$0.00,$0.00,$2.00,$0.00,$0.00,$0.00,$52.00,$0.00,$0.00,$0.00,$0.00,$50.00,$50.00,$0.00,,,,$0.00,$0.00,$0.00,$0.00,Stripe,No,,Completed,Online,2,536b0351-00cd-4ce8-97ed-ceb817391cff
GUL1103,Gulaal Holi,14/03/2026,7:00 pm,Kimberly,Bowman,kimberly.bowman49@example.com,4764278961,11/07/2026 01:47 am,Online,Paid,3,0,$75.00,$0.00,$0.00,$0.00,$3.00,$0.00,$0.00,$0.00,$78.00,$0.00,$0.00,$0.00,$0.00,$75.00,$75.00,$0.00,,,,$0.00,$0.00,$0.00,$0.00,Stripe,No,,Completed,Online,3,be94ee36-5229-429b-9643-03548d4363a2
GUL1104,Gulaal Holi,14/03/2026,7:00 pm,Karen,Parrish,karen.parrish45@example.com,2817751239,09/08/2026 05:46 am,Online,Paid,2,0,$50.00,$0.00,$0.00,$0.00,$2.00,$0.00,$0.00,$0.00,$52.00,$0.00,$0.00,$0.00,$0.00,$50.00,$50.00,$0.00,,,,$0.00,$0.00,$0.00,$0.00,Stripe,Yes,,Completed,Online,2,5cbe6bb3-5763-45c0-9934-d49c81b669c6
GUL1105,Gulaal Holi,14/03/2026,7:00 pm,Gina,Mckenzie,gina.mckenzie38@example.com,0972360244,20/07/2026 12:47 pm,Manual,Paid,1,0,$25.00,$0.00,$0.00,$0.00,$1.00,$0.00,$0.00,$0.00,$26.00,$0.00,$0.00,$0.00,$0.00,$25.00,$25.00,$0.00,,,,$0.00,$0.00,$0.00,$0.00,Stripe,Yes,,Completed,Manual,1,77f3cc6c-766b-4138-85ee-154f6c3ffefb
GUL1106,Gulaal Holi,14/03/2026,7:00 pm,Travis,Brown,travis.brown21@example.com,1710730871,15/07/2026 10:06 pm,Online,Paid,1,0,$25.00,$0.00,$0.00,$0.00,$1.00,$0.00,$0.00,$0.00,$26.00,$0.00,$0.00,$0.00,$0.00,$25.00,$25.00,$0.00,,,,$0.00,$0.00,$0.00,$0.00,Stripe,No,,Completed,Online,1,88143a11-7b0e-4102-a6ff-ab6dc133ef02
GUL1107,Gulaal Holi,14/03/2026,7:00 pm,John,Caldwell,john.caldwell21@example.com,7031754380,18/08/2026 05:02 am,Online,Paid,1,0,$25.00,$0.00,$0.00,$0.00,$1.00,$0.00,$0.00,$0.00,$26.00,$0.00,$0.00,$0.00,$0.00,$25.00,$25.00,$0.00,,,,$0.00,$0.00,$0.00,$0.00,Stripe,Yes,,Completed,Online,1,4d3d22c1-d72d-4882-92a9-4f75d2433439
GUL1108,Gulaal Holi,14/03/2026,7:00 pm,Gregory,Watkins,gregory.watkins17@example.com,7260292546,30/07/2026 12:51 am,Online,Paid,2,0,$50.00,$0.00,$0.00,$0.00,$2.00,$0.00,$0.00,$0.00,$52.00,$0.00,$0.00,$0.00,$0.00,$50.00,$50.00,$0.00,,,,$0.00,$0.00,$0.00,$0.00,Stripe,No,,Completed,Online,2,8e1483d2-2f99-48ae-b36c-1a10e4bc9bef
GUL1109,Gulaal Holi,14/03/2026,7:00 pm,Cynthia,Davenport,cynthia.davenport37@example.com,0766420763,30/07/2026 12:58 pm,Manual,Paid,1,0,$25.00,$0.00,$0.00,$0.00,$1.00,$0.00,$0.00,$0.00,$26.00,$0.00,$0.00,$0.00,$0.00,$25.00,$25.00,$0.00,,,,$0.00,$0.00,$0.00,$0.00,Stripe,No,,Completed,Manual,1,34def7ee-b4d7-43fb-95b7-bc6edc131f79
GUL1110,Gulaal Holi,14/03/2026,7:00 pm,Corey,Schultz,corey.schultz39@example.com,8676259238,16/08/2026 04:32 am,Online,Paid,2,0,$50.00,$0.00,$0.00,$0.00,$2.00,$0.00,$0.00,$0.00,$52.00,$0.00,$0.00,$0.00,$0.00,$50.00,$50.00,$0.00,,,,$0.00,$0.00,$0.00,$0.00,Stripe,No,,Completed,Online,2,e55b116e-680c-40c1-8d57-9ea09b7d5a08
GUL1111,Gulaal Holi,14/03/2026,7:00 pm,Oscar,Ferguson,oscar.ferguson73@example.com,4886932055,05/08/2026 02:38 pm,Online,Paid,2,0,$50.00,$0.00,$0.00,$0.00,$2.00,$0.00,$0.00,$0.00,$52.00,$0.00,$0.00,$0.00,$0.00,$50.00,$50.00,$0.00,,,,$0.00,$0.00,$0.00,$0.00,Stripe,Yes,,Completed,Online,2,aff32a65-0680-4246-89c7-eb4c58cb5de8
GUL1112,Gulaal Holi,14/03/2026,7:00 pm,Brian,Gordon,brian.gordon91@example.com,7396159764,30/07/2026 09:02 pm,Online,Paid,2,0,$50.00,$0.00,$0.00,$0.00,$2.00,$0.00,$0.00,$0.00,$52.00,$0.00,$0.00,$0.00,$0.00,$50.00,$50.00,$0.00,,,,$0.00,$0.00,$0.00,$0.00,Stripe,No,,Completed,Online,2,5258e6d8-bce4-4414-a7ff-3051ae8b3239
GUL1113,Gulaal Holi,14/03/2026,7:00 pm,John,Davenport,john.davenport26@example.com,7897755426,26/07/2026 10:58 am,Online,Paid,3,0,$75.00,$0.00,$0.00,$0.00,$3.00,$0.00,$0.00,$0.00,$78.00,$0.00,$0.00,$0.00,$0.00,$75.00,$75.00,$0.00,,,,$0.00,$0.00,$0.00,$0.00,Stripe,No,,Completed,Online,3,86e76c6c-c800-49fb-94c7-ca673dc1e882
GUL1114,Gulaal Holi,14/03/2026,7:00 pm,Rachel,Ramos,rachel.ramos78@example.com,7362732022,20/07/2026 12:51 pm,Manual,Paid,3,0,$75.00,$0.00,$0.00,$0.00,$3.00,$0.00,$0.00,$0.00,$78.00,$0.00,$0.00,$0.00,$0.00,$75.00,$75.00,$0.00,,,,$0.00,$0.00,$0.00,$0.00,Stripe,No,,Completed,Manual,3,d5fea180-1333-400e-82f6-b14d1b3e2271
GUL1115,Gulaal Holi,14/03/2026,7:00 pm,Alexander,Valdez,alexander.valdez92@example.com,7691716204,28/07/2026 12:51 pm,Online,Paid,1,0,$25.00,$0.00,$0.00,$0.00,$1.00,$0.00,$0.00,$0.00,$26.00,$0.00,$0.00,$0.00,$0.00,$25.00,$25.00,$0.00,,,,$0.00,$0.00,$0.00,$0.00,Stripe,No,,Completed,Online,1,44a912f7-49f8-4292-9d30-6afa5f380b5b
GUL1116,Gulaal Holi,14/03/2026,7:00 pm,Kimberly,Henson,kimberly.henson49@example.com,9830521690,12/08/2026 01:23 am,Online,Paid,1,0,$25.00,$0.00,$0.00,$0.00,$1.00,$0.00,$0.00,$0.00,$26.00,$0.00,$0.00,$0.00,$0.00,$25.00,$25.00,$0.00,,,,$0.00,$0.00,$0.00,$0.00,Stripe,No,,Completed,Online,1,2e20766f-e603-4c26-8793-13db2feb0ef2
GUL1117,Gulaal Holi,14/03/2026,7:00 pm,Diana,Moore,diana.moore21@example.com,1426471068,08/08/2026 12:53 pm,Online,Paid,2,0,$50.00,$0.00,$0.00,$0.00,$2.00,$0.00,$0.00,$0.00,$52.00,$0.00,$0.00,$0.00,$0.00,$50.00,$50.00,$0.00,,,,$0.00,$0.00,$0.00,$0.00,Stripe,No,,Completed,Online,2,c26cd636-e316-4f25-a22f-8d1a76ecf3f9
GUL1118,Gulaal Holi,14/03/2026,7:00 pm,Jennifer,Walters,jennifer.walters57@example.com,1637050049,11/07/2026 03:54 am,Online,Paid,3,0,$75.00,$0.00,$0.00,$0.00,$3.00,$0.00,$0.00,$0.00,$78.00,$0.00,$0.00,$0.00,$0.00,$75.00,$75.00,$0.00,,,,$0.00,$0.00,$0.00,$0.00,Stripe,No,,Completed,Online,3,2efc7709-7576-4872-95cb-20a369cbfc4e
GUL1119,Gulaal Holi,14/03/2026,7:00 pm,Whitney,Hicks,whitney.hicks28@example.com,6931729476,20/07/2026 07:22 am,Online,Paid,1,0,$25.00,$0.00,$0.00,$0.00,$1.00,$0.00,$0.00,$0.00,$26.00,$0.00,$0.00,$0.00,$0.00,$25.00,$25.00,$0.00,,,,$0.00,$0.00,$0.00,$0.00,Stripe,Yes,,Completed,Online,1,9015144f-f539-4cd5-b8e8-279f8a38ef1d
GUL1120,Gulaal Holi,14/03/2026,7:00 pm,Emily,Drake,emily.drake21@example.com,5402599851,11/07/2026 04:14 pm,Online,Paid,2,0,$50.00,$0.00,$0.00,$0.00,$2.00,$0.00,$0.00,$0.00,$52.00,$0.00,$0.00,$0.00,$0.00,$50.00,$50.00,$0.00,,,,$0.00,$0.00,$0.00,$0.00,Stripe,No,,Completed,Online,2,b36203ce-7646-4493-a091-86d63990d711
GUL1121,Gulaal Holi,14/03/2026,7:00 pm,Sean,Mitchell,sean.mitchell29@example.com,2812916350,16/07/2026 01:42 pm,Online,Paid,1,0,$25.00,$0.00,$0.00,$0.00,$1.00,$0.00,$0.00,$0.00,$26.00,$0.00,$0.00,$0.00,$0.00,$25.00,$25.00,$0.00,,,,$0.00,$0.00,$0.00,$0.00,Stripe,No,,Completed,Online,1,6e31c7bd-d498-4e1d-a01c-bf3b0f3b5f06
GUL1122,Gulaal Holi,14/03/2026,7:00 pm,Alexander,Valdez,alexander.valdez92@example.com,6527284539,07/08/2026 10:21 am,Online,Paid,1,0,$25.00,$0.00,$0.00,$0.00,$1.00,$0.00,$0.00,$0.00,$26.00,$0.00,$0.00,$0.00,$0.00,$25.00,$25.00,$0.00,,,,$0.00,$0.00,$0.00,$0.00,Stripe,Yes,,Completed,Online,1,5fa686f0-961d-4530-a068-f9edbfb9209f
GUL1123,Gulaal Holi,14/03/2026,7:00 pm,Cameron,Hill,cameron.hill9@example.com,8864067560,11/07/2026 07:42 am,Online,Paid,1,0,$25.00,$0.00,$0.00,$0.00,$1.00,$0.00,$0.00,$0.00,$26.00,$0.00,$0.00,$0.00,$0.00,$25.00,$25.00,$0.00,,,,$0.00,$0.00,$0.00,$0.00,Stripe,No,,Completed,Online,1,ec202e90-b701-4da2-aa44-7966029e6783
GUL1124,Gulaal Holi,14/03/2026,7:00 pm,Travis,Mcguire,travis.mcguire25@example.com,9022154390,14/07/2026 10:29 am,Online,Paid,1,0,$25.00,$0.00,$0.00,$0.00,$1.00,$0.00,$0.00,$0.00,$26.00,$0.00,$0.00,$0.00,$0.00,$25.00,$25.00,$0.00,,,,$0.00,$0.00,$0.00,$0.00,Stripe,No,,Completed,Online,1,95b43eed-08db-4427-a9f3-5e11928a44dd
GUL1125,Gulaal Holi,14/03/2026,7:00 pm,Jacob,Travis,jacob.travis35@example.com,5333202351,19/07/2026 04:34 am,Online,Paid,2,0,$50.00,$0.00,$0.00,$0.00,$2.00,$0.00,$0.00,$0.00,$52.00,$0.00,$0.00,$0.00,$0.00,$50.00,$50.00,$0.00,,,,$0.00,$0.00,$0.00,$0.00,Stripe,No,,Completed,Online,2,54d5a185-ce2c-4dad-a6e7-e684e7e6fa6d
GUL1126,Gulaal Holi,14/03/2026,7:00 pm,Stephanie,Jones,stephanie.jones88@example.com,1935450369,23/07/2026 07:50 pm,Online,Paid,2,0,$50.00,$0.00,$0.00,$0.00,$2.00,$0.00,$0.00,$0.00,$52.00,$0.00,$0.00,$0.00,$0.00,$50.00,$50.00,$0.00,,,,$0.00,$0.00,$0.00,$0.00,Stripe,No,,Completed,Online,2,35496673-c88a-4a21-b1f4-dd8848eb14a5
GUL1127,Gulaal Holi,14/03/2026,7:00 pm,Timothy,Alvarez,timothy.alvarez42@example.com,3243629620,03/08/2026 05:40 pm,Online,Paid,1,0,$25.00,$0.00,$0.00,$0.00,$1.00,$0.00,$0.00,$0.00,$26.00,$0.00,$0.00,$0.00,$0.00,$25.00,$25.00,$0.00,,,,$0.00,$0.00,$0.00,$0.00,Stripe,No,,Completed,Online,1,89d25791-bd8c-482f-bf22-8ef39077f90f
GUL1128,Gulaal Holi,14/03/2026,7:00 pm,Joseph,Brennan,joseph.brennan85@example.com,1244129075,18/08/2026 09:38 am,Manual,Paid,2,0,$50.00,$0.00,$0.00,$0.00,$2.00,$0.00,$0.00,$0.00,$52.00,$0.00,$0.00,$0.00,$0.00,$50.00,$50.00,$0.00,,,,$0.00,$0.00,$0.00,$0.00,Stripe,No,,Completed,Manual,2,99e48a16-9c9a-4db3-9fe3-8af0e85d4aae
GUL1129,Gulaal Holi,14/03/2026,7:00 pm,Kathy,Obrien,kathy.obrien1@example.com,1237631774,03/08/2026 09:15 am,Online,Paid,2,0,$50.00,$0.00,$0.00,$0.00,$2.00,$0.00,$0.00,$0.00,$52.00,$0.00,$0.00,$0.00,$0.00,$50.00,$50.00,$0.00,,,,$0.00,$0.00,$0.00,$0.00,Stripe,No,,Completed,Online,2,03cfaa49-e80a-46e7-90c8-f7c928f93da0
GUL1130,Gulaal Holi,14/03/2026,7:00 pm,Matthew,Beard,matthew.beard52@example.com,1937591922,25/07/2026 09:10 am,Manual,Paid,3,0,$75.00,$0.00,$0.00,$0.00,$3.00,$0.00,$0.00,$0.00,$78.00,$0.00,$0.00,$0.00,$0.00,$75.00,$75.00,$0.00,,,,$0.00,$0.00,$0.00,$0.00,Stripe,No,,Completed,Manual,3,7b4b4a29-1991-4116-baa4-fcd6b3f731b7
GUL1131,Gulaal Holi,14/03/2026,7:00 pm,Kelly,Hughes,kelly.hughes64@example.com,2647528646,24/07/2026 10:21 pm,Online,Paid,4,0,$100.00,$0.00,$0.00,$0.00,$4.00,$0.00,$0.00,$0.00,$104.00,$0.00,$0.00,$0.00,$0.00,$100.00,$100.00,$0.00,,,,$0.00,$0.00,$0.00,$0.00,Stripe,No,,Completed,Online,4,1ed6d436-6cfc-4638-9eed-7567e3ee62db
GUL1132,Gulaal Holi,14/03/2026,7:00 pm,Samantha,Atkins,samantha.atkins38@example.com,0099284524,27/07/2026 09:40 pm,Online,Refunded,0,4,$0.00,$0.00,$0.00,$0.00,$0.00,$0.00,$0.00,$0.00,$0.00,$0.00,$0.00,$0.00,$0.00,$0.00,$0.00,$0.00,,,,$0.00,$0.00,$0.00,$0.00,Stripe,No,,Completed,Online,4,5a94ca8a-1013-4e94-9b1b-eaa3b484befe
GUL1133,Gulaal Holi,14/03/2026,7:00 pm,Michael,Woodard,michael.woodard43@example.com,5051432191,06/08/2026 08:39 am,Manual,Paid,2,0,$50.00,$0.00,$0.00,$0.00,$2.00,$0.00,$0.00,$0.00,$52.00,$0.00,$0.00,$0.00,$0.00,$50.00,$50.00,$0.00,,,,$0.00,$0.00,$0.00,$0.00,Stripe,Yes,,Completed,Manual,2,7c30761e-710d-4918-99f2-3b378475f248
GUL1134,Gulaal Holi,14/03/2026,7:00 pm,Jeffrey,Smith,jeffrey.smith36@example.com,2479254221,15/08/2026 04:25 am,Online,Paid,3,0,$75.00,$0.00,$0.00,$0.00,$3.00,$0.00,$0.00,$0.00,$78.00,$0.00,$0.00,$0.00,$0.00,$75.00,$75.00,$0.00,,,,$0.00,$0.00,$0.00,$0.00,Stripe,Yes,,Completed,Online,3,a0d72005-411e-4bac-9192-4b21b54c54f9
GUL1135,Gulaal Holi,14/03/2026,7:00 pm,Patrick,Gilbert,patrick.gilbert86@example.com,8192048770,10/08/2026 12:38 pm,Online,Paid,2,0,$50.00,$0.00,$0.00,$0.00,$2.00,$0.00,$0.00,$0.00,$52.00,$0.00,$0.00,$0.00,$0.00,$50.00,$50.00,$0.00,,,,$0.00,$0.00,$0.00,$0.00,Stripe,Yes,,Completed,Online,2,f62e329e-32c2-4a25-9317-bf7bd45b1527
GUL1136,Gulaal Holi,14/03/2026,7:00 pm,Sydney,Floyd,sydney.floyd99@example.com,2998651590,18/07/2026 01:24 pm,Online,Paid,2,0,$50.00,$0.00,$0.00,$0.00,$2.00,$0.00,$0.00,$0.00,$52.00,$0.00,$0.00,$0.00,$0.00,$50.00,$50.00,$0.00,,,,$0.00,$0.00,$0.00,$0.00,Stripe,No,,Completed,Online,2,4a32b32a-aa5f-4169-8afb-9b2db766c0f6
GUL1137,Gulaal Holi,14/03/2026,7:00 pm,Cynthia,Johnson,cynthia.johnson88@example.com,0858588382,16/08/2026 08:24 pm,Online,Paid,1,0,$25.00,$0.00,$0.00,$0.00,$1.00,$0.00,$0.00,$0.00,$26.00,$0.00,$0.00,$0.00,$0.00,$25.00,$25.00,$0.00,,,,$0.00,$0.00,$0.00,$0.00,Stripe,No,,Completed,Online,1,2c01b5a6-c9dd-40a8-a78f-5465228dc422
GUL1138,Gulaal Holi,14/03/2026,7:00 pm,Sydney,Baker,sydney.baker59@example.com,6729254355,11/07/2026 02:39 am,Online,Paid,4,0,$100.00,$0.00,$0.00,$0.00,$4.00,$0.00,$0.00,$0.00,$104.00,$0.00,$0.00,$0.00,$0.00,$100.00,$100.00,$0.00,,,,$0.00,$0.00,$0.00,$0.00,Stripe,No,,Completed,Online,4,2c306639-28b5-4ba6-8e31-ea452b34b52b
GUL1139,Gulaal Holi,14/03/2026,7:00 pm,Gary,Norton,gary.norton39@example.com,0182562472,17/07/2026 01:37 pm,Manual,Paid,3,0,$75.00,$0.00,$0.00,$0.00,$3.00,$0.00,$0.00,$0.00,$78.00,$0.00,$0.00,$0.00,$0.00,$75.00,$75.00,$0.00,,,,$0.00,$0.00,$0.00,$0.00,Stripe,Yes,,Completed,Manual,3,e17ce345-407f-4da6-82ae-c13296c78cad
GUL1140,Gulaal Holi,14/03/2026,7:00 pm,Mark,Bates,mark.bates14@example.com,1223414992,17/07/2026 10:33 am,Online,Paid,1,0,$25.00,$0.00,$0.00,$0.00,$1.00,$0.00,$0.00,$0.00,$26.00,$0.00,$0.00,$0.00,$0.00,$25.00,$25.00,$0.00,,,,$0.00,$0.00,$0.00,$0.00,Stripe,No,,Completed,Online,1,6ae1a31f-a7b6-4925-b3c1-20c39b0108d2
GUL1141,Gulaal Holi,14/03/2026,7:00 pm,Robin,Thompson,robin.thompson24@example.com,0266045095,25/07/2026 06:59 pm,Online,Paid,3,0,$75.00,$0.00,$0.00,$0.00,$3.00,$0.00,$0.00,$0.00,$78.00,$0.00,$0.00,$0.00,$0.00,$75.00,$75.00,$0.00,,,,$0.00,$0.00,$0.00,$0.00,Stripe,No,,Completed,Online,3,48f8672b-d601-42bd-ba2a-b3001116bead
GUL1142,Gulaal Holi,14/03/2026,7:00 pm,Mark,Austin,mark.austin89@example.com,3910193353,04/08/2026 03:25 pm,Online,Paid,3,0,$75.00,$0.00,$0.00,$0.00,$3.00,$0.00,$0.00,$0.00,$78.00,$0.00,$0.00,$0.00,$0.00,$75.00,$75.00,$0.00,,,,$0.00,$0.00,$0.00,$0.00,Stripe,No,,Completed,Online,3,d61b4a7d-4c41-4603-a90a-de9e226c8bcc
GUL1143,Gulaal Holi,14/03/2026,7:00 pm,Stacy,Rodriguez,stacy.rodriguez9@example.com,9360060827,28/07/2026 11:49 am,Online,Paid,2,0,$50.00,$0.00,$0.00,$0.00,$2.00,$0.00,$0.00,$0.00,$52.00,$0.00,$0.00,$0.00,$0.00,$50.00,$50.00,$0.00,,,,$0.00,$0.00,$0.00,$0.00,Stripe,No,,Completed,Online,2,1c63c39b-6675-4033-87ee-bcf26664b678
GUL1144,Gulaal Holi,14/03/2026,7:00 pm,Nicholas,Johnson,nicholas.johnson65@example.com,0762643850,15/08/2026 10:10 am,Online,Paid,1,0,$25.00,$0.00,$0.00,$0.00,$1.00,$0.00,$0.00,$0.00,$26.00,$0.00,$0.00,$0.00,$0.00,$25.00,$25.00,$0.00,,,,$0.00,$0.00,$0.00,$0.00,Stripe,No,,Completed,Online,1,332bad05-2c68-4589-b689-0ed43a6fd931
GUL1145,Gulaal Holi,14/03/2026,7:00 pm,Lisa,Evans,lisa.evans96@example.com,7623133610,20/07/2026 11:49 pm,Online,Paid,3,0,$75.00,$0.00,$0.00,$0.00,$3.00,$0.00,$0.00,$0.00,$78.00,$0.00,$0.00,$0.00,$0.00,$75.00,$75.00,$0.00,,,,$0.00,$0.00,$0.00,$0.00,Stripe,Yes,,Completed,Online,3,6f6e0a4e-f70a-4523-97d8-e814b669c307
GUL1146,Gulaal Holi,14/03/2026,7:00 pm,Julie,Phillips,julie.phillips80@example.com,1654413727,22/07/2026 02:18 am,Online,Paid,3,0,$75.00,$0.00,$0.00,$0.00,$3.00,$0.00,$0.00,$0.00,$78.00,$0.00,$0.00,$0.00,$0.00,$75.00,$75.00,$0.00,,,,$0.00,$0.00,$0.00,$0.00,Stripe,No,,Completed,Online,3,6b93c06b-f376-4c9c-ba03-08945cacd5a6
GUL1147,Gulaal Holi,14/03/2026,7:00 pm,Ross,Wood,ross.wood53@example.com,6349429046,14/08/2026 06:52 am,Online,Paid,1,0,$25.00,$0.00,$0.00,$0.00,$1.00,$0.00,$0.00,$0.00,$26.00,$0.00,$0.00,$0.00,$0.00,$25.00,$25.00,$0.00,,,,$0.00,$0.00,$0.00,$0.00,Stripe,No,,Completed,Online,1,82f8065a-199f-4960-9716-1810dbbcb1d6
GUL1148,Gulaal Holi,14/03/2026,7:00 pm,Carlos,Ramos,carlos.ramos57@example.com,1799932420,31/07/2026 09:03 pm,Online,Paid,3,0,$75.00,$0.00,$0.00,$0.00,$3.00,$0.00,$0.00,$0.00,$78.00,$0.00,$0.00,$0.00,$0.00,$75.00,$75.00,$0.00,,,,$0.00,$0.00,$0.00,$0.00,Stripe,No,,Completed,Online,3,444077d2-4ec2-4fb4-b1fe-f0ab381d02e5
GUL1149,Gulaal Holi,14/03/2026,7:00 pm,Shawn,Mckay,shawn.mckay6@example.com,7234565386,09/08/2026 11:55 am,Online,Paid,2,0,$50.00,$0.00,$0.00,$0.00,$2.00,$0.00,$0.00,$0.00,$52.00,$0.00,$0.00,$0.00,$0.00,$50.00,$50.00,$0.00,,,,$0.00,$0.00,$0.00,$0.00,Stripe,No,,Completed,Online,2,02c27ee1-ff57-48d4-82c7-6cf491fd62b9
GUL1150,Gulaal Holi,14/03/2026,7:00 pm,Angela,Greene,angela.greene20@example.com,8536268904,16/07/2026 08:43 pm,Online,Paid,1,0,$25.00,$0.00,$0.00,$0.00,$1.00,$0.00,$0.00,$0.00,$26.00,$0.00,$0.00,$0.00,$0.00,$25.00,$25.00,$0.00,,,,$0.00,$0.00,$0.00,$0.00,Stripe,No,,Completed,Online,1,b4c2d392-bbe3-42f6-af12-546d84061322
GUL1151,Gulaal Holi,14/03/2026,7:00 pm,Kristi,Flores,kristi.flores63@example.com,0953855742,20/07/2026 06:59 pm,Online,Paid,3,0,$75.00,$0.00,$0.00,$0.00,$3.00,$0.00,$0.00,$0.00,$78.00,$0.00,$0.00,$0.00,$0.00,$75.00,$75.00,$0.00,,,,$0.00,$0.00,$0.00,$0.00,Stripe,No,,Completed,Online,3,9708094c-c7bd-451a-923f-ded73c054c3f
GUL1152,Gulaal Holi,14/03/2026,7:00 pm,Nicholas,Webster,nicholas.webster2@example.com,9378146047,02/08/2026 10:36 pm,Online,Paid,4,0,$100.00,$0.00,$0.00,$0.00,$4.00,$0.00,$0.00,$0.00,$104.00,$0.00,$0.00,$0.00,$0.00,$100.00,$100.00,$0.00,,,,$0.00,$0.00,$0.00,$0.00,Stripe,No,,Completed,Online,4,f4c88b1d-8154-4e0f-b4a2-e70738dd71fd
GUL1153,Gulaal Holi,14/03/2026,7:00 pm,Amanda,Little,amanda.little42@example.com,4370661875,14/08/2026 06:19 pm,Online,Paid,1,0,$25.00,$0.00,$0.00,$0.00,$1.00,$0.00,$0.00,$0.00,$26.00,$0.00,$0.00,$0.00,$0.00,$25.00,$25.00,$0.00,,,,$0.00,$0.00,$0.00,$0.00,Stripe,No,,Completed,Online,1,adef8e74-21a1-4343-b7a4-802cd95d48ed
GUL1154,Gulaal Holi,14/03/2026,7:00 pm,Amy,Morrison,amy.morrison58@example.com,6815418589,13/08/2026 02:32 pm,Online,Paid,1,0,$25.00,$0.00,$0.00,$0.00,$1.00,$0.00,$0.00,$0.00,$26.00,$0.00,$0.00,$0.00,$0.00,$25.00,$25.00,$0.00,,,,$0.00,$0.00,$0.00,$0.00,Stripe,Yes,,Completed,Online,1,ecac3756-79b2-4e7e-b3eb-73ce262edf5e
GUL1155,Gulaal Holi,14/03/2026,7:00 pm,Karen,Stokes,karen.stokes97@example.com,0845078604,06/08/2026 01:03 pm,Online,Paid,1,0,$25.00,$0.00,$0.00,$0.00,$1.00,$0.00,$0.00,$0.00,$26.00,$0.00,$0.00,$0.00,$0.00,$25.00,$25.00,$0.00,,,,$0.00,$0.00,$0.00,$0.00,Stripe,Yes,,Completed,Online,1,08842230-6dab-4dd3-a1de-9299c0bdf939
GUL1156,Gulaal Holi,14/03/2026,7:00 pm,Alexandra,Hayes,alexandra.hayes34@example.com,3374698330,23/07/2026 01:40 pm,Online,Paid,1,0,$25.00,$0.00,$0.00,$0.00,$1.00,$0.00,$0.00,$0.00,$26.00,$0.00,$0.00,$0.00,$0.00,$25.00,$25.00,$0.00,,,,$0.00,$0.00,$0.00,$0.00,Stripe,No,,Completed,Online,1,d142a871-05b2-422f-b603-768daa7694d9
GUL1157,Gulaal Holi,14/03/2026,7:00 pm,Yvette,Huff,yvette.huff21@example.com,8222667941,26/07/2026 04:28 am,Online,Paid,1,0,$25.00,$0.00,$0.00,$0.00,$1.00,$0.00,$0.00,$0.00,$26.00,$0.00,$0.00,$0.00,$0.00,$25.00,$25.00,$0.00,,,,$0.00,$0.00,$0.00,$0.00,Stripe,No,,Completed,Online,1,81cf1f8d-a5a4-4785-8211-dfed73be43cc
GUL1158,Gulaal Holi,14/03/2026,7:00 pm,Robert,Anderson,robert.anderson20@example.com,8590673963,27/07/2026 05:08 am,Online,Paid,1,0,$25.00,$0.00,$0.00,$0.00,$1.00,$0.00,$0.00,$0.00,$26.00,$0.00,$0.00,$0.00,$0.00,$25.00,$25.00,$0.00,,,,$0.00,$0.00,$0.00,$0.00,Stripe,No,,Completed,Online,1,d90a8d20-de53-42d6-9e2f-d4afb18fbcd3
GUL1159,Gulaal Holi,14/03/2026,7:00 pm,Philip,Larson,philip.larson99@example.com,6055049221,30/07/2026 01:17 am,Online,Paid,3,0,$75.00,$0.00,$0.00,$0.00,$3.00,$0.00,$0.00,$0.00,$78.00,$0.00,$0.00,$0.00,$0.00,$75.00,$75.00,$0.00,,,,$0.00,$0.00,$0.00,$0.00,Stripe,No,,Completed,Online,3,6c2eb0c5-8f9f-43d6-9b40-265ca5dd8a7f
GUL1160,Gulaal Holi,14/03/2026,7:00 pm,Richard,Chavez,richard.chavez2@example.com,8670663201,09/08/2026 05:50 am,Online,Paid,1,0,$25.00,$0.00,$0.00,$0.00,$1.00,$0.00,$0.00,$0.00,$26.00,$0.00,$0.00,$0.00,$0.00,$25.00,$25.00,$0.00,,,,$0.00,$0.00,$0.00,$0.00,Stripe,Yes,,Completed,Online,1,e574cdde-ad19-478e-b64f-f128ee519882
GUL1161,Gulaal Holi,14/03/2026,7:00 pm,Ross,Wood,ross.wood53@example.com,3992891982,13/08/2026 05:10 pm,Online,Paid,2,0,$50.00,$0.00,$0.00,$0.00,$2.00,$0.00,$0.00,$0.00,$52.00,$0.00,$0.00,$0.00,$0.00,$50.00,$50.00,$0.00,,,,$0.00,$0.00,$0.00,$0.00,Stripe,Yes,,Completed,Online,2,52a6d515-b3d2-410c-ab2e-95702767333c
GUL1162,Gulaal Holi,14/03/2026,7:00 pm,Krystal,Perez,krystal.perez50@example.com,3717086494,17/08/2026 01:46 am,Online,Paid,1,0,$25.00,$0.00,$0.00,$0.00,$1.00,$0.00,$0.00,$0.00,$26.00,$0.00,$0.00,$0.00,$0.00,$25.00,$25.00,$0.00,,,,$0.00,$0.00,$0.00,$0.00,Stripe,Yes,,Completed,Online,1,34cc97ac-07bb-45df-a861-536f4abc5d91
GUL1163,Gulaal Holi,14/03/2026,7:00 pm,Erin,Pierce,erin.pierce67@example.com,1354901459,07/08/2026 09:49 am,Online,Paid,2,0,$50.00,$0.00,$0.00,$0.00,$2.00,$0.00,$0.00,$0.00,$52.00,$0.00,$0.00,$0.00,$0.00,$50.00,$50.00,$0.00,,,,$0.00,$0.00,$0.00,$0.00,Stripe,No,,Completed,Online,2,994be696-6160-4c3c-be6f-2cf706db51d3
GUL1164,Gulaal Holi,14/03/2026,7:00 pm,Brittney,Gonzalez,brittney.gonzalez4@example.com,8730549824,17/07/2026 09:56 am,Online,Paid,2,0,$50.00,$0.00,$0.00,$0.00,$2.00,$0.00,$0.00,$0.00,$52.00,$0.00,$0.00,$0.00,$0.00,$50.00,$50.00,$0.00,,,,$0.00,$0.00,$0.00,$0.00,Stripe,No,,Completed,Online,2,a89fd6ce-4726-4174-8699-1c22be146c81
GUL1165,Gulaal Holi,14/03/2026,7:00 pm,Brandy,Dominguez,brandy.dominguez52@example.com,2178167806,10/08/2026 01:50 am,Manual,Paid,3,0,$75.00,$0.00,$0.00,$0.00,$3.00,$0.00,$0.00,$0.00,$78.00,$0.00,$0.00,$0.00,$0.00,$75.00,$75.00,$0.00,,,,$0.00,$0.00,$0.00,$0.00,Stripe,Yes,,Completed,Manual,3,e20e22b8-57ff-4548-9d28-67a0ad845afe
GUL1166,Gulaal Holi,14/03/2026,7:00 pm,Kirk,Morrison,kirk.morrison74@example.com,1649281503,04/08/2026 01:43 pm,Online,Refunded,0,1,$0.00,$0.00,$0.00,$0.00,$0.00,$0.00,$0.00,$0.00,$0.00,$0.00,$0.00,$0.00,$0.00,$0.00,$0.00,$0.00,,,,$0.00,$0.00,$0.00,$0.00,Stripe,No,,Completed,Online,1,995d1d59-efd9-45e1-8ded-1b4d79d81ee9
GUL1167,Gulaal Holi,14/03/2026,7:00 pm,Kevin,Williams,kevin.williams82@example.com,4070308808,17/08/2026 12:35 pm,Online,Paid,1,0,$25.00,$0.00,$0.00,$0.00,$1.00,$0.00,$0.00,$0.00,$26.00,$0.00,$0.00,$0.00,$0.00,$25.00,$25.00,$0.00,,,,$0.00,$0.00,$0.00,$0.00,Stripe,Yes,,Completed,Online,1,2a650cdf-8758-4e33-a674-fda166f0c1f5
GUL1168,Gulaal Holi,14/03/2026,7:00 pm,Stefanie,Gonzalez,stefanie.gonzalez5@example.com,8244850072,02/08/2026 08:00 pm,Online,Paid,3,0,$75.00,$0.00,$0.00,$0.00,$3.00,$0.00,$0.00,$0.00,$78.00,$0.00,$0.00,$0.00,$0.00,$75.00,$75.00,$0.00,,,,$0.00,$0.00,$0.00,$0.00,Stripe,Yes,,Completed,Online,3,90a05c33-f38f-422c-96c0-c72ff747e5cd
GUL1169,Gulaal Holi,14/03/2026,7:00 pm,Anne,Robinson,anne.robinson66@example.com,4116806919,17/07/2026 01:53 pm,Online,Paid,4,0,$100.00,$0.00,$0.00,$0.00,$4.00,$0.00,$0.00,$0.00,$104.00,$0.00,$0.00,$0.00,$0.00,$100.00,$100.00,$0.00,,,,$0.00,$0.00,$0.00,$0.00,Stripe,Yes,,Completed,Online,4,64546b25-67f9-4636-b8e5-3c5bccc049ac
GUL1170,Gulaal Holi,14/03/2026,7:00 pm,Robin,Ellis,robin.ellis90@example.com,8203917026,15/07/2026 01:46 pm,Online,Paid,2,0,$50.00,$0.00,$0.00,$0.00,$2.00,$0.00,$0.00,$0.00,$52.00,$0.00,$0.00,$0.00,$0.00,$50.00,$50.00,$0.00,,,,$0.00,$0.00,$0.00,$0.00,Stripe,Yes,,Completed,Online,2,cd95e7a8-5378-46f6-b7e5-436444f26286
GUL1171,Gulaal Holi,14/03/2026,7:00 pm,Jennifer,Perez,jennifer.perez19@example.com,4587012042,02/08/2026 02:36 pm,Online,Paid,2,0,$50.00,$0.00,$0.00,$0.00,$2.00,$0.00,$0.00,$0.00,$52.00,$0.00,$0.00,$0.00,$0.00,$50.00,$50.00,$0.00,,,,$0.00,$0.00,$0.00,$0.00,Stripe,Yes,,Completed,Online,2,04c0d48a-98bf-4a3e-a867-035e3706f04c
GUL1172,Gulaal Holi,14/03/2026,7:00 pm,Lisa,Evans,lisa.evans96@example.com,3753028497,02/08/2026 05:54 am,Online,Paid,1,0,$25.00,$0.00,$0.00,$0.00,$1.00,$0.00,$0.00,$0.00,$26.00,$0.00,$0.00,$0.00,$0.00,$25.00,$25.00,$0.00,,,,$0.00,$0.00,$0.00,$0.00,Stripe,Yes,,Completed,Online,1,c2d3d967-a626-43ed-a070-e32e9c2be697
GUL1173,Gulaal Holi,14/03/2026,7:00 pm,Lisa,Gonzales,lisa.gonzales61@example.com,4365240553,27/07/2026 09:56 pm,Manual,Paid,1,0,$25.00,$0.00,$0.00,$0.00,$1.00,$0.00,$0.00,$0.00,$26.00,$0.00,$0.00,$0.00,$0.00,$25.00,$25.00,$0.00,,,,$0.00,$0.00,$0.00,$0.00,Stripe,No,,Completed,Manual,1,8864d32c-b32d-442a-9443-c6c9c0ff8a48
GUL1174,Gulaal Holi,14/03/2026,7:00 pm,Amanda,Ball,amanda.ball23@example.com,4036488215,11/08/2026 04:47 am,Online,Paid,1,0,$25.00,$0.00,$0.00,$0.00,$1.00,$0.00,$0.00,$0.00,$26.00,$0.00,$0.00,$0.00,$0.00,$25.00,$25.00,$0.00,,,,$0.00,$0.00,$0.00,$0.00,Stripe,No,,Completed,Online,1,46c51d5a-5e93-4891-848c-9fe63faf5eac
GUL1175,Gulaal Holi,14/03/2026,7:00 pm,Steven,Dominguez,steven.dominguez50@example.com,6232360667,16/08/2026 12:46 am,Online,Paid,1,0,$25.00,$0.00,$0.00,$0.00,$1.00,$0.00,$0.00,$0.00,$26.00,$0.00,$0.00,$0.00,$0.00,$25.00,$25.00,$0.00,,,,$0.00,$0.00,$0.00,$0.00,Stripe,Yes,,Completed,Online,1,12dd5bb7-95d6-40e4-88a0-d015686279e7
GUL1176,Gulaal Holi,14/03/2026,7:00 pm,Beverly,Johnston,beverly.johnston85@example.com,9722042986,15/07/2026 10:52 am,Online,Paid,1,0,$25.00,$0.00,$0.00,$0.00,$1.00,$0.00,$0.00,$0.00,$26.00,$0.00,$0.00,$0.00,$0.00,$25.00,$25.00,$0.00,,,,$0.00,$0.00,$0.00,$0.00,Stripe,No,,Completed,Online,1,02d61d66-20f9-4fc9-9eb0-a058904d0a50
GUL1177,Gulaal Holi,14/03/2026,7:00 pm,Megan,Morris,megan.morris60@example.com,1799623569,25/07/2026 09:04 am,Online,Paid,1,0,$25.00,$0.00,$0.00,$0.00,$1.00,$0.00,$0.00,$0.00,$26.00,$0.00,$0.00,$0.00,$0.00,$25.00,$25.00,$0.00,,,,$0.00,$0.00,$0.00,$0.00,Stripe,No,,Completed,Online,1,9a6b7a29-bcbb-4f94-aa31-31cf96865cbe
GUL1178,Gulaal Holi,14/03/2026,7:00 pm,Tammy,Walker,tammy.walker96@example.com,3587688777,10/08/2026 06:18 am,Online,Paid,1,0,$25.00,$0.00,$0.00,$0.00,$1.00,$0.00,$0.00,$0.00,$26.00,$0.00,$0.00,$0.00,$0.00,$25.00,$25.00,$0.00,,,,$0.00,$0.00,$0.00,$0.00,Stripe,No,,Completed,Online,1,0329d92d-6f0f-4fdc-87ee-e466ea96dda4
GUL1179,Gulaal Holi,14/03/2026,7:00 pm,Erin,Cisneros,erin.cisneros54@example.com,4820849315,22/07/2026 03:38 am,Online,Paid,2,0,$50.00,$0.00,$0.00,$0.00,$2.00,$0.00,$0.00,$0.00,$52.00,$0.00,$0.00,$0.00,$0.00,$50.00,$50.00,$0.00,,,,$0.00,$0.00,$0.00,$0.00,Stripe,Yes,,Completed,Online,2,c3b210de-f9de-4c5b-b089-95e3befc3195
GUL1180,Gulaal Holi,14/03/2026,7:00 pm,Bobby,Mahoney,bobby.mahoney9@example.com,2600014407,02/08/2026 06:56 pm,Online,Paid,4,0,$100.00,$0.00,$0.00,$0.00,$4.00,$0.00,$0.00,$0.00,$104.00,$0.00,$0.00,$0.00,$0.00,$100.00,$100.00,$0.00,,,,$0.00,$0.00,$0.00,$0.00,Stripe,No,,Completed,Online,4,113d1d29-f1a3-4b44-bf3a-ee2db970c05d
GUL1181,Gulaal Holi,14/03/2026,7:00 pm,Rebecca,Marks,rebecca.marks6@example.com,3049134103,16/08/2026 05:10 pm,Online,Paid,1,0,$25.00,$0.00,$0.00,$0.00,$1.00,$0.00,$0.00,$0.00,$26.00,$0.00,$0.00,$0.00,$0.00,$25.00,$25.00,$0.00,,,,$0.00,$0.00,$0.00,$0.00,Stripe,No,,Completed,Online,1,a2b491ff-e6b0-4ca0-a6fd-8253524715af
GUL1182,Gulaal Holi,14/03/2026,7:00 pm,Victoria,Moreno,victoria.moreno94@example.com,2099865642,12/08/2026 07:26 am,Online,Paid,1,0,$25.00,$0.00,$0.00,$0.00,$1.00,$0.00,$0.00,$0.00,$26.00,$0.00,$0.00,$0.00,$0.00,$25.00,$25.00,$0.00,,,,$0.00,$0.00,$0.00,$0.00,Stripe,No,,Completed,Online,1,b59c9c87-f839-44c9-9eff-689a545a8a02
GUL1183,Gulaal Holi,14/03/2026,7:00 pm,Kimberly,Bowman,kimberly.bowman49@example.com,8235309766,04/08/2026 05:14 pm,Online,Paid,1,0,$25.00,$0.00,$0.00,$0.00,$1.00,$0.00,$0.00,$0.00,$26.00,$0.00,$0.00,$0.00,$0.00,$25.00,$25.00,$0.00,,,,$0.00,$0.00,$0.00,$0.00,Stripe,No,,Completed,Online,1,e7ded7f8-8f06-4b0e-82d2-206cf17a9d8f
GUL1184,Gulaal Holi,14/03/2026,7:00 pm,Rebecca,Davis,rebecca.davis4@example.com,9805682017,03/08/2026 02:32 pm,Online,Refunded,0,1,$0.00,$0.00,$0.00,$0.00,$0.00,$0.00,$0.00,$0.00,$0.00,$0.00,$0.00,$0.00,$0.00,$0.00,$0.00,$0.00,,,,$0.00,$0.00,$0.00,$0.00,Stripe,No,,Completed,Online,1,68b6daf8-6892-40c7-9d9d-aa1972d57a20
GUL1185,Gulaal Holi,14/03/2026,7:00 pm,Tracy,Whitehead,tracy.whitehead18@example.com,9572404347,14/07/2026 07:53 am,Online,Paid,3,0,$75.00,$0.00,$0.00,$0.00,$3.00,$0.00,$0.00,$0.00,$78.00,$0.00,$0.00,$0.00,$0.00,$75.00,$75.00,$0.00,,,,$0.00,$0.00,$0.00,$0.00,Stripe,No,,Completed,Online,3,129226f9-f6e0-426e-b9bc-e1005167a3df
GUL1186,Gulaal Holi,14/03/2026,7:00 pm,Joseph,Zuniga,joseph.zuniga92@example.com,9561007773,05/08/2026 12:26 am,Online,Paid,4,0,$100.00,$0.00,$0.00,$0.00,$4.00,$0.00,$0.00,$0.00,$104.00,$0.00,$0.00,$0.00,$0.00,$100.00,$100.00,$0.00,,,,$0.00,$0.00,$0.00,$0.00,Stripe,No,,Completed,Online,4,0fe66ed6-5980-49bb-b87e-970efd969b8d
GUL1187,Gulaal Holi,14/03/2026,7:00 pm,Victor,Bradley,victor.bradley46@example.com,9202599919,19/07/2026 05:07 am,Online,Paid,2,0,$50.00,$0.00,$0.00,$0.00,$2.00,$0.00,$0.00,$0.00,$52.00,$0.00,$0.00,$0.00,$0.00,$50.00,$50.00,$0.00,,,,$0.00,$0.00,$0.00,$0.00,Stripe,No,,Completed,Online,2,0a5211cf-75a9-471f-b5c0-690e31811ada
GUL1188,Gulaal Holi,14/03/2026,7:00 pm,John,Alvarez,john.alvarez31@example.com,4447489047,17/07/2026 07:32 pm,Manual,Paid,2,0,$50.00,$0.00,$0.00,$0.00,$2.00,$0.00,$0.00,$0.00,$52.00,$0.00,$0.00,$0.00,$0.00,$50.00,$50.00,$0.00,,,,$0.00,$0.00,$0.00,$0.00,Stripe,No,,Completed,Manual,2,6a7dd940-88d7-42ac-b571-e282bff2653c
GUL1189,Gulaal Holi,14/03/2026,7:00 pm,Ashley,Hall,ashley.hall10@example.com,5107651917,13/08/2026 04:23 am,Online,Refunded,0,1,$0.00,$0.00,$0.00,$0.00,$0.00,$0.00,$0.00,$0.00,$0.00,$0.00,$0.00,$0.00,$0.00,$0.00,$0.00,$0.00,,,,$0.00,$0.00,$0.00,$0.00,Stripe,Yes,,Completed,Online,1,3d280b41-b1f0-48ea-bbba-f12316fefed9
GUL1190,Gulaal Holi,14/03/2026,7:00 pm,Andrew,Edwards,andrew.edwards65@example.com,8951456340,16/08/2026 09:19 pm,Online,Paid,2,0,$50.00,$0.00,$0.00,$0.00,$2.00,$0.00,$0.00,$0.00,$52.00,$0.00,$0.00,$0.00,$0.00,$50.00,$50.00,$0.00,,,,$0.00,$0.00,$0.00,$0.00,Stripe,No,,Completed,Online,2,005f6552-8246-4029-9aa0-e815cb771603
GUL1191,Gulaal Holi,14/03/2026,7:00 pm,Audrey,Aguirre,audrey.aguirre50@example.com,1574496539,23/07/2026 08:05 pm,Online,Paid,2,0,$50.00,$0.00,$0.00,$0.00,$2.00,$0.00,$0.00,$0.00,$52.00,$0.00,$0.00,$0.00,$0.00,$50.00,$50.00,$0.00,,,,$0.00,$0.00,$0.00,$0.00,Stripe,No,,Completed,Online,2,790915e4-d23d-4990-bdec-f519a58864ff
GUL1192,Gulaal Holi,14/03/2026,7:00 pm,Steven,Campbell,steven.campbell31@example.com,0930454184,10/07/2026 12:19 pm,Online,Paid,2,0,$50.00,$0.00,$0.00,$0.00,$2.00,$0.00,$0.00,$0.00,$52.00,$0.00,$0.00,$0.00,$0.00,$50.00,$50.00,$0.00,,,,$0.00,$0.00,$0.00,$0.00,Stripe,Yes,,Completed,Online,2,8bc22e17-b63b-4c5f-89d8-a701ec518d97
GUL1193,Gulaal Holi,14/03/2026,7:00 pm,Christopher,Caldwell,christopher.caldwell72@example.com,8039662038,16/07/2026 05:50 am,Online,Paid,1,0,$25.00,$0.00,$0.00,$0.00,$1.00,$0.00,$0.00,$0.00,$26.00,$0.00,$0.00,$0.00,$0.00,$25.00,$25.00,$0.00,,,,$0.00,$0.00,$0.00,$0.00,Stripe,No,,Completed,Online,1,4758f609-f2d2-4f14-af3a-e9ef663b28bc
GUL1194,Gulaal Holi,14/03/2026,7:00 pm,Hannah,Burton,hannah.burton74@example.com,7880265295,03/08/2026 09:56 pm,Online,Paid,1,0,$25.00,$0.00,$0.00,$0.00,$1.00,$0.00,$0.00,$0.00,$26.00,$0.00,$0.00,$0.00,$0.00,$25.00,$25.00,$0.00,,,,$0.00,$0.00,$0.00,$0.00,Stripe,No,,Completed,Online,1,99ae1f6e-b594-4a43-aff4-d125b12a22b4
GUL1195,Gulaal Holi,14/03/2026,7:00 pm,Shawn,Mckay,shawn.mckay6@example.com,3562303974,18/07/2026 11:14 am,Online,Paid,4,0,$100.00,$0.00,$0.00,$0.00,$4.00,$0.00,$0.00,$0.00,$104.00,$0.00,$0.00,$0.00,$0.00,$100.00,$100.00,$0.00,,,,$0.00,$0.00,$0.00,$0.00,Stripe,Yes,,Completed,Online,4,0dad0c7b-e666-43e3-81d9-beaee86b063d
GUL1196,Gulaal Holi,14/03/2026,7:00 pm,Haley,Anderson,haley.anderson74@example.com,7089870920,09/08/2026 03:07 am,Online,Paid,2,0,$50.00,$0.00,$0.00,$0.00,$2.00,$0.00,$0.00,$0.00,$52.00,$0.00,$0.00,$0.00,$0.00,$50.00,$50.00,$0.00,,,,$0.00,$0.00,$0.00,$0.00,Stripe,No,,Completed,Online,2,b90f0b18-d6ce-4975-8a75-3c9e17b854c9
GUL1197,Gulaal Holi,14/03/2026,7:00 pm,Robert,Hernandez,robert.hernandez14@example.com,3113266115,11/08/2026 11:30 am,Online,Paid,2,0,$50.00,$0.00,$0.00,$0.00,$2.00,$0.00,$0.00,$0.00,$52.00,$0.00,$0.00,$0.00,$0.00,$50.00,$50.00,$0.00,,,,$0.00,$0.00,$0.00,$0.00,Stripe,No,,Completed,Online,2,57c8f6f6-0c0b-4fd7-8f95-a62856a827e6
GUL1198,Gulaal Holi,14/03/2026,7:00 pm,Alyssa,Chavez,alyssa.chavez45@example.com,3211960472,16/07/2026 06:23 pm,Online,Paid,2,0,$50.00,$0.00,$0.00,$0.00,$2.00,$0.00,$0.00,$0.00,$52.00,$0.00,$0.00,$0.00,$0.00,$50.00,$50.00,$0.00,,,,$0.00,$0.00,$0.00,$0.00,Stripe,Yes,,Completed,Online,2,786b1196-e7ad-4538-99c2-364139d3f232
GUL1199,Gulaal Holi,14/03/2026,7:00 pm,Natasha,Decker,natasha.decker80@example.com,7454470823,05/08/2026 08:32 pm,Manual,Paid,4,0,$100.00,$0.00,$0.00,$0.00,$4.00,$0.00,$0.00,$0.00,$104.00,$0.00,$0.00,$0.00,$0.00,$100.00,$100.00,$0.00,,,,$0.00,$0.00,$0.00,$0.00,Stripe,No,,Completed,Manual,4,12cc39c8-bef3-4948-a3f1-5a674a0df4cc
GUL1200,Gulaal Holi,14/03/2026,7:00 pm,Megan,Flores,megan.flores60@example.com,3946766262,11/08/2026 12:01 pm,Online,Paid,1,0,$25.00,$0.00,$0.00,$0.00,$1.00,$0.00,$0.00,$0.00,$26.00,$0.00,$0.00,$0.00,$0.00,$25.00,$25.00,$0.00,,,,$0.00,$0.00,$0.00,$0.00,Stripe,No,,Completed,Online,1,5d015d97-00b5-4e14-ac3f-d690603cbf33
GUL1201,Gulaal Holi,14/03/2026,7:00 pm,Brian,Romero,brian.romero87@example.com,2618402578,19/07/2026 11:02 am,Online,Paid,3,0,$75.00,$0.00,$0.00,$0.00,$3.00,$0.00,$0.00,$0.00,$78.00,$0.00,$0.00,$0.00,$0.00,$75.00,$75.00,$0.00,,,,$0.00,$0.00,$0.00,$0.00,Stripe,Yes,,Completed,Online,3,66ba9945-8455-44ef-a365-1ce9e8274a4f
GUL1202,Gulaal Holi,14/03/2026,7:00 pm,John,Reid,john.reid36@example.com,6306636050,12/07/2026 07:07 am,Online,Paid,1,0,$25.00,$0.00,$0.00,$0.00,$1.00,$0.00,$0.00,$0.00,$26.00,$0.00,$0.00,$0.00,$0.00,$25.00,$25.00,$0.00,,,,$0.00,$0.00,$0.00,$0.00,Stripe,No,,Completed,Online,1,4417639f-6dce-4bef-a21f-1f28a5a07046
GUL1203,Gulaal Holi,14/03/2026,7:00 pm,Heidi,Williams,heidi.williams90@example.com,0390912030,12/08/2026 01:38 am,Online,Paid,2,0,$50.00,$0.00,$0.00,$0.00,$2.00,$0.00,$0.00,$0.00,$52.00,$0.00,$0.00,$0.00,$0.00,$50.00,$50.00,$0.00,,,,$0.00,$0.00,$0.00,$0.00,Stripe,Yes,,Completed,Online,2,56c680c8-4325-46e4-9bba-350105f7591a
GUL1204,Gulaal Holi,14/03/2026,7:00 pm,Eric,Yu,eric.yu52@example.com,7597953192,16/07/2026 01:46 pm,Online,Refunded,0,1,$0.00,$0.00,$0.00,$0.00,$0.00,$0.00,$0.00,$0.00,$0.00,$0.00,$0.00,$0.00,$0.00,$0.00,$0.00,$0.00,,,,$0.00,$0.00,$0.00,$0.00,Stripe,No,,Completed,Online,1,6e2d9483-888f-4d6e-b773-9c479f8f57a4
GUL1205,Gulaal Holi,14/03/2026,7:00 pm,Crystal,Cain,crystal.cain89@example.com,5745449205,12/07/2026 02:03 am,Online,Paid,2,0,$50.00,$0.00,$0.00,$0.00,$2.00,$0.00,$0.00,$0.00,$52.00,$0.00,$0.00,$0.00,$0.00,$50.00,$50.00,$0.00,,,,$0.00,$0.00,$0.00,$0.00,Stripe,No,,Completed,Online,2,ecfc912a-490a-4abd-b188-48f948116cd7
GUL1206,Gulaal Holi,14/03/2026,7:00 pm,Denise,Webster,denise.webster9@example.com,1808189655,23/07/2026 06:06 am,Online,Paid,3,0,$75.00,$0.00,$0.00,$0.00,$3.00,$0.00,$0.00,$0.00,$78.00,$0.00,$0.00,$0.00,$0.00,$75.00,$75.00,$0.00,,,,$0.00,$0.00,$0.00,$0.00,Stripe,Yes,,Completed,Online,3,48720a99-d863-4fe1-96c6-9578e2e58a89
GUL1207,Gulaal Holi,14/03/2026,7:00 pm,Jim,Rios,jim.rios61@example.com,6229521797,09/08/2026 03:07 am,Online,Paid,1,0,$25.00,$0.00,$0.00,$0.00,$1.00,$0.00,$0.00,$0.00,$26.00,$0.00,$0.00,$0.00,$0.00,$25.00,$25.00,$0.00,,,,$0.00,$0.00,$0.00,$0.00,Stripe,No,,Completed,Online,1,f831a42e-3c17-42b6-8317-201f6140387d
GUL1208,Gulaal Holi,14/03/2026,7:00 pm,Amy,Li,amy.li20@example.com,6248607047,11/08/2026 01:29 am,Online,Paid,1,0,$25.00,$0.00,$0.00,$0.00,$1.00,$0.00,$0.00,$0.00,$26.00,$0.00,$0.00,$0.00,$0.00,$25.00,$25.00,$0.00,,,,$0.00,$0.00,$0.00,$0.00,Stripe,Yes,,Completed,Online,1,5a7324eb-325d-430b-a18e-942e041ae5fb
GUL1209,Gulaal Holi,14/03/2026,7:00 pm,Tammy,Ramirez,tammy.ramirez44@example.com,5850153017,10/08/2026 02:24 pm,Online,Paid,3,0,$75.00,$0.00,$0.00,$0.00,$3.00,$0.00,$0.00,$0.00,$78.00,$0.00,$0.00,$0.00,$0.00,$75.00,$75.00,$0.00,,,,$0.00,$0.00,$0.00,$0.00,Stripe,Yes,,Completed,Online,3,50e79079-1809-42f6-8f18-383a7f3eb240
GUL1210,Gulaal Holi,14/03/2026,7:00 pm,Anna,Baker,anna.baker44@example.com,8790522441,26/07/2026 09:58 pm,Online,Paid,2,0,$50.00,$0.00,$0.00,$0.00,$2.00,$0.00,$0.00,$0.00,$52.00,$0.00,$0.00,$0.00,$0.00,$50.00,$50.00,$0.00,,,,$0.00,$0.00,$0.00,$0.00,Stripe,No,,Completed,Online,2,9131e5c3-713d-4a0f-8ebe-4453538ec545
GUL1211,Gulaal Holi,14/03/2026,7:00 pm,Robert,Kirby,robert.kirby79@example.com,4531579057,20/07/2026 06:10 pm,Online,Paid,3,0,$75.00,$0.00,$0.00,$0.00,$3.00,$0.00,$0.00,$0.00,$78.00,$0.00,$0.00,$0.00,$0.00,$75.00,$75.00,$0.00,,,,$0.00,$0.00,$0.00,$0.00,Stripe,No,,Completed,Online,3,865394a3-eeb2-46f2-a49a-b750c22b2c5a
GUL1212,Gulaal Holi,14/03/2026,7:00 pm,Sharon,Collins,sharon.collins10@example.com,6469365618,04/08/2026 06:15 am,Online,Paid,1,0,$25.00,$0.00,$0.00,$0.00,$1.00,$0.00,$0.00,$0.00,$26.00,$0.00,$0.00,$0.00,$0.00,$25.00,$25.00,$0.00,,,,$0.00,$0.00,$0.00,$0.00,Stripe,No,,Completed,Online,1,438b398d-7eb1-43a6-9b76-41e8b6a6d38f
GUL1213,Gulaal Holi,14/03/2026,7:00 pm,Cynthia,Rogers,cynthia.rogers3@example.com,6805702377,03/08/2026 08:52 pm,Online,Paid,2,0,$50.00,$0.00,$0.00,$0.00,$2.00,$0.00,$0.00,$0.00,$52.00,$0.00,$0.00,$0.00,$0.00,$50.00,$50.00,$0.00,,,,$0.00,$0.00,$0.00,$0.00,Stripe,No,,Completed,Online,2,ce430e71-0187-49d3-9b04-954b3e8e6b61
GUL1214,Gulaal Holi,14/03/2026,7:00 pm,Megan,Murphy,megan.murphy64@example.com,2095673332,04/08/2026 11:05 am,Online,Paid,1,0,$25.00,$0.00,$0.00,$0.00,$1.00,$0.00,$0.00,$0.00,$26.00,$0.00,$0.00,$0.00,$0.00,$25.00,$25.00,$0.00,,,,$0.00,$0.00,$0.00,$0.00,Stripe,No,,Completed,Online,1,35d8675b-221d-4bb1-aebf-aef7c940138d
GUL1215,Gulaal Holi,14/03/2026,7:00 pm,Melanie,Davis,melanie.davis7@example.com,4402825326,01/08/2026 11:08 am,Manual,Paid,2,0,$50.00,$0.00,$0.00,$0.00,$2.00,$0.00,$0.00,$0.00,$52.00,$0.00,$0.00,$0.00,$0.00,$50.00,$50.00,$0.00,,,,$0.00,$0.00,$0.00,$0.00,Stripe,No,,Completed,Manual,2,2fd4332e-a71a-4595-97ff-4cccdc05fa81
GUL1216,Gulaal Holi,14/03/2026,7:00 pm,John,Durham,john.durham20@example.com,7392385202,20/07/2026 11:34 am,Online,Refunded,0,1,$0.00,$0.00,$0.00,$0.00,$0.00,$0.00,$0.00,$0.00,$0.00,$0.00,$0.00,$0.00,$0.00,$0.00,$0.00,$0.00,,,,$0.00,$0.00,$0.00,$0.00,Stripe,No,,Completed,Online,1,b051411b-4059-45b1-980b-3063934261a2
GUL1217,Gulaal Holi,14/03/2026,7:00 pm,Debbie,Parker,debbie.parker82@example.com,6933284423,18/08/2026 01:55 am,Manual,Paid,2,0,$50.00,$0.00,$0.00,$0.00,$2.00,$0.00,$0.00,$0.00,$52.00,$0.00,$0.00,$0.00,$0.00,$50.00,$50.00,$0.00,,,,$0.00,$0.00,$0.00,$0.00,Stripe,No,,Completed,Manual,2,263bda8d-8678-4d01-974b-18d99aca56fc
GUL1218,Gulaal Holi,14/03/2026,7:00 pm,Brian,Howard,brian.howard40@example.com,7551545260,14/08/2026 02:20 am,Online,Paid,1,0,$25.00,$0.00,$0.00,$0.00,$1.00,$0.00,$0.00,$0.00,$26.00,$0.00,$0.00,$0.00,$0.00,$25.00,$25.00,$0.00,,,,$0.00,$0.00,$0.00,$0.00,Stripe,No,,Completed,Online,1,9f516516-9bfe-4b18-b091-e53691824513
GUL1219,Gulaal Holi,14/03/2026,7:00 pm,Corey,Schultz,corey.schultz39@example.com,1006433226,13/07/2026 02:48 am,Online,Paid,1,0,$25.00,$0.00,$0.00,$0.00,$1.00,$0.00,$0.00,$0.00,$26.00,$0.00,$0.00,$0.00,$0.00,$25.00,$25.00,$0.00,,,,$0.00,$0.00,$0.00,$0.00,Stripe,No,,Completed,Online,1,37e56349-7784-46d0-b7aa-1c1a730be62f
GUL1220,Gulaal Holi,14/03/2026,7:00 pm,Shane,Glass,shane.glass78@example.com,6806647070,18/07/2026 08:31 am,Online,Paid,1,0,$25.00,$0.00,$0.00,$0.00,$1.00,$0.00,$0.00,$0.00,$26.00,$0.00,$0.00,$0.00,$0.00,$25.00,$25.00,$0.00,,,,$0.00,$0.00,$0.00,$0.00,Stripe,No,,Completed,Online,1,cc2d93c8-60e2-4d57-bcf0-33eb0d677625
GUL1221,Gulaal Holi,14/03/2026,7:00 pm,Kevin,Lyons,kevin.lyons96@example.com,2984241074,11/07/2026 06:09 pm,Online,Paid,2,0,$50.00,$0.00,$0.00,$0.00,$2.00,$0.00,$0.00,$0.00,$52.00,$0.00,$0.00,$0.00,$0.00,$50.00,$50.00,$0.00,,,,$0.00,$0.00,$0.00,$0.00,Stripe,No,,Completed,Online,2,a5e39314-ace6-49cb-84bc-969a452f03c9
GUL1222,Gulaal Holi,14/03/2026,7:00 pm,Lisa,Mcneil,lisa.mcneil84@example.com,5826762590,13/08/2026 06:46 am,Online,Paid,2,0,$50.00,$0.00,$0.00,$0.00,$2.00,$0.00,$0.00,$0.00,$52.00,$0.00,$0.00,$0.00,$0.00,$50.00,$50.00,$0.00,,,,$0.00,$0.00,$0.00,$0.00,Stripe,Yes,,Completed,Online,2,b4e2fbce-3ebf-4bd9-8a3e-1572d7bfc03e
GUL1223,Gulaal Holi,14/03/2026,7:00 pm,Abigail,Wilson,abigail.wilson71@example.com,6461497459,26/07/2026 04:44 am,Online,Paid,1,0,$25.00,$0.00,$0.00,$0.00,$1.00,$0.00,$0.00,$0.00,$26.00,$0.00,$0.00,$0.00,$0.00,$25.00,$25.00,$0.00,,,,$0.00,$0.00,$0.00,$0.00,Stripe,No,,Completed,Online,1,37b3ef4d-ece1-46fe-85d0-e33a1abfac24
GUL1224,Gulaal Holi,14/03/2026,7:00 pm,Joshua,Martinez,joshua.martinez79@example.com,9849149860,17/08/2026 03:58 pm,Online,Paid,3,0,$75.00,$0.00,$0.00,$0.00,$3.00,$0.00,$0.00,$0.00,$78.00,$0.00,$0.00,$0.00,$0.00,$75.00,$75.00,$0.00,,,,$0.00,$0.00,$0.00,$0.00,Stripe,Yes,,Completed,Online,3,dde4fe4f-03a3-41d0-9046-f4a1d059a088
GUL1225,Gulaal Holi,14/03/2026,7:00 pm,Robert,Dunn,robert.dunn40@example.com,2664322394,21/07/2026 09:51 am,Online,Paid,1,0,$25.00,$0.00,$0.00,$0.00,$1.00,$0.00,$0.00,$0.00,$26.00,$0.00,$0.00,$0.00,$0.00,$25.00,$25.00,$0.00,,,,$0.00,$0.00,$0.00,$0.00,Stripe,Yes,,Completed,Online,1,8c4d2dae-b7f6-4ccc-a82d-c67419d0eebb
GUL1226,Gulaal Holi,14/03/2026,7:00 pm,Stephanie,Ballard,stephanie.ballard60@example.com,1594853400,02/08/2026 06:03 am,Online,Paid,1,0,$25.00,$0.00,$0.00,$0.00,$1.00,$0.00,$0.00,$0.00,$26.00,$0.00,$0.00,$0.00,$0.00,$25.00,$25.00,$0.00,,,,$0.00,$0.00,$0.00,$0.00,Stripe,No,,Completed,Online,1,fcda940d-b2f2-4fc6-bdc6-a8046fdb20da
GUL1227,Gulaal Holi,14/03/2026,7:00 pm,Laura,Morgan,laura.morgan87@example.com,2398474225,15/08/2026 06:11 am,Online,Paid,1,0,$25.00,$0.00,$0.00,$0.00,$1.00,$0.00,$0.00,$0.00,$26.00,$0.00,$0.00,$0.00,$0.00,$25.00,$25.00,$0.00,,,,$0.00,$0.00,$0.00,$0.00,Stripe,No,,Completed,Online,1,d8e5080a-1070-43c4-bddf-bc34b23283b2
GUL1228,Gulaal Holi,14/03/2026,7:00 pm,Angel,Henson,angel.henson17@example.com,2378870584,30/07/2026 10:20 am,Online,Paid,1,0,$25.00,$0.00,$0.00,$0.00,$1.00,$0.00,$0.00,$0.00,$26.00,$0.00,$0.00,$0.00,$0.00,$25.00,$25.00,$0.00,,,,$0.00,$0.00,$0.00,$0.00,Stripe,Yes,,Completed,Online,1,13b8905e-b291-49a9-a269-53e60caa73c9
GUL1229,Gulaal Holi,14/03/2026,7:00 pm,Scott,Mills,scott.mills97@example.com,4956479984,17/08/2026 10:03 pm,Online,Paid,1,0,$25.00,$0.00,$0.00,$0.00,$1.00,$0.00,$0.00,$0.00,$26.00,$0.00,$0.00,$0.00,$0.00,$25.00,$25.00,$0.00,,,,$0.00,$0.00,$0.00,$0.00,Stripe,No,,Completed,Online,1,719e5eb1-afcb-4996-adaa-664783eb9c88
GUL1230,Gulaal Holi,14/03/2026,7:00 pm,Wanda,Santos,wanda.santos11@example.com,3830972361,03/08/2026 05:26 pm,Online,Paid,1,0,$25.00,$0.00,$0.00,$0.00,$1.00,$0.00,$0.00,$0.00,$26.00,$0.00,$0.00,$0.00,$0.00,$25.00,$25.00,$0.00,,,,$0.00,$0.00,$0.00,$0.00,Stripe,No,,Completed,Online,1,6acc5d15-2405-4f26-a14b-698592ed1507
GUL1231,Gulaal Holi,14/03/2026,7:00 pm,Richard,Thomas,richard.thomas69@example.com,2016555786,13/07/2026 04:07 pm,Online,Paid,2,0,$50.00,$0.00,$0.00,$0.00,$2.00,$0.00,$0.00,$0.00,$52.00,$0.00,$0.00,$0.00,$0.00,$50.00,$50.00,$0.00,,,,$0.00,$0.00,$0.00,$0.00,Stripe,No,,Completed,Online,2,f2700781-85d2-40fb-ad42-0c0faa5ed7c1
GUL1232,Gulaal Holi,14/03/2026,7:00 pm,Brian,Gordon,brian.gordon91@example.com,5751247640,25/07/2026 10:53 pm,Online,Paid,2,0,$50.00,$0.00,$0.00,$0.00,$2.00,$0.00,$0.00,$0.00,$52.00,$0.00,$0.00,$0.00,$0.00,$50.00,$50.00,$0.00,,,,$0.00,$0.00,$0.00,$0.00,Stripe,Yes,,Completed,Online,2,856188e7-566b-4b3a-b247-fae286161c8e
GUL1233,Gulaal Holi,14/03/2026,7:00 pm,Carrie,Wolf,carrie.wolf37@example.com,8240516654,10/08/2026 02:20 am,Manual,Paid,3,0,$75.00,$0.00,$0.00,$0.00,$3.00,$0.00,$0.00,$0.00,$78.00,$0.00,$0.00,$0.00,$0.00,$75.00,$75.00,$0.00,,,,$0.00,$0.00,$0.00,$0.00,Stripe,No,,Completed,Manual,3,dc902b7a-41b6-4add-a44b-4ef12cd4ff6e
GUL1234,Gulaal Holi,14/03/2026,7:00 pm,Barbara,Jones,barbara.jones8@example.com,8997402338,22/07/2026 04:59 am,Online,Paid,3,0,$75.00,$0.00,$0.00,$0.00,$3.00,$0.00,$0.00,$0.00,$78.00,$0.00,$0.00,$0.00,$0.00,$75.00,$75.00,$0.00,,,,$0.00,$0.00,$0.00,$0.00,Stripe,No,,Completed,Online,3,3bbedece-c689-4b88-8337-0bc204595ccb
GUL1235,Gulaal Holi,14/03/2026,7:00 pm,Angel,Henson,angel.henson17@example.com,0170363094,12/08/2026 12:46 am,Online,Paid,1,0,$25.00,$0.00,$0.00,$0.00,$1.00,$0.00,$0.00,$0.00,$26.00,$0.00,$0.00,$0.00,$0.00,$25.00,$25.00,$0.00,,,,$0.00,$0.00,$0.00,$0.00,Stripe,No,,Completed,Online,1,0f8e2c42-6945-449d-a49a-d87c833ff31e
GUL1236,Gulaal Holi,14/03/2026,7:00 pm,Christina,Gonzalez,christina.gonzalez67@example.com,0898309413,17/07/2026 04:04 am,Manual,Paid,3,0,$75.00,$0.00,$0.00,$0.00,$3.00,$0.00,$0.00,$0.00,$78.00,$0.00,$0.00,$0.00,$0.00,$75.00,$75.00,$0.00,,,,$0.00,$0.00,$0.00,$0.00,Stripe,No,,Completed,Manual,3,a3520153-6eea-450d-8529-1309957946e4
GUL1237,Gulaal Holi,14/03/2026,7:00 pm,Kevin,Ortiz,kevin.ortiz6@example.com,9797245284,12/07/2026 11:47 pm,Online,Paid,2,0,$50.00,$0.00,$0.00,$0.00,$2.00,$0.00,$0.00,$0.00,$52.00,$0.00,$0.00,$0.00,$0.00,$50.00,$50.00,$0.00,,,,$0.00,$0.00,$0.00,$0.00,Stripe,No,,Completed,Online,2,86d10303-4532-4fbb-9c01-2c2363a54599
GUL1238,Gulaal Holi,14/03/2026,7:00 pm,Kevin,Ferguson,kevin.ferguson54@example.com,0735674809,10/07/2026 10:09 pm,Online,Paid,3,0,$75.00,$0.00,$0.00,$0.00,$3.00,$0.00,$0.00,$0.00,$78.00,$0.00,$0.00,$0.00,$0.00,$75.00,$75.00,$0.00,,,,$0.00,$0.00,$0.00,$0.00,Stripe,Yes,,Completed,Online,3,04d299f8-ad44-44f8-804f-9c8692b290a6
GUL1239,Gulaal Holi,14/03/2026,7:00 pm,John,Charles,john.charles69@example.com,2602944203,14/08/2026 01:14 am,Manual,Paid,1,0,$25.00,$0.00,$0.00,$0.00,$1.00,$0.00,$0.00,$0.00,$26.00,$0.00,$0.00,$0.00,$0.00,$25.00,$25.00,$0.00,,,,$0.00,$0.00,$0.00,$0.00,Stripe,Yes,,Completed,Manual,1,23d146a9-c340-486f-b996-cbae99b80c76
GUL1240,Gulaal Holi,14/03/2026,7:00 pm,Jacob,Reid,jacob.reid81@example.com,9073420319,23/07/2026 08:40 am,Online,Paid,1,0,$25.00,$0.00,$0.00,$0.00,$1.00,$0.00,$0.00,$0.00,$26.00,$0.00,$0.00,$0.00,$0.00,$25.00,$25.00,$0.00,,,,$0.00,$0.00,$0.00,$0.00,Stripe,Yes,,Completed,Online,1,75d4a3be-6fd1-4b5e-8857-d8024923d0c9
GUL1241,Gulaal Holi,14/03/2026,7:00 pm,Mark,Cruz,mark.cruz70@example.com,1418648230,24/07/2026 01:10 pm,Online,Paid,1,0,$25.00,$0.00,$0.00,$0.00,$1.00,$0.00,$0.00,$0.00,$26.00,$0.00,$0.00,$0.00,$0.00,$25.00,$25.00,$0.00,,,,$0.00,$0.00,$0.00,$0.00,Stripe,No,,Completed,Online,1,c965afa7-51eb-4526-9b3b-50fbd6cf3239
GUL1242,Gulaal Holi,14/03/2026,7:00 pm,Jason,Salinas,jason.salinas8@example.com,8419623326,04/08/2026 10:09 am,Online,Paid,1,0,$25.00,$0.00,$0.00,$0.00,$1.00,$0.00,$0.00,$0.00,$26.00,$0.00,$0.00,$0.00,$0.00,$25.00,$25.00,$0.00,,,,$0.00,$0.00,$0.00,$0.00,Stripe,Yes,,Completed,Online,1,c1b9f9a5-9f69-45d2-b768-0e3d60724952
GUL1243,Gulaal Holi,14/03/2026,7:00 pm,Juan,Ryan,juan.ryan66@example.com,6748317306,21/07/2026 07:50 am,Online,Paid,1,0,$25.00,$0.00,$0.00,$0.00,$1.00,$0.00,$0.00,$0.00,$26.00,$0.00,$0.00,$0.00,$0.00,$25.00,$25.00,$0.00,,,,$0.00,$0.00,$0.00,$0.00,Stripe,Yes,,Completed,Online,1,a469f111-f773-44cd-a83e-78b136b0e09f
GUL1244,Gulaal Holi,14/03/2026,7:00 pm,Jesse,Reed,jesse.reed86@example.com,5181788242,15/08/2026 02:01 am,Online,Paid,1,0,$25.00,$0.00,$0.00,$0.00,$1.00,$0.00,$0.00,$0.00,$26.00,$0.00,$0.00,$0.00,$0.00,$25.00,$25.00,$0.00,,,,$0.00,$0.00,$0.00,$0.00,Stripe,No,,Completed,Online,1,9f739794-6a10-471e-8ffa-0ddf90290dbe
GUL1245,Gulaal Holi,14/03/2026,7:00 pm,Ronald,Norris,ronald.norris49@example.com,6232723717,31/07/2026 07:27 pm,Online,Paid,3,0,$75.00,$0.00,$0.00,$0.00,$3.00,$0.00,$0.00,$0.00,$78.00,$0.00,$0.00,$0.00,$0.00,$75.00,$75.00,$0.00,,,,$0.00,$0.00,$0.00,$0.00,Stripe,Yes,,Completed,Online,3,e2477f64-26c8-4d99-bb0e-e50106e7d333
GUL1246,Gulaal Holi,14/03/2026,7:00 pm,Natalie,Woods,natalie.woods86@example.com,9006548708,17/07/2026 02:06 am,Manual,Paid,1,0,$25.00,$0.00,$0.00,$0.00,$1.00,$0.00,$0.00,$0.00,$26.00,$0.00,$0.00,$0.00,$0.00,$25.00,$25.00,$0.00,,,,$0.00,$0.00,$0.00,$0.00,Stripe,No,,Completed,Manual,1,426df154-b409-4d74-92ad-8e9194b77fa7
GUL1247,Gulaal Holi,14/03/2026,7:00 pm,Daniel,Gordon,daniel.gordon40@example.com,6755398188,13/07/2026 03:53 am,Manual,Paid,1,0,$25.00,$0.00,$0.00,$0.00,$1.00,$0.00,$0.00,$0.00,$26.00,$0.00,$0.00,$0.00,$0.00,$25.00,$25.00,$0.00,,,,$0.00,$0.00,$0.00,$0.00,Stripe,Yes,,Completed,Manual,1,83a1d8c4-7678-45f4-b5cb-2430bfbafd0e
GUL1248,Gulaal Holi,14/03/2026,7:00 pm,Charles,Soto,charles.soto52@example.com,5790894589,12/07/2026 11:52 pm,Online,Paid,3,0,$75.00,$0.00,$0.00,$0.00,$3.00,$0.00,$0.00,$0.00,$78.00,$0.00,$0.00,$0.00,$0.00,$75.00,$75.00,$0.00,,,,$0.00,$0.00,$0.00,$0.00,Stripe,No,,Completed,Online,3,816a47ad-35c8-4998-8cc8-1670d3a779d3
GUL1249,Gulaal Holi,14/03/2026,7:00 pm,Troy,Khan,troy.khan78@example.com,6380207612,20/07/2026 04:31 pm,Online,Paid,2,0,$50.00,$0.00,$0.00,$0.00,$2.00,$0.00,$0.00,$0.00,$52.00,$0.00,$0.00,$0.00,$0.00,$50.00,$50.00,$0.00,,,,$0.00,$0.00,$0.00,$0.00,Stripe,No,,Completed,Online,2,1d50f098-2e2f-4252-9bd8-a01dae66f964
GUL1250,Gulaal Holi,14/03/2026,7:00 pm,Shelly,Powers,shelly.powers97@example.com,5188129886,15/08/2026 09:35 pm,Online,Paid,1,0,$25.00,$0.00,$0.00,$0.00,$1.00,$0.00,$0.00,$0.00,$26.00,$0.00,$0.00,$0.00,$0.00,$25.00,$25.00,$0.00,,,,$0.00,$0.00,$0.00,$0.00,Stripe,No,,Completed,Online,1,a61b6d5d-06cc-4bba-8ef4-b59bd0c34115
GUL1251,Gulaal Holi,14/03/2026,7:00 pm,Loretta,Potter,loretta.potter15@example.com,6690107923,11/08/2026 04:22 pm,Online,Paid,3,0,$75.00,$0.00,$0.00,$0.00,$3.00,$0.00,$0.00,$0.00,$78.00,$0.00,$0.00,$0.00,$0.00,$75.00,$75.00,$0.00,,,,$0.00,$0.00,$0.00,$0.00,Stripe,No,,Completed,Online,3,8da3b59e-633b-45fd-a4db-c6d18e09cb50
GUL1252,Gulaal Holi,14/03/2026,7:00 pm,Victoria,Rowe,victoria.rowe32@example.com,3486497035,03/08/2026 01:40 am,Online,Paid,2,0,$50.00,$0.00,$0.00,$0.00,$2.00,$0.00,$0.00,$0.00,$52.00,$0.00,$0.00,$0.00,$0.00,$50.00,$50.00,$0.00,,,,$0.00,$0.00,$0.00,$0.00,Stripe,No,,Completed,Online,2,9d3b2012-82d3-466f-b5d2-65de53f17e12
GUL1253,Gulaal Holi,14/03/2026,7:00 pm,Spencer,Henderson,spencer.henderson29@example.com,3557077312,26/07/2026 01:05 pm,Online,Paid,2,0,$50.00,$0.00,$0.00,$0.00,$2.00,$0.00,$0.00,$0.00,$52.00,$0.00,$0.00,$0.00,$0.00,$50.00,$50.00,$0.00,,,,$0.00,$0.00,$0.00,$0.00,Stripe,No,,Completed,Online,2,0aeeeac9-a1d2-4c0f-971b-8409544b0325
GUL1254,Gulaal Holi,14/03/2026,7:00 pm,Anthony,Gonzalez,anthony.gonzalez29@example.com,7052187993,05/08/2026 11:33 pm,Online,Paid,1,0,$25.00,$0.00,$0.00,$0.00,$1.00,$0.00,$0.00,$0.00,$26.00,$0.00,$0.00,$0.00,$0.00,$25.00,$25.00,$0.00,,,,$0.00,$0.00,$0.00,$0.00,Stripe,Yes,,Completed,Online,1,5e1df2e2-4fa9-47fc-8b72-46e2436eaced
GUL1255,Gulaal Holi,14/03/2026,7:00 pm,Monique,Andrews,monique.andrews22@example.com,1141470123,17/08/2026 04:49 pm,Online,Paid,1,0,$25.00,$0.00,$0.00,$0.00,$1.00,$0.00,$0.00,$0.00,$26.00,$0.00,$0.00,$0.00,$0.00,$25.00,$25.00,$0.00,,,,$0.00,$0.00,$0.00,$0.00,Stripe,No,,Completed,Online,1,71a7fdb6-fd90-4bcb-8927-2f04668d7b72
GUL1256,Gulaal Holi,14/03/2026,7:00 pm,Anne,Robinson,anne.robinson66@example.com,8910977978,14/07/2026 08:21 pm,Online,Paid,3,0,$75.00,$0.00,$0.00,$0.00,$3.00,$0.00,$0.00,$0.00,$78.00,$0.00,$0.00,$0.00,$0.00,$75.00,$75.00,$0.00,,,,$0.00,$0.00,$0.00,$0.00,Stripe,Yes,,Completed,Online,3,cde66117-4d74-4fac-b938-c93ca38905fd
GUL1257,Gulaal Holi,14/03/2026,7:00 pm,Allison,Luna,allison.luna62@example.com,5684467940,09/08/2026 05:59 pm,Online,Paid,3,0,$75.00,$0.00,$0.00,$0.00,$3.00,$0.00,$0.00,$0.00,$78.00,$0.00,$0.00,$0.00,$0.00,$75.00,$75.00,$0.00,,,,$0.00,$0.00,$0.00,$0.00,Stripe,No,,Completed,Online,3,058ac91f-d07c-4ff2-8c54-6b59f42ad9b5
GUL1258,Gulaal Holi,14/03/2026,7:00 pm,Amanda,Collins,amanda.collins90@example.com,2957378315,12/07/2026 11:57 pm,Online,Paid,2,0,$50.00,$0.00,$0.00,$0.00,$2.00,$0.00,$0.00,$0.00,$52.00,$0.00,$0.00,$0.00,$0.00,$50.00,$50.00,$0.00,,,,$0.00,$0.00,$0.00,$0.00,Stripe,Yes,,Completed,Online,2,2900b3a7-eac0-4858-b4d7-d74873f833d3
GUL1259,Gulaal Holi,14/03/2026,7:00 pm,Amber,Vance,amber.vance80@example.com,7318683029,02/08/2026 08:44 pm,Manual,Paid,3,0,$75.00,$0.00,$0.00,$0.00,$3.00,$0.00,$0.00,$0.00,$78.00,$0.00,$0.00,$0.00,$0.00,$75.00,$75.00,$0.00,,,,$0.00,$0.00,$0.00,$0.00,Stripe,No,,Completed,Manual,3,a9718b56-b489-493e-abf8-e6485e482c02
GUL1260,Gulaal Holi,14/03/2026,7:00 pm,Brittany,Gardner,brittany.gardner61@example.com,3324165185,22/07/2026 06:38 am,Online,Paid,2,0,$50.00,$0.00,$0.00,$0.00,$2.00,$0.00,$0.00,$0.00,$52.00,$0.00,$0.00,$0.00,$0.00,$50.00,$50.00,$0.00,,,,$0.00,$0.00,$0.00,$0.00,Stripe,No,,Completed,Online,2,6399839f-cc0e-4c1b-aecf-f11d954498b4
GUL1261,Gulaal Holi,14/03/2026,7:00 pm,Jacob,Terry,jacob.terry13@example.com,3446746215,11/07/2026 08:14 am,Online,Paid,1,0,$25.00,$0.00,$0.00,$0.00,$1.00,$0.00,$0.00,$0.00,$26.00,$0.00,$0.00,$0.00,$0.00,$25.00,$25.00,$0.00,,,,$0.00,$0.00,$0.00,$0.00,Stripe,No,,Completed,Online,1,ebec8b0a-1513-464b-a67a-2cc7488f39a6
GUL1262,Gulaal Holi,14/03/2026,7:00 pm,Maria,Potter,maria.potter35@example.com,9161705022,03/08/2026 08:47 pm,Online,Paid,1,0,$25.00,$0.00,$0.00,$0.00,$1.00,$0.00,$0.00,$0.00,$26.00,$0.00,$0.00,$0.00,$0.00,$25.00,$25.00,$0.00,,,,$0.00,$0.00,$0.00,$0.00,Stripe,No,,Completed,Online,1,1261d4df-8d43-430e-9085-f5b7678c9f93
GUL1263,Gulaal Holi,14/03/2026,7:00 pm,Omar,Smith,omar.smith84@example.com,1344760948,04/08/2026 02:01 pm,Online,Paid,1,0,$25.00,$0.00,$0.00,$0.00,$1.00,$0.00,$0.00,$0.00,$26.00,$0.00,$0.00,$0.00,$0.00,$25.00,$25.00,$0.00,,,,$0.00,$0.00,$0.00,$0.00,Stripe,No,,Completed,Online,1,ff08862c-bc66-4391-869c-d30949ad5cbb
GUL1264,Gulaal Holi,14/03/2026,7:00 pm,Jessica,Garcia,jessica.garcia87@example.com,8643302650,15/07/2026 10:03 am,Online,Paid,1,0,$25.00,$0.00,$0.00,$0.00,$1.00,$0.00,$0.00,$0.00,$26.00,$0.00,$0.00,$0.00,$0.00,$25.00,$25.00,$0.00,,,,$0.00,$0.00,$0.00,$0.00,Stripe,No,,Completed,Online,1,1dd7dcee-2fea-44d8-91b5-20ecb50334d2
GUL1265,Gulaal Holi,14/03/2026,7:00 pm,Sandra,Jones,sandra.jones23@example.com,6677196666,01/08/2026 03:56 am,Online,Paid,1,0,$25.00,$0.00,$0.00,$0.00,$1.00,$0.00,$0.00,$0.00,$26.00,$0.00,$0.00,$0.00,$0.00,$25.00,$25.00,$0.00,,,,$0.00,$0.00,$0.00,$0.00,Stripe,No,,Completed,Online,1,64e76da1-bf21-4991-903e-19e9ff546b60
GUL1266,Gulaal Holi,14/03/2026,7:00 pm,Veronica,Garcia,veronica.garcia91@example.com,2022234998,15/08/2026 02:30 am,Online,Paid,1,0,$25.00,$0.00,$0.00,$0.00,$1.00,$0.00,$0.00,$0.00,$26.00,$0.00,$0.00,$0.00,$0.00,$25.00,$25.00,$0.00,,,,$0.00,$0.00,$0.00,$0.00,Stripe,Yes,,Completed,Online,1,6c626aa7-f8d1-4ae8-b00e-4b6db9a693ef
GUL1267,Gulaal Holi,14/03/2026,7:00 pm,Michael,Cook,michael.cook87@example.com,7590177915,01/08/2026 12:06 am,Online,Paid,1,0,$25.00,$0.00,$0.00,$0.00,$1.00,$0.00,$0.00,$0.00,$26.00,$0.00,$0.00,$0.00,$0.00,$25.00,$25.00,$0.00,,,,$0.00,$0.00,$0.00,$0.00,Stripe,Yes,,Completed,Online,1,463ba894-1ecb-435e-a752-aefbd072d994
GUL1268,Gulaal Holi,14/03/2026,7:00 pm,Matthew,Lane,matthew.lane98@example.com,3351746564,21/07/2026 08:46 pm,Online,Paid,1,0,$25.00,$0.00,$0.00,$0.00,$1.00,$0.00,$0.00,$0.00,$26.00,$0.00,$0.00,$0.00,$0.00,$25.00,$25.00,$0.00,,,,$0.00,$0.00,$0.00,$0.00,Stripe,No,,Completed,Online,1,3f0fac32-623c-42d1-8cb1-a2291c2bd267
GUL1269,Gulaal Holi,14/03/2026,7:00 pm,Tina,Herrera,tina.herrera38@example.com,6319956955,29/07/2026 12:05 pm,Online,Paid,1,0,$25.00,$0.00,$0.00,$0.00,$1.00,$0.00,$0.00,$0.00,$26.00,$0.00,$0.00,$0.00,$0.00,$25.00,$25.00,$0.00,,,,$0.00,$0.00,$0.00,$0.00,Stripe,No,,Completed,Online,1,60293a67-704c-48c3-af70-6ace7c685f75
GUL1270,Gulaal Holi,14/03/2026,7:00 pm,Michael,Palmer,michael.palmer85@example.com,1490038502,12/08/2026 02:10 pm,Online,Paid,1,0,$25.00,$0.00,$0.00,$0.00,$1.00,$0.00,$0.00,$0.00,$26.00,$0.00,$0.00,$0.00,$0.00,$25.00,$25.00,$0.00,,,,$0.00,$0.00,$0.00,$0.00,Stripe,No,,Completed,Online,1,35523fa3-fa90-4745-b8d5-6915ba860309
GUL1271,Gulaal Holi,14/03/2026,7:00 pm,Charles,Ware,charles.ware20@example.com,4486722883,11/08/2026 08:19 pm,Online,Paid,1,0,$25.00,$0.00,$0.00,$0.00,$1.00,$0.00,$0.00,$0.00,$26.00,$0.00,$0.00,$0.00,$0.00,$25.00,$25.00,$0.00,,,,$0.00,$0.00,$0.00,$0.00,Stripe,Yes,,Completed,Online,1,f4ea6d5d-3dbf-4e1c-8149-88c87804b7be
GUL1272,Gulaal Holi,14/03/2026,7:00 pm,Bradley,Gonzalez,bradley.gonzalez28@example.com,5461574932,19/07/2026 12:17 pm,Manual,Paid,4,0,$100.00,$0.00,$0.00,$0.00,$4.00,$0.00,$0.00,$0.00,$104.00,$0.00,$0.00,$0.00,$0.00,$100.00,$100.00,$0.00,,,,$0.00,$0.00,$0.00,$0.00,Stripe,No,,Completed,Manual,4,969ec677-c81b-4f7d-b259-c52842be2d2d
GUL1273,Gulaal Holi,14/03/2026,7:00 pm,Michelle,Wright,michelle.wright65@example.com,9531204095,28/07/2026 06:29 am,Online,Paid,1,0,$25.00,$0.00,$0.00,$0.00,$1.00,$0.00,$0.00,$0.00,$26.00,$0.00,$0.00,$0.00,$0.00,$25.00,$25.00,$0.00,,,,$0.00,$0.00,$0.00,$0.00,Stripe,No,,Completed,Online,1,6cc7f157-6f79-4fc6-a68f-c9077edc2ce1
GUL1274,Gulaal Holi,14/03/2026,7:00 pm,Adam,Ortiz,adam.ortiz33@example.com,0858001873,14/07/2026 02:30 am,Manual,Paid,1,0,$25.00,$0.00,$0.00,$0.00,$1.00,$0.00,$0.00,$0.00,$26.00,$0.00,$0.00,$0.00,$0.00,$25.00,$25.00,$0.00,,,,$0.00,$0.00,$0.00,$0.00,Stripe,No,,Completed,Manual,1,1793d050-5317-4e89-9595-310695116c5f
GUL1275,Gulaal Holi,14/03/2026,7:00 pm,Cynthia,Kelley,cynthia.kelley99@example.com,3678621078,16/08/2026 12:04 am,Online,Paid,1,0,$25.00,$0.00,$0.00,$0.00,$1.00,$0.00,$0.00,$0.00,$26.00,$0.00,$0.00,$0.00,$0.00,$25.00,$25.00,$0.00,,,,$0.00,$0.00,$0.00,$0.00,Stripe,No,,Completed,Online,1,abe01571-9d79-479e-8b9b-39e418e9d1fd
GUL1276,Gulaal Holi,14/03/2026,7:00 pm,Jonathan,Fletcher,jonathan.fletcher65@example.com,6425706802,26/07/2026 05:15 am,Online,Paid,1,0,$25.00,$0.00,$0.00,$0.00,$1.00,$0.00,$0.00,$0.00,$26.00,$0.00,$0.00,$0.00,$0.00,$25.00,$25.00,$0.00,,,,$0.00,$0.00,$0.00,$0.00,Stripe,Yes,,Completed,Online,1,b8b34edc-cf02-4db8-acab-e1e93e906a8c
GUL1277,Gulaal Holi,14/03/2026,7:00 pm,Jessica,Nunez,jessica.nunez88@example.com,2306002302,13/07/2026 05:17 am,Online,Refunded,0,4,$0.00,$0.00,$0.00,$0.00,$0.00,$0.00,$0.00,$0.00,$0.00,$0.00,$0.00,$0.00,$0.00,$0.00,$0.00,$0.00,,,,$0.00,$0.00,$0.00,$0.00,Stripe,Yes,,Completed,Online,4,f13fe00d-b0fe-40f9-a5a3-e252fa1002b7
GUL1278,Gulaal Holi,14/03/2026,7:00 pm,Jessica,Miller,jessica.miller75@example.com,5224114206,23/07/2026 11:30 am,Online,Paid,3,0,$75.00,$0.00,$0.00,$0.00,$3.00,$0.00,$0.00,$0.00,$78.00,$0.00,$0.00,$0.00,$0.00,$75.00,$75.00,$0.00,,,,$0.00,$0.00,$0.00,$0.00,Stripe,No,,Completed,Online,3,418f69ac-134c-4e86-90a6-45681a648d30
GUL1279,Gulaal Holi,14/03/2026,7:00 pm,Shannon,Perez,shannon.perez69@example.com,0166338222,22/07/2026 09:06 pm,Online,Paid,2,0,$50.00,$0.00,$0.00,$0.00,$2.00,$0.00,$0.00,$0.00,$52.00,$0.00,$0.00,$0.00,$0.00,$50.00,$50.00,$0.00,,,,$0.00,$0.00,$0.00,$0.00,Stripe,No,,Completed,Online,2,3b6b6054-51cb-4ee7-bdc0-30040810da56
GUL1280,Gulaal Holi,14/03/2026,7:00 pm,Shelly,Powers,shelly.powers97@example.com,2205620190,13/08/2026 07:15 am,Online,Paid,2,0,$50.00,$0.00,$0.00,$0.00,$2.00,$0.00,$0.00,$0.00,$52.00,$0.00,$0.00,$0.00,$0.00,$50.00,$50.00,$0.00,,,,$0.00,$0.00,$0.00,$0.00,Stripe,No,,Completed,Online,2,3585ffbf-4e86-4d9c-88c0-5a8b418aeb2e
GUL1281,Gulaal Holi,14/03/2026,7:00 pm,Brian,Gutierrez,brian.gutierrez32@example.com,3325286132,19/07/2026 03:07 am,Online,Paid,1,0,$25.00,$0.00,$0.00,$0.00,$1.00,$0.00,$0.00,$0.00,$26.00,$0.00,$0.00,$0.00,$0.00,$25.00,$25.00,$0.00,,,,$0.00,$0.00,$0.00,$0.00,Stripe,Yes,,Completed,Online,1,696682a8-dc23-4ca9-9518-6ad455e5a023
GUL1282,Gulaal Holi,14/03/2026,7:00 pm,Cameron,Hill,cameron.hill9@example.com,2342864497,05/08/2026 09:36 pm,Online,Paid,1,0,$25.00,$0.00,$0.00,$0.00,$1.00,$0.00,$0.00,$0.00,$26.00,$0.00,$0.00,$0.00,$0.00,$25.00,$25.00,$0.00,,,,$0.00,$0.00,$0.00,$0.00,Stripe,No,,Completed,Online,1,6e17a778-8312-4afa-956a-135143826ccb
GUL1283,Gulaal Holi,14/03/2026,7:00 pm,Anna,Faulkner,anna.faulkner62@example.com,2095367734,27/07/2026 03:43 am,Online,Paid,1,0,$25.00,$0.00,$0.00,$0.00,$1.00,$0.00,$0.00,$0.00,$26.00,$0.00,$0.00,$0.00,$0.00,$25.00,$25.00,$0.00,,,,$0.00,$0.00,$0.00,$0.00,Stripe,No,,Completed,Online,1,d4939e89-78ce-49d0-9f30-47fb2d669be9
GUL1284,Gulaal Holi,14/03/2026,7:00 pm,Nicholas,Webster,nicholas.webster2@example.com,1526655914,19/07/2026 11:00 am,Online,Paid,1,0,$25.00,$0.00,$0.00,$0.00,$1.00,$0.00,$0.00,$0.00,$26.00,$0.00,$0.00,$0.00,$0.00,$25.00,$25.00,$0.00,,,,$0.00,$0.00,$0.00,$0.00,Stripe,Yes,,Completed,Online,1,df5181bc-3f0c-4f7d-899b-d7825ea6c0a0
GUL1285,Gulaal Holi,14/03/2026,7:00 pm,Jennifer,Ortiz,jennifer.ortiz37@example.com,9664147533,04/08/2026 08:27 am,Online,Paid,3,0,$75.00,$0.00,$0.00,$0.00,$3.00,$0.00,$0.00,$0.00,$78.00,$0.00,$0.00,$0.00,$0.00,$75.00,$75.00,$0.00,,,,$0.00,$0.00,$0.00,$0.00,Stripe,No,,Completed,Online,3,71083466-e0ce-44a8-89dd-fe2128c4de0d
GUL1286,Gulaal Holi,14/03/2026,7:00 pm,Michael,Farmer,michael.farmer15@example.com,6653538962,09/08/2026 05:30 pm,Online,Paid,2,0,$50.00,$0.00,$0.00,$0.00,$2.00,$0.00,$0.00,$0.00,$52.00,$0.00,$0.00,$0.00,$0.00,$50.00,$50.00,$0.00,,,,$0.00,$0.00,$0.00,$0.00,Stripe,No,,Completed,Online,2,4a2597ae-2772-4577-bff5-9f4ebf78d7c8
GUL1287,Gulaal Holi,14/03/2026,7:00 pm,Jeffrey,Lawrence,jeffrey.lawrence95@example.com,7924157127,18/07/2026 07:23 am,Online,Paid,2,0,$50.00,$0.00,$0.00,$0.00,$2.00,$0.00,$0.00,$0.00,$52.00,$0.00,$0.00,$0.00,$0.00,$50.00,$50.00,$0.00,,,,$0.00,$0.00,$0.00,$0.00,Stripe,Yes,,Completed,Online,2,457df923-52f0-44c3-b97f-bfd4ee647303
GUL1288,Gulaal Holi,14/03/2026,7:00 pm,Carrie,Russo,carrie.russo15@example.com,6858639061,18/07/2026 04:42 pm,Manual,Paid,2,0,$50.00,$0.00,$0.00,$0.00,$2.00,$0.00,$0.00,$0.00,$52.00,$0.00,$0.00,$0.00,$0.00,$50.00,$50.00,$0.00,,,,$0.00,$0.00,$0.00,$0.00,Stripe,No,,Completed,Manual,2,9719d16c-786b-4874-90c5-0d154bc8f4c9
GUL1289,Gulaal Holi,14/03/2026,7:00 pm,Jill,Stewart,jill.stewart26@example.com,6153811683,04/08/2026 07:50 am,Online,Paid,1,0,$25.00,$0.00,$0.00,$0.00,$1.00,$0.00,$0.00,$0.00,$26.00,$0.00,$0.00,$0.00,$0.00,$25.00,$25.00,$0.00,,,,$0.00,$0.00,$0.00,$0.00,Stripe,Yes,,Completed,Online,1,ce706e5a-7f42-40cb-85eb-49253eae0a11
GUL1290,Gulaal Holi,14/03/2026,7:00 pm,Katie,Anderson,katie.anderson89@example.com,6072014896,18/07/2026 12:42 pm,Online,Paid,1,0,$25.00,$0.00,$0.00,$0.00,$1.00,$0.00,$0.00,$0.00,$26.00,$0.00,$0.00,$0.00,$0.00,$25.00,$25.00,$0.00,,,,$0.00,$0.00,$0.00,$0.00,Stripe,No,,Completed,Online,1,62f80d94-23d2-4968-a56f-d1128e518e43
GUL1291,Gulaal Holi,14/03/2026,7:00 pm,Melissa,Prince,melissa.prince53@example.com,1214639476,07/08/2026 10:53 pm,Online,Paid,2,0,$50.00,$0.00,$0.00,$0.00,$2.00,$0.00,$0.00,$0.00,$52.00,$0.00,$0.00,$0.00,$0.00,$50.00,$50.00,$0.00,,,,$0.00,$0.00,$0.00,$0.00,Stripe,Yes,,Completed,Online,2,9401cf76-bfa8-46b5-a4e7-00efd69cb471
GUL1292,Gulaal Holi,14/03/2026,7:00 pm,Rodney,Owens,rodney.owens90@example.com,6456339172,18/08/2026 01:51 am,Manual,Paid,2,0,$50.00,$0.00,$0.00,$0.00,$2.00,$0.00,$0.00,$0.00,$52.00,$0.00,$0.00,$0.00,$0.00,$50.00,$50.00,$0.00,,,,$0.00,$0.00,$0.00,$0.00,Stripe,No,,Completed,Manual,2,d216bc34-6539-41f8-b719-6a5002e7b683
GUL1293,Gulaal Holi,14/03/2026,7:00 pm,Alex,Green,alex.green64@example.com,1266497196,01/08/2026 05:49 pm,Online,Paid,1,0,$25.00,$0.00,$0.00,$0.00,$1.00,$0.00,$0.00,$0.00,$26.00,$0.00,$0.00,$0.00,$0.00,$25.00,$25.00,$0.00,,,,$0.00,$0.00,$0.00,$0.00,Stripe,Yes,,Completed,Online,1,3964ef48-8cfa-4ea8-a395-f2fcae92d5ea
GUL1294,Gulaal Holi,14/03/2026,7:00 pm,Wesley,Farrell,wesley.farrell41@example.com,9101612590,18/07/2026 10:16 pm,Online,Paid,2,0,$50.00,$0.00,$0.00,$0.00,$2.00,$0.00,$0.00,$0.00,$52.00,$0.00,$0.00,$0.00,$0.00,$50.00,$50.00,$0.00,,,,$0.00,$0.00,$0.00,$0.00,Stripe,Yes,,Completed,Online,2,bb3bd320-45a8-49ac-9a04-8d5b9153e6a0
GUL1295,Gulaal Holi,14/03/2026,7:00 pm,Kimberly,Palmer,kimberly.palmer45@example.com,3334437673,02/08/2026 05:28 am,Manual,Paid,1,0,$25.00,$0.00,$0.00,$0.00,$1.00,$0.00,$0.00,$0.00,$26.00,$0.00,$0.00,$0.00,$0.00,$25.00,$25.00,$0.00,,,,$0.00,$0.00,$0.00,$0.00,Stripe,Yes,,Completed,Manual,1,9037d21c-d355-4455-8bab-d139480ce69d
GUL1296,Gulaal Holi,14/03/2026,7:00 pm,Casey,Welch,casey.welch2@example.com,1016793014,31/07/2026 04:23 pm,Online,Paid,1,0,$25.00,$0.00,$0.00,$0.00,$1.00,$0.00,$0.00,$0.00,$26.00,$0.00,$0.00,$0.00,$0.00,$25.00,$25.00,$0.00,,,,$0.00,$0.00,$0.00,$0.00,Stripe,No,,Completed,Online,1,486dd2df-f9ae-4b43-82ab-02c366845490
GUL1297,Gulaal Holi,14/03/2026,7:00 pm,Alexandra,Logan,alexandra.logan57@example.com,0042028866,01/08/2026 11:08 pm,Online,Paid,1,0,$25.00,$0.00,$0.00,$0.00,$1.00,$0.00,$0.00,$0.00,$26.00,$0.00,$0.00,$0.00,$0.00,$25.00,$25.00,$0.00,,,,$0.00,$0.00,$0.00,$0.00,Stripe,No,,Completed,Online,1,f6fe34c8-bf7c-4122-8871-66e1ffcef759
GUL1298,Gulaal Holi,14/03/2026,7:00 pm,Scott,Mills,scott.mills97@example.com,3421348548,13/07/2026 05:32 am,Online,Paid,3,0,$75.00,$0.00,$0.00,$0.00,$3.00,$0.00,$0.00,$0.00,$78.00,$0.00,$0.00,$0.00,$0.00,$75.00,$75.00,$0.00,,,,$0.00,$0.00,$0.00,$0.00,Stripe,Yes,,Completed,Online,3,131eb238-328e-4a64-91ba-772535a3bfe3
GUL1299,Gulaal Holi,14/03/2026,7:00 pm,Kimberly,Johnson,kimberly.johnson96@example.com,9179138601,27/07/2026 12:02 am,Online,Paid,2,0,$50.00,$0.00,$0.00,$0.00,$2.00,$0.00,$0.00,$0.00,$52.00,$0.00,$0.00,$0.00,$0.00,$50.00,$50.00,$0.00,,,,$0.00,$0.00,$0.00,$0.00,Stripe,No,,Completed,Online,2,161efdf6-e23e-42f0-b3af-11a9daef3802
GUL1300,Gulaal Holi,14/03/2026,7:00 pm,Vicki,Mendoza,vicki.mendoza12@example.com,3219402470,10/08/2026 05:55 am,Online,Paid,2,0,$50.00,$0.00,$0.00,$0.00,$2.00,$0.00,$0.00,$0.00,$52.00,$0.00,$0.00,$0.00,$0.00,$50.00,$50.00,$0.00,,,,$0.00,$0.00,$0.00,$0.00,Stripe,No,,Completed,Online,2,4a116962-1698-475d-a7bb-7caacd91afe3
GUL1301,Gulaal Holi,14/03/2026,7:00 pm,Kathleen,Harris,kathleen.harris85@example.com,8745271936,13/07/2026 11:56 pm,Online,Paid,1,0,$25.00,$0.00,$0.00,$0.00,$1.00,$0.00,$0.00,$0.00,$26.00,$0.00,$0.00,$0.00,$0.00,$25.00,$25.00,$0.00,,,,$0.00,$0.00,$0.00,$0.00,Stripe,Yes,,Completed,Online,1,dc352b5a-4b68-4c40-a16c-ab197da8f7d7
GUL1302,Gulaal Holi,14/03/2026,7:00 pm,Elizabeth,Robinson,elizabeth.robinson75@example.com,3810749161,27/07/2026 03:04 am,Online,Paid,2,0,$50.00,$0.00,$0.00,$0.00,$2.00,$0.00,$0.00,$0.00,$52.00,$0.00,$0.00,$0.00,$0.00,$50.00,$50.00,$0.00,,,,$0.00,$0.00,$0.00,$0.00,Stripe,No,,Completed,Online,2,1e74d80a-26d9-4400-a433-ce4e3fdf77a2
GUL1303,Gulaal Holi,14/03/2026,7:00 pm,Ariel,Hodge,ariel.hodge37@example.com,1315350696,23/07/2026 11:52 pm,Online,Paid,2,0,$50.00,$0.00,$0.00,$0.00,$2.00,$0.00,$0.00,$0.00,$52.00,$0.00,$0.00,$0.00,$0.00,$50.00,$50.00,$0.00,,,,$0.00,$0.00,$0.00,$0.00,Stripe,No,,Completed,Online,2,d06c0d92-40d6-4c8b-8c41-0b8e6811b11a
GUL1304,Gulaal Holi,14/03/2026,7:00 pm,Gregory,Medina,gregory.medina95@example.com,5274102547,23/07/2026 08:09 pm,Manual,Paid,1,0,$25.00,$0.00,$0.00,$0.00,$1.00,$0.00,$0.00,$0.00,$26.00,$0.00,$0.00,$0.00,$0.00,$25.00,$25.00,$0.00,,,,$0.00,$0.00,$0.00,$0.00,Stripe,Yes,,Completed,Manual,1,9d13b149-b46c-45f8-98e2-cca78af52b5e
GUL1305,Gulaal Holi,14/03/2026,7:00 pm,Casey,Hubbard,casey.hubbard86@example.com,6694899300,21/07/2026 04:04 am,Online,Paid,2,0,$50.00,$0.00,$0.00,$0.00,$2.00,$0.00,$0.00,$0.00,$52.00,$0.00,$0.00,$0.00,$0.00,$50.00,$50.00,$0.00,,,,$0.00,$0.00,$0.00,$0.00,Stripe,Yes,,Completed,Online,2,bb00037f-b364-41fd-a0f0-642afd8b6f64
GUL1306,Gulaal Holi,14/03/2026,7:00 pm,Richard,Morgan,richard.morgan10@example.com,5635584227,23/07/2026 04:44 pm,Online,Paid,2,0,$50.00,$0.00,$0.00,$0.00,$2.00,$0.00,$0.00,$0.00,$52.00,$0.00,$0.00,$0.00,$0.00,$50.00,$50.00,$0.00,,,,$0.00,$0.00,$0.00,$0.00,Stripe,No,,Completed,Online,2,c2aafe29-221d-4b4f-a77a-21cf63c4722c
GUL1307,Gulaal Holi,14/03/2026,7:00 pm,Grant,Novak,grant.novak47@example.com,5046070014,04/08/2026 09:24 pm,Online,Paid,2,0,$50.00,$0.00,$0.00,$0.00,$2.00,$0.00,$0.00,$0.00,$52.00,$0.00,$0.00,$0.00,$0.00,$50.00,$50.00,$0.00,,,,$0.00,$0.00,$0.00,$0.00,Stripe,Yes,,Completed,Online,2,60c96560-d183-4f31-bca0-cd72014dd114
GUL1308,Gulaal Holi,14/03/2026,7:00 pm,Oscar,Ferguson,oscar.ferguson73@example.com,2408710066,30/07/2026 06:27 am,Online,Paid,1,0,$25.00,$0.00,$0.00,$0.00,$1.00,$0.00,$0.00,$0.00,$26.00,$0.00,$0.00,$0.00,$0.00,$25.00,$25.00,$0.00,,,,$0.00,$0.00,$0.00,$0.00,Stripe,No,,Completed,Online,1,f8d4b975-fcff-4ed9-859e-141cac1ce3b2
GUL1309,Gulaal Holi,14/03/2026,7:00 pm,Anthony,Williams,anthony.williams70@example.com,7282076238,10/08/2026 06:33 pm,Online,Paid,1,0,$25.00,$0.00,$0.00,$0.00,$1.00,$0.00,$0.00,$0.00,$26.00,$0.00,$0.00,$0.00,$0.00,$25.00,$25.00,$0.00,,,,$0.00,$0.00,$0.00,$0.00,Stripe,Yes,,Completed,Online,1,294d6e96-a8db-4b01-8af1-3eb1dec43905
GUL1310,Gulaal Holi,14/03/2026,7:00 pm,Peter,Gamble,peter.gamble59@example.com,8222824084,15/07/2026 08:51 pm,Online,Paid,1,0,$25.00,$0.00,$0.00,$0.00,$1.00,$0.00,$0.00,$0.00,$26.00,$0.00,$0.00,$0.00,$0.00,$25.00,$25.00,$0.00,,,,$0.00,$0.00,$0.00,$0.00,Stripe,Yes,,Completed,Online,1,fffb0041-5ba0-4fa5-b14e-8bc786a883f2
GUL1311,Gulaal Holi,14/03/2026,7:00 pm,Samuel,Wolfe,samuel.wolfe73@example.com,0041084791,03/08/2026 01:01 am,Online,Refunded,0,1,$0.00,$0.00,$0.00,$0.00,$0.00,$0.00,$0.00,$0.00,$0.00,$0.00,$0.00,$0.00,$0.00,$0.00,$0.00,$0.00,,,,$0.00,$0.00,$0.00,$0.00,Stripe,Yes,,Completed,Online,1,3f0bdbda-ef9e-43f4-9d8e-ddbcb45c25af
GUL1312,Gulaal Holi,14/03/2026,7:00 pm,Jessica,Garcia,jessica.garcia87@example.com,5357228920,23/07/2026 10:37 pm,Online,Paid,1,0,$25.00,$0.00,$0.00,$0.00,$1.00,$0.00,$0.00,$0.00,$26.00,$0.00,$0.00,$0.00,$0.00,$25.00,$25.00,$0.00,,,,$0.00,$0.00,$0.00,$0.00,Stripe,Yes,,Completed,Online,1,aa373383-ef9e-4c5c-b340-e35da3b9fb3d
GUL1313,Gulaal Holi,14/03/2026,7:00 pm,Margaret,Jones,margaret.jones70@example.com,8097830280,24/07/2026 10:11 am,Online,Paid,2,0,$50.00,$0.00,$0.00,$0.00,$2.00,$0.00,$0.00,$0.00,$52.00,$0.00,$0.00,$0.00,$0.00,$50.00,$50.00,$0.00,,,,$0.00,$0.00,$0.00,$0.00,Stripe,No,,Completed,Online,2,e8f7f4ca-49a6-4acc-9f3f-4d911a321483
GUL1314,Gulaal Holi,14/03/2026,7:00 pm,Lisa,Gonzales,lisa.gonzales61@example.com,3419528144,13/08/2026 05:03 am,Online,Paid,2,0,$50.00,$0.00,$0.00,$0.00,$2.00,$0.00,$0.00,$0.00,$52.00,$0.00,$0.00,$0.00,$0.00,$50.00,$50.00,$0.00,,,,$0.00,$0.00,$0.00,$0.00,Stripe,No,,Completed,Online,2,bb966a3d-49af-4037-b442-02f2ccc41ce8
GUL1315,Gulaal Holi,14/03/2026,7:00 pm,David,Colon,david.colon78@example.com,8021889306,13/08/2026 09:02 pm,Online,Paid,2,0,$50.00,$0.00,$0.00,$0.00,$2.00,$0.00,$0.00,$0.00,$52.00,$0.00,$0.00,$0.00,$0.00,$50.00,$50.00,$0.00,,,,$0.00,$0.00,$0.00,$0.00,Stripe,Yes,,Completed,Online,2,a47944b6-8f2a-44c2-a9a8-7616fb3904f0
GUL1316,Gulaal Holi,14/03/2026,7:00 pm,Kathleen,Gray,kathleen.gray1@example.com,3789121397,07/08/2026 02:43 am,Online,Paid,1,0,$25.00,$0.00,$0.00,$0.00,$1.00,$0.00,$0.00,$0.00,$26.00,$0.00,$0.00,$0.00,$0.00,$25.00,$25.00,$0.00,,,,$0.00,$0.00,$0.00,$0.00,Stripe,No,,Completed,Online,1,51a5d268-0384-4427-9361-a97398a494d1
GUL1317,Gulaal Holi,14/03/2026,7:00 pm,Chelsea,Allen,chelsea.allen41@example.com,5759940842,11/08/2026 04:01 am,Online,Paid,3,0,$75.00,$0.00,$0.00,$0.00,$3.00,$0.00,$0.00,$0.00,$78.00,$0.00,$0.00,$0.00,$0.00,$75.00,$75.00,$0.00,,,,$0.00,$0.00,$0.00,$0.00,Stripe,No,,Completed,Online,3,910220ca-6e0f-47b7-b6f9-c71f9a4d5aaf
GUL1318,Gulaal Holi,14/03/2026,7:00 pm,Kelly,Roberts,kelly.roberts56@example.com,5289860610,04/08/2026 06:38 am,Online,Paid,3,0,$75.00,$0.00,$0.00,$0.00,$3.00,$0.00,$0.00,$0.00,$78.00,$0.00,$0.00,$0.00,$0.00,$75.00,$75.00,$0.00,,,,$0.00,$0.00,$0.00,$0.00,Stripe,Yes,,Completed,Online,3,73cd050a-3bc8-4160-bd97-7c5f75aec072
GUL1319,Gulaal Holi,14/03/2026,7:00 pm,Elizabeth,Robinson,elizabeth.robinson75@example.com,7016527613,08/08/2026 09:33 pm,Online,Paid,1,0,$25.00,$0.00,$0.00,$0.00,$1.00,$0.00,$0.00,$0.00,$26.00,$0.00,$0.00,$0.00,$0.00,$25.00,$25.00,$0.00,,,,$0.00,$0.00,$0.00,$0.00,Stripe,No,,Completed,Online,1,8d453180-e61f-42b0-9676-83ab4c80d6c6
GUL1320,Gulaal Holi,14/03/2026,7:00 pm,Todd,Durham,todd.durham40@example.com,3084376992,12/07/2026 04:38 pm,Online,Paid,1,0,$25.00,$0.00,$0.00,$0.00,$1.00,$0.00,$0.00,$0.00,$26.00,$0.00,$0.00,$0.00,$0.00,$25.00,$25.00,$0.00,,,,$0.00,$0.00,$0.00,$0.00,Stripe,No,,Completed,Online,1,c61c79b4-75b7-4c75-8d21-9a3c44f455a3
GUL1321,Gulaal Holi,14/03/2026,7:00 pm,Tracy,Russell,tracy.russell53@example.com,5084232423,12/08/2026 01:35 am,Online,Paid,1,0,$25.00,$0.00,$0.00,$0.00,$1.00,$0.00,$0.00,$0.00,$26.00,$0.00,$0.00,$0.00,$0.00,$25.00,$25.00,$0.00,,,,$0.00,$0.00,$0.00,$0.00,Stripe,Yes,,Completed,Online,1,147bf656-461e-4f44-882b-3c90c44c8117
GUL1322,Gulaal Holi,14/03/2026,7:00 pm,Amanda,Dudley,amanda.dudley5@example.com,4155369158,28/07/2026 03:06 am,Online,Paid,1,0,$25.00,$0.00,$0.00,$0.00,$1.00,$0.00,$0.00,$0.00,$26.00,$0.00,$0.00,$0.00,$0.00,$25.00,$25.00,$0.00,,,,$0.00,$0.00,$0.00,$0.00,Stripe,No,,Completed,Online,1,95bfe0b2-f4e9-40e0-9889-446548234c9a
GUL1323,Gulaal Holi,14/03/2026,7:00 pm,John,Harris,john.harris44@example.com,2796024257,15/08/2026 02:34 pm,Online,Paid,2,0,$50.00,$0.00,$0.00,$0.00,$2.00,$0.00,$0.00,$0.00,$52.00,$0.00,$0.00,$0.00,$0.00,$50.00,$50.00,$0.00,,,,$0.00,$0.00,$0.00,$0.00,Stripe,Yes,,Completed,Online,2,9ede807c-24f7-43a3-a83b-921238bc4ce7
GUL1324,Gulaal Holi,14/03/2026,7:00 pm,Carla,Chambers,carla.chambers36@example.com,5231582863,10/08/2026 09:46 am,Online,Paid,1,0,$25.00,$0.00,$0.00,$0.00,$1.00,$0.00,$0.00,$0.00,$26.00,$0.00,$0.00,$0.00,$0.00,$25.00,$25.00,$0.00,,,,$0.00,$0.00,$0.00,$0.00,Stripe,No,,Completed,Online,1,9ae7e3fd-23cb-46b8-9400-f069e961ca72
GUL1325,Gulaal Holi,14/03/2026,7:00 pm,Malik,Turner,malik.turner6@example.com,9917217429,27/07/2026 09:03 am,Online,Paid,1,0,$25.00,$0.00,$0.00,$0.00,$1.00,$0.00,$0.00,$0.00,$26.00,$0.00,$0.00,$0.00,$0.00,$25.00,$25.00,$0.00,,,,$0.00,$0.00,$0.00,$0.00,Stripe,No,,Completed,Online,1,76c96825-6842-47f5-9646-79a44d523294
GUL1326,Gulaal Holi,14/03/2026,7:00 pm,Lisa,Villarreal,lisa.villarreal76@example.com,1539266937,31/07/2026 12:43 pm,Manual,Paid,1,0,$25.00,$0.00,$0.00,$0.00,$1.00,$0.00,$0.00,$0.00,$26.00,$0.00,$0.00,$0.00,$0.00,$25.00,$25.00,$0.00,,,,$0.00,$0.00,$0.00,$0.00,Stripe,No,,Completed,Manual,1,5ade15d6-d1c4-4375-a04e-c480fc77c405
GUL1327,Gulaal Holi,14/03/2026,7:00 pm,Anna,Faulkner,anna.faulkner62@example.com,1392804850,08/08/2026 05:14 pm,Online,Paid,2,0,$50.00,$0.00,$0.00,$0.00,$2.00,$0.00,$0.00,$0.00,$52.00,$0.00,$0.00,$0.00,$0.00,$50.00,$50.00,$0.00,,,,$0.00,$0.00,$0.00,$0.00,Stripe,No,,Completed,Online,2,95c5181b-abe2-48a8-9860-50e96b012fae
GUL1328,Gulaal Holi,14/03/2026,7:00 pm,Anna,Torres,anna.torres22@example.com,3359379719,12/07/2026 07:26 am,Online,Paid,1,0,$25.00,$0.00,$0.00,$0.00,$1.00,$0.00,$0.00,$0.00,$26.00,$0.00,$0.00,$0.00,$0.00,$25.00,$25.00,$0.00,,,,$0.00,$0.00,$0.00,$0.00,Stripe,Yes,,Completed,Online,1,b56f8994-2f0d-4bce-858c-bf65a5689f3a
GUL1329,Gulaal Holi,14/03/2026,7:00 pm,Ashley,Andrews,ashley.andrews65@example.com,6162256471,02/08/2026 02:20 am,Online,Paid,2,0,$50.00,$0.00,$0.00,$0.00,$2.00,$0.00,$0.00,$0.00,$52.00,$0.00,$0.00,$0.00,$0.00,$50.00,$50.00,$0.00,,,,$0.00,$0.00,$0.00,$0.00,Stripe,No,,Completed,Online,2,00a10bb3-4f21-468d-9986-13d9f8469cb3
GUL1330,Gulaal Holi,14/03/2026,7:00 pm,Jennifer,Sellers,jennifer.sellers15@example.com,3045323167,07/08/2026 06:22 pm,Online,Paid,2,0,$50.00,$0.00,$0.00,$0.00,$2.00,$0.00,$0.00,$0.00,$52.00,$0.00,$0.00,$0.00,$0.00,$50.00,$50.00,$0.00,,,,$0.00,$0.00,$0.00,$0.00,Stripe,No,,Completed,Online,2,4a24e243-6078-4100-94dd-07dc48ecd5e0
GUL1331,Gulaal Holi,14/03/2026,7:00 pm,Jodi,Evans,jodi.evans32@example.com,3701945391,27/07/2026 02:40 pm,Online,Paid,3,0,$75.00,$0.00,$0.00,$0.00,$3.00,$0.00,$0.00,$0.00,$78.00,$0.00,$0.00,$0.00,$0.00,$75.00,$75.00,$0.00,,,,$0.00,$0.00,$0.00,$0.00,Stripe,No,,Completed,Online,3,b624c283-6bb4-4123-b81d-42726d8b643e
GUL1332,Gulaal Holi,14/03/2026,7:00 pm,Victoria,Wilson,victoria.wilson49@example.com,5276120928,27/07/2026 02:25 am,Online,Paid,2,0,$50.00,$0.00,$0.00,$0.00,$2.00,$0.00,$0.00,$0.00,$52.00,$0.00,$0.00,$0.00,$0.00,$50.00,$50.00,$0.00,,,,$0.00,$0.00,$0.00,$0.00,Stripe,No,,Completed,Online,2,a984af6c-6822-42cd-8e10-d0458c2506c4
GUL1333,Gulaal Holi,14/03/2026,7:00 pm,Andrew,Hernandez,andrew.hernandez43@example.com,2231167870,13/07/2026 07:14 am,Online,Paid,1,0,$25.00,$0.00,$0.00,$0.00,$1.00,$0.00,$0.00,$0.00,$26.00,$0.00,$0.00,$0.00,$0.00,$25.00,$25.00,$0.00,,,,$0.00,$0.00,$0.00,$0.00,Stripe,No,,Completed,Online,1,22af0844-3efe-4c12-95d6-32793459f752
GUL1334,Gulaal Holi,14/03/2026,7:00 pm,Kevin,Zimmerman,kevin.zimmerman37@example.com,1859212684,16/07/2026 07:18 am,Online,Paid,1,0,$25.00,$0.00,$0.00,$0.00,$1.00,$0.00,$0.00,$0.00,$26.00,$0.00,$0.00,$0.00,$0.00,$25.00,$25.00,$0.00,,,,$0.00,$0.00,$0.00,$0.00,Stripe,Yes,,Completed,Online,1,1573223d-7f7b-412a-a95f-9710387dd826
GUL1335,Gulaal Holi,14/03/2026,7:00 pm,Mark,Vang,mark.vang36@example.com,9430003753,13/07/2026 03:37 pm,Online,Paid,1,0,$25.00,$0.00,$0.00,$0.00,$1.00,$0.00,$0.00,$0.00,$26.00,$0.00,$0.00,$0.00,$0.00,$25.00,$25.00,$0.00,,,,$0.00,$0.00,$0.00,$0.00,Stripe,No,,Completed,Online,1,dfaae657-2604-4516-b267-6a5de869c41d
GUL1336,Gulaal Holi,14/03/2026,7:00 pm,Kyle,Brown,kyle.brown47@example.com,3246598669,19/07/2026 09:31 pm,Online,Paid,3,0,$75.00,$0.00,$0.00,$0.00,$3.00,$0.00,$0.00,$0.00,$78.00,$0.00,$0.00,$0.00,$0.00,$75.00,$75.00,$0.00,,,,$0.00,$0.00,$0.00,$0.00,Stripe,Yes,,Completed,Online,3,b6aedb91-890e-4e44-b6e5-a7b1c1456f26
GUL1337,Gulaal Holi,14/03/2026,7:00 pm,Cynthia,Allen,cynthia.allen56@example.com,8376591538,20/07/2026 11:09 am,Online,Paid,1,0,$25.00,$0.00,$0.00,$0.00,$1.00,$0.00,$0.00,$0.00,$26.00,$0.00,$0.00,$0.00,$0.00,$25.00,$25.00,$0.00,,,,$0.00,$0.00,$0.00,$0.00,Stripe,No,,Completed,Online,1,aad41a73-4658-422e-8768-d2e4192e3dc1
GUL1338,Gulaal Holi,14/03/2026,7:00 pm,Robert,Ramirez,robert.ramirez22@example.com,5266426735,13/08/2026 08:52 am,Online,Paid,2,0,$50.00,$0.00,$0.00,$0.00,$2.00,$0.00,$0.00,$0.00,$52.00,$0.00,$0.00,$0.00,$0.00,$50.00,$50.00,$0.00,,,,$0.00,$0.00,$0.00,$0.00,Stripe,No,,Completed,Online,2,50e04efe-4797-422c-be50-fbba2ede3ede
GUL1339,Gulaal Holi,14/03/2026,7:00 pm,Jesse,Mann,jesse.mann95@example.com,3756569764,16/08/2026 04:31 am,Online,Paid,2,0,$50.00,$0.00,$0.00,$0.00,$2.00,$0.00,$0.00,$0.00,$52.00,$0.00,$0.00,$0.00,$0.00,$50.00,$50.00,$0.00,,,,$0.00,$0.00,$0.00,$0.00,Stripe,No,,Completed,Online,2,28e4e653-6d05-417a-96b3-c53b4b2327aa
GUL1340,Gulaal Holi,14/03/2026,7:00 pm,Kevin,Sharp,kevin.sharp83@example.com,5104625069,16/07/2026 07:57 pm,Online,Refunded,0,4,$0.00,$0.00,$0.00,$0.00,$0.00,$0.00,$0.00,$0.00,$0.00,$0.00,$0.00,$0.00,$0.00,$0.00,$0.00,$0.00,,,,$0.00,$0.00,$0.00,$0.00,Stripe,No,,Completed,Online,4,edc6722f-88a9-44a1-a211-5e1753b5af5a
GUL1341,Gulaal Holi,14/03/2026,7:00 pm,Michelle,Wright,michelle.wright65@example.com,2062767293,23/07/2026 10:15 am,Manual,Paid,2,0,$50.00,$0.00,$0.00,$0.00,$2.00,$0.00,$0.00,$0.00,$52.00,$0.00,$0.00,$0.00,$0.00,$50.00,$50.00,$0.00,,,,$0.00,$0.00,$0.00,$0.00,Stripe,Yes,,Completed,Manual,2,372bb847-c712-423d-9595-212570db85f9
GUL1342,Gulaal Holi,14/03/2026,7:00 pm,Daniel,Coleman,daniel.coleman63@example.com,2129146502,20/07/2026 10:44 am,Online,Paid,1,0,$25.00,$0.00,$0.00,$0.00,$1.00,$0.00,$0.00,$0.00,$26.00,$0.00,$0.00,$0.00,$0.00,$25.00,$25.00,$0.00,,,,$0.00,$0.00,$0.00,$0.00,Stripe,No,,Completed,Online,1,8cd39b4e-7622-4679-be51-471be49a4f58
GUL1343,Gulaal Holi,14/03/2026,7:00 pm,Danielle,Tanner,danielle.tanner48@example.com,4579725184,17/08/2026 06:48 pm,Online,Paid,1,0,$25.00,$0.00,$0.00,$0.00,$1.00,$0.00,$0.00,$0.00,$26.00,$0.00,$0.00,$0.00,$0.00,$25.00,$25.00,$0.00,,,,$0.00,$0.00,$0.00,$0.00,Stripe,No,,Completed,Online,1,9c68253f-a654-458b-baec-f60f341fe701
GUL1344,Gulaal Holi,14/03/2026,7:00 pm,Christopher,Robertson,christopher.robertson63@example.com,4782337209,31/07/2026 01:36 am,Online,Paid,1,0,$25.00,$0.00,$0.00,$0.00,$1.00,$0.00,$0.00,$0.00,$26.00,$0.00,$0.00,$0.00,$0.00,$25.00,$25.00,$0.00,,,,$0.00,$0.00,$0.00,$0.00,Stripe,Yes,,Completed,Online,1,7cfd24be-650b-4d2c-ac2a-db5fb7bfa049
GUL1345,Gulaal Holi,14/03/2026,7:00 pm,Benjamin,Shaw,benjamin.shaw45@example.com,0636328630,26/07/2026 12:24 am,Online,Paid,1,0,$25.00,$0.00,$0.00,$0.00,$1.00,$0.00,$0.00,$0.00,$26.00,$0.00,$0.00,$0.00,$0.00,$25.00,$25.00,$0.00,,,,$0.00,$0.00,$0.00,$0.00,Stripe,Yes,,Completed,Online,1,26cbe50a-d350-4f5b-8b34-dc5ee21eb19b
GUL1346,Gulaal Holi,14/03/2026,7:00 pm,Robert,Mack,robert.mack16@example.com,8484264833,11/07/2026 11:08 am,Online,Paid,1,0,$25.00,$0.00,$0.00,$0.00,$1.00,$0.00,$0.00,$0.00,$26.00,$0.00,$0.00,$0.00,$0.00,$25.00,$25.00,$0.00,,,,$0.00,$0.00,$0.00,$0.00,Stripe,No,,Completed,Online,1,05df756b-618a-45f3-9385-9784acfa5a70
GUL1347,Gulaal Holi,14/03/2026,7:00 pm,Thomas,Bryant,thomas.bryant10@example.com,8967136054,16/08/2026 08:12 am,Online,Paid,1,0,$25.00,$0.00,$0.00,$0.00,$1.00,$0.00,$0.00,$0.00,$26.00,$0.00,$0.00,$0.00,$0.00,$25.00,$25.00,$0.00,,,,$0.00,$0.00,$0.00,$0.00,Stripe,No,,Completed,Online,1,22119522-9971-4205-aa7d-becde06ff0d4
GUL1348,Gulaal Holi,14/03/2026,7:00 pm,Becky,Griffith,becky.griffith45@example.com,6490132495,11/07/2026 08:18 am,Online,Paid,2,0,$50.00,$0.00,$0.00,$0.00,$2.00,$0.00,$0.00,$0.00,$52.00,$0.00,$0.00,$0.00,$0.00,$50.00,$50.00,$0.00,,,,$0.00,$0.00,$0.00,$0.00,Stripe,No,,Completed,Online,2,a7308128-d32a-40f6-8cc7-754d5fcb995b
GUL1349,Gulaal Holi,14/03/2026,7:00 pm,David,Parker,david.parker58@example.com,1154617580,17/08/2026 04:54 am,Online,Paid,4,0,$100.00,$0.00,$0.00,$0.00,$4.00,$0.00,$0.00,$0.00,$104.00,$0.00,$0.00,$0.00,$0.00,$100.00,$100.00,$0.00,,,,$0.00,$0.00,$0.00,$0.00,Stripe,No,,Completed,Online,4,8273400c-bbd6-4f33-861f-cba0f39fe641
GUL1350,Gulaal Holi,14/03/2026,7:00 pm,Natalie,Woods,natalie.woods86@example.com,4410404315,01/08/2026 09:57 pm,Online,Paid,1,0,$25.00,$0.00,$0.00,$0.00,$1.00,$0.00,$0.00,$0.00,$26.00,$0.00,$0.00,$0.00,$0.00,$25.00,$25.00,$0.00,,,,$0.00,$0.00,$0.00,$0.00,Stripe,No,,Completed,Online,1,36acf970-afe6-452b-936a-c2c85705aed4
GUL1351,Gulaal Holi,14/03/2026,7:00 pm,Tammy,Ramirez,tammy.ramirez44@example.com,8148374755,11/08/2026 10:05 pm,Online,Paid,1,0,$25.00,$0.00,$0.00,$0.00,$1.00,$0.00,$0.00,$0.00,$26.00,$0.00,$0.00,$0.00,$0.00,$25.00,$25.00,$0.00,,,,$0.00,$0.00,$0.00,$0.00,Stripe,No,,Completed,Online,1,0313e3ef-a3a0-4a1b-9fdc-f6ea0ac4a07c
GUL1352,Gulaal Holi,14/03/2026,7:00 pm,Darlene,Ray,darlene.ray7@example.com,8564717784,14/07/2026 10:19 am,Online,Paid,2,0,$50.00,$0.00,$0.00,$0.00,$2.00,$0.00,$0.00,$0.00,$52.00,$0.00,$0.00,$0.00,$0.00,$50.00,$50.00,$0.00,,,,$0.00,$0.00,$0.00,$0.00,Stripe,No,,Completed,Online,2,766c46eb-e379-4c86-a79e-dbac09860e01
GUL1353,Gulaal Holi,14/03/2026,7:00 pm,Pamela,Sanchez,pamela.sanchez73@example.com,6988371611,10/08/2026 05:32 am,Manual,Paid,4,0,$100.00,$0.00,$0.00,$0.00,$4.00,$0.00,$0.00,$0.00,$104.00,$0.00,$0.00,$0.00,$0.00,$100.00,$100.00,$0.00,,,,$0.00,$0.00,$0.00,$0.00,Stripe,No,,Completed,Manual,4,8471a52c-cc80-443a-bb1f-b5e86c9e7b87
GUL1354,Gulaal Holi,14/03/2026,7:00 pm,Daniel,Hicks,daniel.hicks39@example.com,1997675983,17/08/2026 01:00 pm,Manual,Paid,1,0,$25.00,$0.00,$0.00,$0.00,$1.00,$0.00,$0.00,$0.00,$26.00,$0.00,$0.00,$0.00,$0.00,$25.00,$25.00,$0.00,,,,$0.00,$0.00,$0.00,$0.00,Stripe,No,,Completed,Manual,1,0aabd482-deaa-4d09-b9fb-464e10cff03f
GUL1355,Gulaal Holi,14/03/2026,7:00 pm,Kristin,Walker,kristin.walker51@example.com,5835345819,07/08/2026 11:11 am,Manual,Paid,2,0,$50.00,$0.00,$0.00,$0.00,$2.00,$0.00,$0.00,$0.00,$52.00,$0.00,$0.00,$0.00,$0.00,$50.00,$50.00,$0.00,,,,$0.00,$0.00,$0.00,$0.00,Stripe,Yes,,Completed,Manual,2,8ba17407-2663-4334-b4a1-7f7a709240bc
GUL1356,Gulaal Holi,14/03/2026,7:00 pm,Cody,Rice,cody.rice91@example.com,3399824266,24/07/2026 07:46 pm,Online,Paid,2,0,$50.00,$0.00,$0.00,$0.00,$2.00,$0.00,$0.00,$0.00,$52.00,$0.00,$0.00,$0.00,$0.00,$50.00,$50.00,$0.00,,,,$0.00,$0.00,$0.00,$0.00,Stripe,No,,Completed,Online,2,7b62e628-b34d-4ab6-86da-d79be7c9b4b3
GUL1357,Gulaal Holi,14/03/2026,7:00 pm,Angela,Russell,angela.russell52@example.com,1584668793,23/07/2026 11:30 am,Online,Paid,2,0,$50.00,$0.00,$0.00,$0.00,$2.00,$0.00,$0.00,$0.00,$52.00,$0.00,$0.00,$0.00,$0.00,$50.00,$50.00,$0.00,,,,$0.00,$0.00,$0.00,$0.00,Stripe,Yes,,Completed,Online,2,5749f77e-83f3-4616-89e7-cab326d0e3c4
GUL1358,Gulaal Holi,14/03/2026,7:00 pm,Amanda,Myers,amanda.myers88@example.com,2766983451,18/07/2026 09:13 am,Online,Paid,1,0,$25.00,$0.00,$0.00,$0.00,$1.00,$0.00,$0.00,$0.00,$26.00,$0.00,$0.00,$0.00,$0.00,$25.00,$25.00,$0.00,,,,$0.00,$0.00,$0.00,$0.00,Stripe,Yes,,Completed,Online,1,849267cb-dff2-4807-a033-3e8151e745ff
GUL1359,Gulaal Holi,14/03/2026,7:00 pm,Jeffrey,Hayes,jeffrey.hayes97@example.com,6130873089,24/07/2026 08:42 pm,Online,Paid,1,0,$25.00,$0.00,$0.00,$0.00,$1.00,$0.00,$0.00,$0.00,$26.00,$0.00,$0.00,$0.00,$0.00,$25.00,$25.00,$0.00,,,,$0.00,$0.00,$0.00,$0.00,Stripe,No,,Completed,Online,1,d4227f59-c3f9-4e60-b4e8-fa93a38f8315
GUL1360,Gulaal Holi,14/03/2026,7:00 pm,Christopher,Moore,christopher.moore37@example.com,7777118425,19/07/2026 03:15 am,Online,Paid,1,0,$25.00,$0.00,$0.00,$0.00,$1.00,$0.00,$0.00,$0.00,$26.00,$0.00,$0.00,$0.00,$0.00,$25.00,$25.00,$0.00,,,,$0.00,$0.00,$0.00,$0.00,Stripe,No,,Completed,Online,1,0047dfb9-32cb-4f74-a3d2-d733ebea2850
GUL1361,Gulaal Holi,14/03/2026,7:00 pm,Leonard,Taylor,leonard.taylor53@example.com,0712102423,09/08/2026 08:06 pm,Online,Paid,1,0,$25.00,$0.00,$0.00,$0.00,$1.00,$0.00,$0.00,$0.00,$26.00,$0.00,$0.00,$0.00,$0.00,$25.00,$25.00,$0.00,,,,$0.00,$0.00,$0.00,$0.00,Stripe,No,,Completed,Online,1,f6dd2650-ad84-4d1a-a371-538837738335
GUL1362,Gulaal Holi,14/03/2026,7:00 pm,Julia,Moore,julia.moore46@example.com,7719619971,12/07/2026 10:19 am,Online,Paid,3,0,$75.00,$0.00,$0.00,$0.00,$3.00,$0.00,$0.00,$0.00,$78.00,$0.00,$0.00,$0.00,$0.00,$75.00,$75.00,$0.00,,,,$0.00,$0.00,$0.00,$0.00,Stripe,No,,Completed,Online,3,661532bb-c599-49ca-9990-e2436f3b8e35
GUL1363,Gulaal Holi,14/03/2026,7:00 pm,Craig,Mendoza,craig.mendoza42@example.com,6409968334,26/07/2026 02:40 am,Online,Paid,1,0,$25.00,$0.00,$0.00,$0.00,$1.00,$0.00,$0.00,$0.00,$26.00,$0.00,$0.00,$0.00,$0.00,$25.00,$25.00,$0.00,,,,$0.00,$0.00,$0.00,$0.00,Stripe,No,,Completed,Online,1,26ffb2a1-5ddc-4abb-b6a1-60619d7032c1
GUL1364,Gulaal Holi,14/03/2026,7:00 pm,Scott,Callahan,scott.callahan94@example.com,2653793221,16/07/2026 04:57 pm,Manual,Paid,2,0,$50.00,$0.00,$0.00,$0.00,$2.00,$0.00,$0.00,$0.00,$52.00,$0.00,$0.00,$0.00,$0.00,$50.00,$50.00,$0.00,,,,$0.00,$0.00,$0.00,$0.00,Stripe,No,,Completed,Manual,2,b4135c64-9faf-40fd-bbec-4b873e6ebd2c
GUL1365,Gulaal Holi,14/03/2026,7:00 pm,Linda,Wolfe,linda.wolfe70@example.com,5473601579,10/07/2026 10:14 pm,Manual,Paid,1,0,$25.00,$0.00,$0.00,$0.00,$1.00,$0.00,$0.00,$0.00,$26.00,$0.00,$0.00,$0.00,$0.00,$25.00,$25.00,$0.00,,,,$0.00,$0.00,$0.00,$0.00,Stripe,No,,Completed,Manual,1,189f6e7e-b3bc-42da-bec6-d8340982211e
GUL1366,Gulaal Holi,14/03/2026,7:00 pm,Amanda,Little,amanda.little42@example.com,2600802658,12/07/2026 02:51 am,Manual,Paid,2,0,$50.00,$0.00,$0.00,$0.00,$2.00,$0.00,$0.00,$0.00,$52.00,$0.00,$0.00,$0.00,$0.00,$50.00,$50.00,$0.00,,,,$0.00,$0.00,$0.00,$0.00,Stripe,No,,Completed,Manual,2,56156797-e8e4-45ae-b7fe-7355d83df6ae
GUL1367,Gulaal Holi,14/03/2026,7:00 pm,Alexander,Herrera,alexander.herrera48@example.com,3548835719,02/08/2026 05:25 pm,Online,Paid,1,0,$25.00,$0.00,$0.00,$0.00,$1.00,$0.00,$0.00,$0.00,$26.00,$0.00,$0.00,$0.00,$0.00,$25.00,$25.00,$0.00,,,,$0.00,$0.00,$0.00,$0.00,Stripe,No,,Completed,Online,1,91f453b6-78d4-43ab-a725-be2592095726
GUL1368,Gulaal Holi,14/03/2026,7:00 pm,Stephanie,Smith,stephanie.smith60@example.com,6386643203,13/07/2026 11:15 pm,Online,Paid,1,0,$25.00,$0.00,$0.00,$0.00,$1.00,$0.00,$0.00,$0.00,$26.00,$0.00,$0.00,$0.00,$0.00,$25.00,$25.00,$0.00,,,,$0.00,$0.00,$0.00,$0.00,Stripe,Yes,,Completed,Online,1,6c5c3ffe-685c-40b7-a84b-588ed139b53f
GUL1369,Gulaal Holi,14/03/2026,7:00 pm,Nathaniel,Williamson,nathaniel.williamson98@example.com,4685492724,24/07/2026 03:19 pm,Online,Paid,2,0,$50.00,$0.00,$0.00,$0.00,$2.00,$0.00,$0.00,$0.00,$52.00,$0.00,$0.00,$0.00,$0.00,$50.00,$50.00,$0.00,,,,$0.00,$0.00,$0.00,$0.00,Stripe,Yes,,Completed,Online,2,ace08b86-bc11-430a-a16d-ac5bb06fcf8c
GUL1370,Gulaal Holi,14/03/2026,7:00 pm,Jacob,Travis,jacob.travis35@example.com,8601460519,05/08/2026 01:32 am,Online,Paid,1,0,$25.00,$0.00,$0.00,$0.00,$1.00,$0.00,$0.00,$0.00,$26.00,$0.00,$0.00,$0.00,$0.00,$25.00,$25.00,$0.00,,,,$0.00,$0.00,$0.00,$0.00,Stripe,No,,Completed,Online,1,24ab6f4d-d2eb-45a1-b55e-632947a13168
GUL1371,Gulaal Holi,14/03/2026,7:00 pm,Anne,Robinson,anne.robinson66@example.com,6303356369,29/07/2026 05:36 pm,Online,Paid,1,0,$25.00,$0.00,$0.00,$0.00,$1.00,$0.00,$0.00,$0.00,$26.00,$0.00,$0.00,$0.00,$0.00,$25.00,$25.00,$0.00,,,,$0.00,$0.00,$0.00,$0.00,Stripe,No,,Completed,Online,1,b8ee0531-0e8e-4ab3-8ee7-0218e83608fe
GUL1372,Gulaal Holi,14/03/2026,7:00 pm,Isaac,Steele,isaac.steele63@example.com,8993187810,11/07/2026 09:06 pm,Online,Paid,2,0,$50.00,$0.00,$0.00,$0.00,$2.00,$0.00,$0.00,$0.00,$52.00,$0.00,$0.00,$0.00,$0.00,$50.00,$50.00,$0.00,,,,$0.00,$0.00,$0.00,$0.00,Stripe,No,,Completed,Online,2,fb7e6256-a4c9-46c8-86d7-9a322c69da1d
GUL1373,Gulaal Holi,14/03/2026,7:00 pm,Angela,Greene,angela.greene20@example.com,4158929093,16/08/2026 09:28 am,Online,Paid,1,0,$25.00,$0.00,$0.00,$0.00,$1.00,$0.00,$0.00,$0.00,$26.00,$0.00,$0.00,$0.00,$0.00,$25.00,$25.00,$0.00,,,,$0.00,$0.00,$0.00,$0.00,Stripe,No,,Completed,Online,1,6cb8fa64-6aca-4fa5-b188-0139a223b2ec
GUL1374,Gulaal Holi,14/03/2026,7:00 pm,Jodi,Evans,jodi.evans32@example.com,6280812268,13/07/2026 08:40 pm,Online,Paid,3,0,$75.00,$0.00,$0.00,$0.00,$3.00,$0.00,$0.00,$0.00,$78.00,$0.00,$0.00,$0.00,$0.00,$75.00,$75.00,$0.00,,,,$0.00,$0.00,$0.00,$0.00,Stripe,No,,Completed,Online,3,e4e5ab2a-7578-4b4d-87a1-9d754d97f351
GUL1375,Gulaal Holi,14/03/2026,7:00 pm,Andrew,Hernandez,andrew.hernandez43@example.com,7053110583,06/08/2026 02:35 pm,Online,Paid,4,0,$100.00,$0.00,$0.00,$0.00,$4.00,$0.00,$0.00,$0.00,$104.00,$0.00,$0.00,$0.00,$0.00,$100.00,$100.00,$0.00,,,,$0.00,$0.00,$0.00,$0.00,Stripe,No,,Completed,Online,4,33eae5b5-ee0b-4e13-bf48-266c6ec22d01
GUL1376,Gulaal Holi,14/03/2026,7:00 pm,Jack,Taylor,jack.taylor98@example.com,2189142693,02/08/2026 11:46 pm,Online,Paid,1,0,$25.00,$0.00,$0.00,$0.00,$1.00,$0.00,$0.00,$0.00,$26.00,$0.00,$0.00,$0.00,$0.00,$25.00,$25.00,$0.00,,,,$0.00,$0.00,$0.00,$0.00,Stripe,No,,Completed,Online,1,ba7d3996-c1e9-4e0e-875e-3b87a5cba86d
GUL1377,Gulaal Holi,14/03/2026,7:00 pm,Robert,Adkins,robert.adkins67@example.com,6718776288,14/07/2026 11:00 am,Online,Paid,2,0,$50.00,$0.00,$0.00,$0.00,$2.00,$0.00,$0.00,$0.00,$52.00,$0.00,$0.00,$0.00,$0.00,$50.00,$50.00,$0.00,,,,$0.00,$0.00,$0.00,$0.00,Stripe,No,,Completed,Online,2,e7f3072a-86a5-4dc3-8b74-89366eb48828
GUL1378,Gulaal Holi,14/03/2026,7:00 pm,Michele,Jones,michele.jones47@example.com,0162762922,05/08/2026 08:03 am,Online,Paid,2,0,$50.00,$0.00,$0.00,$0.00,$2.00,$0.00,$0.00,$0.00,$52.00,$0.00,$0.00,$0.00,$0.00,$50.00,$50.00,$0.00,,,,$0.00,$0.00,$0.00,$0.00,Stripe,No,,Completed,Online,2,b0ede2f5-d4af-495e-83c4-e6f471a05d6c
GUL1379,Gulaal Holi,14/03/2026,7:00 pm,Randy,Collins,randy.collins23@example.com,7616522898,30/07/2026 11:44 am,Online,Paid,1,0,$25.00,$0.00,$0.00,$0.00,$1.00,$0.00,$0.00,$0.00,$26.00,$0.00,$0.00,$0.00,$0.00,$25.00,$25.00,$0.00,,,,$0.00,$0.00,$0.00,$0.00,Stripe,No,,Completed,Online,1,3de90fd9-956f-469b-94ae-02444a9b69e3
GUL1380,Gulaal Holi,14/03/2026,7:00 pm,Yvette,Huff,yvette.huff21@example.com,2559777265,10/08/2026 10:29 pm,Online,Paid,3,0,$75.00,$0.00,$0.00,$0.00,$3.00,$0.00,$0.00,$0.00,$78.00,$0.00,$0.00,$0.00,$0.00,$75.00,$75.00,$0.00,,,,$0.00,$0.00,$0.00,$0.00,Stripe,Yes,,Completed,Online,3,d6aecadf-8c8e-4021-8662-4e644bdff0e0
GUL1381,Gulaal Holi,14/03/2026,7:00 pm,Jeffrey,Turner,jeffrey.turner71@example.com,8050141716,17/07/2026 05:44 pm,Online,Paid,1,0,$25.00,$0.00,$0.00,$0.00,$1.00,$0.00,$0.00,$0.00,$26.00,$0.00,$0.00,$0.00,$0.00,$25.00,$25.00,$0.00,,,,$0.00,$0.00,$0.00,$0.00,Stripe,Yes,,Completed,Online,1,11e99ec4-9258-4fd6-b03f-a2a5952ca2d1
GUL1382,Gulaal Holi,14/03/2026,7:00 pm,Joshua,Pineda,joshua.pineda77@example.com,9565188711,16/08/2026 02:11 pm,Online,Paid,2,0,$50.00,$0.00,$0.00,$0.00,$2.00,$0.00,$0.00,$0.00,$52.00,$0.00,$0.00,$0.00,$0.00,$50.00,$50.00,$0.00,,,,$0.00,$0.00,$0.00,$0.00,Stripe,No,,Completed,Online,2,a6c7efe0-df7f-4207-8e5b-6b910a14a9f1
GUL1383,Gulaal Holi,14/03/2026,7:00 pm,Victoria,Reyes,victoria.reyes98@example.com,0924492878,24/07/2026 11:45 am,Online,Paid,3,0,$75.00,$0.00,$0.00,$0.00,$3.00,$0.00,$0.00,$0.00,$78.00,$0.00,$0.00,$0.00,$0.00,$75.00,$75.00,$0.00,,,,$0.00,$0.00,$0.00,$0.00,Stripe,Yes,,Completed,Online,3,3ba049a6-a05f-43ef-8cbf-00cafe0f1bc9
GUL1384,Gulaal Holi,14/03/2026,7:00 pm,Angela,Greene,angela.greene20@example.com,9301125018,04/08/2026 11:14 am,Online,Paid,1,0,$25.00,$0.00,$0.00,$0.00,$1.00,$0.00,$0.00,$0.00,$26.00,$0.00,$0.00,$0.00,$0.00,$25.00,$25.00,$0.00,,,,$0.00,$0.00,$0.00,$0.00,Stripe,No,,Completed,Online,1,c11590b7-9255-4b41-abc1-1bf74675ef60
GUL1385,Gulaal Holi,14/03/2026,7:00 pm,Samuel,Jenkins,samuel.jenkins14@example.com,9522233693,17/08/2026 04:49 am,Online,Paid,1,0,$25.00,$0.00,$0.00,$0.00,$1.00,$0.00,$0.00,$0.00,$26.00,$0.00,$0.00,$0.00,$0.00,$25.00,$25.00,$0.00,,,,$0.00,$0.00,$0.00,$0.00,Stripe,No,,Completed,Online,1,0ab68866-e2ed-4013-ab0b-c27a626ac6c9
GUL1386,Gulaal Holi,14/03/2026,7:00 pm,Keith,Frye,keith.frye9@example.com,3024266249,10/07/2026 10:34 pm,Online,Paid,1,0,$25.00,$0.00,$0.00,$0.00,$1.00,$0.00,$0.00,$0.00,$26.00,$0.00,$0.00,$0.00,$0.00,$25.00,$25.00,$0.00,,,,$0.00,$0.00,$0.00,$0.00,Stripe,No,,Completed,Online,1,bc1a591f-cae8-49a6-b1f8-049a7835f883
GUL1387,Gulaal Holi,14/03/2026,7:00 pm,Richard,Thomas,richard.thomas69@example.com,5714469567,04/08/2026 04:13 am,Online,Paid,2,0,$50.00,$0.00,$0.00,$0.00,$2.00,$0.00,$0.00,$0.00,$52.00,$0.00,$0.00,$0.00,$0.00,$50.00,$50.00,$0.00,,,,$0.00,$0.00,$0.00,$0.00,Stripe,No,,Completed,Online,2,c9faf9b7-7e31-435f-a739-4d6e8af1ac83
GUL1388,Gulaal Holi,14/03/2026,7:00 pm,Brian,Davies,brian.davies96@example.com,4534514668,18/07/2026 12:45 pm,Online,Paid,1,0,$25.00,$0.00,$0.00,$0.00,$1.00,$0.00,$0.00,$0.00,$26.00,$0.00,$0.00,$0.00,$0.00,$25.00,$25.00,$0.00,,,,$0.00,$0.00,$0.00,$0.00,Stripe,Yes,,Completed,Online,1,32d93235-839c-4e9f-9fbe-5c01ed6f3a74
GUL1389,Gulaal Holi,14/03/2026,7:00 pm,Matthew,Fleming,matthew.fleming49@example.com,8348358626,05/08/2026 09:25 am,Online,Paid,2,0,$50.00,$0.00,$0.00,$0.00,$2.00,$0.00,$0.00,$0.00,$52.00,$0.00,$0.00,$0.00,$0.00,$50.00,$50.00,$0.00,,,,$0.00,$0.00,$0.00,$0.00,Stripe,No,,Completed,Online,2,4cba06ed-d472-42cf-a442-5305fa87fb09
GUL1390,Gulaal Holi,14/03/2026,7:00 pm,Molly,Knox,molly.knox89@example.com,2077587089,30/07/2026 02:16 pm,Online,Paid,2,0,$50.00,$0.00,$0.00,$0.00,$2.00,$0.00,$0.00,$0.00,$52.00,$0.00,$0.00,$0.00,$0.00,$50.00,$50.00,$0.00,,,,$0.00,$0.00,$0.00,$0.00,Stripe,No,,Completed,Online,2,6894520a-a683-45d8-a242-2489c5ec796d
GUL1391,Gulaal Holi,14/03/2026,7:00 pm,Robin,Ellis,robin.ellis90@example.com,4436958050,09/08/2026 11:53 am,Online,Paid,1,0,$25.00,$0.00,$0.00,$0.00,$1.00,$0.00,$0.00,$0.00,$26.00,$0.00,$0.00,$0.00,$0.00,$25.00,$25.00,$0.00,,,,$0.00,$0.00,$0.00,$0.00,Stripe,No,,Completed,Online,1,08295bfd-b881-4322-be99-43425c762bd6
GUL1392,Gulaal Holi,14/03/2026,7:00 pm,Jack,Davidson,jack.davidson7@example.com,6720073429,02/08/2026 03:33 pm,Online,Paid,1,0,$25.00,$0.00,$0.00,$0.00,$1.00,$0.00,$0.00,$0.00,$26.00,$0.00,$0.00,$0.00,$0.00,$25.00,$25.00,$0.00,,,,$0.00,$0.00,$0.00,$0.00,Stripe,No,,Completed,Online,1,3a2ecb54-7263-41e0-b7aa-2f40b26adae2
GUL1393,Gulaal Holi,14/03/2026,7:00 pm,Richard,Morgan,richard.morgan10@example.com,2954503801,15/08/2026 01:57 am,Manual,Paid,1,0,$25.00,$0.00,$0.00,$0.00,$1.00,$0.00,$0.00,$0.00,$26.00,$0.00,$0.00,$0.00,$0.00,$25.00,$25.00,$0.00,,,,$0.00,$0.00,$0.00,$0.00,Stripe,Yes,,Completed,Manual,1,1c24f102-59e5-4402-be28-95ad8f20d2d1
GUL1394,Gulaal Holi,14/03/2026,7:00 pm,Tasha,Valencia,tasha.valencia13@example.com,0450281435,24/07/2026 05:28 am,Online,Paid,3,0,$75.00,$0.00,$0.00,$0.00,$3.00,$0.00,$0.00,$0.00,$78.00,$0.00,$0.00,$0.00,$0.00,$75.00,$75.00,$0.00,,,,$0.00,$0.00,$0.00,$0.00,Stripe,Yes,,Completed,Online,3,43cb74f5-98bc-4b45-b6c8-63e0e8aac4a5
GUL1395,Gulaal Holi,14/03/2026,7:00 pm,Christopher,Robertson,christopher.robertson63@example.com,3795311123,09/08/2026 12:11 pm,Online,Paid,2,0,$50.00,$0.00,$0.00,$0.00,$2.00,$0.00,$0.00,$0.00,$52.00,$0.00,$0.00,$0.00,$0.00,$50.00,$50.00,$0.00,,,,$0.00,$0.00,$0.00,$0.00,Stripe,No,,Completed,Online,2,2ab7fb10-de72-4c23-be66-f86146576837
GUL1396,Gulaal Holi,14/03/2026,7:00 pm,Tiffany,Warren,tiffany.warren13@example.com,7428662510,26/07/2026 01:14 am,Online,Paid,1,0,$25.00,$0.00,$0.00,$0.00,$1.00,$0.00,$0.00,$0.00,$26.00,$0.00,$0.00,$0.00,$0.00,$25.00,$25.00,$0.00,,,,$0.00,$0.00,$0.00,$0.00,Stripe,No,,Completed,Online,1,8dd36a90-3143-4c24-874d-b9313933a7d4
GUL1397,Gulaal Holi,14/03/2026,7:00 pm,Samuel,Jenkins,samuel.jenkins14@example.com,5451460919,07/08/2026 06:58 am,Online,Paid,1,0,$25.00,$0.00,$0.00,$0.00,$1.00,$0.00,$0.00,$0.00,$26.00,$0.00,$0.00,$0.00,$0.00,$25.00,$25.00,$0.00,,,,$0.00,$0.00,$0.00,$0.00,Stripe,Yes,,Completed,Online,1,e6e16ab1-aa62-48e0-ba04-d8fc14118760
GUL1398,Gulaal Holi,14/03/2026,7:00 pm,Mariah,Miller,mariah.miller7@example.com,5537062728,15/08/2026 09:53 am,Online,Paid,1,0,$25.00,$0.00,$0.00,$0.00,$1.00,$0.00,$0.00,$0.00,$26.00,$0.00,$0.00,$0.00,$0.00,$25.00,$25.00,$0.00,,,,$0.00,$0.00,$0.00,$0.00,Stripe,No,,Completed,Online,1,400bc861-7138-42b7-bf58-ee693325da60
GUL1399,Gulaal Holi,14/03/2026,7:00 pm,Matthew,Shelton,matthew.shelton29@example.com,1575626412,25/07/2026 10:25 am,Online,Paid,1,0,$25.00,$0.00,$0.00,$0.00,$1.00,$0.00,$0.00,$0.00,$26.00,$0.00,$0.00,$0.00,$0.00,$25.00,$25.00,$0.00,,,,$0.00,$0.00,$0.00,$0.00,Stripe,Yes,,Completed,Online,1,82dba4db-1e57-4eb0-8695-864941ee0c23
GUL1400,Gulaal Holi,14/03/2026,7:00 pm,Elijah,Rivera,elijah.rivera80@example.com,6209906931,17/08/2026 11:04 am,Online,Paid,2,0,$50.00,$0.00,$0.00,$0.00,$2.00,$0.00,$0.00,$0.00,$52.00,$0.00,$0.00,$0.00,$0.00,$50.00,$50.00,$0.00,,,,$0.00,$0.00,$0.00,$0.00,Stripe,Yes,,Completed,Online,2,3c2087bf-d815-481b-8a43-f7c5052a5c27
GUL1401,Gulaal Holi,14/03/2026,7:00 pm,Morgan,Miller,morgan.miller61@example.com,1670450599,15/08/2026 09:41 am,Online,Paid,2,0,$50.00,$0.00,$0.00,$0.00,$2.00,$0.00,$0.00,$0.00,$52.00,$0.00,$0.00,$0.00,$0.00,$50.00,$50.00,$0.00,,,,$0.00,$0.00,$0.00,$0.00,Stripe,No,,Completed,Online,2,b93c3567-b432-4669-ad5b-a4d9ea14c6e5
GUL1402,Gulaal Holi,14/03/2026,7:00 pm,Robin,Ellis,robin.ellis90@example.com,1234388804,26/07/2026 05:47 pm,Manual,Paid,1,0,$25.00,$0.00,$0.00,$0.00,$1.00,$0.00,$0.00,$0.00,$26.00,$0.00,$0.00,$0.00,$0.00,$25.00,$25.00,$0.00,,,,$0.00,$0.00,$0.00,$0.00,Stripe,Yes,,Completed,Manual,1,26fa1827-a674-4a3f-8ab0-47e0a8568d84
GUL1403,Gulaal Holi,14/03/2026,7:00 pm,James,Edwards,james.edwards87@example.com,9364502823,12/07/2026 03:20 pm,Online,Paid,2,0,$50.00,$0.00,$0.00,$0.00,$2.00,$0.00,$0.00,$0.00,$52.00,$0.00,$0.00,$0.00,$0.00,$50.00,$50.00,$0.00,,,,$0.00,$0.00,$0.00,$0.00,Stripe,No,,Completed,Online,2,c4613bbc-5c9f-442d-b8ac-671d21ec7a71
GUL1404,Gulaal Holi,14/03/2026,7:00 pm,Joshua,Miller,joshua.miller84@example.com,7299115490,24/07/2026 09:08 pm,Online,Paid,2,0,$50.00,$0.00,$0.00,$0.00,$2.00,$0.00,$0.00,$0.00,$52.00,$0.00,$0.00,$0.00,$0.00,$50.00,$50.00,$0.00,,,,$0.00,$0.00,$0.00,$0.00,Stripe,No,,Completed,Online,2,d9d09e8b-8576-4c2a-95c7-dc6ee5326380
GUL1405,Gulaal Holi,14/03/2026,7:00 pm,Jesse,Mann,jesse.mann95@example.com,3695310297,06/08/2026 11:47 pm,Online,Paid,2,0,$50.00,$0.00,$0.00,$0.00,$2.00,$0.00,$0.00,$0.00,$52.00,$0.00,$0.00,$0.00,$0.00,$50.00,$50.00,$0.00,,,,$0.00,$0.00,$0.00,$0.00,Stripe,No,,Completed,Online,2,25a6dcf8-6872-4415-840b-72325218f3fc
GUL1406,Gulaal Holi,14/03/2026,7:00 pm,Stephen,Scott,stephen.scott25@example.com,7926517328,06/08/2026 01:23 am,Online,Paid,1,0,$25.00,$0.00,$0.00,$0.00,$1.00,$0.00,$0.00,$0.00,$26.00,$0.00,$0.00,$0.00,$0.00,$25.00,$25.00,$0.00,,,,$0.00,$0.00,$0.00,$0.00,Stripe,No,,Completed,Online,1,be5f24a3-1558-48da-9d48-4003af705e12
GUL1407,Gulaal Holi,14/03/2026,7:00 pm,Jean,Miles,jean.miles91@example.com,3922198369,12/07/2026 11:57 am,Online,Paid,4,0,$100.00,$0.00,$0.00,$0.00,$4.00,$0.00,$0.00,$0.00,$104.00,$0.00,$0.00,$0.00,$0.00,$100.00,$100.00,$0.00,,,,$0.00,$0.00,$0.00,$0.00,Stripe,No,,Completed,Online,4,6f65f4bd-75e3-41d0-adec-fcd337c3c8f7
GUL1408,Gulaal Holi,14/03/2026,7:00 pm,Danny,Hampton,danny.hampton64@example.com,0529877074,09/08/2026 06:02 pm,Online,Refunded,0,1,$0.00,$0.00,$0.00,$0.00,$0.00,$0.00,$0.00,$0.00,$0.00,$0.00,$0.00,$0.00,$0.00,$0.00,$0.00,$0.00,,,,$0.00,$0.00,$0.00,$0.00,Stripe,No,,Completed,Online,1,5f876ba1-14ba-49b7-ba9f-75d6d72a3062
GUL1409,Gulaal Holi,14/03/2026,7:00 pm,Ashlee,Sparks,ashlee.sparks14@example.com,4450020268,13/08/2026 01:56 am,Online,Paid,2,0,$50.00,$0.00,$0.00,$0.00,$2.00,$0.00,$0.00,$0.00,$52.00,$0.00,$0.00,$0.00,$0.00,$50.00,$50.00,$0.00,,,,$0.00,$0.00,$0.00,$0.00,Stripe,No,,Completed,Online,2,e315fe90-08c2-42d6-9ce8-2e828e114e0d
GUL1410,Gulaal Holi,14/03/2026,7:00 pm,Vicki,Mendoza,vicki.mendoza12@example.com,5029586760,18/07/2026 05:13 pm,Online,Paid,1,0,$25.00,$0.00,$0.00,$0.00,$1.00,$0.00,$0.00,$0.00,$26.00,$0.00,$0.00,$0.00,$0.00,$25.00,$25.00,$0.00,,,,$0.00,$0.00,$0.00,$0.00,Stripe,No,,Completed,Online,1,b80504fd-c7e7-4b71-9ac6-3645022da24e
GUL1411,Gulaal Holi,14/03/2026,7:00 pm,Carrie,Mccall,carrie.mccall87@example.com,6754182368,10/08/2026 04:00 am,Online,Paid,2,0,$50.00,$0.00,$0.00,$0.00,$2.00,$0.00,$0.00,$0.00,$52.00,$0.00,$0.00,$0.00,$0.00,$50.00,$50.00,$0.00,,,,$0.00,$0.00,$0.00,$0.00,Stripe,No,,Completed,Online,2,d481ba96-3e5b-4677-a37f-9a6313551496
GUL1412,Gulaal Holi,14/03/2026,7:00 pm,Maria,Rodgers,maria.rodgers81@example.com,7210513346,31/07/2026 08:06 pm,Manual,Paid,3,0,$75.00,$0.00,$0.00,$0.00,$3.00,$0.00,$0.00,$0.00,$78.00,$0.00,$0.00,$0.00,$0.00,$75.00,$75.00,$0.00,,,,$0.00,$0.00,$0.00,$0.00,Stripe,No,,Completed,Manual,3,00bf7f2f-261e-417f-a8e0-fd9e4f7d3715
GUL1413,Gulaal Holi,14/03/2026,7:00 pm,Jeffrey,Bradford,jeffrey.bradford54@example.com,5320831681,14/07/2026 06:02 am,Online,Refunded,0,1,$0.00,$0.00,$0.00,$0.00,$0.00,$0.00,$0.00,$0.00,$0.00,$0.00,$0.00,$0.00,$0.00,$0.00,$0.00,$0.00,,,,$0.00,$0.00,$0.00,$0.00,Stripe,Yes,,Completed,Online,1,8997b384-3cd0-4b12-8250-49abd752133c
GUL1414,Gulaal Holi,14/03/2026,7:00 pm,Paula,Padilla,paula.padilla12@example.com,7369078947,01/08/2026 10:58 am,Online,Paid,4,0,$100.00,$0.00,$0.00,$0.00,$4.00,$0.00,$0.00,$0.00,$104.00,$0.00,$0.00,$0.00,$0.00,$100.00,$100.00,$0.00,,,,$0.00,$0.00,$0.00,$0.00,Stripe,Yes,,Completed,Online,4,5a84c172-05ec-48ed-8af1-1f9e0bd1fe08
GUL1415,Gulaal Holi,14/03/2026,7:00 pm,Robert,Johnson,robert.johnson36@example.com,1070716348,15/07/2026 10:55 am,Online,Paid,2,0,$50.00,$0.00,$0.00,$0.00,$2.00,$0.00,$0.00,$0.00,$52.00,$0.00,$0.00,$0.00,$0.00,$50.00,$50.00,$0.00,,,,$0.00,$0.00,$0.00,$0.00,Stripe,Yes,,Completed,Online,2,1aacd28e-5215-4776-9b4d-d12ad683e1f4
GUL1416,Gulaal Holi,14/03/2026,7:00 pm,Kelly,Neal,kelly.neal74@example.com,0851191944,17/07/2026 10:34 am,Online,Paid,3,0,$75.00,$0.00,$0.00,$0.00,$3.00,$0.00,$0.00,$0.00,$78.00,$0.00,$0.00,$0.00,$0.00,$75.00,$75.00,$0.00,,,,$0.00,$0.00,$0.00,$0.00,Stripe,No,,Completed,Online,3,244ae9f0-78fd-47ff-9b02-912b6b99cfc8
GUL1417,Gulaal Holi,14/03/2026,7:00 pm,Cynthia,Davenport,cynthia.davenport37@example.com,5619276713,03/08/2026 11:10 am,Online,Paid,2,0,$50.00,$0.00,$0.00,$0.00,$2.00,$0.00,$0.00,$0.00,$52.00,$0.00,$0.00,$0.00,$0.00,$50.00,$50.00,$0.00,,,,$0.00,$0.00,$0.00,$0.00,Stripe,No,,Completed,Online,2,80433a6a-acfc-4e2f-8157-fb2eb0273a8c
GUL1418,Gulaal Holi,14/03/2026,7:00 pm,Jennifer,Zuniga,jennifer.zuniga42@example.com,6395612667,29/07/2026 10:15 pm,Online,Paid,2,0,$50.00,$0.00,$0.00,$0.00,$2.00,$0.00,$0.00,$0.00,$52.00,$0.00,$0.00,$0.00,$0.00,$50.00,$50.00,$0.00,,,,$0.00,$0.00,$0.00,$0.00,Stripe,No,,Completed,Online,2,351cf739-7e92-4c57-9d0b-7acc5f4c1f41
GUL1419,Gulaal Holi,14/03/2026,7:00 pm,Pamela,Paul,pamela.paul8@example.com,8874022346,28/07/2026 07:13 am,Online,Paid,1,0,$25.00,$0.00,$0.00,$0.00,$1.00,$0.00,$0.00,$0.00,$26.00,$0.00,$0.00,$0.00,$0.00,$25.00,$25.00,$0.00,,,,$0.00,$0.00,$0.00,$0.00,Stripe,No,,Completed,Online,1,619a77cd-e2c0-45e6-a417-6a88c996e7fc
GUL1420,Gulaal Holi,14/03/2026,7:00 pm,Jason,Murphy,jason.murphy29@example.com,3304117614,17/07/2026 06:27 am,Manual,Paid,1,0,$25.00,$0.00,$0.00,$0.00,$1.00,$0.00,$0.00,$0.00,$26.00,$0.00,$0.00,$0.00,$0.00,$25.00,$25.00,$0.00,,,,$0.00,$0.00,$0.00,$0.00,Stripe,Yes,,Completed,Manual,1,3a0d3859-82e8-4755-8ba7-4d822f817051
GUL1421,Gulaal Holi,14/03/2026,7:00 pm,Anna,Baker,anna.baker44@example.com,8636470465,14/07/2026 07:17 pm,Online,Paid,2,0,$50.00,$0.00,$0.00,$0.00,$2.00,$0.00,$0.00,$0.00,$52.00,$0.00,$0.00,$0.00,$0.00,$50.00,$50.00,$0.00,,,,$0.00,$0.00,$0.00,$0.00,Stripe,Yes,,Completed,Online,2,e7034c12-82b1-4891-97d9-05886333257a
GUL1422,Gulaal Holi,14/03/2026,7:00 pm,Sharon,Wood,sharon.wood85@example.com,3688300483,29/07/2026 05:56 am,Online,Paid,2,0,$50.00,$0.00,$0.00,$0.00,$2.00,$0.00,$0.00,$0.00,$52.00,$0.00,$0.00,$0.00,$0.00,$50.00,$50.00,$0.00,,,,$0.00,$0.00,$0.00,$0.00,Stripe,No,,Completed,Online,2,b0aa1503-3a1d-4916-ba9b-953166ccef46
GUL1423,Gulaal Holi,14/03/2026,7:00 pm,Ronald,Norris,ronald.norris49@example.com,9229127065,12/08/2026 06:48 am,Online,Paid,1,0,$25.00,$0.00,$0.00,$0.00,$1.00,$0.00,$0.00,$0.00,$26.00,$0.00,$0.00,$0.00,$0.00,$25.00,$25.00,$0.00,,,,$0.00,$0.00,$0.00,$0.00,Stripe,No,,Completed,Online,1,43a414a2-e868-4363-8b2e-adb9107d6e7a
GUL1424,Gulaal Holi,14/03/2026,7:00 pm,Melanie,Munoz,melanie.munoz76@example.com,9118722824,12/07/2026 08:29 am,Online,Paid,1,0,$25.00,$0.00,$0.00,$0.00,$1.00,$0.00,$0.00,$0.00,$26.00,$0.00,$0.00,$0.00,$0.00,$25.00,$25.00,$0.00,,,,$0.00,$0.00,$0.00,$0.00,Stripe,No,,Completed,Online,1,895654d7-1666-4c2b-853a-6494314ce4b2
GUL1425,Gulaal Holi,14/03/2026,7:00 pm,Alex,Green,alex.green64@example.com,0757898497,14/07/2026 08:42 pm,Online,Paid,2,0,$50.00,$0.00,$0.00,$0.00,$2.00,$0.00,$0.00,$0.00,$52.00,$0.00,$0.00,$0.00,$0.00,$50.00,$50.00,$0.00,,,,$0.00,$0.00,$0.00,$0.00,Stripe,No,,Completed,Online,2,0e8fb3d4-99ab-4084-9fd0-f41072e44643
GUL1426,Gulaal Holi,14/03/2026,7:00 pm,Mary,Wiley,mary.wiley2@example.com,1711486565,22/07/2026 05:19 pm,Online,Paid,2,0,$50.00,$0.00,$0.00,$0.00,$2.00,$0.00,$0.00,$0.00,$52.00,$0.00,$0.00,$0.00,$0.00,$50.00,$50.00,$0.00,,,,$0.00,$0.00,$0.00,$0.00,Stripe,Yes,,Completed,Online,2,1a1d07ec-a9b4-415f-88d7-6d5a9eabeffc
GUL1427,Gulaal Holi,14/03/2026,7:00 pm,Cheryl,Archer,cheryl.archer69@example.com,6173563163,18/08/2026 05:02 am,Manual,Paid,1,0,$25.00,$0.00,$0.00,$0.00,$1.00,$0.00,$0.00,$0.00,$26.00,$0.00,$0.00,$0.00,$0.00,$25.00,$25.00,$0.00,,,,$0.00,$0.00,$0.00,$0.00,Stripe,No,,Completed,Manual,1,5dd4797b-f480-4394-bb27-64407603fce3
GUL1428,Gulaal Holi,14/03/2026,7:00 pm,Sean,Baker,sean.baker14@example.com,2616949637,11/08/2026 09:18 pm,Online,Paid,2,0,$50.00,$0.00,$0.00,$0.00,$2.00,$0.00,$0.00,$0.00,$52.00,$0.00,$0.00,$0.00,$0.00,$50.00,$50.00,$0.00,,,,$0.00,$0.00,$0.00,$0.00,Stripe,No,,Completed,Online,2,e4425217-d6d4-436b-92ee-f5bb16b3bada
GUL1429,Gulaal Holi,14/03/2026,7:00 pm,Rachel,Ramos,rachel.ramos78@example.com,6820130716,18/07/2026 03:33 pm,Online,Paid,2,0,$50.00,$0.00,$0.00,$0.00,$2.00,$0.00,$0.00,$0.00,$52.00,$0.00,$0.00,$0.00,$0.00,$50.00,$50.00,$0.00,,,,$0.00,$0.00,$0.00,$0.00,Stripe,No,,Completed,Online,2,2bf73025-b213-42ae-aeea-a345cb9bb441
GUL1430,Gulaal Holi,14/03/2026,7:00 pm,Robert,Johnson,robert.johnson36@example.com,3613179854,14/07/2026 09:22 pm,Online,Paid,3,0,$75.00,$0.00,$0.00,$0.00,$3.00,$0.00,$0.00,$0.00,$78.00,$0.00,$0.00,$0.00,$0.00,$75.00,$75.00,$0.00,,,,$0.00,$0.00,$0.00,$0.00,Stripe,Yes,,Completed,Online,3,d5b50c21-9a20-4881-b072-7fa84f7b1ca3
GUL1431,Gulaal Holi,14/03/2026,7:00 pm,Benjamin,Rogers,benjamin.rogers84@example.com,2954585835,12/07/2026 02:29 pm,Manual,Paid,1,0,$25.00,$0.00,$0.00,$0.00,$1.00,$0.00,$0.00,$0.00,$26.00,$0.00,$0.00,$0.00,$0.00,$25.00,$25.00,$0.00,,,,$0.00,$0.00,$0.00,$0.00,Stripe,No,,Completed,Manual,1,c22d5852-8c54-4108-9603-df79eac50d4b
GUL1432,Gulaal Holi,14/03/2026,7:00 pm,William,Armstrong,william.armstrong55@example.com,7439225517,11/08/2026 07:30 pm,Online,Paid,1,0,$25.00,$0.00,$0.00,$0.00,$1.00,$0.00,$0.00,$0.00,$26.00,$0.00,$0.00,$0.00,$0.00,$25.00,$25.00,$0.00,,,,$0.00,$0.00,$0.00,$0.00,Stripe,No,,Completed,Online,1,529a9573-2f2b-48ba-bd61-592eb358279c
GUL1433,Gulaal Holi,14/03/2026,7:00 pm,John,Leblanc,john.leblanc69@example.com,4762123601,01/08/2026 03:46 am,Online,Paid,1,0,$25.00,$0.00,$0.00,$0.00,$1.00,$0.00,$0.00,$0.00,$26.00,$0.00,$0.00,$0.00,$0.00,$25.00,$25.00,$0.00,,,,$0.00,$0.00,$0.00,$0.00,Stripe,Yes,,Completed,Online,1,5ba6612b-42d8-4523-9925-df49924a6fea
GUL1434,Gulaal Holi,14/03/2026,7:00 pm,Robert,Villa,robert.villa59@example.com,8453156309,20/07/2026 11:29 am,Manual,Paid,1,0,$25.00,$0.00,$0.00,$0.00,$1.00,$0.00,$0.00,$0.00,$26.00,$0.00,$0.00,$0.00,$0.00,$25.00,$25.00,$0.00,,,,$0.00,$0.00,$0.00,$0.00,Stripe,No,,Completed,Manual,1,a9569750-8574-4e6d-a662-a715990a74f1
GUL1435,Gulaal Holi,14/03/2026,7:00 pm,Debbie,Parker,debbie.parker82@example.com,9645987240,08/08/2026 03:31 am,Online,Paid,4,0,$100.00,$0.00,$0.00,$0.00,$4.00,$0.00,$0.00,$0.00,$104.00,$0.00,$0.00,$0.00,$0.00,$100.00,$100.00,$0.00,,,,$0.00,$0.00,$0.00,$0.00,Stripe,Yes,,Completed,Online,4,1b8c674a-b3de-496d-ad03-fb11ddc224eb
GUL1436,Gulaal Holi,14/03/2026,7:00 pm,Veronica,Torres,veronica.torres37@example.com,5166811339,28/07/2026 09:13 am,Online,Paid,1,0,$25.00,$0.00,$0.00,$0.00,$1.00,$0.00,$0.00,$0.00,$26.00,$0.00,$0.00,$0.00,$0.00,$25.00,$25.00,$0.00,,,,$0.00,$0.00,$0.00,$0.00,Stripe,Yes,,Completed,Online,1,b141d1f0-7a6c-4048-875e-502673ec1831
GUL1437,Gulaal Holi,14/03/2026,7:00 pm,Kenneth,Roberts,kenneth.roberts94@example.com,3402422241,15/07/2026 05:11 pm,Online,Paid,3,0,$75.00,$0.00,$0.00,$0.00,$3.00,$0.00,$0.00,$0.00,$78.00,$0.00,$0.00,$0.00,$0.00,$75.00,$75.00,$0.00,,,,$0.00,$0.00,$0.00,$0.00,Stripe,Yes,,Completed,Online,3,696b6093-0fb3-41e9-8f33-671ccf8ddcd6
GUL1438,Gulaal Holi,14/03/2026,7:00 pm,Dylan,Lester,dylan.lester35@example.com,2365401814,05/08/2026 04:24 pm,Online,Paid,1,0,$25.00,$0.00,$0.00,$0.00,$1.00,$0.00,$0.00,$0.00,$26.00,$0.00,$0.00,$0.00,$0.00,$25.00,$25.00,$0.00,,,,$0.00,$0.00,$0.00,$0.00,Stripe,No,,Completed,Online,1,8d80d237-f8d6-40af-82c2-6d9f4be972b5
GUL1439,Gulaal Holi,14/03/2026,7:00 pm,Rebecca,Hernandez,rebecca.hernandez77@example.com,2024350947,13/08/2026 10:34 am,Online,Paid,2,0,$50.00,$0.00,$0.00,$0.00,$2.00,$0.00,$0.00,$0.00,$52.00,$0.00,$0.00,$0.00,$0.00,$50.00,$50.00,$0.00,,,,$0.00,$0.00,$0.00,$0.00,Stripe,No,,Completed,Online,2,83c6e86c-bc5f-4b6a-ab16-35f01e3640b1
GUL1440,Gulaal Holi,14/03/2026,7:00 pm,Christina,Matthews,christina.matthews12@example.com,5640994147,27/07/2026 12:21 am,Online,Paid,2,0,$50.00,$0.00,$0.00,$0.00,$2.00,$0.00,$0.00,$0.00,$52.00,$0.00,$0.00,$0.00,$0.00,$50.00,$50.00,$0.00,,,,$0.00,$0.00,$0.00,$0.00,Stripe,Yes,,Completed,Online,2,10a0cd0f-b4e9-4064-9ebb-05ca8a05d899
GUL1441,Gulaal Holi,14/03/2026,7:00 pm,Emily,Evans,emily.evans51@example.com,0542451908,14/08/2026 09:38 am,Online,Paid,3,0,$75.00,$0.00,$0.00,$0.00,$3.00,$0.00,$0.00,$0.00,$78.00,$0.00,$0.00,$0.00,$0.00,$75.00,$75.00,$0.00,,,,$0.00,$0.00,$0.00,$0.00,Stripe,No,,Completed,Online,3,c7a7a071-d262-4558-a6dd-8969aada8ba0
GUL1442,Gulaal Holi,14/03/2026,7:00 pm,Debra,Harrington,debra.harrington30@example.com,5659429920,13/07/2026 03:53 am,Online,Paid,1,0,$25.00,$0.00,$0.00,$0.00,$1.00,$0.00,$0.00,$0.00,$26.00,$0.00,$0.00,$0.00,$0.00,$25.00,$25.00,$0.00,,,,$0.00,$0.00,$0.00,$0.00,Stripe,No,,Completed,Online,1,6ecad0f5-61b0-481f-b60c-498a61d9e4fe
GUL1443,Gulaal Holi,14/03/2026,7:00 pm,Kenneth,Roberts,kenneth.roberts94@example.com,9229533861,02/08/2026 03:34 am,Online,Paid,1,0,$25.00,$0.00,$0.00,$0.00,$1.00,$0.00,$0.00,$0.00,$26.00,$0.00,$0.00,$0.00,$0.00,$25.00,$25.00,$0.00,,,,$0.00,$0.00,$0.00,$0.00,Stripe,Yes,,Completed,Online,1,d29dc973-a007-4f86-90bf-b144d5b31d9a
GUL1444,Gulaal Holi,14/03/2026,7:00 pm,Christopher,Parker,christopher.parker83@example.com,9093424240,31/07/2026 12:54 pm,Online,Paid,1,0,$25.00,$0.00,$0.00,$0.00,$1.00,$0.00,$0.00,$0.00,$26.00,$0.00,$0.00,$0.00,$0.00,$25.00,$25.00,$0.00,,,,$0.00,$0.00,$0.00,$0.00,Stripe,No,,Completed,Online,1,45292253-3015-43ee-bea3-5692832bd042
GUL1445,Gulaal Holi,14/03/2026,7:00 pm,Jennifer,Perez,jennifer.perez19@example.com,4889334375,26/07/2026 09:40 am,Online,Paid,2,0,$50.00,$0.00,$0.00,$0.00,$2.00,$0.00,$0.00,$0.00,$52.00,$0.00,$0.00,$0.00,$0.00,$50.00,$50.00,$0.00,,,,$0.00,$0.00,$0.00,$0.00,Stripe,No,,Completed,Online,2,41207a2d-9cbf-4d7d-a70c-32806fa97de7
GUL1446,Gulaal Holi,14/03/2026,7:00 pm,David,Mathews,david.mathews25@example.com,5424382692,07/08/2026 10:38 pm,Online,Paid,2,0,$50.00,$0.00,$0.00,$0.00,$2.00,$0.00,$0.00,$0.00,$52.00,$0.00,$0.00,$0.00,$0.00,$50.00,$50.00,$0.00,,,,$0.00,$0.00,$0.00,$0.00,Stripe,No,,Completed,Online,2,34469c32-44dc-4f42-b323-eab30554b144
GUL1447,Gulaal Holi,14/03/2026,7:00 pm,Melissa,Prince,melissa.prince53@example.com,9528895947,23/07/2026 04:04 pm,Online,Paid,2,0,$50.00,$0.00,$0.00,$0.00,$2.00,$0.00,$0.00,$0.00,$52.00,$0.00,$0.00,$0.00,$0.00,$50.00,$50.00,$0.00,,,,$0.00,$0.00,$0.00,$0.00,Stripe,Yes,,Completed,Online,2,9ae48021-e780-4c62-8e81-d5416d4aa116
GUL1448,Gulaal Holi,14/03/2026,7:00 pm,Christopher,Hall,christopher.hall62@example.com,4535917650,13/08/2026 11:31 am,Online,Paid,1,0,$25.00,$0.00,$0.00,$0.00,$1.00,$0.00,$0.00,$0.00,$26.00,$0.00,$0.00,$0.00,$0.00,$25.00,$25.00,$0.00,,,,$0.00,$0.00,$0.00,$0.00,Stripe,No,,Completed,Online,1,338f8ce9-85e5-4910-8ca8-9e63cd7514b1
GUL1449,Gulaal Holi,14/03/2026,7:00 pm,Hannah,Abbott,hannah.abbott61@example.com,4288734496,10/07/2026 02:03 pm,Online,Paid,2,0,$50.00,$0.00,$0.00,$0.00,$2.00,$0.00,$0.00,$0.00,$52.00,$0.00,$0.00,$0.00,$0.00,$50.00,$50.00,$0.00,,,,$0.00,$0.00,$0.00,$0.00,Stripe,No,,Completed,Online,2,89f4f37c-96cb-432e-b331-7cff6e00c90c
GUL1450,Gulaal Holi,14/03/2026,7:00 pm,Katherine,Garrett,katherine.garrett54@example.com,7061706901,03/08/2026 05:58 am,Online,Paid,1,0,$25.00,$0.00,$0.00,$0.00,$1.00,$0.00,$0.00,$0.00,$26.00,$0.00,$0.00,$0.00,$0.00,$25.00,$25.00,$0.00,,,,$0.00,$0.00,$0.00,$0.00,Stripe,Yes,,Completed,Online,1,06bcb3c0-14ae-434d-9500-46e3e87ed008
GUL1451,Gulaal Holi,14/03/2026,7:00 pm,Kelly,Roberts,kelly.roberts56@example.com,8471567566,16/08/2026 11:31 pm,Online,Paid,2,0,$50.00,$0.00,$0.00,$0.00,$2.00,$0.00,$0.00,$0.00,$52.00,$0.00,$0.00,$0.00,$0.00,$50.00,$50.00,$0.00,,,,$0.00,$0.00,$0.00,$0.00,Stripe,No,,Completed,Online,2,8153af6c-ba5c-443e-8af6-38a3139a538c
GUL1452,Gulaal Holi,14/03/2026,7:00 pm,Jennifer,Walters,jennifer.walters57@example.com,1674492343,26/07/2026 09:09 pm,Online,Paid,2,0,$50.00,$0.00,$0.00,$0.00,$2.00,$0.00,$0.00,$0.00,$52.00,$0.00,$0.00,$0.00,$0.00,$50.00,$50.00,$0.00,,,,$0.00,$0.00,$0.00,$0.00,Stripe,Yes,,Completed,Online,2,04c60509-53e1-4eef-8462-2ac59352e5e1
GUL1453,Gulaal Holi,14/03/2026,7:00 pm,Ashley,Jacobs,ashley.jacobs78@example.com,5056693754,13/08/2026 08:14 pm,Online,Paid,4,0,$100.00,$0.00,$0.00,$0.00,$4.00,$0.00,$0.00,$0.00,$104.00,$0.00,$0.00,$0.00,$0.00,$100.00,$100.00,$0.00,,,,$0.00,$0.00,$0.00,$0.00,Stripe,Yes,,Completed,Online,4,8f9d0bb5-cb9f-45ec-ad8d-fa8ee6b7bbdf
GUL1454,Gulaal Holi,14/03/2026,7:00 pm,Madison,Blankenship,madison.blankenship47@example.com,8925714025,27/07/2026 08:37 am,Online,Paid,2,0,$50.00,$0.00,$0.00,$0.00,$2.00,$0.00,$0.00,$0.00,$52.00,$0.00,$0.00,$0.00,$0.00,$50.00,$50.00,$0.00,,,,$0.00,$0.00,$0.00,$0.00,Stripe,No,,Completed,Online,2,ffbdefdc-b4aa-4ace-9f0d-13ac52dfb707
GUL1455,Gulaal Holi,14/03/2026,7:00 pm,Justin,Evans,justin.evans97@example.com,6481638493,29/07/2026 12:55 pm,Online,Paid,4,0,$100.00,$0.00,$0.00,$0.00,$4.00,$0.00,$0.00,$0.00,$104.00,$0.00,$0.00,$0.00,$0.00,$100.00,$100.00,$0.00,,,,$0.00,$0.00,$0.00,$0.00,Stripe,Yes,,Completed,Online,4,52b52069-3224-48fd-a2a7-1fd7abd20197
GUL1456,Gulaal Holi,14/03/2026,7:00 pm,Andrea,Davis,andrea.davis27@example.com,0101278969,30/07/2026 09:11 am,Online,Refunded,0,2,$0.00,$0.00,$0.00,$0.00,$0.00,$0.00,$0.00,$0.00,$0.00,$0.00,$0.00,$0.00,$0.00,$0.00,$0.00,$0.00,,,,$0.00,$0.00,$0.00,$0.00,Stripe,No,,Completed,Online,2,c253dac4-0064-44a9-b559-74b4a6058c3e
GUL1457,Gulaal Holi,14/03/2026,7:00 pm,John,Davidson,john.davidson18@example.com,2775867036,21/07/2026 08:56 pm,Online,Paid,3,0,$75.00,$0.00,$0.00,$0.00,$3.00,$0.00,$0.00,$0.00,$78.00,$0.00,$0.00,$0.00,$0.00,$75.00,$75.00,$0.00,,,,$0.00,$0.00,$0.00,$0.00,Stripe,Yes,,Completed,Online,3,bf52d943-31bd-47de-b202-c05a0d360498
GUL1458,Gulaal Holi,14/03/2026,7:00 pm,Stacey,Joyce,stacey.joyce7@example.com,4439468963,26/07/2026 09:14 pm,Online,Paid,1,0,$25.00,$0.00,$0.00,$0.00,$1.00,$0.00,$0.00,$0.00,$26.00,$0.00,$0.00,$0.00,$0.00,$25.00,$25.00,$0.00,,,,$0.00,$0.00,$0.00,$0.00,Stripe,Yes,,Completed,Online,1,2689bcec-f687-4db2-ac9c-a563126a9d3c
GUL1459,Gulaal Holi,14/03/2026,7:00 pm,Ashley,Andrews,ashley.andrews65@example.com,7617073174,18/07/2026 01:26 am,Online,Paid,3,0,$75.00,$0.00,$0.00,$0.00,$3.00,$0.00,$0.00,$0.00,$78.00,$0.00,$0.00,$0.00,$0.00,$75.00,$75.00,$0.00,,,,$0.00,$0.00,$0.00,$0.00,Stripe,No,,Completed,Online,3,2c4d9dd1-6d91-48b9-a2da-32dd762831bf
GUL1460,Gulaal Holi,14/03/2026,7:00 pm,George,Miller,george.miller96@example.com,6367850898,05/08/2026 05:48 pm,Online,Paid,1,0,$25.00,$0.00,$0.00,$0.00,$1.00,$0.00,$0.00,$0.00,$26.00,$0.00,$0.00,$0.00,$0.00,$25.00,$25.00,$0.00,,,,$0.00,$0.00,$0.00,$0.00,Stripe,Yes,,Completed,Online,1,f75820c1-7eec-4024-8897-2af543d4d1a6
GUL1461,Gulaal Holi,14/03/2026,7:00 pm,Christopher,Fleming,christopher.fleming22@example.com,9443485295,09/08/2026 01:41 pm,Online,Refunded,0,1,$0.00,$0.00,$0.00,$0.00,$0.00,$0.00,$0.00,$0.00,$0.00,$0.00,$0.00,$0.00,$0.00,$0.00,$0.00,$0.00,,,,$0.00,$0.00,$0.00,$0.00,Stripe,No,,Completed,Online,1,d3696a0f-e0d0-4f68-80f5-c102c986b12d
GUL1462,Gulaal Holi,14/03/2026,7:00 pm,Mary,Aguilar,mary.aguilar21@example.com,7676874042,13/08/2026 07:23 am,Online,Paid,1,0,$25.00,$0.00,$0.00,$0.00,$1.00,$0.00,$0.00,$0.00,$26.00,$0.00,$0.00,$0.00,$0.00,$25.00,$25.00,$0.00,,,,$0.00,$0.00,$0.00,$0.00,Stripe,No,,Completed,Online,1,4ee14e1b-149c-44a8-9acd-0fb5779d6d31
GUL1463,Gulaal Holi,14/03/2026,7:00 pm,Victoria,Thomas,victoria.thomas43@example.com,3411573309,02/08/2026 04:23 pm,Online,Paid,2,0,$50.00,$0.00,$0.00,$0.00,$2.00,$0.00,$0.00,$0.00,$52.00,$0.00,$0.00,$0.00,$0.00,$50.00,$50.00,$0.00,,,,$0.00,$0.00,$0.00,$0.00,Stripe,Yes,,Completed,Online,2,922b713c-0be8-4a0b-b7b6-6a25a4b2914a
GUL1464,Gulaal Holi,14/03/2026,7:00 pm,Stanley,Morris,stanley.morris73@example.com,6565823445,12/08/2026 02:26 pm,Online,Paid,1,0,$25.00,$0.00,$0.00,$0.00,$1.00,$0.00,$0.00,$0.00,$26.00,$0.00,$0.00,$0.00,$0.00,$25.00,$25.00,$0.00,,,,$0.00,$0.00,$0.00,$0.00,Stripe,Yes,,Completed,Online,1,5d8e96f7-6c33-4e04-a83f-e708a79a08d9
GUL1465,Gulaal Holi,14/03/2026,7:00 pm,Malik,Valentine,malik.valentine98@example.com,3266000470,20/07/2026 12:04 am,Online,Paid,1,0,$25.00,$0.00,$0.00,$0.00,$1.00,$0.00,$0.00,$0.00,$26.00,$0.00,$0.00,$0.00,$0.00,$25.00,$25.00,$0.00,,,,$0.00,$0.00,$0.00,$0.00,Stripe,Yes,,Completed,Online,1,d09f6ec0-3eda-4f9b-bc51-16280f57928f
GUL1466,Gulaal Holi,14/03/2026,7:00 pm,James,Johnson,james.johnson40@example.com,6119989965,22/07/2026 09:47 am,Online,Paid,1,0,$25.00,$0.00,$0.00,$0.00,$1.00,$0.00,$0.00,$0.00,$26.00,$0.00,$0.00,$0.00,$0.00,$25.00,$25.00,$0.00,,,,$0.00,$0.00,$0.00,$0.00,Stripe,No,,Completed,Online,1,517ae689-e300-4545-aecf-14451a0fb76e
GUL1467,Gulaal Holi,14/03/2026,7:00 pm,John,Walsh,john.walsh68@example.com,4661447761,30/07/2026 12:02 am,Online,Paid,1,0,$25.00,$0.00,$0.00,$0.00,$1.00,$0.00,$0.00,$0.00,$26.00,$0.00,$0.00,$0.00,$0.00,$25.00,$25.00,$0.00,,,,$0.00,$0.00,$0.00,$0.00,Stripe,No,,Completed,Online,1,47d99ac7-0003-4d63-ab3e-f81d7ca2e893
GUL1468,Gulaal Holi,14/03/2026,7:00 pm,Paul,Hoffman,paul.hoffman4@example.com,6682905256,07/08/2026 12:14 pm,Manual,Refunded,0,2,$0.00,$0.00,$0.00,$0.00,$0.00,$0.00,$0.00,$0.00,$0.00,$0.00,$0.00,$0.00,$0.00,$0.00,$0.00,$0.00,,,,$0.00,$0.00,$0.00,$0.00,Stripe,No,,Completed,Manual,2,a453cfdc-86d9-4abd-844b-6c425ffb3b71
GUL1469,Gulaal Holi,14/03/2026,7:00 pm,Joshua,Martinez,joshua.martinez79@example.com,2330292764,03/08/2026 01:01 pm,Online,Paid,3,0,$75.00,$0.00,$0.00,$0.00,$3.00,$0.00,$0.00,$0.00,$78.00,$0.00,$0.00,$0.00,$0.00,$75.00,$75.00,$0.00,,,,$0.00,$0.00,$0.00,$0.00,Stripe,No,,Completed,Online,3,3df1b08f-ae2f-4a94-bb2e-86f3d692b225
GUL1470,Gulaal Holi,14/03/2026,7:00 pm,Victoria,Durham,victoria.durham86@example.com,2214051318,03/08/2026 05:04 pm,Online,Paid,1,0,$25.00,$0.00,$0.00,$0.00,$1.00,$0.00,$0.00,$0.00,$26.00,$0.00,$0.00,$0.00,$0.00,$25.00,$25.00,$0.00,,,,$0.00,$0.00,$0.00,$0.00,Stripe,No,,Completed,Online,1,73792444-4eba-4d22-bc0b-b2764eee8480
GUL1471,Gulaal Holi,14/03/2026,7:00 pm,Joshua,Miller,joshua.miller84@example.com,8914785247,13/08/2026 05:54 am,Online,Paid,1,0,$25.00,$0.00,$0.00,$0.00,$1.00,$0.00,$0.00,$0.00,$26.00,$0.00,$0.00,$0.00,$0.00,$25.00,$25.00,$0.00,,,,$0.00,$0.00,$0.00,$0.00,Stripe,Yes,,Completed,Online,1,9b0fa7c1-53ca-4fcd-b01f-4cda00ae81a1
GUL1472,Gulaal Holi,14/03/2026,7:00 pm,Terri,Brown,terri.brown83@example.com,0238735186,20/07/2026 03:28 pm,Online,Paid,1,0,$25.00,$0.00,$0.00,$0.00,$1.00,$0.00,$0.00,$0.00,$26.00,$0.00,$0.00,$0.00,$0.00,$25.00,$25.00,$0.00,,,,$0.00,$0.00,$0.00,$0.00,Stripe,No,,Completed,Online,1,342b6225-1873-4a1d-8d6d-1f827aa41188
GUL1473,Gulaal Holi,14/03/2026,7:00 pm,Kimberly,Bradley,kimberly.bradley86@example.com,5183025853,13/07/2026 10:12 pm,Online,Paid,3,0,$75.00,$0.00,$0.00,$0.00,$3.00,$0.00,$0.00,$0.00,$78.00,$0.00,$0.00,$0.00,$0.00,$75.00,$75.00,$0.00,,,,$0.00,$0.00,$0.00,$0.00,Stripe,No,,Completed,Online,3,59693879-141a-4b56-9091-259688d5c2b6
GUL1474,Gulaal Holi,14/03/2026,7:00 pm,Julie,Hamilton,julie.hamilton71@example.com,2178955990,18/07/2026 02:24 pm,Online,Paid,2,0,$50.00,$0.00,$0.00,$0.00,$2.00,$0.00,$0.00,$0.00,$52.00,$0.00,$0.00,$0.00,$0.00,$50.00,$50.00,$0.00,,,,$0.00,$0.00,$0.00,$0.00,Stripe,No,,Completed,Online,2,cb2cda3e-ad6b-4d45-a2dd-8660b4b4aba9
GUL1475,Gulaal Holi,14/03/2026,7:00 pm,Aaron,Hayes,aaron.hayes92@example.com,8655816759,17/08/2026 08:58 am,Online,Paid,2,0,$50.00,$0.00,$0.00,$0.00,$2.00,$0.00,$0.00,$0.00,$52.00,$0.00,$0.00,$0.00,$0.00,$50.00,$50.00,$0.00,,,,$0.00,$0.00,$0.00,$0.00,Stripe,No,,Completed,Online,2,18db9a78-da93-47a6-b145-52c8349de09f
GUL1476,Gulaal Holi,14/03/2026,7:00 pm,Jacob,Gill,jacob.gill9@example.com,8918003814,02/08/2026 07:48 am,Online,Paid,2,0,$50.00,$0.00,$0.00,$0.00,$2.00,$0.00,$0.00,$0.00,$52.00,$0.00,$0.00,$0.00,$0.00,$50.00,$50.00,$0.00,,,,$0.00,$0.00,$0.00,$0.00,Stripe,No,,Completed,Online,2,fb664abf-9b50-45fb-b41d-a663208befee
GUL1477,Gulaal Holi,14/03/2026,7:00 pm,Alexis,Harris,alexis.harris38@example.com,2195973091,11/08/2026 05:59 am,Online,Paid,2,0,$50.00,$0.00,$0.00,$0.00,$2.00,$0.00,$0.00,$0.00,$52.00,$0.00,$0.00,$0.00,$0.00,$50.00,$50.00,$0.00,,,,$0.00,$0.00,$0.00,$0.00,Stripe,No,,Completed,Online,2,e7940b08-78e0-49ac-a79c-e2d1507c2d8d
GUL1478,Gulaal Holi,14/03/2026,7:00 pm,Jose,Huffman,jose.huffman98@example.com,1461331555,17/07/2026 10:38 pm,Online,Paid,2,0,$50.00,$0.00,$0.00,$0.00,$2.00,$0.00,$0.00,$0.00,$52.00,$0.00,$0.00,$0.00,$0.00,$50.00,$50.00,$0.00,,,,$0.00,$0.00,$0.00,$0.00,Stripe,No,,Completed,Online,2,309757d9-09fb-47f0-b934-7ab6521b3730
GUL1479,Gulaal Holi,14/03/2026,7:00 pm,Emily,Richards,emily.richards71@example.com,4077811096,12/07/2026 04:55 pm,Online,Paid,1,0,$25.00,$0.00,$0.00,$0.00,$1.00,$0.00,$0.00,$0.00,$26.00,$0.00,$0.00,$0.00,$0.00,$25.00,$25.00,$0.00,,,,$0.00,$0.00,$0.00,$0.00,Stripe,No,,Completed,Online,1,5017bace-c49f-4e14-a9e4-8f214d9698aa
GUL1480,Gulaal Holi,14/03/2026,7:00 pm,Travis,Martinez,travis.martinez87@example.com,6345418299,22/07/2026 09:06 pm,Online,Paid,1,0,$25.00,$0.00,$0.00,$0.00,$1.00,$0.00,$0.00,$0.00,$26.00,$0.00,$0.00,$0.00,$0.00,$25.00,$25.00,$0.00,,,,$0.00,$0.00,$0.00,$0.00,Stripe,Yes,,Completed,Online,1,e7a38ff8-db91-4ffd-9d26-e2d1f0528bff
GUL1481,Gulaal Holi,14/03/2026,7:00 pm,Joshua,Madden,joshua.madden85@example.com,2064191061,02/08/2026 05:29 pm,Online,Paid,1,0,$25.00,$0.00,$0.00,$0.00,$1.00,$0.00,$0.00,$0.00,$26.00,$0.00,$0.00,$0.00,$0.00,$25.00,$25.00,$0.00,,,,$0.00,$0.00,$0.00,$0.00,Stripe,No,,Completed,Online,1,e529f653-0f12-443f-846b-c3d717e16c8b
GUL1482,Gulaal Holi,14/03/2026,7:00 pm,Samantha,Salas,samantha.salas2@example.com,2421682682,08/08/2026 07:19 pm,Online,Paid,1,0,$25.00,$0.00,$0.00,$0.00,$1.00,$0.00,$0.00,$0.00,$26.00,$0.00,$0.00,$0.00,$0.00,$25.00,$25.00,$0.00,,,,$0.00,$0.00,$0.00,$0.00,Stripe,No,,Completed,Online,1,66f09429-a356-4dd0-ad88-ee885b184e8c
GUL1483,Gulaal Holi,14/03/2026,7:00 pm,Audrey,Aguirre,audrey.aguirre50@example.com,9962083479,17/07/2026 01:23 am,Online,Paid,1,0,$25.00,$0.00,$0.00,$0.00,$1.00,$0.00,$0.00,$0.00,$26.00,$0.00,$0.00,$0.00,$0.00,$25.00,$25.00,$0.00,,,,$0.00,$0.00,$0.00,$0.00,Stripe,No,,Completed,Online,1,239f7c50-3afb-433e-9196-86375863229c
GUL1484,Gulaal Holi,14/03/2026,7:00 pm,Terri,Crawford,terri.crawford54@example.com,7228703220,05/08/2026 05:29 am,Online,Paid,3,0,$75.00,$0.00,$0.00,$0.00,$3.00,$0.00,$0.00,$0.00,$78.00,$0.00,$0.00,$0.00,$0.00,$75.00,$75.00,$0.00,,,,$0.00,$0.00,$0.00,$0.00,Stripe,No,,Completed,Online,3,7e4be894-9d9d-417c-96f0-0bd98f113c8d
GUL1485,Gulaal Holi,14/03/2026,7:00 pm,Michelle,Cherry,michelle.cherry68@example.com,3871295145,08/08/2026 01:47 am,Manual,Paid,2,0,$50.00,$0.00,$0.00,$0.00,$2.00,$0.00,$0.00,$0.00,$52.00,$0.00,$0.00,$0.00,$0.00,$50.00,$50.00,$0.00,,,,$0.00,$0.00,$0.00,$0.00,Stripe,Yes,,Completed,Manual,2,e2741915-8300-4f15-beef-fc7fad48c174
GUL1486,Gulaal Holi,14/03/2026,7:00 pm,Matthew,Chapman,matthew.chapman49@example.com,2860604802,15/08/2026 12:05 pm,Online,Paid,2,0,$50.00,$0.00,$0.00,$0.00,$2.00,$0.00,$0.00,$0.00,$52.00,$0.00,$0.00,$0.00,$0.00,$50.00,$50.00,$0.00,,,,$0.00,$0.00,$0.00,$0.00,Stripe,Yes,,Completed,Online,2,d8e1fe32-5bce-41c4-887e-332c6b23686b
GUL1487,Gulaal Holi,14/03/2026,7:00 pm,Tami,Clark,tami.clark74@example.com,4769509041,22/07/2026 03:01 am,Online,Paid,3,0,$75.00,$0.00,$0.00,$0.00,$3.00,$0.00,$0.00,$0.00,$78.00,$0.00,$0.00,$0.00,$0.00,$75.00,$75.00,$0.00,,,,$0.00,$0.00,$0.00,$0.00,Stripe,Yes,,Completed,Online,3,f683065e-6463-4483-af86-dcc9549a7833
GUL1488,Gulaal Holi,14/03/2026,7:00 pm,Andrew,Willis,andrew.willis10@example.com,0165562388,06/08/2026 05:36 am,Manual,Paid,2,0,$50.00,$0.00,$0.00,$0.00,$2.00,$0.00,$0.00,$0.00,$52.00,$0.00,$0.00,$0.00,$0.00,$50.00,$50.00,$0.00,,,,$0.00,$0.00,$0.00,$0.00,Stripe,Yes,,Completed,Manual,2,ba5e8d20-715b-4d6d-82ac-e0dced3f3aff
GUL1489,Gulaal Holi,14/03/2026,7:00 pm,Theresa,Jones,theresa.jones10@example.com,6993136062,13/08/2026 05:33 pm,Online,Paid,2,0,$50.00,$0.00,$0.00,$0.00,$2.00,$0.00,$0.00,$0.00,$52.00,$0.00,$0.00,$0.00,$0.00,$50.00,$50.00,$0.00,,,,$0.00,$0.00,$0.00,$0.00,Stripe,No,,Completed,Online,2,19020277-fe06-4a7d-9693-3dc7e27d114a
GUL1490,Gulaal Holi,14/03/2026,7:00 pm,Joseph,Tanner,joseph.tanner39@example.com,8604794719,10/08/2026 02:01 pm,Online,Refunded,0,1,$0.00,$0.00,$0.00,$0.00,$0.00,$0.00,$0.00,$0.00,$0.00,$0.00,$0.00,$0.00,$0.00,$0.00,$0.00,$0.00,,,,$0.00,$0.00,$0.00,$0.00,Stripe,No,,Completed,Online,1,544b1a44-3512-402b-8444-e6428249dfeb
GUL1491,Gulaal Holi,14/03/2026,7:00 pm,James,Lawson,james.lawson32@example.com,8953829441,15/07/2026 03:18 am,Online,Paid,1,0,$25.00,$0.00,$0.00,$0.00,$1.00,$0.00,$0.00,$0.00,$26.00,$0.00,$0.00,$0.00,$0.00,$25.00,$25.00,$0.00,,,,$0.00,$0.00,$0.00,$0.00,Stripe,Yes,,Completed,Online,1,bb27dcbb-9038-4703-8f12-b31375a870a1
GUL1492,Gulaal Holi,14/03/2026,7:00 pm,Christopher,Anderson,christopher.anderson57@example.com,3472839516,12/07/2026 06:32 am,Online,Paid,2,0,$50.00,$0.00,$0.00,$0.00,$2.00,$0.00,$0.00,$0.00,$52.00,$0.00,$0.00,$0.00,$0.00,$50.00,$50.00,$0.00,,,,$0.00,$0.00,$0.00,$0.00,Stripe,No,,Completed,Online,2,ba8cecfc-54d5-4514-907c-7b39d1f055ba
GUL1493,Gulaal Holi,14/03/2026,7:00 pm,Tina,Herrera,tina.herrera38@example.com,7084886865,19/07/2026 12:43 am,Online,Paid,1,0,$25.00,$0.00,$0.00,$0.00,$1.00,$0.00,$0.00,$0.00,$26.00,$0.00,$0.00,$0.00,$0.00,$25.00,$25.00,$0.00,,,,$0.00,$0.00,$0.00,$0.00,Stripe,No,,Completed,Online,1,c6386ae0-5e18-48c9-aab3-5719e41342ec
GUL1494,Gulaal Holi,14/03/2026,7:00 pm,Corey,Schultz,corey.schultz39@example.com,2828018323,05/08/2026 06:52 am,Online,Paid,1,0,$25.00,$0.00,$0.00,$0.00,$1.00,$0.00,$0.00,$0.00,$26.00,$0.00,$0.00,$0.00,$0.00,$25.00,$25.00,$0.00,,,,$0.00,$0.00,$0.00,$0.00,Stripe,Yes,,Completed,Online,1,83a52e89-828c-4bac-a5f5-883f6fd17141
GUL1495,Gulaal Holi,14/03/2026,7:00 pm,Denise,Webster,denise.webster9@example.com,6767809645,23/07/2026 06:43 pm,Online,Paid,1,0,$25.00,$0.00,$0.00,$0.00,$1.00,$0.00,$0.00,$0.00,$26.00,$0.00,$0.00,$0.00,$0.00,$25.00,$25.00,$0.00,,,,$0.00,$0.00,$0.00,$0.00,Stripe,No,,Completed,Online,1,47ddafc9-bbeb-4043-84d0-2163f93b9f4f
GUL1496,Gulaal Holi,14/03/2026,7:00 pm,Bobby,Mahoney,bobby.mahoney9@example.com,5213531755,01/08/2026 07:34 pm,Online,Paid,1,0,$25.00,$0.00,$0.00,$0.00,$1.00,$0.00,$0.00,$0.00,$26.00,$0.00,$0.00,$0.00,$0.00,$25.00,$25.00,$0.00,,,,$0.00,$0.00,$0.00,$0.00,Stripe,No,,Completed,Online,1,9f662738-b334-4662-80c1-17e5ec7be9e9
GUL1497,Gulaal Holi,14/03/2026,7:00 pm,David,Colon,david.colon78@example.com,4114862675,29/07/2026 11:05 am,Online,Paid,2,0,$50.00,$0.00,$0.00,$0.00,$2.00,$0.00,$0.00,$0.00,$52.00,$0.00,$0.00,$0.00,$0.00,$50.00,$50.00,$0.00,,,,$0.00,$0.00,$0.00,$0.00,Stripe,No,,Completed,Online,2,41d6045c-6ca5-47a3-be36-8b309e6ae5ed
GUL1498,Gulaal Holi,14/03/2026,7:00 pm,Cynthia,Poole,cynthia.poole85@example.com,9655156419,23/07/2026 11:02 am,Manual,Paid,1,0,$25.00,$0.00,$0.00,$0.00,$1.00,$0.00,$0.00,$0.00,$26.00,$0.00,$0.00,$0.00,$0.00,$25.00,$25.00,$0.00,,,,$0.00,$0.00,$0.00,$0.00,Stripe,No,,Completed,Manual,1,ef7419b8-3cd2-4aaf-ad40-a9b8994e594e
GUL1499,Gulaal Holi,14/03/2026,7:00 pm,Joel,Cochran,joel.cochran59@example.com,9358201630,07/08/2026 02:11 pm,Online,Paid,3,0,$75.00,$0.00,$0.00,$0.00,$3.00,$0.00,$0.00,$0.00,$78.00,$0.00,$0.00,$0.00,$0.00,$75.00,$75.00,$0.00,,,,$0.00,$0.00,$0.00,$0.00,Stripe,No,,Completed,Online,3,27bd668b-a3a9-41c1-a6f7-150479b3d03b
GUL1500,Gulaal Holi,14/03/2026,7:00 pm,Shelly,Moore,shelly.moore11@example.com,2284834927,17/07/2026 03:19 am,Online,Paid,1,0,$25.00,$0.00,$0.00,$0.00,$1.00,$0.00,$0.00,$0.00,$26.00,$0.00,$0.00,$0.00,$0.00,$25.00,$25.00,$0.00,,,,$0.00,$0.00,$0.00,$0.00,Stripe,Yes,,Completed,Online,1,85182ad2-a0e0-41c8-9156-77430c7f758b
GUL1501,Gulaal Holi,14/03/2026,7:00 pm,Daniel,Martin,daniel.martin67@example.com,0180403348,09/08/2026 07:03 am,Online,Paid,2,0,$50.00,$0.00,$0.00,$0.00,$2.00,$0.00,$0.00,$0.00,$52.00,$0.00,$0.00,$0.00,$0.00,$50.00,$50.00,$0.00,,,,$0.00,$0.00,$0.00,$0.00,Stripe,No,,Completed,Online,2,bf6c9c59-704a-4a29-b81b-c235ded6ecef
GUL1502,Gulaal Holi,14/03/2026,7:00 pm,Emily,Adams,emily.adams66@example.com,6715544605,19/07/2026 08:20 pm,Online,Paid,1,0,$25.00,$0.00,$0.00,$0.00,$1.00,$0.00,$0.00,$0.00,$26.00,$0.00,$0.00,$0.00,$0.00,$25.00,$25.00,$0.00,,,,$0.00,$0.00,$0.00,$0.00,Stripe,Yes,,Completed,Online,1,9d74321a-0a78-4cfd-a498-6ec1e47aa215
GUL1503,Gulaal Holi,14/03/2026,7:00 pm,Tracy,Whitehead,tracy.whitehead18@example.com,4627205364,14/08/2026 03:20 am,Online,Paid,3,0,$75.00,$0.00,$0.00,$0.00,$3.00,$0.00,$0.00,$0.00,$78.00,$0.00,$0.00,$0.00,$0.00,$75.00,$75.00,$0.00,,,,$0.00,$0.00,$0.00,$0.00,Stripe,Yes,,Completed,Online,3,27354c3b-b0dd-4d66-996b-c6f21b69f51d
GUL1504,Gulaal Holi,14/03/2026,7:00 pm,Desiree,Garrison,desiree.garrison89@example.com,6728502155,07/08/2026 02:55 am,Online,Paid,1,0,$25.00,$0.00,$0.00,$0.00,$1.00,$0.00,$0.00,$0.00,$26.00,$0.00,$0.00,$0.00,$0.00,$25.00,$25.00,$0.00,,,,$0.00,$0.00,$0.00,$0.00,Stripe,Yes,,Completed,Online,1,7f43be26-ac6f-4539-8505-2c45dc63a396
GUL1505,Gulaal Holi,14/03/2026,7:00 pm,Joshua,Hays,joshua.hays4@example.com,8212626439,28/07/2026 02:44 am,Manual,Paid,1,0,$25.00,$0.00,$0.00,$0.00,$1.00,$0.00,$0.00,$0.00,$26.00,$0.00,$0.00,$0.00,$0.00,$25.00,$25.00,$0.00,,,,$0.00,$0.00,$0.00,$0.00,Stripe,No,,Completed,Manual,1,49dfd018-4459-47bd-8312-5577a42f5d7c
GUL1506,Gulaal Holi,14/03/2026,7:00 pm,Jennifer,Harris,jennifer.harris47@example.com,7890751991,08/08/2026 02:18 pm,Manual,Paid,1,0,$25.00,$0.00,$0.00,$0.00,$1.00,$0.00,$0.00,$0.00,$26.00,$0.00,$0.00,$0.00,$0.00,$25.00,$25.00,$0.00,,,,$0.00,$0.00,$0.00,$0.00,Stripe,No,,Completed,Manual,1,5ecda362-5fe8-4045-bbb7-e06874c1f9b4
GUL1507,Gulaal Holi,14/03/2026,7:00 pm,John,Kim,john.kim12@example.com,4149253164,13/07/2026 01:56 am,Online,Paid,1,0,$25.00,$0.00,$0.00,$0.00,$1.00,$0.00,$0.00,$0.00,$26.00,$0.00,$0.00,$0.00,$0.00,$25.00,$25.00,$0.00,,,,$0.00,$0.00,$0.00,$0.00,Stripe,No,,Completed,Online,1,c28c57bb-ac47-4be8-8263-cf0d851f9a50
GUL1508,Gulaal Holi,14/03/2026,7:00 pm,Scott,Mills,scott.mills97@example.com,9747765659,19/07/2026 10:41 pm,Online,Paid,2,0,$50.00,$0.00,$0.00,$0.00,$2.00,$0.00,$0.00,$0.00,$52.00,$0.00,$0.00,$0.00,$0.00,$50.00,$50.00,$0.00,,,,$0.00,$0.00,$0.00,$0.00,Stripe,Yes,,Completed,Online,2,b9ac3983-4d90-4891-937e-26575c94c008
GUL1509,Gulaal Holi,14/03/2026,7:00 pm,Lindsay,Blair,lindsay.blair55@example.com,4368771569,03/08/2026 07:21 am,Online,Paid,4,0,$100.00,$0.00,$0.00,$0.00,$4.00,$0.00,$0.00,$0.00,$104.00,$0.00,$0.00,$0.00,$0.00,$100.00,$100.00,$0.00,,,,$0.00,$0.00,$0.00,$0.00,Stripe,No,,Completed,Online,4,c486ca71-4400-4cc6-950f-2960d47f5d50
GUL1510,Gulaal Holi,14/03/2026,7:00 pm,Elizabeth,May,elizabeth.may23@example.com,7634153597,03/08/2026 07:06 am,Manual,Paid,2,0,$50.00,$0.00,$0.00,$0.00,$2.00,$0.00,$0.00,$0.00,$52.00,$0.00,$0.00,$0.00,$0.00,$50.00,$50.00,$0.00,,,,$0.00,$0.00,$0.00,$0.00,Stripe,No,,Completed,Manual,2,1f8178d2-1c1b-4fdd-8c38-9a24a9fb4275
GUL1511,Gulaal Holi,14/03/2026,7:00 pm,Lisa,Wilson,lisa.wilson52@example.com,7734943148,16/08/2026 10:46 am,Online,Paid,1,0,$25.00,$0.00,$0.00,$0.00,$1.00,$0.00,$0.00,$0.00,$26.00,$0.00,$0.00,$0.00,$0.00,$25.00,$25.00,$0.00,,,,$0.00,$0.00,$0.00,$0.00,Stripe,No,,Completed,Online,1,77e267ad-5d83-45ff-b14d-34105a36bad7
GUL1512,Gulaal Holi,14/03/2026,7:00 pm,Alicia,Romero,alicia.romero92@example.com,6413547416,16/08/2026 10:10 pm,Online,Paid,2,0,$50.00,$0.00,$0.00,$0.00,$2.00,$0.00,$0.00,$0.00,$52.00,$0.00,$0.00,$0.00,$0.00,$50.00,$50.00,$0.00,,,,$0.00,$0.00,$0.00,$0.00,Stripe,No,,Completed,Online,2,aa49faab-9e9c-4f2a-b6c8-7c6c77b42cd6
GUL1513,Gulaal Holi,14/03/2026,7:00 pm,Bill,Reynolds,bill.reynolds62@example.com,2855580957,22/07/2026 03:47 pm,Online,Paid,1,0,$25.00,$0.00,$0.00,$0.00,$1.00,$0.00,$0.00,$0.00,$26.00,$0.00,$0.00,$0.00,$0.00,$25.00,$25.00,$0.00,,,,$0.00,$0.00,$0.00,$0.00,Stripe,No,,Completed,Online,1,19043f35-8067-41dd-ad8f-2ec65cb43f8e
GUL1514,Gulaal Holi,14/03/2026,7:00 pm,Melvin,Humphrey,melvin.humphrey34@example.com,0284136233,04/08/2026 09:36 pm,Online,Paid,3,0,$75.00,$0.00,$0.00,$0.00,$3.00,$0.00,$0.00,$0.00,$78.00,$0.00,$0.00,$0.00,$0.00,$75.00,$75.00,$0.00,,,,$0.00,$0.00,$0.00,$0.00,Stripe,No,,Completed,Online,3,1a0d12e1-770b-48a3-84ab-90e44cf30233
GUL1515,Gulaal Holi,14/03/2026,7:00 pm,Rodney,Owens,rodney.owens90@example.com,1479734185,20/07/2026 05:19 am,Online,Paid,1,0,$25.00,$0.00,$0.00,$0.00,$1.00,$0.00,$0.00,$0.00,$26.00,$0.00,$0.00,$0.00,$0.00,$25.00,$25.00,$0.00,,,,$0.00,$0.00,$0.00,$0.00,Stripe,No,,Completed,Online,1,b67e82c0-84a8-4b26-8aaf-7ae7fea44402
GUL1516,Gulaal Holi,14/03/2026,7:00 pm,Mark,Solis,mark.solis54@example.com,5601703961,18/07/2026 08:41 pm,Online,Paid,2,0,$50.00,$0.00,$0.00,$0.00,$2.00,$0.00,$0.00,$0.00,$52.00,$0.00,$0.00,$0.00,$0.00,$50.00,$50.00,$0.00,,,,$0.00,$0.00,$0.00,$0.00,Stripe,No,,Completed,Online,2,07ff5498-ad84-48a2-9da3-68c959123e03
GUL1517,Gulaal Holi,14/03/2026,7:00 pm,Thomas,Atkinson,thomas.atkinson74@example.com,1706794907,05/08/2026 02:41 am,Online,Paid,1,0,$25.00,$0.00,$0.00,$0.00,$1.00,$0.00,$0.00,$0.00,$26.00,$0.00,$0.00,$0.00,$0.00,$25.00,$25.00,$0.00,,,,$0.00,$0.00,$0.00,$0.00,Stripe,No,,Completed,Online,1,50069ffb-876c-4e1c-b1b4-6b8c2d97d43a
GUL1518,Gulaal Holi,14/03/2026,7:00 pm,Daniel,Coleman,daniel.coleman63@example.com,6215938967,22/07/2026 03:32 pm,Online,Paid,2,0,$50.00,$0.00,$0.00,$0.00,$2.00,$0.00,$0.00,$0.00,$52.00,$0.00,$0.00,$0.00,$0.00,$50.00,$50.00,$0.00,,,,$0.00,$0.00,$0.00,$0.00,Stripe,Yes,,Completed,Online,2,6dae0002-ca63-4418-b2ac-5061ff8afa10
GUL1519,Gulaal Holi,14/03/2026,7:00 pm,Jennifer,Malone,jennifer.malone84@example.com,5589607072,29/07/2026 09:27 am,Online,Paid,2,0,$50.00,$0.00,$0.00,$0.00,$2.00,$0.00,$0.00,$0.00,$52.00,$0.00,$0.00,$0.00,$0.00,$50.00,$50.00,$0.00,,,,$0.00,$0.00,$0.00,$0.00,Stripe,No,,Completed,Online,2,15db1e89-c772-4807-8524-a8de36e2d60f
GUL1520,Gulaal Holi,14/03/2026,7:00 pm,Dennis,Hernandez,dennis.hernandez89@example.com,5139014309,17/08/2026 02:57 am,Online,Paid,1,0,$25.00,$0.00,$0.00,$0.00,$1.00,$0.00,$0.00,$0.00,$26.00,$0.00,$0.00,$0.00,$0.00,$25.00,$25.00,$0.00,,,,$0.00,$0.00,$0.00,$0.00,Stripe,No,,Completed,Online,1,f9bfa7ad-4f4c-4b42-a29f-ef1e7e14686b
GUL1521,Gulaal Holi,14/03/2026,7:00 pm,Jeremy,Roberts,jeremy.roberts65@example.com,6357967148,03/08/2026 08:58 am,Online,Paid,1,0,$25.00,$0.00,$0.00,$0.00,$1.00,$0.00,$0.00,$0.00,$26.00,$0.00,$0.00,$0.00,$0.00,$25.00,$25.00,$0.00,,,,$0.00,$0.00,$0.00,$0.00,Stripe,No,,Completed,Online,1,74ce90ca-ea07-4d86-8d32-5a89aa088f0d
GUL1522,Gulaal Holi,14/03/2026,7:00 pm,John,Fischer,john.fischer48@example.com,5658260825,05/08/2026 04:15 pm,Online,Paid,1,0,$25.00,$0.00,$0.00,$0.00,$1.00,$0.00,$0.00,$0.00,$26.00,$0.00,$0.00,$0.00,$0.00,$25.00,$25.00,$0.00,,,,$0.00,$0.00,$0.00,$0.00,Stripe,Yes,,Completed,Online,1,cf4d9e6c-788b-4ccd-babd-dfeae59cfdf4
GUL1523,Gulaal Holi,14/03/2026,7:00 pm,Amanda,Fitzpatrick,amanda.fitzpatrick42@example.com,1288669112,02/08/2026 11:16 am,Online,Paid,1,0,$25.00,$0.00,$0.00,$0.00,$1.00,$0.00,$0.00,$0.00,$26.00,$0.00,$0.00,$0.00,$0.00,$25.00,$25.00,$0.00,,,,$0.00,$0.00,$0.00,$0.00,Stripe,Yes,,Completed,Online,1,a85d6083-a06a-4d3a-838b-f10a1357d2fe
GUL1524,Gulaal Holi,14/03/2026,7:00 pm,Nancy,Edwards,nancy.edwards98@example.com,6119789259,16/07/2026 09:33 pm,Online,Paid,2,0,$50.00,$0.00,$0.00,$0.00,$2.00,$0.00,$0.00,$0.00,$52.00,$0.00,$0.00,$0.00,$0.00,$50.00,$50.00,$0.00,,,,$0.00,$0.00,$0.00,$0.00,Stripe,No,,Completed,Online,2,a111bdbc-439c-425d-b6b9-0ae07395d3fc
GUL1525,Gulaal Holi,14/03/2026,7:00 pm,Jesse,Mann,jesse.mann95@example.com,5325544118,03/08/2026 10:39 pm,Online,Paid,1,0,$25.00,$0.00,$0.00,$0.00,$1.00,$0.00,$0.00,$0.00,$26.00,$0.00,$0.00,$0.00,$0.00,$25.00,$25.00,$0.00,,,,$0.00,$0.00,$0.00,$0.00,Stripe,Yes,,Completed,Online,1,ebdeaaf9-61cd-4d0c-b6bd-822c15d80f71
GUL1526,Gulaal Holi,14/03/2026,7:00 pm,Pamela,Paul,pamela.paul8@example.com,5203881937,27/07/2026 11:08 pm,Online,Paid,1,0,$25.00,$0.00,$0.00,$0.00,$1.00,$0.00,$0.00,$0.00,$26.00,$0.00,$0.00,$0.00,$0.00,$25.00,$25.00,$0.00,,,,$0.00,$0.00,$0.00,$0.00,Stripe,No,,Completed,Online,1,c751f523-897c-4f4e-9987-0d8cc7c33f17
GUL1527,Gulaal Holi,14/03/2026,7:00 pm,Richard,Donovan,richard.donovan79@example.com,1462201483,14/08/2026 10:09 am,Online,Paid,2,0,$50.00,$0.00,$0.00,$0.00,$2.00,$0.00,$0.00,$0.00,$52.00,$0.00,$0.00,$0.00,$0.00,$50.00,$50.00,$0.00,,,,$0.00,$0.00,$0.00,$0.00,Stripe,No,,Completed,Online,2,e63f174d-0f46-44ef-b98b-05df4457af40
GUL1528,Gulaal Holi,14/03/2026,7:00 pm,Samantha,Schroeder,samantha.schroeder19@example.com,7283603087,14/07/2026 05:01 am,Online,Paid,2,0,$50.00,$0.00,$0.00,$0.00,$2.00,$0.00,$0.00,$0.00,$52.00,$0.00,$0.00,$0.00,$0.00,$50.00,$50.00,$0.00,,,,$0.00,$0.00,$0.00,$0.00,Stripe,No,,Completed,Online,2,bb78f7a7-0bd4-4916-bb9f-a2dbe86e99ec
GUL1529,Gulaal Holi,14/03/2026,7:00 pm,Madeline,Richardson,madeline.richardson92@example.com,7618376295,01/08/2026 06:08 pm,Online,Paid,1,0,$25.00,$0.00,$0.00,$0.00,$1.00,$0.00,$0.00,$0.00,$26.00,$0.00,$0.00,$0.00,$0.00,$25.00,$25.00,$0.00,,,,$0.00,$0.00,$0.00,$0.00,Stripe,No,,Completed,Online,1,d69d4bf7-b065-4d39-bb97-7dcea77a0637
GUL1530,Gulaal Holi,14/03/2026,7:00 pm,Melissa,Hayes,melissa.hayes52@example.com,2172048886,12/07/2026 11:17 pm,Online,Paid,3,0,$75.00,$0.00,$0.00,$0.00,$3.00,$0.00,$0.00,$0.00,$78.00,$0.00,$0.00,$0.00,$0.00,$75.00,$75.00,$0.00,,,,$0.00,$0.00,$0.00,$0.00,Stripe,Yes,,Completed,Online,3,d05d3802-63d2-448e-8041-ca311a5cc4bd
GUL1531,Gulaal Holi,14/03/2026,7:00 pm,Frank,Gray,frank.gray70@example.com,3264564967,01/08/2026 07:21 pm,Online,Paid,1,0,$25.00,$0.00,$0.00,$0.00,$1.00,$0.00,$0.00,$0.00,$26.00,$0.00,$0.00,$0.00,$0.00,$25.00,$25.00,$0.00,,,,$0.00,$0.00,$0.00,$0.00,Stripe,Yes,,Completed,Online,1,09792863-66ba-4851-9554-1a3f9ce555f4
GUL1532,Gulaal Holi,14/03/2026,7:00 pm,Aaron,Mitchell,aaron.mitchell21@example.com,9064909703,23/07/2026 12:02 am,Online,Paid,2,0,$50.00,$0.00,$0.00,$0.00,$2.00,$0.00,$0.00,$0.00,$52.00,$0.00,$0.00,$0.00,$0.00,$50.00,$50.00,$0.00,,,,$0.00,$0.00,$0.00,$0.00,Stripe,Yes,,Completed,Online,2,1d4f642c-ff80-43e9-a979-12a9d0794a04
GUL1533,Gulaal Holi,14/03/2026,7:00 pm,Mark,Austin,mark.austin89@example.com,0181589136,06/08/2026 09:50 pm,Online,Paid,2,0,$50.00,$0.00,$0.00,$0.00,$2.00,$0.00,$0.00,$0.00,$52.00,$0.00,$0.00,$0.00,$0.00,$50.00,$50.00,$0.00,,,,$0.00,$0.00,$0.00,$0.00,Stripe,No,,Completed,Online,2,02c22093-f459-4b86-b6ec-8b2364299af4
GUL1534,Gulaal Holi,14/03/2026,7:00 pm,Kevin,Lyons,kevin.lyons96@example.com,1531936252,28/07/2026 10:35 am,Online,Paid,1,0,$25.00,$0.00,$0.00,$0.00,$1.00,$0.00,$0.00,$0.00,$26.00,$0.00,$0.00,$0.00,$0.00,$25.00,$25.00,$0.00,,,,$0.00,$0.00,$0.00,$0.00,Stripe,Yes,,Completed,Online,1,92466753-6c66-4cf5-9cf2-ea662c9a7b9a
GUL1535,Gulaal Holi,14/03/2026,7:00 pm,Monica,Harvey,monica.harvey71@example.com,8875480293,08/08/2026 01:44 am,Online,Paid,1,0,$25.00,$0.00,$0.00,$0.00,$1.00,$0.00,$0.00,$0.00,$26.00,$0.00,$0.00,$0.00,$0.00,$25.00,$25.00,$0.00,,,,$0.00,$0.00,$0.00,$0.00,Stripe,No,,Completed,Online,1,d3dab73b-80e4-4e2b-8189-90d53b151490
GUL1536,Gulaal Holi,14/03/2026,7:00 pm,Cynthia,Diaz,cynthia.diaz72@example.com,0657351745,22/07/2026 12:46 am,Online,Paid,1,0,$25.00,$0.00,$0.00,$0.00,$1.00,$0.00,$0.00,$0.00,$26.00,$0.00,$0.00,$0.00,$0.00,$25.00,$25.00,$0.00,,,,$0.00,$0.00,$0.00,$0.00,Stripe,No,,Completed,Online,1,b4bd9fca-b0b5-41e7-8580-424f37b95cc5
GUL1537,Gulaal Holi,14/03/2026,7:00 pm,Holly,Blair,holly.blair96@example.com,2140128331,23/07/2026 08:53 pm,Online,Paid,2,0,$50.00,$0.00,$0.00,$0.00,$2.00,$0.00,$0.00,$0.00,$52.00,$0.00,$0.00,$0.00,$0.00,$50.00,$50.00,$0.00,,,,$0.00,$0.00,$0.00,$0.00,Stripe,No,,Completed,Online,2,95395f76-a281-45a2-b396-523a8362dbe6
GUL1538,Gulaal Holi,14/03/2026,7:00 pm,Lynn,Williams,lynn.williams38@example.com,3597177170,06/08/2026 11:07 pm,Manual,Paid,1,0,$25.00,$0.00,$0.00,$0.00,$1.00,$0.00,$0.00,$0.00,$26.00,$0.00,$0.00,$0.00,$0.00,$25.00,$25.00,$0.00,,,,$0.00,$0.00,$0.00,$0.00,Stripe,No,,Completed,Manual,1,e85580e4-73af-4cd9-8014-c6d0692a8cc2
GUL1539,Gulaal Holi,14/03/2026,7:00 pm,Alex,Green,alex.green64@example.com,1246051648,12/07/2026 03:08 pm,Manual,Paid,1,0,$25.00,$0.00,$0.00,$0.00,$1.00,$0.00,$0.00,$0.00,$26.00,$0.00,$0.00,$0.00,$0.00,$25.00,$25.00,$0.00,,,,$0.00,$0.00,$0.00,$0.00,Stripe,No,,Completed,Manual,1,72be6ac8-3d33-4c19-b576-237c521d56b5
GUL1540,Gulaal Holi,14/03/2026,7:00 pm,Gerald,Lewis,gerald.lewis87@example.com,1876776006,25/07/2026 10:20 am,Manual,Paid,1,0,$25.00,$0.00,$0.00,$0.00,$1.00,$0.00,$0.00,$0.00,$26.00,$0.00,$0.00,$0.00,$0.00,$25.00,$25.00,$0.00,,,,$0.00,$0.00,$0.00,$0.00,Stripe,Yes,,Completed,Manual,1,a7f3398f-f444-47ef-b116-06675318d0ae
GUL1541,Gulaal Holi,14/03/2026,7:00 pm,Marcus,Wright,marcus.wright31@example.com,3173033249,12/08/2026 06:39 am,Manual,Paid,2,0,$50.00,$0.00,$0.00,$0.00,$2.00,$0.00,$0.00,$0.00,$52.00,$0.00,$0.00,$0.00,$0.00,$50.00,$50.00,$0.00,,,,$0.00,$0.00,$0.00,$0.00,Stripe,No,,Completed,Manual,2,7ff7a5fc-fbcf-4d7b-8143-18aae993a0e5
GUL1542,Gulaal Holi,14/03/2026,7:00 pm,Lisa,Barnes,lisa.barnes13@example.com,5104848094,14/08/2026 08:35 am,Online,Paid,1,0,$25.00,$0.00,$0.00,$0.00,$1.00,$0.00,$0.00,$0.00,$26.00,$0.00,$0.00,$0.00,$0.00,$25.00,$25.00,$0.00,,,,$0.00,$0.00,$0.00,$0.00,Stripe,No,,Completed,Online,1,582d1e50-fda6-4971-97bd-21248a994696
GUL1543,Gulaal Holi,14/03/2026,7:00 pm,Darlene,Henry,darlene.henry57@example.com,4270799594,25/07/2026 12:03 pm,Online,Paid,2,0,$50.00,$0.00,$0.00,$0.00,$2.00,$0.00,$0.00,$0.00,$52.00,$0.00,$0.00,$0.00,$0.00,$50.00,$50.00,$0.00,,,,$0.00,$0.00,$0.00,$0.00,Stripe,No,,Completed,Online,2,7bef1435-0d1d-44a0-9b85-49f81aed7b3b
GUL1544,Gulaal Holi,14/03/2026,7:00 pm,Tammy,Ballard,tammy.ballard70@example.com,6475456572,16/08/2026 02:09 pm,Online,Paid,1,0,$25.00,$0.00,$0.00,$0.00,$1.00,$0.00,$0.00,$0.00,$26.00,$0.00,$0.00,$0.00,$0.00,$25.00,$25.00,$0.00,,,,$0.00,$0.00,$0.00,$0.00,Stripe,Yes,,Completed,Online,1,aee12e2d-632c-48db-aa9a-762526d5db2f
GUL1545,Gulaal Holi,14/03/2026,7:00 pm,Glen,Barr,glen.barr47@example.com,8540390984,01/08/2026 09:31 pm,Online,Paid,2,0,$50.00,$0.00,$0.00,$0.00,$2.00,$0.00,$0.00,$0.00,$52.00,$0.00,$0.00,$0.00,$0.00,$50.00,$50.00,$0.00,,,,$0.00,$0.00,$0.00,$0.00,Stripe,No,,Completed,Online,2,d7c514e9-02eb-4ecd-aab7-7dd4bddc50ba
GUL1546,Gulaal Holi,14/03/2026,7:00 pm,Jessica,Fuentes,jessica.fuentes71@example.com,6138268709,27/07/2026 07:55 am,Online,Paid,1,0,$25.00,$0.00,$0.00,$0.00,$1.00,$0.00,$0.00,$0.00,$26.00,$0.00,$0.00,$0.00,$0.00,$25.00,$25.00,$0.00,,,,$0.00,$0.00,$0.00,$0.00,Stripe,Yes,,Completed,Online,1,77e83c58-5fe4-4158-989c-da7070647540
GUL1547,Gulaal Holi,14/03/2026,7:00 pm,Tammy,Walker,tammy.walker96@example.com,9962637792,12/07/2026 12:04 am,Manual,Paid,2,0,$50.00,$0.00,$0.00,$0.00,$2.00,$0.00,$0.00,$0.00,$52.00,$0.00,$0.00,$0.00,$0.00,$50.00,$50.00,$0.00,,,,$0.00,$0.00,$0.00,$0.00,Stripe,Yes,,Completed,Manual,2,c260ca06-7013-4a67-b244-281a0e1fe432
GUL1548,Gulaal Holi,14/03/2026,7:00 pm,Cynthia,Johnson,cynthia.johnson88@example.com,1289622068,19/07/2026 04:55 pm,Online,Paid,1,0,$25.00,$0.00,$0.00,$0.00,$1.00,$0.00,$0.00,$0.00,$26.00,$0.00,$0.00,$0.00,$0.00,$25.00,$25.00,$0.00,,,,$0.00,$0.00,$0.00,$0.00,Stripe,No,,Completed,Online,1,af358d31-314d-4bab-bb59-192729f98244
GUL1549,Gulaal Holi,14/03/2026,7:00 pm,Thomas,Bryant,thomas.bryant10@example.com,0239934460,16/08/2026 03:11 am,Online,Paid,2,0,$50.00,$0.00,$0.00,$0.00,$2.00,$0.00,$0.00,$0.00,$52.00,$0.00,$0.00,$0.00,$0.00,$50.00,$50.00,$0.00,,,,$0.00,$0.00,$0.00,$0.00,Stripe,No,,Completed,Online,2,4232f4f6-f96c-4d29-bc23-1b0c90e54bc6
GUL1550,Gulaal Holi,14/03/2026,7:00 pm,John,Davidson,john.davidson18@example.com,6952357865,07/08/2026 12:14 am,Online,Paid,1,0,$25.00,$0.00,$0.00,$0.00,$1.00,$0.00,$0.00,$0.00,$26.00,$0.00,$0.00,$0.00,$0.00,$25.00,$25.00,$0.00,,,,$0.00,$0.00,$0.00,$0.00,Stripe,No,,Completed,Online,1,57f86ee9-817f-4667-a2f4-4bda1720c826
GUL1551,Gulaal Holi,14/03/2026,7:00 pm,David,Cunningham,david.cunningham53@example.com,0644885487,19/07/2026 08:44 pm,Online,Paid,3,0,$75.00,$0.00,$0.00,$0.00,$3.00,$0.00,$0.00,$0.00,$78.00,$0.00,$0.00,$0.00,$0.00,$75.00,$75.00,$0.00,,,,$0.00,$0.00,$0.00,$0.00,Stripe,No,,Completed,Online,3,a1ba71ed-9422-4251-b63b-93bf1dcf87ba
GUL1552,Gulaal Holi,14/03/2026,7:00 pm,James,Fox,james.fox71@example.com,4255428053,08/08/2026 07:02 pm,Online,Paid,1,0,$25.00,$0.00,$0.00,$0.00,$1.00,$0.00,$0.00,$0.00,$26.00,$0.00,$0.00,$0.00,$0.00,$25.00,$25.00,$0.00,,,,$0.00,$0.00,$0.00,$0.00,Stripe,No,,Completed,Online,1,5540e2e1-5d7b-4b55-a1cb-8d1ff87abf42
GUL1553,Gulaal Holi,14/03/2026,7:00 pm,Meghan,Davis,meghan.davis66@example.com,8688786020,10/08/2026 03:16 pm,Online,Refunded,0,4,$0.00,$0.00,$0.00,$0.00,$0.00,$0.00,$0.00,$0.00,$0.00,$0.00,$0.00,$0.00,$0.00,$0.00,$0.00,$0.00,,,,$0.00,$0.00,$0.00,$0.00,Stripe,No,,Completed,Online,4,e34135da-3fc5-4079-9f51-e3c62b356a41
GUL1554,Gulaal Holi,14/03/2026,7:00 pm,Karen,Decker,karen.decker10@example.com,0195866399,13/07/2026 08:09 am,Online,Paid,1,0,$25.00,$0.00,$0.00,$0.00,$1.00,$0.00,$0.00,$0.00,$26.00,$0.00,$0.00,$0.00,$0.00,$25.00,$25.00,$0.00,,,,$0.00,$0.00,$0.00,$0.00,Stripe,No,,Completed,Online,1,7be9cb19-c6d8-4f62-8644-8c6290dc3842
GUL1555,Gulaal Holi,14/03/2026,7:00 pm,Angel,Henson,angel.henson17@example.com,3142495629,16/07/2026 03:05 pm,Online,Paid,2,0,$50.00,$0.00,$0.00,$0.00,$2.00,$0.00,$0.00,$0.00,$52.00,$0.00,$0.00,$0.00,$0.00,$50.00,$50.00,$0.00,,,,$0.00,$0.00,$0.00,$0.00,Stripe,Yes,,Completed,Online,2,1d67278f-4ce8-41f1-8f49-1f7c646de4b5
GUL1556,Gulaal Holi,14/03/2026,7:00 pm,Andrea,Daniels,andrea.daniels80@example.com,3288807005,27/07/2026 01:35 am,Online,Paid,1,0,$25.00,$0.00,$0.00,$0.00,$1.00,$0.00,$0.00,$0.00,$26.00,$0.00,$0.00,$0.00,$0.00,$25.00,$25.00,$0.00,,,,$0.00,$0.00,$0.00,$0.00,Stripe,Yes,,Completed,Online,1,56a6526c-4fed-4d44-bcd7-d30386ee20c1
GUL1557,Gulaal Holi,14/03/2026,7:00 pm,Albert,Bradley,albert.bradley36@example.com,0220175454,06/08/2026 02:45 am,Online,Paid,4,0,$100.00,$0.00,$0.00,$0.00,$4.00,$0.00,$0.00,$0.00,$104.00,$0.00,$0.00,$0.00,$0.00,$100.00,$100.00,$0.00,,,,$0.00,$0.00,$0.00,$0.00,Stripe,No,,Completed,Online,4,23327bfd-9e98-47f7-bf8f-e1c687a2c2ec
GUL1558,Gulaal Holi,14/03/2026,7:00 pm,Tyler,Glass,tyler.glass50@example.com,0466275015,05/08/2026 02:12 am,Online,Paid,1,0,$25.00,$0.00,$0.00,$0.00,$1.00,$0.00,$0.00,$0.00,$26.00,$0.00,$0.00,$0.00,$0.00,$25.00,$25.00,$0.00,,,,$0.00,$0.00,$0.00,$0.00,Stripe,No,,Completed,Online,1,2bba374c-4699-4fb4-80bb-96717283555d
GUL1559,Gulaal Holi,14/03/2026,7:00 pm,Sarah,Pope,sarah.pope35@example.com,6078548330,11/08/2026 02:14 pm,Online,Paid,2,0,$50.00,$0.00,$0.00,$0.00,$2.00,$0.00,$0.00,$0.00,$52.00,$0.00,$0.00,$0.00,$0.00,$50.00,$50.00,$0.00,,,,$0.00,$0.00,$0.00,$0.00,Stripe,Yes,,Completed,Online,2,e6ef2a35-244a-4cc2-be50-337bf3cd0681
GUL1560,Gulaal Holi,14/03/2026,7:00 pm,Christopher,Parker,christopher.parker83@example.com,6806014579,19/07/2026 04:29 pm,Online,Paid,1,0,$25.00,$0.00,$0.00,$0.00,$1.00,$0.00,$0.00,$0.00,$26.00,$0.00,$0.00,$0.00,$0.00,$25.00,$25.00,$0.00,,,,$0.00,$0.00,$0.00,$0.00,Stripe,Yes,,Completed,Online,1,449482cb-1352-4b16-bc44-ea5966bdf381
GUL1561,Gulaal Holi,14/03/2026,7:00 pm,Kim,Johnson,kim.johnson10@example.com,8197015019,08/08/2026 07:52 am,Online,Paid,1,0,$25.00,$0.00,$0.00,$0.00,$1.00,$0.00,$0.00,$0.00,$26.00,$0.00,$0.00,$0.00,$0.00,$25.00,$25.00,$0.00,,,,$0.00,$0.00,$0.00,$0.00,Stripe,No,,Completed,Online,1,7bbf4550-f9b5-4c89-98d6-8519fb310227
GUL1562,Gulaal Holi,14/03/2026,7:00 pm,Katherine,Thompson,katherine.thompson93@example.com,9251920182,05/08/2026 12:17 pm,Online,Paid,1,0,$25.00,$0.00,$0.00,$0.00,$1.00,$0.00,$0.00,$0.00,$26.00,$0.00,$0.00,$0.00,$0.00,$25.00,$25.00,$0.00,,,,$0.00,$0.00,$0.00,$0.00,Stripe,Yes,,Completed,Online,1,263eb969-b47c-49be-ba12-7eae3cff9604
GUL1563,Gulaal Holi,14/03/2026,7:00 pm,Jennifer,Sellers,jennifer.sellers15@example.com,0493795829,17/08/2026 05:17 am,Online,Paid,1,0,$25.00,$0.00,$0.00,$0.00,$1.00,$0.00,$0.00,$0.00,$26.00,$0.00,$0.00,$0.00,$0.00,$25.00,$25.00,$0.00,,,,$0.00,$0.00,$0.00,$0.00,Stripe,Yes,,Completed,Online,1,e897036d-a1b2-4008-b01a-c6cbf6f46272
GUL1564,Gulaal Holi,14/03/2026,7:00 pm,Alexis,Giles,alexis.giles74@example.com,1163971492,24/07/2026 09:57 pm,Online,Paid,2,0,$50.00,$0.00,$0.00,$0.00,$2.00,$0.00,$0.00,$0.00,$52.00,$0.00,$0.00,$0.00,$0.00,$50.00,$50.00,$0.00,,,,$0.00,$0.00,$0.00,$0.00,Stripe,No,,Completed,Online,2,4d7e0130-75a1-4a1a-afb2-ad6bd49afd34
GUL1565,Gulaal Holi,14/03/2026,7:00 pm,Tyler,Burton,tyler.burton84@example.com,4248739626,06/08/2026 01:15 pm,Online,Paid,4,0,$100.00,$0.00,$0.00,$0.00,$4.00,$0.00,$0.00,$0.00,$104.00,$0.00,$0.00,$0.00,$0.00,$100.00,$100.00,$0.00,,,,$0.00,$0.00,$0.00,$0.00,Stripe,No,,Completed,Online,4,8ba039df-ecf9-4c93-8462-ba5714691539
GUL1566,Gulaal Holi,14/03/2026,7:00 pm,Isaac,Steele,isaac.steele63@example.com,2497736772,19/07/2026 04:19 pm,Manual,Refunded,0,1,$0.00,$0.00,$0.00,$0.00,$0.00,$0.00,$0.00,$0.00,$0.00,$0.00,$0.00,$0.00,$0.00,$0.00,$0.00,$0.00,,,,$0.00,$0.00,$0.00,$0.00,Stripe,Yes,,Completed,Manual,1,a131b298-3292-44d1-8e43-7186a2a6b747
GUL1567,Gulaal Holi,14/03/2026,7:00 pm,Amanda,Little,amanda.little42@example.com,9787296571,13/08/2026 08:37 pm,Online,Paid,1,0,$25.00,$0.00,$0.00,$0.00,$1.00,$0.00,$0.00,$0.00,$26.00,$0.00,$0.00,$0.00,$0.00,$25.00,$25.00,$0.00,,,,$0.00,$0.00,$0.00,$0.00,Stripe,No,,Completed,Online,1,ddd62795-84be-45c1-a4f2-9f6739097369
GUL1568,Gulaal Holi,14/03/2026,7:00 pm,Kurt,Barker,kurt.barker34@example.com,2990348042,05/08/2026 06:52 pm,Online,Paid,1,0,$25.00,$0.00,$0.00,$0.00,$1.00,$0.00,$0.00,$0.00,$26.00,$0.00,$0.00,$0.00,$0.00,$25.00,$25.00,$0.00,,,,$0.00,$0.00,$0.00,$0.00,Stripe,No,,Completed,Online,1,0cf1ce3a-f604-4b96-ab33-f714dd388a74
GUL1569,Gulaal Holi,14/03/2026,7:00 pm,Pamela,Sanchez,pamela.sanchez73@example.com,9409165737,03/08/2026 08:12 pm,Manual,Paid,2,0,$50.00,$0.00,$0.00,$0.00,$2.00,$0.00,$0.00,$0.00,$52.00,$0.00,$0.00,$0.00,$0.00,$50.00,$50.00,$0.00,,,,$0.00,$0.00,$0.00,$0.00,Stripe,Yes,,Completed,Manual,2,61c7041e-67cf-4fa0-aaf4-74fde104e84c
GUL1570,Gulaal Holi,14/03/2026,7:00 pm,Thomas,Pierce,thomas.pierce6@example.com,2549203693,06/08/2026 11:53 am,Online,Paid,3,0,$75.00,$0.00,$0.00,$0.00,$3.00,$0.00,$0.00,$0.00,$78.00,$0.00,$0.00,$0.00,$0.00,$75.00,$75.00,$0.00,,,,$0.00,$0.00,$0.00,$0.00,Stripe,Yes,,Completed,Online,3,ec469e83-44b7-454b-b51c-6ebcb7c3dd6c
GUL1571,Gulaal Holi,14/03/2026,7:00 pm,Linda,Jarvis,linda.jarvis80@example.com,1527311722,11/08/2026 06:51 pm,Online,Paid,2,0,$50.00,$0.00,$0.00,$0.00,$2.00,$0.00,$0.00,$0.00,$52.00,$0.00,$0.00,$0.00,$0.00,$50.00,$50.00,$0.00,,,,$0.00,$0.00,$0.00,$0.00,Stripe,No,,Completed,Online,2,ddc4c146-f5c2-4a4a-bdc8-9bfc423539de
GUL1572,Gulaal Holi,14/03/2026,7:00 pm,Judy,Fox,judy.fox26@example.com,0184293359,23/07/2026 05:03 am,Online,Paid,1,0,$25.00,$0.00,$0.00,$0.00,$1.00,$0.00,$0.00,$0.00,$26.00,$0.00,$0.00,$0.00,$0.00,$25.00,$25.00,$0.00,,,,$0.00,$0.00,$0.00,$0.00,Stripe,Yes,,Completed,Online,1,286d17da-29e0-4292-8e61-7940cd16aeab
GUL1573,Gulaal Holi,14/03/2026,7:00 pm,Melissa,Cannon,melissa.cannon86@example.com,5966771539,01/08/2026 08:12 pm,Online,Paid,2,0,$50.00,$0.00,$0.00,$0.00,$2.00,$0.00,$0.00,$0.00,$52.00,$0.00,$0.00,$0.00,$0.00,$50.00,$50.00,$0.00,,,,$0.00,$0.00,$0.00,$0.00,Stripe,No,,Completed,Online,2,29dcd31e-e9ab-4bc8-84e6-e27c6e681e0b
GUL1574,Gulaal Holi,14/03/2026,7:00 pm,Lisa,Mccarthy,lisa.mccarthy17@example.com,3650032990,08/08/2026 08:05 am,Online,Paid,4,0,$100.00,$0.00,$0.00,$0.00,$4.00,$0.00,$0.00,$0.00,$104.00,$0.00,$0.00,$0.00,$0.00,$100.00,$100.00,$0.00,,,,$0.00,$0.00,$0.00,$0.00,Stripe,No,,Completed,Online,4,740a5464-d7a9-4992-8cf5-09eb6eacc868
GUL1575,Gulaal Holi,14/03/2026,7:00 pm,Jared,Clark,jared.clark94@example.com,4278735540,26/07/2026 06:22 am,Online,Paid,3,0,$75.00,$0.00,$0.00,$0.00,$3.00,$0.00,$0.00,$0.00,$78.00,$0.00,$0.00,$0.00,$0.00,$75.00,$75.00,$0.00,,,,$0.00,$0.00,$0.00,$0.00,Stripe,No,,Completed,Online,3,7e22329a-9e86-48f8-a68a-99421ffc2123
GUL1576,Gulaal Holi,14/03/2026,7:00 pm,Victor,Bradley,victor.bradley46@example.com,6754939343,02/08/2026 06:11 pm,Online,Paid,3,0,$75.00,$0.00,$0.00,$0.00,$3.00,$0.00,$0.00,$0.00,$78.00,$0.00,$0.00,$0.00,$0.00,$75.00,$75.00,$0.00,,,,$0.00,$0.00,$0.00,$0.00,Stripe,No,,Completed,Online,3,da8a3993-51c8-409f-86f5-0bca04ebe955
GUL1577,Gulaal Holi,14/03/2026,7:00 pm,Christopher,Fletcher,christopher.fletcher82@example.com,5287835733,18/07/2026 04:15 pm,Online,Paid,3,0,$75.00,$0.00,$0.00,$0.00,$3.00,$0.00,$0.00,$0.00,$78.00,$0.00,$0.00,$0.00,$0.00,$75.00,$75.00,$0.00,,,,$0.00,$0.00,$0.00,$0.00,Stripe,No,,Completed,Online,3,7b3d2792-ef2b-4115-850a-a77b3f0bc49b
GUL1578,Gulaal Holi,14/03/2026,7:00 pm,Nicole,Sanchez,nicole.sanchez87@example.com,3302364122,19/07/2026 11:22 am,Online,Paid,1,0,$25.00,$0.00,$0.00,$0.00,$1.00,$0.00,$0.00,$0.00,$26.00,$0.00,$0.00,$0.00,$0.00,$25.00,$25.00,$0.00,,,,$0.00,$0.00,$0.00,$0.00,Stripe,No,,Completed,Online,1,89ea7316-91ef-4fa5-a22f-bed1058a1ecf
GUL1579,Gulaal Holi,14/03/2026,7:00 pm,Christopher,Davis,christopher.davis12@example.com,2033505160,25/07/2026 12:09 am,Online,Paid,4,0,$100.00,$0.00,$0.00,$0.00,$4.00,$0.00,$0.00,$0.00,$104.00,$0.00,$0.00,$0.00,$0.00,$100.00,$100.00,$0.00,,,,$0.00,$0.00,$0.00,$0.00,Stripe,Yes,,Completed,Online,4,07411d40-d1a0-435e-9888-cfc2539f916e
GUL1580,Gulaal Holi,14/03/2026,7:00 pm,Gerald,Lewis,gerald.lewis87@example.com,5558709404,29/07/2026 10:05 am,Online,Paid,1,0,$25.00,$0.00,$0.00,$0.00,$1.00,$0.00,$0.00,$0.00,$26.00,$0.00,$0.00,$0.00,$0.00,$25.00,$25.00,$0.00,,,,$0.00,$0.00,$0.00,$0.00,Stripe,No,,Completed,Online,1,4e386be3-64ad-4c24-9744-7fcff240ef38
GUL1581,Gulaal Holi,14/03/2026,7:00 pm,Mary,Johnston,mary.johnston21@example.com,5512538078,13/07/2026 04:27 am,Online,Paid,1,0,$25.00,$0.00,$0.00,$0.00,$1.00,$0.00,$0.00,$0.00,$26.00,$0.00,$0.00,$0.00,$0.00,$25.00,$25.00,$0.00,,,,$0.00,$0.00,$0.00,$0.00,Stripe,Yes,,Completed,Online,1,fa2d4d7b-d281-45d0-bfdd-0452d82fdff4
GUL1582,Gulaal Holi,14/03/2026,7:00 pm,Phyllis,Manning,phyllis.manning22@example.com,0534941971,07/08/2026 11:40 pm,Online,Paid,1,0,$25.00,$0.00,$0.00,$0.00,$1.00,$0.00,$0.00,$0.00,$26.00,$0.00,$0.00,$0.00,$0.00,$25.00,$25.00,$0.00,,,,$0.00,$0.00,$0.00,$0.00,Stripe,Yes,,Completed,Online,1,1f0bf9a4-f30b-49dc-bf05-7f985ba21b8c
GUL1583,Gulaal Holi,14/03/2026,7:00 pm,Shawn,Edwards,shawn.edwards32@example.com,6328246306,14/08/2026 06:43 am,Online,Refunded,0,3,$0.00,$0.00,$0.00,$0.00,$0.00,$0.00,$0.00,$0.00,$0.00,$0.00,$0.00,$0.00,$0.00,$0.00,$0.00,$0.00,,,,$0.00,$0.00,$0.00,$0.00,Stripe,No,,Completed,Online,3,abdda8c5-130e-4283-9a21-87c8d86a8dbf
GUL1584,Gulaal Holi,14/03/2026,7:00 pm,Jennifer,Garcia,jennifer.garcia97@example.com,6352007615,05/08/2026 12:34 pm,Online,Paid,2,0,$50.00,$0.00,$0.00,$0.00,$2.00,$0.00,$0.00,$0.00,$52.00,$0.00,$0.00,$0.00,$0.00,$50.00,$50.00,$0.00,,,,$0.00,$0.00,$0.00,$0.00,Stripe,Yes,,Completed,Online,2,8ff7f0ad-9b6b-48bd-907c-03880e031c36
GUL1585,Gulaal Holi,14/03/2026,7:00 pm,Megan,Sanchez,megan.sanchez87@example.com,6977143360,05/08/2026 03:07 am,Online,Paid,1,0,$25.00,$0.00,$0.00,$0.00,$1.00,$0.00,$0.00,$0.00,$26.00,$0.00,$0.00,$0.00,$0.00,$25.00,$25.00,$0.00,,,,$0.00,$0.00,$0.00,$0.00,Stripe,Yes,,Completed,Online,1,142239d6-0b4c-40c0-9bfb-5dbf09b6914e
GUL1586,Gulaal Holi,14/03/2026,7:00 pm,Emily,Richards,emily.richards71@example.com,1039278888,15/08/2026 03:37 am,Online,Paid,1,0,$25.00,$0.00,$0.00,$0.00,$1.00,$0.00,$0.00,$0.00,$26.00,$0.00,$0.00,$0.00,$0.00,$25.00,$25.00,$0.00,,,,$0.00,$0.00,$0.00,$0.00,Stripe,Yes,,Completed,Online,1,cc9b8fc7-47f2-4c0d-89cb-ba81350614d2
GUL1587,Gulaal Holi,14/03/2026,7:00 pm,Melanie,Munoz,melanie.munoz76@example.com,1638816878,17/08/2026 09:17 am,Online,Paid,2,0,$50.00,$0.00,$0.00,$0.00,$2.00,$0.00,$0.00,$0.00,$52.00,$0.00,$0.00,$0.00,$0.00,$50.00,$50.00,$0.00,,,,$0.00,$0.00,$0.00,$0.00,Stripe,Yes,,Completed,Online,2,eebea50d-5a6c-433e-af5f-8913d13a962d
GUL1588,Gulaal Holi,14/03/2026,7:00 pm,Melanie,Munoz,melanie.munoz76@example.com,5096568826,26/07/2026 07:22 pm,Online,Paid,1,0,$25.00,$0.00,$0.00,$0.00,$1.00,$0.00,$0.00,$0.00,$26.00,$0.00,$0.00,$0.00,$0.00,$25.00,$25.00,$0.00,,,,$0.00,$0.00,$0.00,$0.00,Stripe,Yes,,Completed,Online,1,f301cfca-7aaa-4712-8314-7f7708c63c7a
GUL1589,Gulaal Holi,14/03/2026,7:00 pm,Brian,Gordon,brian.gordon91@example.com,2081472373,16/07/2026 11:54 am,Online,Paid,1,0,$25.00,$0.00,$0.00,$0.00,$1.00,$0.00,$0.00,$0.00,$26.00,$0.00,$0.00,$0.00,$0.00,$25.00,$25.00,$0.00,,,,$0.00,$0.00,$0.00,$0.00,Stripe,No,,Completed,Online,1,39289fd0-8409-4d5c-b752-fc64048ac7a3
GUL1590,Gulaal Holi,14/03/2026,7:00 pm,Stephen,Rodriguez,stephen.rodriguez99@example.com,8306978999,07/08/2026 06:25 pm,Online,Paid,4,0,$100.00,$0.00,$0.00,$0.00,$4.00,$0.00,$0.00,$0.00,$104.00,$0.00,$0.00,$0.00,$0.00,$100.00,$100.00,$0.00,,,,$0.00,$0.00,$0.00,$0.00,Stripe,No,,Completed,Online,4,9b895f01-48b7-4e64-ba18-e71f58bffbef
GUL1591,Gulaal Holi,14/03/2026,7:00 pm,Laura,Hicks,laura.hicks51@example.com,7146749066,31/07/2026 07:19 pm,Manual,Paid,2,0,$50.00,$0.00,$0.00,$0.00,$2.00,$0.00,$0.00,$0.00,$52.00,$0.00,$0.00,$0.00,$0.00,$50.00,$50.00,$0.00,,,,$0.00,$0.00,$0.00,$0.00,Stripe,No,,Completed,Manual,2,de4f495b-1181-4a48-9f61-0696730e8658
GUL1592,Gulaal Holi,14/03/2026,7:00 pm,Anthony,Gonzalez,anthony.gonzalez29@example.com,1164560595,01/08/2026 07:04 am,Online,Paid,1,0,$25.00,$0.00,$0.00,$0.00,$1.00,$0.00,$0.00,$0.00,$26.00,$0.00,$0.00,$0.00,$0.00,$25.00,$25.00,$0.00,,,,$0.00,$0.00,$0.00,$0.00,Stripe,No,,Completed,Online,1,16e33c1d-c020-4118-ad16-bee53fbac7d4
GUL1593,Gulaal Holi,14/03/2026,7:00 pm,Cynthia,Poole,cynthia.poole85@example.com,3920025856,30/07/2026 01:21 am,Online,Paid,1,0,$25.00,$0.00,$0.00,$0.00,$1.00,$0.00,$0.00,$0.00,$26.00,$0.00,$0.00,$0.00,$0.00,$25.00,$25.00,$0.00,,,,$0.00,$0.00,$0.00,$0.00,Stripe,No,,Completed,Online,1,7a10b865-b418-45ac-b83f-ed58c5417a7f
GUL1594,Gulaal Holi,14/03/2026,7:00 pm,Casey,Hubbard,casey.hubbard86@example.com,0316787192,29/07/2026 05:04 am,Online,Paid,1,0,$25.00,$0.00,$0.00,$0.00,$1.00,$0.00,$0.00,$0.00,$26.00,$0.00,$0.00,$0.00,$0.00,$25.00,$25.00,$0.00,,,,$0.00,$0.00,$0.00,$0.00,Stripe,No,,Completed,Online,1,ac5d3cf5-7b01-4a15-8c29-5915487dea2b
GUL1595,Gulaal Holi,14/03/2026,7:00 pm,James,Hicks,james.hicks51@example.com,2402545500,16/07/2026 09:40 am,Online,Paid,2,0,$50.00,$0.00,$0.00,$0.00,$2.00,$0.00,$0.00,$0.00,$52.00,$0.00,$0.00,$0.00,$0.00,$50.00,$50.00,$0.00,,,,$0.00,$0.00,$0.00,$0.00,Stripe,No,,Completed,Online,2,fe57d79b-81dd-47f3-8806-998bfe17e8f3
GUL1596,Gulaal Holi,14/03/2026,7:00 pm,Craig,Wise,craig.wise32@example.com,9983976738,08/08/2026 10:32 am,Online,Paid,1,0,$25.00,$0.00,$0.00,$0.00,$1.00,$0.00,$0.00,$0.00,$26.00,$0.00,$0.00,$0.00,$0.00,$25.00,$25.00,$0.00,,,,$0.00,$0.00,$0.00,$0.00,Stripe,No,,Completed,Online,1,644845b1-18ee-4dc3-a0a4-44b84f52bf21
GUL1597,Gulaal Holi,14/03/2026,7:00 pm,Samuel,Jenkins,samuel.jenkins14@example.com,4383000914,18/07/2026 06:38 pm,Online,Paid,2,0,$50.00,$0.00,$0.00,$0.00,$2.00,$0.00,$0.00,$0.00,$52.00,$0.00,$0.00,$0.00,$0.00,$50.00,$50.00,$0.00,,,,$0.00,$0.00,$0.00,$0.00,Stripe,No,,Completed,Online,2,efd4a45f-9e53-4b3b-8ea5-89999d766868
GUL1598,Gulaal Holi,14/03/2026,7:00 pm,Kristin,Rodriguez,kristin.rodriguez15@example.com,7417996546,19/07/2026 05:22 am,Manual,Paid,1,0,$25.00,$0.00,$0.00,$0.00,$1.00,$0.00,$0.00,$0.00,$26.00,$0.00,$0.00,$0.00,$0.00,$25.00,$25.00,$0.00,,,,$0.00,$0.00,$0.00,$0.00,Stripe,No,,Completed,Manual,1,31d4acf6-b174-44a5-bf1c-a3dc9e83b5ce
GUL1599,Gulaal Holi,14/03/2026,7:00 pm,Victor,Bradley,victor.bradley46@example.com,2252756002,24/07/2026 10:02 am,Manual,Paid,3,0,$75.00,$0.00,$0.00,$0.00,$3.00,$0.00,$0.00,$0.00,$78.00,$0.00,$0.00,$0.00,$0.00,$75.00,$75.00,$0.00,,,,$0.00,$0.00,$0.00,$0.00,Stripe,Yes,,Completed,Manual,3,f4344a1d-e58a-4bf7-b975-ddc521300a3f
GUL1600,Gulaal Holi,14/03/2026,7:00 pm,William,Hoover,william.hoover41@example.com,6771251589,21/07/2026 02:24 pm,Online,Paid,2,0,$50.00,$0.00,$0.00,$0.00,$2.00,$0.00,$0.00,$0.00,$52.00,$0.00,$0.00,$0.00,$0.00,$50.00,$50.00,$0.00,,,,$0.00,$0.00,$0.00,$0.00,Stripe,No,,Completed,Online,2,a1085513-d9d0-40a2-843e-c442ec4b8bb4
GUL1601,Gulaal Holi,14/03/2026,7:00 pm,Samantha,Schroeder,samantha.schroeder19@example.com,5166608123,16/07/2026 09:11 pm,Online,Paid,2,0,$50.00,$0.00,$0.00,$0.00,$2.00,$0.00,$0.00,$0.00,$52.00,$0.00,$0.00,$0.00,$0.00,$50.00,$50.00,$0.00,,,,$0.00,$0.00,$0.00,$0.00,Stripe,Yes,,Completed,Online,2,c5757f5b-4b3d-4ff1-8da6-b97c86f6de0b
GUL1602,Gulaal Holi,14/03/2026,7:00 pm,Diane,Sweeney,diane.sweeney37@example.com,9863615276,21/07/2026 03:35 am,Manual,Paid,4,0,$100.00,$0.00,$0.00,$0.00,$4.00,$0.00,$0.00,$0.00,$104.00,$0.00,$0.00,$0.00,$0.00,$100.00,$100.00,$0.00,,,,$0.00,$0.00,$0.00,$0.00,Stripe,No,,Completed,Manual,4,db974cb1-db02-468c-8fe0-6ac9cf70b5e7
GUL1603,Gulaal Holi,14/03/2026,7:00 pm,Robert,Clark,robert.clark92@example.com,2022482488,21/07/2026 09:37 am,Online,Paid,1,0,$25.00,$0.00,$0.00,$0.00,$1.00,$0.00,$0.00,$0.00,$26.00,$0.00,$0.00,$0.00,$0.00,$25.00,$25.00,$0.00,,,,$0.00,$0.00,$0.00,$0.00,Stripe,Yes,,Completed,Online,1,3c15a843-7624-4c71-9e49-531a3e8b8467
GUL1604,Gulaal Holi,14/03/2026,7:00 pm,Jennifer,Perez,jennifer.perez19@example.com,5031180266,28/07/2026 10:15 am,Online,Refunded,0,2,$0.00,$0.00,$0.00,$0.00,$0.00,$0.00,$0.00,$0.00,$0.00,$0.00,$0.00,$0.00,$0.00,$0.00,$0.00,$0.00,,,,$0.00,$0.00,$0.00,$0.00,Stripe,Yes,,Completed,Online,2,c321bb82-9ab2-46ad-9f1c-0b97c9b977f3
GUL1605,Gulaal Holi,14/03/2026,7:00 pm,Sean,Mitchell,sean.mitchell29@example.com,0610471891,20/07/2026 02:26 am,Online,Paid,3,0,$75.00,$0.00,$0.00,$0.00,$3.00,$0.00,$0.00,$0.00,$78.00,$0.00,$0.00,$0.00,$0.00,$75.00,$75.00,$0.00,,,,$0.00,$0.00,$0.00,$0.00,Stripe,Yes,,Completed,Online,3,d8d4eb99-50b9-4cec-bbcf-ae06200cc0d4
GUL1606,Gulaal Holi,14/03/2026,7:00 pm,Nicholas,Vega,nicholas.vega24@example.com,4768834103,16/08/2026 09:09 am,Online,Paid,4,0,$100.00,$0.00,$0.00,$0.00,$4.00,$0.00,$0.00,$0.00,$104.00,$0.00,$0.00,$0.00,$0.00,$100.00,$100.00,$0.00,,,,$0.00,$0.00,$0.00,$0.00,Stripe,No,,Completed,Online,4,11dbd376-c170-46d2-b2b0-665617de56dd
GUL1607,Gulaal Holi,14/03/2026,7:00 pm,Glenda,Heath,glenda.heath59@example.com,8140513251,30/07/2026 12:28 pm,Online,Paid,2,0,$50.00,$0.00,$0.00,$0.00,$2.00,$0.00,$0.00,$0.00,$52.00,$0.00,$0.00,$0.00,$0.00,$50.00,$50.00,$0.00,,,,$0.00,$0.00,$0.00,$0.00,Stripe,No,,Completed,Online,2,09de91c6-734f-4539-8fd3-60ea4f49a94a
GUL1608,Gulaal Holi,14/03/2026,7:00 pm,Lisa,Wilson,lisa.wilson52@example.com,0940671487,29/07/2026 11:59 pm,Online,Paid,2,0,$50.00,$0.00,$0.00,$0.00,$2.00,$0.00,$0.00,$0.00,$52.00,$0.00,$0.00,$0.00,$0.00,$50.00,$50.00,$0.00,,,,$0.00,$0.00,$0.00,$0.00,Stripe,No,,Completed,Online,2,433ebdf6-1ac4-4e35-b2ab-b4a505936fba
GUL1609,Gulaal Holi,14/03/2026,7:00 pm,Susan,Brooks,susan.brooks29@example.com,6457227579,10/08/2026 11:20 pm,Online,Paid,2,0,$50.00,$0.00,$0.00,$0.00,$2.00,$0.00,$0.00,$0.00,$52.00,$0.00,$0.00,$0.00,$0.00,$50.00,$50.00,$0.00,,,,$0.00,$0.00,$0.00,$0.00,Stripe,No,,Completed,Online,2,38f4b819-06fe-48d3-8489-e42cb9c3cc98
GUL1610,Gulaal Holi,14/03/2026,7:00 pm,Scott,Scott,scott.scott76@example.com,4499987093,18/07/2026 06:51 pm,Online,Paid,3,0,$75.00,$0.00,$0.00,$0.00,$3.00,$0.00,$0.00,$0.00,$78.00,$0.00,$0.00,$0.00,$0.00,$75.00,$75.00,$0.00,,,,$0.00,$0.00,$0.00,$0.00,Stripe,Yes,,Completed,Online,3,bf6f6cc4-64a7-4bde-ba8f-f93eb540baba
GUL1611,Gulaal Holi,14/03/2026,7:00 pm,Paul,Ray,paul.ray34@example.com,1264106032,17/08/2026 05:25 am,Online,Paid,1,0,$25.00,$0.00,$0.00,$0.00,$1.00,$0.00,$0.00,$0.00,$26.00,$0.00,$0.00,$0.00,$0.00,$25.00,$25.00,$0.00,,,,$0.00,$0.00,$0.00,$0.00,Stripe,No,,Completed,Online,1,b3ec3680-10bb-4ed7-b0b7-b5773bd6916f
GUL1612,Gulaal Holi,14/03/2026,7:00 pm,Darren,Shepard,darren.shepard12@example.com,5763101089,04/08/2026 02:22 pm,Online,Paid,1,0,$25.00,$0.00,$0.00,$0.00,$1.00,$0.00,$0.00,$0.00,$26.00,$0.00,$0.00,$0.00,$0.00,$25.00,$25.00,$0.00,,,,$0.00,$0.00,$0.00,$0.00,Stripe,No,,Completed,Online,1,2a6e2c7c-1839-4686-896c-14c6683164ff
GUL1613,Gulaal Holi,14/03/2026,7:00 pm,Patricia,Miller,patricia.miller95@example.com,0640047486,22/07/2026 11:18 pm,Online,Paid,1,0,$25.00,$0.00,$0.00,$0.00,$1.00,$0.00,$0.00,$0.00,$26.00,$0.00,$0.00,$0.00,$0.00,$25.00,$25.00,$0.00,,,,$0.00,$0.00,$0.00,$0.00,Stripe,No,,Completed,Online,1,c65fad0a-60ea-47dc-8fb9-eb30e076e169
GUL1614,Gulaal Holi,14/03/2026,7:00 pm,Erin,Johnson,erin.johnson48@example.com,8481703610,04/08/2026 04:42 am,Online,Paid,1,0,$25.00,$0.00,$0.00,$0.00,$1.00,$0.00,$0.00,$0.00,$26.00,$0.00,$0.00,$0.00,$0.00,$25.00,$25.00,$0.00,,,,$0.00,$0.00,$0.00,$0.00,Stripe,No,,Completed,Online,1,71cbc95c-1262-4861-80e4-f44d010178e9
GUL1615,Gulaal Holi,14/03/2026,7:00 pm,Emily,Drake,emily.drake21@example.com,7594933078,29/07/2026 08:58 am,Online,Paid,2,0,$50.00,$0.00,$0.00,$0.00,$2.00,$0.00,$0.00,$0.00,$52.00,$0.00,$0.00,$0.00,$0.00,$50.00,$50.00,$0.00,,,,$0.00,$0.00,$0.00,$0.00,Stripe,Yes,,Completed,Online,2,b4178bd9-92e0-4229-9b4b-41ec713dd54e
GUL1616,Gulaal Holi,14/03/2026,7:00 pm,Sabrina,Phillips,sabrina.phillips29@example.com,0490214441,09/08/2026 12:07 am,Online,Paid,1,0,$25.00,$0.00,$0.00,$0.00,$1.00,$0.00,$0.00,$0.00,$26.00,$0.00,$0.00,$0.00,$0.00,$25.00,$25.00,$0.00,,,,$0.00,$0.00,$0.00,$0.00,Stripe,Yes,,Completed,Online,1,3a3a2365-4781-41fd-b29f-04726c417982
GUL1617,Gulaal Holi,14/03/2026,7:00 pm,Lauren,Haynes,lauren.haynes39@example.com,9655239170,19/07/2026 11:18 am,Online,Paid,1,0,$25.00,$0.00,$0.00,$0.00,$1.00,$0.00,$0.00,$0.00,$26.00,$0.00,$0.00,$0.00,$0.00,$25.00,$25.00,$0.00,,,,$0.00,$0.00,$0.00,$0.00,Stripe,No,,Completed,Online,1,e05dfbdc-0052-49cc-a828-bb223e69e129
GUL1618,Gulaal Holi,14/03/2026,7:00 pm,Wayne,Price,wayne.price57@example.com,4999266536,15/08/2026 10:39 pm,Online,Paid,1,0,$25.00,$0.00,$0.00,$0.00,$1.00,$0.00,$0.00,$0.00,$26.00,$0.00,$0.00,$0.00,$0.00,$25.00,$25.00,$0.00,,,,$0.00,$0.00,$0.00,$0.00,Stripe,No,,Completed,Online,1,3c406ca2-74d4-4426-94db-54a3a5c8c072
GUL1619,Gulaal Holi,14/03/2026,7:00 pm,Megan,Villegas,megan.villegas74@example.com,3946248723,14/07/2026 10:56 am,Online,Paid,4,0,$100.00,$0.00,$0.00,$0.00,$4.00,$0.00,$0.00,$0.00,$104.00,$0.00,$0.00,$0.00,$0.00,$100.00,$100.00,$0.00,,,,$0.00,$0.00,$0.00,$0.00,Stripe,No,,Completed,Online,4,f84176db-545e-4a79-9b9a-437a60491fed
