Order id,Event,Event date,Event time,First name,Last name,Email,Mobile,Order date,Type,Financial status,Valid tickets,Cancelled tickets,Ticket sales,Add-on sales,Donations,Fee rebate,Humanitix passed-on fee,Amex surcharge,Refund protection,Custom tax,Paid,Humanitix absorbed fees,Zip fee,Afterpay fee,Refunds,Your earnings,Your payout,Refunded fees,Giftcard used,Voucher used,Discount code used,Discount redeemed,Tax on sales,Tax on rebates,Tax on booking fees,Gateway,Marketing opt-in,Notes,Status,Sales channel,Tickets delivered,Long order id
MEM1000,MQIS Membership,20/02/2024,7:00 pm,Debra,Harrington,debra.harrington30@example.com,8086186830,10/08/2026 12:49 pm,Online,Paid,1,0,$5.00,$0.00,$0.00,$0.00,$0.20,$0.00,$0.00,$0.00,$5.20,$0.00,$0.00,$0.00,$0.00,$5.00,$5.00,$0.00,,,,$0.00,$0.00,$0.00,$0.00,Stripe,Yes,,Completed,Online,1,97b90d7c-293a-48c9-a522-cbd1f4282f3b
MEM1001,MQIS Membership,20/02/2024,7:00 pm,Richard,Chavez,richard.chavez2@example.com,8532101339,02/08/2026 10:08 pm,Online,Paid,1,0,$5.00,$0.00,$0.00,$0.00,$0.20,$0.00,$0.00,$0.00,$5.20,$0.00,$0.00,$0.00,$0.00,$5.00,$5.00,$0.00,,,,$0.00,$0.00,$0.00,$0.00,Stripe,No,,Completed,Online,1,47d355e7-0381-482b-90aa-6d1302753ac5
MEM1002,MQIS Membership,20/02/2024,7:00 pm,Shannon,Perez,shannon.perez69@example.com,7658490140,10/07/2026 04:41 pm,Online,Paid,1,0,$5.00,$0.00,$0.00,$0.00,$0.20,$0.00,$0.00,$0.00,$5.20,$0.00,$0.00,$0.00,$0.00,$5.00,$5.00,$0.00,,,,$0.00,$0.00,$0.00,$0.00,Stripe,No,,Completed,Online,1,d58707b7-25e6-4ca5-801a-85fbbc5c364d
MEM1003,MQIS Membership,20/02/2024,7:00 pm,Carrie,Mccall,carrie.mccall87@example.com,0909590279,24/07/2026 03:14 am,Manual,Paid,1,0,$5.00,$0.00,$0.00,$0.00,$0.20,$0.00,$0.00,$0.00,$5.20,$0.00,$0.00,$0.00,$0.00,$5.00,$5.00,$0.00,,,,$0.00,$0.00,$0.00,$0.00,Stripe,No,,Completed,Manual,1,9ac958a6-651a-4c63-b162-28096412b4ef
MEM1004,MQIS Membership,20/02/2024,7:00 pm,Lauren,Haynes,lauren.haynes39@example.com,8386488362,12/08/2026 09:35 pm,Online,Paid,1,0,$5.00,$0.00,$0.00,$0.00,$0.20,$0.00,$0.00,$0.00,$5.20,$0.00,$0.00,$0.00,$0.00,$5.00,$5.00,$0.00,,,,$0.00,$0.00,$0.00,$0.00,Stripe,No,,Completed,Online,1,31a039a9-b352-4f65-a9bb-560e145bb875
MEM1005,MQIS Membership,20/02/2024,7:00 pm,Jennifer,Jones,jennifer.jones93@example.com,7177529694,25/07/2026 01:46 pm,Manual,Paid,1,0,$5.00,$0.00,$0.00,$0.00,$0.20,$0.00,$0.00,$0.00,$5.20,$0.00,$0.00,$0.00,$0.00,$5.00,$5.00,$0.00,,,,$0.00,$0.00,$0.00,$0.00,Stripe,No,,Completed,Manual,1,45a5f212-dac7-4cea-9b86-23331969b46e
MEM1006,MQIS Membership,20/02/2024,7:00 pm,Anthony,Day,anthony.day71@example.com,8814124527,06/08/2026 11:51 pm,Online,Paid,1,0,$5.00,$0.00,$0.00,$0.00,$0.20,$0.00,$0.00,$0.00,$5.20,$0.00,$0.00,$0.00,$0.00,$5.00,$5.00,$0.00,,,,$0.00,$0.00,$0.00,$0.00,Stripe,No,,Completed,Online,1,cdfcccbd-8881-44d8-8ae7-235509c5ab35
MEM1007,MQIS Membership,20/02/2024,7:00 pm,Patricia,Salazar,patricia.salazar85@example.com,5056244818,17/08/2026 09:56 am,Online,Paid,1,0,$5.00,$0.00,$0.00,$0.00,$0.20,$0.00,$0.00,$0.00,$5.20,$0.00,$0.00,$0.00,$0.00,$5.00,$5.00,$0.00,,,,$0.00,$0.00,$0.00,$0.00,Stripe,No,,Completed,Online,1,977b08a8-f5ff-4939-843f-904471209cf5
MEM1008,MQIS Membership,20/02/2024,7:00 pm,Desiree,Bailey,desiree.bailey28@example.com,1391938707,07/08/2026 07:38 am,Online,Paid,1,0,$5.00,$0.00,$0.00,$0.00,$0.20,$0.00,$0.00,$0.00,$5.20,$0.00,$0.00,$0.00,$0.00,$5.00,$5.00,$0.00,,,,$0.00,$0.00,$0.00,$0.00,Stripe,Yes,,Completed,Online,1,19ea5e46-059e-4837-ab11-c1f1e02beeab
MEM1009,MQIS Membership,20/02/2024,7:00 pm,Amanda,Boone,amanda.boone96@example.com,3828140462,19/07/2026 07:09 pm,Online,Paid,1,0,$5.00,$0.00,$0.00,$0.00,$0.20,$0.00,$0.00,$0.00,$5.20,$0.00,$0.00,$0.00,$0.00,$5.00,$5.00,$0.00,,,,$0.00,$0.00,$0.00,$0.00,Stripe,Yes,,Completed,Online,1,322e549d-ba47-483e-aff4-b87d6ffdb4f2
MEM1010,MQIS Membership,20/02/2024,7:00 pm,Albert,Ballard,albert.ballard78@example.com,2362733089,10/08/2026 10:19 am,Online,Paid,1,0,$5.00,$0.00,$0.00,$0.00,$0.20,$0.00,$0.00,$0.00,$5.20,$0.00,$0.00,$0.00,$0.00,$5.00,$5.00,$0.00,,,,$0.00,$0.00,$0.00,$0.00,Stripe,Yes,,Completed,Online,1,4f54b4bf-4bf5-482f-86cd-28675189a258
MEM1011,MQIS Membership,20/02/2024,7:00 pm,Daniel,Martin,daniel.martin67@example.com,3210954968,25/07/2026 09:11 pm,Online,Paid,1,0,$5.00,$0.00,$0.00,$0.00,$0.20,$0.00,$0.00,$0.00,$5.20,$0.00,$0.00,$0.00,$0.00,$5.00,$5.00,$0.00,,,,$0.00,$0.00,$0.00,$0.00,Stripe,Yes,,Completed,Online,1,aa50ec2a-b7cb-4bb3-8d5b-547575e31060
MEM1012,MQIS Membership,20/02/2024,7:00 pm,Kimberly,Palmer,kimberly.palmer45@example.com,9099199846,17/07/2026 05:57 pm,Manual,Paid,1,0,$5.00,$0.00,$0.00,$0.00,$0.20,$0.00,$0.00,$0.00,$5.20,$0.00,$0.00,$0.00,$0.00,$5.00,$5.00,$0.00,,,,$0.00,$0.00,$0.00,$0.00,Stripe,No,,Completed,Manual,1,9303467b-98c0-47c1-84e9-9dce7722971a
MEM1013,MQIS Membership,20/02/2024,7:00 pm,Randy,Collins,randy.collins23@example.com,0356257621,24/07/2026 10:12 pm,Online,Paid,1,0,$5.00,$0.00,$0.00,$0.00,$0.20,$0.00,$0.00,$0.00,$5.20,$0.00,$0.00,$0.00,$0.00,$5.00,$5.00,$0.00,,,,$0.00,$0.00,$0.00,$0.00,Stripe,No,,Completed,Online,1,58b0e6c9-069d-493d-86d4-0c98247a4253
MEM1014,MQIS Membership,20/02/2024,7:00 pm,Lindsey,Lee,lindsey.lee86@example.com,5000444156,28/07/2026 02:24 am,Online,Paid,1,0,$5.00,$0.00,$0.00,$0.00,$0.20,$0.00,$0.00,$0.00,$5.20,$0.00,$0.00,$0.00,$0.00,$5.00,$5.00,$0.00,,,,$0.00,$0.00,$0.00,$0.00,Stripe,No,,Completed,Online,1,ba2139a9-5fd6-477c-a855-7192f1f2d022
MEM1015,MQIS Membership,20/02/2024,7:00 pm,Debra,Moody,debra.moody71@example.com,7562202175,27/07/2026 09:54 pm,Online,Paid,1,0,$5.00,$0.00,$0.00,$0.00,$0.20,$0.00,$0.00,$0.00,$5.20,$0.00,$0.00,$0.00,$0.00,$5.00,$5.00,$0.00,,,,$0.00,$0.00,$0.00,$0.00,Stripe,No,,Completed,Online,1,364d063a-8fb5-4a91-abca-02d3d2875a1d
MEM1016,MQIS Membership,20/02/2024,7:00 pm,James,West,james.west82@example.com,5370137607,01/08/2026 10:08 am,Online,Paid,1,0,$5.00,$0.00,$0.00,$0.00,$0.20,$0.00,$0.00,$0.00,$5.20,$0.00,$0.00,$0.00,$0.00,$5.00,$5.00,$0.00,,,,$0.00,$0.00,$0.00,$0.00,Stripe,No,,Completed,Online,1,477beea0-bb59-4656-a41b-2e3b27148b08
MEM1017,MQIS Membership,20/02/2024,7:00 pm,Jill,Brown,jill.brown54@example.com,2377567794,30/07/2026 03:59 pm,Online,Paid,1,0,$5.00,$0.00,$0.00,$0.00,$0.20,$0.00,$0.00,$0.00,$5.20,$0.00,$0.00,$0.00,$0.00,$5.00,$5.00,$0.00,,,,$0.00,$0.00,$0.00,$0.00,Stripe,Yes,,Completed,Online,1,2fad394a-d4ac-4753-b45a-7ff9533f6ab8
MEM1018,MQIS Membership,20/02/2024,7:00 pm,Sandra,Romero,sandra.romero86@example.com,8426898807,21/07/2026 05:21 am,Online,Paid,1,0,$5.00,$0.00,$0.00,$0.00,$0.20,$0.00,$0.00,$0.00,$5.20,$0.00,$0.00,$0.00,$0.00,$5.00,$5.00,$0.00,,,,$0.00,$0.00,$0.00,$0.00,Stripe,No,,Completed,Online,1,49289254-ef70-45b1-a231-a0ebde43e8dc
MEM1019,MQIS Membership,20/02/2024,7:00 pm,Carrie,Short,carrie.short90@example.com,8578564519,27/07/2026 11:02 am,Online,Paid,1,0,$5.00,$0.00,$0.00,$0.00,$0.20,$0.00,$0.00,$0.00,$5.20,$0.00,$0.00,$0.00,$0.00,$5.00,$5.00,$0.00,,,,$0.00,$0.00,$0.00,$0.00,Stripe,Yes,,Completed,Online,1,43eeecb8-3df8-448b-915c-b1c672cd11ca
MEM1020,MQIS Membership,20/02/2024,7:00 pm,Nancy,Baker,nancy.baker94@example.com,9851652287,25/07/2026 11:01 am,Online,Paid,1,0,$5.00,$0.00,$0.00,$0.00,$0.20,$0.00,$0.00,$0.00,$5.20,$0.00,$0.00,$0.00,$0.00,$5.00,$5.00,$0.00,,,,$0.00,$0.00,$0.00,$0.00,Stripe,Yes,,Completed,Online,1,7b04dd4d-7788-4fc8-8cff-1e201623c2f0
MEM1021,MQIS Membership,20/02/2024,7:00 pm,Ashlee,Sparks,ashlee.sparks14@example.com,4144877747,31/07/2026 02:10 am,Online,Paid,1,0,$5.00,$0.00,$0.00,$0.00,$0.20,$0.00,$0.00,$0.00,$5.20,$0.00,$0.00,$0.00,$0.00,$5.00,$5.00,$0.00,,,,$0.00,$0.00,$0.00,$0.00,Stripe,Yes,,Completed,Online,1,13cd1ebd-b897-44b7-a8b0-056a721e2ae8
MEM1022,MQIS Membership,20/02/2024,7:00 pm,Mary,Dunn,mary.dunn34@example.com,3188727796,16/08/2026 02:46 pm,Online,Paid,1,0,$5.00,$0.00,$0.00,$0.00,$0.20,$0.00,$0.00,$0.00,$5.20,$0.00,$0.00,$0.00,$0.00,$5.00,$5.00,$0.00,,,,$0.00,$0.00,$0.00,$0.00,Stripe,No,,Completed,Online,1,ab7d0dd4-859d-46e7-8b69-362681698496
MEM1023,MQIS Membership,20/02/2024,7:00 pm,Marcus,Cordova,marcus.cordova75@example.com,2050578462,25/07/2026 07:22 am,Online,Paid,1,0,$5.00,$0.00,$0.00,$0.00,$0.20,$0.00,$0.00,$0.00,$5.20,$0.00,$0.00,$0.00,$0.00,$5.00,$5.00,$0.00,,,,$0.00,$0.00,$0.00,$0.00,Stripe,No,,Completed,Online,1,682ed3be-c589-4cd2-8309-b1173590e2e6
MEM1024,MQIS Membership,20/02/2024,7:00 pm,Richard,Young,richard.young39@example.com,5153121413,23/07/2026 07:07 am,Online,Paid,1,0,$5.00,$0.00,$0.00,$0.00,$0.20,$0.00,$0.00,$0.00,$5.20,$0.00,$0.00,$0.00,$0.00,$5.00,$5.00,$0.00,,,,$0.00,$0.00,$0.00,$0.00,Stripe,No,,Completed,Online,1,7bfa013c-d77d-4ca5-a442-4db0807606ac
MEM1025,MQIS Membership,20/02/2024,7:00 pm,Susan,Harris,susan.harris31@example.com,8651466017,03/08/2026 05:26 pm,Online,Paid,1,0,$5.00,$0.00,$0.00,$0.00,$0.20,$0.00,$0.00,$0.00,$5.20,$0.00,$0.00,$0.00,$0.00,$5.00,$5.00,$0.00,,,,$0.00,$0.00,$0.00,$0.00,Stripe,Yes,,Completed,Online,1,768e974d-6a2f-4280-9d34-845f3ca74505
MEM1026,MQIS Membership,20/02/2024,7:00 pm,Michele,Jones,michele.jones47@example.com,5226412465,11/07/2026 08:26 pm,Online,Paid,1,0,$5.00,$0.00,$0.00,$0.00,$0.20,$0.00,$0.00,$0.00,$5.20,$0.00,$0.00,$0.00,$0.00,$5.00,$5.00,$0.00,,,,$0.00,$0.00,$0.00,$0.00,Stripe,No,,Completed,Online,1,8fad1f23-7c7f-46da-b7e0-0b015c7dce9f
MEM1027,MQIS Membership,20/02/2024,7:00 pm,Cody,Rice,cody.rice91@example.com,5168320227,28/07/2026 01:12 am,Manual,Paid,1,0,$5.00,$0.00,$0.00,$0.00,$0.20,$0.00,$0.00,$0.00,$5.20,$0.00,$0.00,$0.00,$0.00,$5.00,$5.00,$0.00,,,,$0.00,$0.00,$0.00,$0.00,Stripe,Yes,,Completed,Manual,1,0cd95fb9-801f-4222-94aa-9d7aa70ae332
MEM1028,MQIS Membership,20/02/2024,7:00 pm,Madison,Blankenship,madison.blankenship47@example.com,4980084755,12/07/2026 05:50 pm,Online,Paid,1,0,$5.00,$0.00,$0.00,$0.00,$0.20,$0.00,$0.00,$0.00,$5.20,$0.00,$0.00,$0.00,$0.00,$5.00,$5.00,$0.00,,,,$0.00,$0.00,$0.00,$0.00,Stripe,No,,Completed,Online,1,a52b6489-afc8-446a-8a44-d8813f2121cc
MEM1029,MQIS Membership,20/02/2024,7:00 pm,Miranda,Clay,miranda.clay90@example.com,3913218366,18/07/2026 08:32 pm,Online,Paid,1,0,$5.00,$0.00,$0.00,$0.00,$0.20,$0.00,$0.00,$0.00,$5.20,$0.00,$0.00,$0.00,$0.00,$5.00,$5.00,$0.00,,,,$0.00,$0.00,$0.00,$0.00,Stripe,Yes,,Completed,Online,1,966e6288-5bbb-4b09-bfbc-3da9847ce2e8
MEM1030,MQIS Membership,20/02/2024,7:00 pm,Travis,Martinez,travis.martinez87@example.com,8469873297,30/07/2026 09:56 am,Online,Paid,1,0,$5.00,$0.00,$0.00,$0.00,$0.20,$0.00,$0.00,$0.00,$5.20,$0.00,$0.00,$0.00,$0.00,$5.00,$5.00,$0.00,,,,$0.00,$0.00,$0.00,$0.00,Stripe,Yes,,Completed,Online,1,2444d19c-6d4f-42f7-95bc-36e9c1c75928
MEM1031,MQIS Membership,20/02/2024,7:00 pm,Audrey,Moreno,audrey.moreno29@example.com,7024469845,28/07/2026 09:39 pm,Online,Paid,1,0,$5.00,$0.00,$0.00,$0.00,$0.20,$0.00,$0.00,$0.00,$5.20,$0.00,$0.00,$0.00,$0.00,$5.00,$5.00,$0.00,,,,$0.00,$0.00,$0.00,$0.00,Stripe,No,,Completed,Online,1,0fb056aa-9a15-46f5-8773-6968b9ece7d3
MEM1032,MQIS Membership,20/02/2024,7:00 pm,Scott,Callahan,scott.callahan94@example.com,9478306264,25/07/2026 05:07 am,Online,Refunded,0,1,$0.00,$0.00,$0.00,$0.00,$0.00,$0.00,$0.00,$0.00,$0.00,$0.00,$0.00,$0.00,$0.00,$0.00,$0.00,$0.00,,,,$0.00,$0.00,$0.00,$0.00,Stripe,No,,Completed,Online,1,90f27f1b-ec08-4346-882b-c051e54d1d36
MEM1033,MQIS Membership,20/02/2024,7:00 pm,Martha,Warner,martha.warner72@example.com,2444631284,02/08/2026 10:17 am,Online,Paid,1,0,$5.00,$0.00,$0.00,$0.00,$0.20,$0.00,$0.00,$0.00,$5.20,$0.00,$0.00,$0.00,$0.00,$5.00,$5.00,$0.00,,,,$0.00,$0.00,$0.00,$0.00,Stripe,Yes,,Completed,Online,1,4e435a46-7562-4909-ac39-caccf264a4a1
MEM1034,MQIS Membership,20/02/2024,7:00 pm,Megan,Parsons,megan.parsons58@example.com,9811220215,02/08/2026 06:13 am,Online,Paid,1,0,$5.00,$0.00,$0.00,$0.00,$0.20,$0.00,$0.00,$0.00,$5.20,$0.00,$0.00,$0.00,$0.00,$5.00,$5.00,$0.00,,,,$0.00,$0.00,$0.00,$0.00,Stripe,Yes,,Completed,Online,1,621ec44e-35d0-4b39-9409-3ec25a9cd70b
MEM1035,MQIS Membership,20/02/2024,7:00 pm,Jared,Clark,jared.clark94@example.com,5416523700,30/07/2026 06:49 am,Online,Paid,1,0,$5.00,$0.00,$0.00,$0.00,$0.20,$0.00,$0.00,$0.00,$5.20,$0.00,$0.00,$0.00,$0.00,$5.00,$5.00,$0.00,,,,$0.00,$0.00,$0.00,$0.00,Stripe,No,,Completed,Online,1,9d4f27ee-13ca-4d3b-9f2d-90fe79e20ab5
MEM1036,MQIS Membership,20/02/2024,7:00 pm,Jane,Smith,jane.smith91@example.com,3226073478,12/07/2026 12:18 pm,Online,Paid,1,0,$5.00,$0.00,$0.00,$0.00,$0.20,$0.00,$0.00,$0.00,$5.20,$0.00,$0.00,$0.00,$0.00,$5.00,$5.00,$0.00,,,,$0.00,$0.00,$0.00,$0.00,Stripe,No,,Completed,Online,1,41af9e1b-f483-4ce6-b7bb-5ff76d188222
MEM1037,MQIS Membership,20/02/2024,7:00 pm,Caleb,Joseph,caleb.joseph42@example.com,6431032338,13/08/2026 06:06 pm,Online,Paid,1,0,$5.00,$0.00,$0.00,$0.00,$0.20,$0.00,$0.00,$0.00,$5.20,$0.00,$0.00,$0.00,$0.00,$5.00,$5.00,$0.00,,,,$0.00,$0.00,$0.00,$0.00,Stripe,No,,Completed,Online,1,f563dbb4-6f46-4eca-b71a-a8547253c3e9
MEM1038,MQIS Membership,20/02/2024,7:00 pm,Maria,Potter,maria.potter35@example.com,0585821964,14/08/2026 02:17 am,Online,Paid,1,0,$5.00,$0.00,$0.00,$0.00,$0.20,$0.00,$0.00,$0.00,$5.20,$0.00,$0.00,$0.00,$0.00,$5.00,$5.00,$0.00,,,,$0.00,$0.00,$0.00,$0.00,Stripe,No,,Completed,Online,1,237b0972-2605-48e3-8ba7-acf46b68a616
MEM1039,MQIS Membership,20/02/2024,7:00 pm,Jose,Young,jose.young89@example.com,2125588983,20/07/2026 11:52 pm,Online,Paid,1,0,$5.00,$0.00,$0.00,$0.00,$0.20,$0.00,$0.00,$0.00,$5.20,$0.00,$0.00,$0.00,$0.00,$5.00,$5.00,$0.00,,,,$0.00,$0.00,$0.00,$0.00,Stripe,Yes,,Completed,Online,1,1e96bb6b-8b1f-4333-ba28-db4c055da829
MEM1040,MQIS Membership,20/02/2024,7:00 pm,Michael,Owen,michael.owen50@example.com,5706707792,20/07/2026 07:56 pm,Online,Paid,1,0,$5.00,$0.00,$0.00,$0.00,$0.20,$0.00,$0.00,$0.00,$5.20,$0.00,$0.00,$0.00,$0.00,$5.00,$5.00,$0.00,,,,$0.00,$0.00,$0.00,$0.00,Stripe,No,,Completed,Online,1,f314abb0-d362-49a5-bc72-e5fe4ce9e8df
MEM1041,MQIS Membership,20/02/2024,7:00 pm,Christopher,Cortez,christopher.cortez14@example.com,1131568731,28/07/2026 04:41 pm,Online,Paid,1,0,$5.00,$0.00,$0.00,$0.00,$0.20,$0.00,$0.00,$0.00,$5.20,$0.00,$0.00,$0.00,$0.00,$5.00,$5.00,$0.00,,,,$0.00,$0.00,$0.00,$0.00,Stripe,Yes,,Completed,Online,1,4bb14b83-cde8-4a6b-a31f-cff32845b26c
MEM1042,MQIS Membership,20/02/2024,7:00 pm,Mason,Krueger,mason.krueger10@example.com,3946845831,22/07/2026 06:47 pm,Manual,Paid,1,0,$5.00,$0.00,$0.00,$0.00,$0.20,$0.00,$0.00,$0.00,$5.20,$0.00,$0.00,$0.00,$0.00,$5.00,$5.00,$0.00,,,,$0.00,$0.00,$0.00,$0.00,Stripe,No,,Completed,Manual,1,8e06aa33-58a0-49b2-9b5d-3744313f91a5
MEM1043,MQIS Membership,20/02/2024,7:00 pm,Robert,Villa,robert.villa59@example.com,2632750271,05/08/2026 09:38 pm,Manual,Paid,1,0,$5.00,$0.00,$0.00,$0.00,$0.20,$0.00,$0.00,$0.00,$5.20,$0.00,$0.00,$0.00,$0.00,$5.00,$5.00,$0.00,,,,$0.00,$0.00,$0.00,$0.00,Stripe,Yes,,Completed,Manual,1,bef361b5-1c46-427e-af2b-8a744e4211e1
MEM1044,MQIS Membership,20/02/2024,7:00 pm,Justin,Lindsey,justin.lindsey36@example.com,8728807366,10/07/2026 04:04 pm,Online,Paid,1,0,$5.00,$0.00,$0.00,$0.00,$0.20,$0.00,$0.00,$0.00,$5.20,$0.00,$0.00,$0.00,$0.00,$5.00,$5.00,$0.00,,,,$0.00,$0.00,$0.00,$0.00,Stripe,No,,Completed,Online,1,9fff5442-a60e-4bf4-a0f6-647a0ab71a1f
MEM1045,MQIS Membership,20/02/2024,7:00 pm,Xavier,Jimenez,xavier.jimenez90@example.com,1964335623,11/08/2026 01:22 pm,Online,Paid,1,0,$5.00,$0.00,$0.00,$0.00,$0.20,$0.00,$0.00,$0.00,$5.20,$0.00,$0.00,$0.00,$0.00,$5.00,$5.00,$0.00,,,,$0.00,$0.00,$0.00,$0.00,Stripe,Yes,,Completed,Online,1,13ca6714-e3c3-4dc6-92b9-8a792c12d424
MEM1046,MQIS Membership,20/02/2024,7:00 pm,Debra,Moore,debra.moore50@example.com,0000822205,13/08/2026 12:41 am,Online,Refunded,0,1,$0.00,$0.00,$0.00,$0.00,$0.00,$0.00,$0.00,$0.00,$0.00,$0.00,$0.00,$0.00,$0.00,$0.00,$0.00,$0.00,,,,$0.00,$0.00,$0.00,$0.00,Stripe,No,,Completed,Online,1,3c2b5f92-9620-4246-8ab2-e4dc0ae24162
MEM1047,MQIS Membership,20/02/2024,7:00 pm,Larry,Higgins,larry.higgins26@example.com,6089804661,01/08/2026 08:49 pm,Online,Paid,1,0,$5.00,$0.00,$0.00,$0.00,$0.20,$0.00,$0.00,$0.00,$5.20,$0.00,$0.00,$0.00,$0.00,$5.00,$5.00,$0.00,,,,$0.00,$0.00,$0.00,$0.00,Stripe,No,,Completed,Online,1,785ca079-4937-4a08-9797-c108dd4f1bfe
MEM1048,MQIS Membership,20/02/2024,7:00 pm,Aaron,Nguyen,aaron.nguyen38@example.com,4759911739,13/08/2026 01:53 am,Online,Paid,1,0,$5.00,$0.00,$0.00,$0.00,$0.20,$0.00,$0.00,$0.00,$5.20,$0.00,$0.00,$0.00,$0.00,$5.00,$5.00,$0.00,,,,$0.00,$0.00,$0.00,$0.00,Stripe,Yes,,Completed,Online,1,6723d9bb-bc78-432b-8eeb-fa4952fe75f2
MEM1049,MQIS Membership,20/02/2024,7:00 pm,Cynthia,Allen,cynthia.allen56@example.com,7602731603,30/07/2026 11:45 am,Manual,Paid,1,0,$5.00,$0.00,$0.00,$0.00,$0.20,$0.00,$0.00,$0.00,$5.20,$0.00,$0.00,$0.00,$0.00,$5.00,$5.00,$0.00,,,,$0.00,$0.00,$0.00,$0.00,Stripe,No,,Completed,Manual,1,ded38e79-e653-449b-8e2c-ea5eb04fec8d
MEM1050,MQIS Membership,20/02/2024,7:00 pm,Tiffany,Barrett,tiffany.barrett33@example.com,3270524169,23/07/2026 04:18 pm,Online,Paid,1,0,$5.00,$0.00,$0.00,$0.00,$0.20,$0.00,$0.00,$0.00,$5.20,$0.00,$0.00,$0.00,$0.00,$5.00,$5.00,$0.00,,,,$0.00,$0.00,$0.00,$0.00,Stripe,No,,Completed,Online,1,896fa553-61af-4e2a-8cbe-68ffe5b75fb4
MEM1051,MQIS Membership,20/02/2024,7:00 pm,Holly,Blair,holly.blair96@example.com,6469142840,26/07/2026 02:53 pm,Online,Paid,1,0,$5.00,$0.00,$0.00,$0.00,$0.20,$0.00,$0.00,$0.00,$5.20,$0.00,$0.00,$0.00,$0.00,$5.00,$5.00,$0.00,,,,$0.00,$0.00,$0.00,$0.00,Stripe,Yes,,Completed,Online,1,3633c719-1c17-4e0d-b295-11acd63e7a0b
MEM1052,MQIS Membership,20/02/2024,7:00 pm,Robert,Porter,robert.porter75@example.com,4378471073,09/08/2026 01:12 am,Online,Paid,1,0,$5.00,$0.00,$0.00,$0.00,$0.20,$0.00,$0.00,$0.00,$5.20,$0.00,$0.00,$0.00,$0.00,$5.00,$5.00,$0.00,,,,$0.00,$0.00,$0.00,$0.00,Stripe,No,,Completed,Online,1,533affa8-25b3-4c23-ae31-857bf5760a47
MEM1053,MQIS Membership,20/02/2024,7:00 pm,Anthony,Gonzalez,anthony.gonzalez29@example.com,3762233450,12/08/2026 10:40 am,Manual,Paid,1,0,$5.00,$0.00,$0.00,$0.00,$0.20,$0.00,$0.00,$0.00,$5.20,$0.00,$0.00,$0.00,$0.00,$5.00,$5.00,$0.00,,,,$0.00,$0.00,$0.00,$0.00,Stripe,No,,Completed,Manual,1,67a57f8c-7e6a-4f31-b880-c4ef1e5d1f2c
MEM1054,MQIS Membership,20/02/2024,7:00 pm,Michael,Molina,michael.molina48@example.com,6100005911,24/07/2026 07:16 pm,Manual,Paid,1,0,$5.00,$0.00,$0.00,$0.00,$0.20,$0.00,$0.00,$0.00,$5.20,$0.00,$0.00,$0.00,$0.00,$5.00,$5.00,$0.00,,,,$0.00,$0.00,$0.00,$0.00,Stripe,No,,Completed,Manual,1,7fe45303-44a4-4a5b-bb52-bb93a4e51b9c
MEM1055,MQIS Membership,20/02/2024,7:00 pm,Erica,James,erica.james69@example.com,9334891402,03/08/2026 03:15 am,Online,Paid,1,0,$5.00,$0.00,$0.00,$0.00,$0.20,$0.00,$0.00,$0.00,$5.20,$0.00,$0.00,$0.00,$0.00,$5.00,$5.00,$0.00,,,,$0.00,$0.00,$0.00,$0.00,Stripe,No,,Completed,Online,1,39acc991-e537-4d27-ab3d-9721f6bada63
MEM1056,MQIS Membership,20/02/2024,7:00 pm,Tracy,Chang,tracy.chang32@example.com,5580087575,13/07/2026 06:29 pm,Online,Paid,1,0,$5.00,$0.00,$0.00,$0.00,$0.20,$0.00,$0.00,$0.00,$5.20,$0.00,$0.00,$0.00,$0.00,$5.00,$5.00,$0.00,,,,$0.00,$0.00,$0.00,$0.00,Stripe,No,,Completed,Online,1,1c11d8ea-3644-4af7-b089-abfbf26a2ccf
MEM1057,MQIS Membership,20/02/2024,7:00 pm,Christopher,Cortez,christopher.cortez14@example.com,8237084446,30/07/2026 06:12 am,Online,Paid,1,0,$5.00,$0.00,$0.00,$0.00,$0.20,$0.00,$0.00,$0.00,$5.20,$0.00,$0.00,$0.00,$0.00,$5.00,$5.00,$0.00,,,,$0.00,$0.00,$0.00,$0.00,Stripe,No,,Completed,Online,1,a18a1717-32b2-4c6a-aae9-763a1afba9fa
MEM1058,MQIS Membership,20/02/2024,7:00 pm,Alicia,Hammond,alicia.hammond18@example.com,8541842932,31/07/2026 12:49 pm,Online,Paid,1,0,$5.00,$0.00,$0.00,$0.00,$0.20,$0.00,$0.00,$0.00,$5.20,$0.00,$0.00,$0.00,$0.00,$5.00,$5.00,$0.00,,,,$0.00,$0.00,$0.00,$0.00,Stripe,No,,Completed,Online,1,784dbac4-10d3-44a0-8bc2-5a3b741d319d
MEM1059,MQIS Membership,20/02/2024,7:00 pm,Eric,Alexander,eric.alexander92@example.com,3370106536,13/08/2026 12:27 am,Online,Paid,1,0,$5.00,$0.00,$0.00,$0.00,$0.20,$0.00,$0.00,$0.00,$5.20,$0.00,$0.00,$0.00,$0.00,$5.00,$5.00,$0.00,,,,$0.00,$0.00,$0.00,$0.00,Stripe,No,,Completed,Online,1,90a1fcfb-d383-482c-b96a-63bbca39571e
MEM1060,MQIS Membership,20/02/2024,7:00 pm,Mary,Wiley,mary.wiley2@example.com,7931082627,29/07/2026 09:04 am,Online,Paid,1,0,$5.00,$0.00,$0.00,$0.00,$0.20,$0.00,$0.00,$0.00,$5.20,$0.00,$0.00,$0.00,$0.00,$5.00,$5.00,$0.00,,,,$0.00,$0.00,$0.00,$0.00,Stripe,No,,Completed,Online,1,ba30655b-ec9c-45eb-864b-6464d96cc044
MEM1061,MQIS Membership,20/02/2024,7:00 pm,Miranda,Clay,miranda.clay90@example.com,6041869609,02/08/2026 05:24 pm,Online,Paid,1,0,$5.00,$0.00,$0.00,$0.00,$0.20,$0.00,$0.00,$0.00,$5.20,$0.00,$0.00,$0.00,$0.00,$5.00,$5.00,$0.00,,,,$0.00,$0.00,$0.00,$0.00,Stripe,No,,Completed,Online,1,15bedddf-19af-478c-973d-c8b3dd25cc30
MEM1062,MQIS Membership,20/02/2024,7:00 pm,Ryan,Johnson,ryan.johnson25@example.com,8921075864,11/08/2026 09:12 am,Online,Paid,1,0,$5.00,$0.00,$0.00,$0.00,$0.20,$0.00,$0.00,$0.00,$5.20,$0.00,$0.00,$0.00,$0.00,$5.00,$5.00,$0.00,,,,$0.00,$0.00,$0.00,$0.00,Stripe,Yes,,Completed,Online,1,95cd19e8-05b9-44ec-bcc9-ab8ccf1375e4
MEM1063,MQIS Membership,20/02/2024,7:00 pm,Jennifer,Walters,jennifer.walters57@example.com,3631492896,29/07/2026 03:18 pm,Online,Paid,1,0,$5.00,$0.00,$0.00,$0.00,$0.20,$0.00,$0.00,$0.00,$5.20,$0.00,$0.00,$0.00,$0.00,$5.00,$5.00,$0.00,,,,$0.00,$0.00,$0.00,$0.00,Stripe,No,,Completed,Online,1,a8c5a01f-1ebd-40eb-a77f-79deafa08a33
MEM1064,MQIS Membership,20/02/2024,7:00 pm,Noah,Whitaker,noah.whitaker29@example.com,8634549642,28/07/2026 10:17 pm,Online,Paid,1,0,$5.00,$0.00,$0.00,$0.00,$0.20,$0.00,$0.00,$0.00,$5.20,$0.00,$0.00,$0.00,$0.00,$5.00,$5.00,$0.00,,,,$0.00,$0.00,$0.00,$0.00,Stripe,No,,Completed,Online,1,915aa857-c48f-40db-93cc-74d6cf28acce
MEM1065,MQIS Membership,20/02/2024,7:00 pm,Veronica,Torres,veronica.torres37@example.com,5583003580,14/08/2026 03:39 am,Online,Paid,1,0,$5.00,$0.00,$0.00,$0.00,$0.20,$0.00,$0.00,$0.00,$5.20,$0.00,$0.00,$0.00,$0.00,$5.00,$5.00,$0.00,,,,$0.00,$0.00,$0.00,$0.00,Stripe,Yes,,Completed,Online,1,f437f57b-fc5f-4e86-a05b-376867dcfac0
MEM1066,MQIS Membership,20/02/2024,7:00 pm,Melanie,Landry,melanie.landry80@example.com,9108853488,19/07/2026 11:42 pm,Online,Paid,1,0,$5.00,$0.00,$0.00,$0.00,$0.20,$0.00,$0.00,$0.00,$5.20,$0.00,$0.00,$0.00,$0.00,$5.00,$5.00,$0.00,,,,$0.00,$0.00,$0.00,$0.00,Stripe,No,,Completed,Online,1,2fb9771e-e731-4279-8107-7860d5735a37
MEM1067,MQIS Membership,20/02/2024,7:00 pm,Charles,Lewis,charles.lewis34@example.com,7783407932,27/07/2026 02:15 pm,Manual,Paid,1,0,$5.00,$0.00,$0.00,$0.00,$0.20,$0.00,$0.00,$0.00,$5.20,$0.00,$0.00,$0.00,$0.00,$5.00,$5.00,$0.00,,,,$0.00,$0.00,$0.00,$0.00,Stripe,No,,Completed,Manual,1,794cdfe6-a982-4cc2-a2d8-3cdc16c466a5
MEM1068,MQIS Membership,20/02/2024,7:00 pm,Eric,Martin,eric.martin42@example.com,7110340207,13/07/2026 06:20 pm,Online,Paid,1,0,$5.00,$0.00,$0.00,$0.00,$0.20,$0.00,$0.00,$0.00,$5.20,$0.00,$0.00,$0.00,$0.00,$5.00,$5.00,$0.00,,,,$0.00,$0.00,$0.00,$0.00,Stripe,No,,Completed,Online,1,747b2111-51c0-4a8f-8f97-5c337f83dd3c
MEM1069,MQIS Membership,20/02/2024,7:00 pm,Shannon,Schultz,shannon.schultz39@example.com,1791848000,08/08/2026 10:13 pm,Online,Paid,1,0,$5.00,$0.00,$0.00,$0.00,$0.20,$0.00,$0.00,$0.00,$5.20,$0.00,$0.00,$0.00,$0.00,$5.00,$5.00,$0.00,,,,$0.00,$0.00,$0.00,$0.00,Stripe,No,,Completed,Online,1,d56142ce-0f19-4dbc-bd21-e3b33a480403
MEM1070,MQIS Membership,20/02/2024,7:00 pm,Andrea,Williams,andrea.williams32@example.com,1489040113,12/08/2026 02:21 am,Manual,Paid,1,0,$5.00,$0.00,$0.00,$0.00,$0.20,$0.00,$0.00,$0.00,$5.20,$0.00,$0.00,$0.00,$0.00,$5.00,$5.00,$0.00,,,,$0.00,$0.00,$0.00,$0.00,Stripe,Yes,,Completed,Manual,1,8efe9e88-a2e0-4952-a916-9a385af00c5b
MEM1071,MQIS Membership,20/02/2024,7:00 pm,James,Morton,james.morton81@example.com,9277244376,13/08/2026 02:53 am,Online,Paid,1,0,$5.00,$0.00,$0.00,$0.00,$0.20,$0.00,$0.00,$0.00,$5.20,$0.00,$0.00,$0.00,$0.00,$5.00,$5.00,$0.00,,,,$0.00,$0.00,$0.00,$0.00,Stripe,No,,Completed,Online,1,eb725dce-bb3f-4e50-8488-83c71353f75a
MEM1072,MQIS Membership,20/02/2024,7:00 pm,Chris,Richard,chris.richard52@example.com,6891583365,08/08/2026 07:59 am,Online,Paid,1,0,$5.00,$0.00,$0.00,$0.00,$0.20,$0.00,$0.00,$0.00,$5.20,$0.00,$0.00,$0.00,$0.00,$5.00,$5.00,$0.00,,,,$0.00,$0.00,$0.00,$0.00,Stripe,Yes,,Completed,Online,1,ee338c2e-0b64-4b75-a24b-4c117cc564da
MEM1073,MQIS Membership,20/02/2024,7:00 pm,Lawrence,Ibarra,lawrence.ibarra17@example.com,4871929083,18/08/2026 07:42 am,Online,Paid,1,0,$5.00,$0.00,$0.00,$0.00,$0.20,$0.00,$0.00,$0.00,$5.20,$0.00,$0.00,$0.00,$0.00,$5.00,$5.00,$0.00,,,,$0.00,$0.00,$0.00,$0.00,Stripe,No,,Completed,Online,1,58f8905b-6039-465c-bef1-d1ecd7c2e403
MEM1074,MQIS Membership,20/02/2024,7:00 pm,Sarah,Anderson,sarah.anderson87@example.com,8968126669,26/07/2026 08:51 pm,Online,Paid,1,0,$5.00,$0.00,$0.00,$0.00,$0.20,$0.00,$0.00,$0.00,$5.20,$0.00,$0.00,$0.00,$0.00,$5.00,$5.00,$0.00,,,,$0.00,$0.00,$0.00,$0.00,Stripe,No,,Completed,Online,1,d80ac2c1-92f5-45b7-9887-8260bacab7f7
MEM1075,MQIS Membership,20/02/2024,7:00 pm,Tiffany,Barrett,tiffany.barrett33@example.com,7708665748,01/08/2026 12:05 pm,Online,Paid,1,0,$5.00,$0.00,$0.00,$0.00,$0.20,$0.00,$0.00,$0.00,$5.20,$0.00,$0.00,$0.00,$0.00,$5.00,$5.00,$0.00,,,,$0.00,$0.00,$0.00,$0.00,Stripe,No,,Completed,Online,1,f41870ea-a9e2-4756-b13b-9fea732de589
MEM1076,MQIS Membership,20/02/2024,7:00 pm,Jennifer,Garcia,jennifer.garcia97@example.com,7673800750,22/07/2026 09:06 pm,Online,Paid,1,0,$5.00,$0.00,$0.00,$0.00,$0.20,$0.00,$0.00,$0.00,$5.20,$0.00,$0.00,$0.00,$0.00,$5.00,$5.00,$0.00,,,,$0.00,$0.00,$0.00,$0.00,Stripe,Yes,,Completed,Online,1,3f892e37-bb22-4927-a7d9-12b93130300d
MEM1077,MQIS Membership,20/02/2024,7:00 pm,Aaron,Hardin,aaron.hardin96@example.com,3934741267,09/08/2026 08:12 pm,Manual,Paid,1,0,$5.00,$0.00,$0.00,$0.00,$0.20,$0.00,$0.00,$0.00,$5.20,$0.00,$0.00,$0.00,$0.00,$5.00,$5.00,$0.00,,,,$0.00,$0.00,$0.00,$0.00,Stripe,No,,Completed,Manual,1,0d5ccc28-72e4-4339-967c-1b23d0e048c9
MEM1078,MQIS Membership,20/02/2024,7:00 pm,Theresa,Long,theresa.long74@example.com,4605217321,27/07/2026 07:58 pm,Online,Paid,1,0,$5.00,$0.00,$0.00,$0.00,$0.20,$0.00,$0.00,$0.00,$5.20,$0.00,$0.00,$0.00,$0.00,$5.00,$5.00,$0.00,,,,$0.00,$0.00,$0.00,$0.00,Stripe,Yes,,Completed,Online,1,cc54432e-8392-47dd-950f-a45ba36054c6
MEM1079,MQIS Membership,20/02/2024,7:00 pm,Tamara,Novak,tamara.novak35@example.com,8802295576,27/07/2026 12:32 pm,Online,Paid,1,0,$5.00,$0.00,$0.00,$0.00,$0.20,$0.00,$0.00,$0.00,$5.20,$0.00,$0.00,$0.00,$0.00,$5.00,$5.00,$0.00,,,,$0.00,$0.00,$0.00,$0.00,Stripe,No,,Completed,Online,1,371d1ce4-8998-4426-85ca-98df8316da16
MEM1080,MQIS Membership,20/02/2024,7:00 pm,Jim,Rios,jim.rios61@example.com,7991906231,29/07/2026 08:05 pm,Online,Paid,1,0,$5.00,$0.00,$0.00,$0.00,$0.20,$0.00,$0.00,$0.00,$5.20,$0.00,$0.00,$0.00,$0.00,$5.00,$5.00,$0.00,,,,$0.00,$0.00,$0.00,$0.00,Stripe,No,,Completed,Online,1,9fe9431c-4b29-422e-8e7a-da83c5deb4be
MEM1081,MQIS Membership,20/02/2024,7:00 pm,Brian,Hernandez,brian.hernandez8@example.com,4708486711,13/07/2026 11:30 am,Online,Paid,1,0,$5.00,$0.00,$0.00,$0.00,$0.20,$0.00,$0.00,$0.00,$5.20,$0.00,$0.00,$0.00,$0.00,$5.00,$5.00,$0.00,,,,$0.00,$0.00,$0.00,$0.00,Stripe,Yes,,Completed,Online,1,50f2459d-a198-470a-8747-42eb9c11e08e
MEM1082,MQIS Membership,20/02/2024,7:00 pm,Jennifer,Lewis,jennifer.lewis87@example.com,3436509416,11/08/2026 05:30 pm,Online,Paid,1,0,$5.00,$0.00,$0.00,$0.00,$0.20,$0.00,$0.00,$0.00,$5.20,$0.00,$0.00,$0.00,$0.00,$5.00,$5.00,$0.00,,,,$0.00,$0.00,$0.00,$0.00,Stripe,No,,Completed,Online,1,816502d6-02c6-4787-8418-5b572db22329
MEM1083,MQIS Membership,20/02/2024,7:00 pm,Debra,Mack,debra.mack52@example.com,8701321566,03/08/2026 01:49 am,Online,Paid,1,0,$5.00,$0.00,$0.00,$0.00,$0.20,$0.00,$0.00,$0.00,$5.20,$0.00,$0.00,$0.00,$0.00,$5.00,$5.00,$0.00,,,,$0.00,$0.00,$0.00,$0.00,Stripe,Yes,,Completed,Online,1,139d93cf-9ea4-40e1-9da3-58cbad4a6e37
MEM1084,MQIS Membership,20/02/2024,7:00 pm,Jennifer,Whitney,jennifer.whitney20@example.com,7104599920,30/07/2026 07:55 am,Online,Paid,1,0,$5.00,$0.00,$0.00,$0.00,$0.20,$0.00,$0.00,$0.00,$5.20,$0.00,$0.00,$0.00,$0.00,$5.00,$5.00,$0.00,,,,$0.00,$0.00,$0.00,$0.00,Stripe,No,,Completed,Online,1,ef094662-8ce1-4bfc-9bb5-b72eddcd19fc
MEM1085,MQIS Membership,20/02/2024,7:00 pm,David,Richardson,david.richardson54@example.com,2213189605,05/08/2026 11:22 am,Online,Paid,1,0,$5.00,$0.00,$0.00,$0.00,$0.20,$0.00,$0.00,$0.00,$5.20,$0.00,$0.00,$0.00,$0.00,$5.00,$5.00,$0.00,,,,$0.00,$0.00,$0.00,$0.00,Stripe,Yes,,Completed,Online,1,ec68e82f-de38-41b8-9be6-7de9628184b8
MEM1086,MQIS Membership,20/02/2024,7:00 pm,Colin,Roberts,colin.roberts61@example.com,3417414655,04/08/2026 03:13 am,Online,Paid,1,0,$5.00,$0.00,$0.00,$0.00,$0.20,$0.00,$0.00,$0.00,$5.20,$0.00,$0.00,$0.00,$0.00,$5.00,$5.00,$0.00,,,,$0.00,$0.00,$0.00,$0.00,Stripe,Yes,,Completed,Online,1,f5555f6d-2eec-4a53-bc6f-b15bce7b4f7d
MEM1087,MQIS Membership,20/02/2024,7:00 pm,Jeremy,Roberts,jeremy.roberts65@example.com,5591649156,20/07/2026 01:18 am,Online,Refunded,0,1,$0.00,$0.00,$0.00,$0.00,$0.00,$0.00,$0.00,$0.00,$0.00,$0.00,$0.00,$0.00,$0.00,$0.00,$0.00,$0.00,,,,$0.00,$0.00,$0.00,$0.00,Stripe,No,,Completed,Online,1,3326af58-61c0-462b-b247-26fcb0b4821b
MEM1088,MQIS Membership,20/02/2024,7:00 pm,Lori,Jones,lori.jones55@example.com,4865007443,19/07/2026 11:36 am,Online,Paid,1,0,$5.00,$0.00,$0.00,$0.00,$0.20,$0.00,$0.00,$0.00,$5.20,$0.00,$0.00,$0.00,$0.00,$5.00,$5.00,$0.00,,,,$0.00,$0.00,$0.00,$0.00,Stripe,Yes,,Completed,Online,1,10760bac-005e-4cf3-a6c6-f1e5d8e2a11a
MEM1089,MQIS Membership,20/02/2024,7:00 pm,Chris,Mitchell,chris.mitchell28@example.com,6536470669,17/08/2026 05:32 pm,Online,Paid,1,0,$5.00,$0.00,$0.00,$0.00,$0.20,$0.00,$0.00,$0.00,$5.20,$0.00,$0.00,$0.00,$0.00,$5.00,$5.00,$0.00,,,,$0.00,$0.00,$0.00,$0.00,Stripe,No,,Completed,Online,1,d27f8d4d-195d-4954-a004-38dc81dcbfbe
MEM1090,MQIS Membership,20/02/2024,7:00 pm,Trevor,Barton,trevor.barton82@example.com,1452448649,12/08/2026 09:41 am,Online,Paid,1,0,$5.00,$0.00,$0.00,$0.00,$0.20,$0.00,$0.00,$0.00,$5.20,$0.00,$0.00,$0.00,$0.00,$5.00,$5.00,$0.00,,,,$0.00,$0.00,$0.00,$0.00,Stripe,No,,Completed,Online,1,921c0d64-0646-47eb-aad9-2250589a01f4
MEM1091,MQIS Membership,20/02/2024,7:00 pm,Ruben,Mendez,ruben.mendez31@example.com,3518406392,11/07/2026 02:00 am,Online,Paid,1,0,$5.00,$0.00,$0.00,$0.00,$0.20,$0.00,$0.00,$0.00,$5.20,$0.00,$0.00,$0.00,$0.00,$5.00,$5.00,$0.00,,,,$0.00,$0.00,$0.00,$0.00,Stripe,No,,Completed,Online,1,e77bf4cf-c797-4af5-992b-f1fc5d2e75e3
MEM1092,MQIS Membership,20/02/2024,7:00 pm,Angela,Smith,angela.smith75@example.com,1004991264,18/07/2026 09:10 am,Online,Paid,1,0,$5.00,$0.00,$0.00,$0.00,$0.20,$0.00,$0.00,$0.00,$5.20,$0.00,$0.00,$0.00,$0.00,$5.00,$5.00,$0.00,,,,$0.00,$0.00,$0.00,$0.00,Stripe,No,,Completed,Online,1,069fc846-b619-4e67-b8d8-28d7c19fcabc
MEM1093,MQIS Membership,20/02/2024,7:00 pm,Ariana,Zuniga,ariana.zuniga87@example.com,9205091633,07/08/2026 11:47 pm,Manual,Paid,1,0,$5.00,$0.00,$0.00,$0.00,$0.20,$0.00,$0.00,$0.00,$5.20,$0.00,$0.00,$0.00,$0.00,$5.00,$5.00,$0.00,,,,$0.00,$0.00,$0.00,$0.00,Stripe,Yes,,Completed,Manual,1,641ac793-ccfb-4440-b347-acebd177f283
MEM1094,MQIS Membership,20/02/2024,7:00 pm,Amanda,Webb,amanda.webb53@example.com,2865711924,15/07/2026 08:45 am,Online,Paid,1,0,$5.00,$0.00,$0.00,$0.00,$0.20,$0.00,$0.00,$0.00,$5.20,$0.00,$0.00,$0.00,$0.00,$5.00,$5.00,$0.00,,,,$0.00,$0.00,$0.00,$0.00,Stripe,Yes,,Completed,Online,1,e8fd3856-be75-452b-84f0-e69382c7e694
MEM1095,MQIS Membership,20/02/2024,7:00 pm,David,Fisher,david.fisher26@example.com,0623818392,09/08/2026 01:16 pm,Online,Paid,1,0,$5.00,$0.00,$0.00,$0.00,$0.20,$0.00,$0.00,$0.00,$5.20,$0.00,$0.00,$0.00,$0.00,$5.00,$5.00,$0.00,,,,$0.00,$0.00,$0.00,$0.00,Stripe,Yes,,Completed,Online,1,16db20b3-920d-4b29-be6e-58796a18801c
MEM1096,MQIS Membership,20/02/2024,7:00 pm,Stephen,Scott,stephen.scott25@example.com,1960791172,29/07/2026 03:47 pm,Online,Paid,1,0,$5.00,$0.00,$0.00,$0.00,$0.20,$0.00,$0.00,$0.00,$5.20,$0.00,$0.00,$0.00,$0.00,$5.00,$5.00,$0.00,,,,$0.00,$0.00,$0.00,$0.00,Stripe,Yes,,Completed,Online,1,b402368f-fba2-40dc-b228-8e893a78477a
MEM1097,MQIS Membership,20/02/2024,7:00 pm,Lindsay,Cummings,lindsay.cummings40@example.com,3353153562,23/07/2026 03:12 am,Online,Paid,1,0,$5.00,$0.00,$0.00,$0.00,$0.20,$0.00,$0.00,$0.00,$5.20,$0.00,$0.00,$0.00,$0.00,$5.00,$5.00,$0.00,,,,$0.00,$0.00,$0.00,$0.00,Stripe,No,,Completed,Online,1,5aa2f532-fb4a-432a-8fa4-0881b7e641f8
MEM1098,MQIS Membership,20/02/2024,7:00 pm,Timothy,Booth,timothy.booth63@example.com,4094147716,06/08/2026 03:11 pm,Online,Paid,1,0,$5.00,$0.00,$0.00,$0.00,$0.20,$0.00,$0.00,$0.00,$5.20,$0.00,$0.00,$0.00,$0.00,$5.00,$5.00,$0.00,,,,$0.00,$0.00,$0.00,$0.00,Stripe,Yes,,Completed,Online,1,2c568176-89cb-44b8-9c21-dffaaa8b8a95
MEM1099,MQIS Membership,20/02/2024,7:00 pm,George,Daniel,george.daniel90@example.com,4468216362,13/07/2026 10:22 am,Online,Paid,1,0,$5.00,$0.00,$0.00,$0.00,$0.20,$0.00,$0.00,$0.00,$5.20,$0.00,$0.00,$0.00,$0.00,$5.00,$5.00,$0.00,,,,$0.00,$0.00,$0.00,$0.00,Stripe,No,,Completed,Online,1,da703391-6e6c-4059-85ef-706c36414b0a
MEM1100,MQIS Membership,20/02/2024,7:00 pm,Devin,Reyes,devin.reyes4@example.com,3223224263,04/08/2026 11:15 am,Online,Paid,1,0,$5.00,$0.00,$0.00,$0.00,$0.20,$0.00,$0.00,$0.00,$5.20,$0.00,$0.00,$0.00,$0.00,$5.00,$5.00,$0.00,,,,$0.00,$0.00,$0.00,$0.00,Stripe,No,,Completed,Online,1,141ef4a3-bf01-4e6e-832f-9a76648acfe4
MEM1101,MQIS Membership,20/02/2024,7:00 pm,Mark,Vang,mark.vang36@example.com,1452878475,16/07/2026 02:13 pm,Online,Refunded,0,1,$0.00,$0.00,$0.00,$0.00,$0.00,$0.00,$0.00,$0.00,$0.00,$0.00,$0.00,$0.00,$0.00,$0.00,$0.00,$0.00,,,,$0.00,$0.00,$0.00,$0.00,Stripe,Yes,,Completed,Online,1,b2540c88-4874-491e-b731-565242170d33
MEM1102,MQIS Membership,20/02/2024,7:00 pm,Kelly,Hughes,kelly.hughes64@example.com,4344105794,13/07/2026 10:18 pm,Online,Paid,1,0,$5.00,$0.00,$0.00,$0.00,$0.20,$0.00,$0.00,$0.00,$5.20,$0.00,$0.00,$0.00,$0.00,$5.00,$5.00,$0.00,,,,$0.00,$0.00,$0.00,$0.00,Stripe,No,,Completed,Online,1,3788881c-598c-4a9c-8173-029e2eb8b735
MEM1103,MQIS Membership,20/02/2024,7:00 pm,Michael,Palmer,michael.palmer85@example.com,2444834519,17/07/2026 07:06 am,Online,Paid,1,0,$5.00,$0.00,$0.00,$0.00,$0.20,$0.00,$0.00,$0.00,$5.20,$0.00,$0.00,$0.00,$0.00,$5.00,$5.00,$0.00,,,,$0.00,$0.00,$0.00,$0.00,Stripe,No,,Completed,Online,1,8cd54cb6-c0e4-4373-8152-300eeb47d902
MEM1104,MQIS Membership,20/02/2024,7:00 pm,Tammy,Dalton,tammy.dalton89@example.com,7547281570,04/08/2026 08:10 pm,Online,Paid,1,0,$5.00,$0.00,$0.00,$0.00,$0.20,$0.00,$0.00,$0.00,$5.20,$0.00,$0.00,$0.00,$0.00,$5.00,$5.00,$0.00,,,,$0.00,$0.00,$0.00,$0.00,Stripe,No,,Completed,Online,1,0022cc35-b695-4195-8aad-191658a59bff
MEM1105,MQIS Membership,20/02/2024,7:00 pm,Jesse,Mann,jesse.mann95@example.com,2204377149,14/07/2026 10:43 am,Online,Paid,1,0,$5.00,$0.00,$0.00,$0.00,$0.20,$0.00,$0.00,$0.00,$5.20,$0.00,$0.00,$0.00,$0.00,$5.00,$5.00,$0.00,,,,$0.00,$0.00,$0.00,$0.00,Stripe,Yes,,Completed,Online,1,40151947-849b-4ae5-8820-e1762a3e6636
MEM1106,MQIS Membership,20/02/2024,7:00 pm,Chelsea,Hernandez,chelsea.hernandez49@example.com,6152830568,02/08/2026 04:52 am,Online,Paid,1,0,$5.00,$0.00,$0.00,$0.00,$0.20,$0.00,$0.00,$0.00,$5.20,$0.00,$0.00,$0.00,$0.00,$5.00,$5.00,$0.00,,,,$0.00,$0.00,$0.00,$0.00,Stripe,No,,Completed,Online,1,2cf3d8b6-823b-44a4-8c0c-a4d0daf72151
MEM1107,MQIS Membership,20/02/2024,7:00 pm,Laura,Henderson,laura.henderson14@example.com,8098822092,11/07/2026 05:46 am,Online,Paid,1,0,$5.00,$0.00,$0.00,$0.00,$0.20,$0.00,$0.00,$0.00,$5.20,$0.00,$0.00,$0.00,$0.00,$5.00,$5.00,$0.00,,,,$0.00,$0.00,$0.00,$0.00,Stripe,No,,Completed,Online,1,cd314e44-b412-47b1-a590-e50301005de5
MEM1108,MQIS Membership,20/02/2024,7:00 pm,Angela,Greene,angela.greene20@example.com,3547913027,02/08/2026 01:13 pm,Online,Paid,1,0,$5.00,$0.00,$0.00,$0.00,$0.20,$0.00,$0.00,$0.00,$5.20,$0.00,$0.00,$0.00,$0.00,$5.00,$5.00,$0.00,,,,$0.00,$0.00,$0.00,$0.00,Stripe,No,,Completed,Online,1,02e02be7-9488-4ac8-b596-13bfd88b1d10
MEM1109,MQIS Membership,20/02/2024,7:00 pm,Katherine,Thompson,katherine.thompson93@example.com,0022798257,16/07/2026 10:37 pm,Online,Paid,1,0,$5.00,$0.00,$0.00,$0.00,$0.20,$0.00,$0.00,$0.00,$5.20,$0.00,$0.00,$0.00,$0.00,$5.00,$5.00,$0.00,,,,$0.00,$0.00,$0.00,$0.00,Stripe,No,,Completed,Online,1,553cc03a-3f64-4c06-8682-9f2ee677264b
MEM1110,MQIS Membership,20/02/2024,7:00 pm,Deborah,Nielsen,deborah.nielsen24@example.com,3260322408,10/08/2026 04:09 am,Online,Paid,1,0,$5.00,$0.00,$0.00,$0.00,$0.20,$0.00,$0.00,$0.00,$5.20,$0.00,$0.00,$0.00,$0.00,$5.00,$5.00,$0.00,,,,$0.00,$0.00,$0.00,$0.00,Stripe,No,,Completed,Online,1,3ba46082-0336-4b3d-8838-4e87a44f6e11
MEM1111,MQIS Membership,20/02/2024,7:00 pm,Christopher,Cortez,christopher.cortez14@example.com,7150685246,29/07/2026 04:11 am,Online,Paid,1,0,$5.00,$0.00,$0.00,$0.00,$0.20,$0.00,$0.00,$0.00,$5.20,$0.00,$0.00,$0.00,$0.00,$5.00,$5.00,$0.00,,,,$0.00,$0.00,$0.00,$0.00,Stripe,No,,Completed,Online,1,cbd3b5f0-8fe1-4ad1-bfad-1f25e40b4dde
MEM1112,MQIS Membership,20/02/2024,7:00 pm,Megan,Flores,megan.flores60@example.com,0851512286,02/08/2026 05:52 am,Online,Paid,1,0,$5.00,$0.00,$0.00,$0.00,$0.20,$0.00,$0.00,$0.00,$5.20,$0.00,$0.00,$0.00,$0.00,$5.00,$5.00,$0.00,,,,$0.00,$0.00,$0.00,$0.00,Stripe,No,,Completed,Online,1,9f8972c4-9558-4a28-9291-da0af6b6849c
MEM1113,MQIS Membership,20/02/2024,7:00 pm,Michael,Cook,michael.cook87@example.com,9411715903,07/08/2026 10:26 am,Online,Paid,1,0,$5.00,$0.00,$0.00,$0.00,$0.20,$0.00,$0.00,$0.00,$5.20,$0.00,$0.00,$0.00,$0.00,$5.00,$5.00,$0.00,,,,$0.00,$0.00,$0.00,$0.00,Stripe,No,,Completed,Online,1,78a2bbc2-3f83-40da-bd04-681eb87d4b50
MEM1114,MQIS Membership,20/02/2024,7:00 pm,Sheila,Wilson,sheila.wilson56@example.com,9012599684,15/07/2026 07:35 am,Manual,Paid,1,0,$5.00,$0.00,$0.00,$0.00,$0.20,$0.00,$0.00,$0.00,$5.20,$0.00,$0.00,$0.00,$0.00,$5.00,$5.00,$0.00,,,,$0.00,$0.00,$0.00,$0.00,Stripe,No,,Completed,Manual,1,22a39d24-b2da-4983-bab0-a7c9c2942b88
MEM1115,MQIS Membership,20/02/2024,7:00 pm,Veronica,Bowman,veronica.bowman54@example.com,8671542959,17/08/2026 08:32 pm,Online,Paid,1,0,$5.00,$0.00,$0.00,$0.00,$0.20,$0.00,$0.00,$0.00,$5.20,$0.00,$0.00,$0.00,$0.00,$5.00,$5.00,$0.00,,,,$0.00,$0.00,$0.00,$0.00,Stripe,No,,Completed,Online,1,4d5129e6-94de-4bbd-89a2-c08814ebad87
MEM1116,MQIS Membership,20/02/2024,7:00 pm,Karen,Carrillo,karen.carrillo94@example.com,0071910353,27/07/2026 01:00 pm,Online,Paid,1,0,$5.00,$0.00,$0.00,$0.00,$0.20,$0.00,$0.00,$0.00,$5.20,$0.00,$0.00,$0.00,$0.00,$5.00,$5.00,$0.00,,,,$0.00,$0.00,$0.00,$0.00,Stripe,Yes,,Completed,Online,1,26072582-9fc3-49cf-996d-c673e719b2da
MEM1117,MQIS Membership,20/02/2024,7:00 pm,Charles,Ware,charles.ware20@example.com,2340515588,14/07/2026 08:53 pm,Online,Paid,1,0,$5.00,$0.00,$0.00,$0.00,$0.20,$0.00,$0.00,$0.00,$5.20,$0.00,$0.00,$0.00,$0.00,$5.00,$5.00,$0.00,,,,$0.00,$0.00,$0.00,$0.00,Stripe,Yes,,Completed,Online,1,fbc1c96e-1c37-4ed3-ade7-9d32d16a391e
MEM1118,MQIS Membership,20/02/2024,7:00 pm,Sean,Myers,sean.myers52@example.com,3870611542,05/08/2026 02:14 am,Online,Paid,1,0,$5.00,$0.00,$0.00,$0.00,$0.20,$0.00,$0.00,$0.00,$5.20,$0.00,$0.00,$0.00,$0.00,$5.00,$5.00,$0.00,,,,$0.00,$0.00,$0.00,$0.00,Stripe,No,,Completed,Online,1,ce4e8f8e-9ee4-4c9b-800e-baa2c2855f05
MEM1119,MQIS Membership,20/02/2024,7:00 pm,Gail,Perry,gail.perry53@example.com,9192659517,23/07/2026 02:11 pm,Manual,Paid,1,0,$5.00,$0.00,$0.00,$0.00,$0.20,$0.00,$0.00,$0.00,$5.20,$0.00,$0.00,$0.00,$0.00,$5.00,$5.00,$0.00,,,,$0.00,$0.00,$0.00,$0.00,Stripe,No,,Completed,Manual,1,4e336309-6c4c-432e-a3d6-4cb1a778ff5c
MEM1120,MQIS Membership,20/02/2024,7:00 pm,Brenda,Moore,brenda.moore14@example.com,3137400198,31/07/2026 07:24 pm,Online,Paid,1,0,$5.00,$0.00,$0.00,$0.00,$0.20,$0.00,$0.00,$0.00,$5.20,$0.00,$0.00,$0.00,$0.00,$5.00,$5.00,$0.00,,,,$0.00,$0.00,$0.00,$0.00,Stripe,No,,Completed,Online,1,3f7e0269-68ec-4547-a5a8-4f5f013a939a
MEM1121,MQIS Membership,20/02/2024,7:00 pm,Charles,Hensley,charles.hensley52@example.com,4432654951,01/08/2026 01:30 am,Online,Paid,1,0,$5.00,$0.00,$0.00,$0.00,$0.20,$0.00,$0.00,$0.00,$5.20,$0.00,$0.00,$0.00,$0.00,$5.00,$5.00,$0.00,,,,$0.00,$0.00,$0.00,$0.00,Stripe,No,,Completed,Online,1,7cb3ce26-944b-4b1b-a448-9d7c1ed9dc47
MEM1122,MQIS Membership,20/02/2024,7:00 pm,Andrew,Ryan,andrew.ryan81@example.com,5179154369,29/07/2026 10:21 pm,Manual,Paid,1,0,$5.00,$0.00,$0.00,$0.00,$0.20,$0.00,$0.00,$0.00,$5.20,$0.00,$0.00,$0.00,$0.00,$5.00,$5.00,$0.00,,,,$0.00,$0.00,$0.00,$0.00,Stripe,Yes,,Completed,Manual,1,b6b56a69-9a3a-44f7-9dff-dd6e450c435f
MEM1123,MQIS Membership,20/02/2024,7:00 pm,Katie,Anderson,katie.anderson89@example.com,0494080910,20/07/2026 09:57 am,Manual,Paid,1,0,$5.00,$0.00,$0.00,$0.00,$0.20,$0.00,$0.00,$0.00,$5.20,$0.00,$0.00,$0.00,$0.00,$5.00,$5.00,$0.00,,,,$0.00,$0.00,$0.00,$0.00,Stripe,Yes,,Completed,Manual,1,8a7aa955-9cfc-4b73-a696-165a536c569f
MEM1124,MQIS Membership,20/02/2024,7:00 pm,Daniel,Smith,daniel.smith60@example.com,3316792664,14/07/2026 01:13 am,Online,Paid,1,0,$5.00,$0.00,$0.00,$0.00,$0.20,$0.00,$0.00,$0.00,$5.20,$0.00,$0.00,$0.00,$0.00,$5.00,$5.00,$0.00,,,,$0.00,$0.00,$0.00,$0.00,Stripe,No,,Completed,Online,1,5636b33d-00be-4b5e-98d4-0147726babac
MEM1125,MQIS Membership,20/02/2024,7:00 pm,Aaron,Garrison,aaron.garrison21@example.com,6408106710,01/08/2026 09:38 am,Online,Paid,1,0,$5.00,$0.00,$0.00,$0.00,$0.20,$0.00,$0.00,$0.00,$5.20,$0.00,$0.00,$0.00,$0.00,$5.00,$5.00,$0.00,,,,$0.00,$0.00,$0.00,$0.00,Stripe,Yes,,Completed,Online,1,1913505c-5e99-49fe-a037-7d789fb4716c
MEM1126,MQIS Membership,20/02/2024,7:00 pm,Juan,Ryan,juan.ryan66@example.com,9208653749,11/07/2026 02:20 am,Online,Paid,1,0,$5.00,$0.00,$0.00,$0.00,$0.20,$0.00,$0.00,$0.00,$5.20,$0.00,$0.00,$0.00,$0.00,$5.00,$5.00,$0.00,,,,$0.00,$0.00,$0.00,$0.00,Stripe,No,,Completed,Online,1,980d15a5-3219-4c07-8871-9619b679d387
MEM1127,MQIS Membership,20/02/2024,7:00 pm,Lawrence,Ibarra,lawrence.ibarra17@example.com,6654934781,17/07/2026 05:58 pm,Online,Paid,1,0,$5.00,$0.00,$0.00,$0.00,$0.20,$0.00,$0.00,$0.00,$5.20,$0.00,$0.00,$0.00,$0.00,$5.00,$5.00,$0.00,,,,$0.00,$0.00,$0.00,$0.00,Stripe,Yes,,Completed,Online,1,1fcc4f7f-bb69-48b7-8393-6e828c5dbe7a
MEM1128,MQIS Membership,20/02/2024,7:00 pm,Thomas,Anderson,thomas.anderson49@example.com,3201970307,10/07/2026 04:34 pm,Online,Paid,1,0,$5.00,$0.00,$0.00,$0.00,$0.20,$0.00,$0.00,$0.00,$5.20,$0.00,$0.00,$0.00,$0.00,$5.00,$5.00,$0.00,,,,$0.00,$0.00,$0.00,$0.00,Stripe,No,,Completed,Online,1,3fe47f0d-20ea-47b1-ac7f-8dddbd13bc10
MEM1129,MQIS Membership,20/02/2024,7:00 pm,Amber,Blair,amber.blair99@example.com,5588119127,17/08/2026 12:53 am,Online,Paid,1,0,$5.00,$0.00,$0.00,$0.00,$0.20,$0.00,$0.00,$0.00,$5.20,$0.00,$0.00,$0.00,$0.00,$5.00,$5.00,$0.00,,,,$0.00,$0.00,$0.00,$0.00,Stripe,No,,Completed,Online,1,186a2bc2-d9ee-432c-9cd3-8fc0e1f86345
MEM1130,MQIS Membership,20/02/2024,7:00 pm,Sabrina,White,sabrina.white9@example.com,8442467600,31/07/2026 04:25 pm,Online,Paid,1,0,$5.00,$0.00,$0.00,$0.00,$0.20,$0.00,$0.00,$0.00,$5.20,$0.00,$0.00,$0.00,$0.00,$5.00,$5.00,$0.00,,,,$0.00,$0.00,$0.00,$0.00,Stripe,No,,Completed,Online,1,694a88d1-e1b6-4bea-b19a-7f7d9bb7501b
MEM1131,MQIS Membership,20/02/2024,7:00 pm,Gregory,Medina,gregory.medina95@example.com,2544584795,22/07/2026 05:10 pm,Online,Paid,1,0,$5.00,$0.00,$0.00,$0.00,$0.20,$0.00,$0.00,$0.00,$5.20,$0.00,$0.00,$0.00,$0.00,$5.00,$5.00,$0.00,,,,$0.00,$0.00,$0.00,$0.00,Stripe,No,,Completed,Online,1,da900b3d-92da-41eb-8117-97261052ff28
MEM1132,MQIS Membership,20/02/2024,7:00 pm,Daniel,Graham,daniel.graham34@example.com,1409054449,14/08/2026 02:03 pm,Manual,Paid,1,0,$5.00,$0.00,$0.00,$0.00,$0.20,$0.00,$0.00,$0.00,$5.20,$0.00,$0.00,$0.00,$0.00,$5.00,$5.00,$0.00,,,,$0.00,$0.00,$0.00,$0.00,Stripe,No,,Completed,Manual,1,6bc6e8c0-1c09-4657-9408-89a325095474
MEM1133,MQIS Membership,20/02/2024,7:00 pm,Eric,Spears,eric.spears60@example.com,3907666752,24/07/2026 12:49 am,Manual,Paid,1,0,$5.00,$0.00,$0.00,$0.00,$0.20,$0.00,$0.00,$0.00,$5.20,$0.00,$0.00,$0.00,$0.00,$5.00,$5.00,$0.00,,,,$0.00,$0.00,$0.00,$0.00,Stripe,No,,Completed,Manual,1,3d989cbf-d7dc-45ac-b7a5-2155039c6f00
MEM1134,MQIS Membership,20/02/2024,7:00 pm,Christina,Robinson,christina.robinson52@example.com,7997065811,14/07/2026 10:57 am,Online,Paid,1,0,$5.00,$0.00,$0.00,$0.00,$0.20,$0.00,$0.00,$0.00,$5.20,$0.00,$0.00,$0.00,$0.00,$5.00,$5.00,$0.00,,,,$0.00,$0.00,$0.00,$0.00,Stripe,No,,Completed,Online,1,79095974-cbb3-4091-8ef2-9d8cc1d1a0f5
MEM1135,MQIS Membership,20/02/2024,7:00 pm,Alyssa,Coleman,alyssa.coleman55@example.com,6350968019,27/07/2026 11:27 am,Online,Paid,1,0,$5.00,$0.00,$0.00,$0.00,$0.20,$0.00,$0.00,$0.00,$5.20,$0.00,$0.00,$0.00,$0.00,$5.00,$5.00,$0.00,,,,$0.00,$0.00,$0.00,$0.00,Stripe,No,,Completed,Online,1,6b1f7cfc-c6c3-4af9-8396-a4b31ea8bd13
MEM1136,MQIS Membership,20/02/2024,7:00 pm,Jenny,Lee,jenny.lee33@example.com,9352601772,26/07/2026 02:22 pm,Online,Paid,1,0,$5.00,$0.00,$0.00,$0.00,$0.20,$0.00,$0.00,$0.00,$5.20,$0.00,$0.00,$0.00,$0.00,$5.00,$5.00,$0.00,,,,$0.00,$0.00,$0.00,$0.00,Stripe,No,,Completed,Online,1,e5b7752e-d67e-4505-913c-e97381436ae0
MEM1137,MQIS Membership,20/02/2024,7:00 pm,Henry,Lewis,henry.lewis90@example.com,1354270182,18/07/2026 08:46 am,Online,Paid,1,0,$5.00,$0.00,$0.00,$0.00,$0.20,$0.00,$0.00,$0.00,$5.20,$0.00,$0.00,$0.00,$0.00,$5.00,$5.00,$0.00,,,,$0.00,$0.00,$0.00,$0.00,Stripe,No,,Completed,Online,1,0eb570cb-e837-424e-a0b4-a16da4c5ca6a
MEM1138,MQIS Membership,20/02/2024,7:00 pm,Matthew,Chapman,matthew.chapman49@example.com,3046740718,12/07/2026 10:02 am,Online,Paid,1,0,$5.00,$0.00,$0.00,$0.00,$0.20,$0.00,$0.00,$0.00,$5.20,$0.00,$0.00,$0.00,$0.00,$5.00,$5.00,$0.00,,,,$0.00,$0.00,$0.00,$0.00,Stripe,No,,Completed,Online,1,571238fe-13d8-4851-829a-c8291cfa359e
MEM1139,MQIS Membership,20/02/2024,7:00 pm,Joshua,Walker,joshua.walker15@example.com,5628753184,26/07/2026 03:35 am,Online,Paid,1,0,$5.00,$0.00,$0.00,$0.00,$0.20,$0.00,$0.00,$0.00,$5.20,$0.00,$0.00,$0.00,$0.00,$5.00,$5.00,$0.00,,,,$0.00,$0.00,$0.00,$0.00,Stripe,No,,Completed,Online,1,269254e5-900d-48f5-89a5-fcaf60f24fff
MEM1140,MQIS Membership,20/02/2024,7:00 pm,Madison,Blankenship,madison.blankenship47@example.com,9645871663,14/07/2026 05:28 pm,Online,Paid,1,0,$5.00,$0.00,$0.00,$0.00,$0.20,$0.00,$0.00,$0.00,$5.20,$0.00,$0.00,$0.00,$0.00,$5.00,$5.00,$0.00,,,,$0.00,$0.00,$0.00,$0.00,Stripe,No,,Completed,Online,1,29362cc7-21f0-439e-bea7-ba13351e308a
MEM1141,MQIS Membership,20/02/2024,7:00 pm,Robert,Morris,robert.morris22@example.com,7018215574,14/07/2026 03:44 am,Manual,Paid,1,0,$5.00,$0.00,$0.00,$0.00,$0.20,$0.00,$0.00,$0.00,$5.20,$0.00,$0.00,$0.00,$0.00,$5.00,$5.00,$0.00,,,,$0.00,$0.00,$0.00,$0.00,Stripe,No,,Completed,Manual,1,8b73d452-1a95-4e55-adab-3a2d19b5cc6d
MEM1142,MQIS Membership,20/02/2024,7:00 pm,Andrea,Salazar,andrea.salazar11@example.com,4017919445,31/07/2026 05:00 pm,Online,Paid,1,0,$5.00,$0.00,$0.00,$0.00,$0.20,$0.00,$0.00,$0.00,$5.20,$0.00,$0.00,$0.00,$0.00,$5.00,$5.00,$0.00,,,,$0.00,$0.00,$0.00,$0.00,Stripe,No,,Completed,Online,1,94f876b0-ed8d-49c2-a362-7f49bca39a60
MEM1143,MQIS Membership,20/02/2024,7:00 pm,Matthew,Chapman,matthew.chapman49@example.com,2536711712,08/08/2026 08:41 pm,Online,Paid,1,0,$5.00,$0.00,$0.00,$0.00,$0.20,$0.00,$0.00,$0.00,$5.20,$0.00,$0.00,$0.00,$0.00,$5.00,$5.00,$0.00,,,,$0.00,$0.00,$0.00,$0.00,Stripe,Yes,,Completed,Online,1,f8b6a7c5-b0a1-4744-9de5-eb62f9a4f6fa
MEM1144,MQIS Membership,20/02/2024,7:00 pm,Jodi,Stewart,jodi.stewart16@example.com,1756592300,29/07/2026 02:40 am,Online,Paid,1,0,$5.00,$0.00,$0.00,$0.00,$0.20,$0.00,$0.00,$0.00,$5.20,$0.00,$0.00,$0.00,$0.00,$5.00,$5.00,$0.00,,,,$0.00,$0.00,$0.00,$0.00,Stripe,No,,Completed,Online,1,3b20f497-210a-459d-ada2-af41fa604c2c
MEM1145,MQIS Membership,20/02/2024,7:00 pm,Brenda,Hoffman,brenda.hoffman14@example.com,1664333519,17/08/2026 03:46 am,Online,Paid,1,0,$5.00,$0.00,$0.00,$0.00,$0.20,$0.00,$0.00,$0.00,$5.20,$0.00,$0.00,$0.00,$0.00,$5.00,$5.00,$0.00,,,,$0.00,$0.00,$0.00,$0.00,Stripe,No,,Completed,Online,1,eaf7a953-28eb-4c4b-be63-1d51a07b5693
MEM1146,MQIS Membership,20/02/2024,7:00 pm,William,Simpson,william.simpson71@example.com,5292709930,12/07/2026 11:03 pm,Online,Paid,1,0,$5.00,$0.00,$0.00,$0.00,$0.20,$0.00,$0.00,$0.00,$5.20,$0.00,$0.00,$0.00,$0.00,$5.00,$5.00,$0.00,,,,$0.00,$0.00,$0.00,$0.00,Stripe,No,,Completed,Online,1,0c26ce69-202c-427e-81b4-ba0ea16bfdc6
MEM1147,MQIS Membership,20/02/2024,7:00 pm,Joseph,Perry,joseph.perry93@example.com,1731010910,04/08/2026 03:35 am,Online,Paid,1,0,$5.00,$0.00,$0.00,$0.00,$0.20,$0.00,$0.00,$0.00,$5.20,$0.00,$0.00,$0.00,$0.00,$5.00,$5.00,$0.00,,,,$0.00,$0.00,$0.00,$0.00,Stripe,No,,Completed,Online,1,2f99bc94-54e0-4b03-921a-93dc0c4d0bfc
MEM1148,MQIS Membership,20/02/2024,7:00 pm,Larry,Byrd,larry.byrd70@example.com,4956686510,04/08/2026 04:37 pm,Online,Paid,1,0,$5.00,$0.00,$0.00,$0.00,$0.20,$0.00,$0.00,$0.00,$5.20,$0.00,$0.00,$0.00,$0.00,$5.00,$5.00,$0.00,,,,$0.00,$0.00,$0.00,$0.00,Stripe,No,,Completed,Online,1,af866d97-78e0-421f-b5e7-3beb5bbaad52
MEM1149,MQIS Membership,20/02/2024,7:00 pm,Donna,Le,donna.le61@example.com,7839290253,04/08/2026 02:12 am,Online,Paid,1,0,$5.00,$0.00,$0.00,$0.00,$0.20,$0.00,$0.00,$0.00,$5.20,$0.00,$0.00,$0.00,$0.00,$5.00,$5.00,$0.00,,,,$0.00,$0.00,$0.00,$0.00,Stripe,No,,Completed,Online,1,ddeb79c1-8b5d-4aaf-8b36-3edd875fbe9c
MEM1150,MQIS Membership,20/02/2024,7:00 pm,Kelly,Hughes,kelly.hughes64@example.com,6965776543,15/08/2026 03:05 pm,Manual,Paid,1,0,$5.00,$0.00,$0.00,$0.00,$0.20,$0.00,$0.00,$0.00,$5.20,$0.00,$0.00,$0.00,$0.00,$5.00,$5.00,$0.00,,,,$0.00,$0.00,$0.00,$0.00,Stripe,No,,Completed,Manual,1,911b07f1-8ddb-461b-aa08-b2b7f478f54d
MEM1151,MQIS Membership,20/02/2024,7:00 pm,Christian,Scott,christian.scott58@example.com,3124534749,14/07/2026 07:25 am,Online,Paid,1,0,$5.00,$0.00,$0.00,$0.00,$0.20,$0.00,$0.00,$0.00,$5.20,$0.00,$0.00,$0.00,$0.00,$5.00,$5.00,$0.00,,,,$0.00,$0.00,$0.00,$0.00,Stripe,No,,Completed,Online,1,43eef08d-8260-4053-ba21-33c508b8615d
MEM1152,MQIS Membership,20/02/2024,7:00 pm,Lindsey,Harrison,lindsey.harrison67@example.com,8182223449,05/08/2026 09:23 pm,Online,Paid,1,0,$5.00,$0.00,$0.00,$0.00,$0.20,$0.00,$0.00,$0.00,$5.20,$0.00,$0.00,$0.00,$0.00,$5.00,$5.00,$0.00,,,,$0.00,$0.00,$0.00,$0.00,Stripe,No,,Completed,Online,1,cbe9b012-aaeb-4f1f-8de8-b82ec9fe03a7
MEM1153,MQIS Membership,20/02/2024,7:00 pm,Alexis,Harris,alexis.harris38@example.com,8569445142,22/07/2026 04:33 am,Online,Paid,1,0,$5.00,$0.00,$0.00,$0.00,$0.20,$0.00,$0.00,$0.00,$5.20,$0.00,$0.00,$0.00,$0.00,$5.00,$5.00,$0.00,,,,$0.00,$0.00,$0.00,$0.00,Stripe,No,,Completed,Online,1,961ff37b-be31-407b-9ee2-40d123f414ee
MEM1154,MQIS Membership,20/02/2024,7:00 pm,Luis,Evans,luis.evans99@example.com,6071339143,14/07/2026 12:54 am,Online,Paid,1,0,$5.00,$0.00,$0.00,$0.00,$0.20,$0.00,$0.00,$0.00,$5.20,$0.00,$0.00,$0.00,$0.00,$5.00,$5.00,$0.00,,,,$0.00,$0.00,$0.00,$0.00,Stripe,Yes,,Completed,Online,1,a9c29b8c-4818-465b-8927-fc9e6739715d
MEM1155,MQIS Membership,20/02/2024,7:00 pm,Brad,Murray,brad.murray82@example.com,3955452591,25/07/2026 08:59 pm,Online,Paid,1,0,$5.00,$0.00,$0.00,$0.00,$0.20,$0.00,$0.00,$0.00,$5.20,$0.00,$0.00,$0.00,$0.00,$5.00,$5.00,$0.00,,,,$0.00,$0.00,$0.00,$0.00,Stripe,No,,Completed,Online,1,d2f846b5-02af-47de-b6be-0360d6bfd11b
MEM1156,MQIS Membership,20/02/2024,7:00 pm,Nathan,Hines,nathan.hines63@example.com,7309780399,26/07/2026 12:37 pm,Online,Paid,1,0,$5.00,$0.00,$0.00,$0.00,$0.20,$0.00,$0.00,$0.00,$5.20,$0.00,$0.00,$0.00,$0.00,$5.00,$5.00,$0.00,,,,$0.00,$0.00,$0.00,$0.00,Stripe,No,,Completed,Online,1,0d05b1a5-2930-4d89-a527-a28e8f2ec953
MEM1157,MQIS Membership,20/02/2024,7:00 pm,April,Williams,april.williams98@example.com,3919193828,07/08/2026 06:30 am,Online,Paid,1,0,$5.00,$0.00,$0.00,$0.00,$0.20,$0.00,$0.00,$0.00,$5.20,$0.00,$0.00,$0.00,$0.00,$5.00,$5.00,$0.00,,,,$0.00,$0.00,$0.00,$0.00,Stripe,No,,Completed,Online,1,e223778f-35f4-4739-b8a2-9992d72ed8ac
MEM1158,MQIS Membership,20/02/2024,7:00 pm,Courtney,Mason,courtney.mason70@example.com,0739848550,15/08/2026 05:12 am,Online,Paid,1,0,$5.00,$0.00,$0.00,$0.00,$0.20,$0.00,$0.00,$0.00,$5.20,$0.00,$0.00,$0.00,$0.00,$5.00,$5.00,$0.00,,,,$0.00,$0.00,$0.00,$0.00,Stripe,No,,Completed,Online,1,180b5e04-5881-4a92-9e74-98ae826a4457
MEM1159,MQIS Membership,20/02/2024,7:00 pm,Erin,Pierce,erin.pierce67@example.com,6278566217,06/08/2026 02:40 am,Online,Paid,1,0,$5.00,$0.00,$0.00,$0.00,$0.20,$0.00,$0.00,$0.00,$5.20,$0.00,$0.00,$0.00,$0.00,$5.00,$5.00,$0.00,,,,$0.00,$0.00,$0.00,$0.00,Stripe,No,,Completed,Online,1,4f4c8688-2d59-4dbe-b72a-2965e023bbc9
MEM1160,MQIS Membership,20/02/2024,7:00 pm,Lauren,Haynes,lauren.haynes39@example.com,4456514997,19/07/2026 09:08 am,Online,Paid,1,0,$5.00,$0.00,$0.00,$0.00,$0.20,$0.00,$0.00,$0.00,$5.20,$0.00,$0.00,$0.00,$0.00,$5.00,$5.00,$0.00,,,,$0.00,$0.00,$0.00,$0.00,Stripe,Yes,,Completed,Online,1,628a9708-4274-42b7-8bca-1fc411d72dfa
MEM1161,MQIS Membership,20/02/2024,7:00 pm,Paula,Cole,paula.cole11@example.com,8455450122,08/08/2026 03:25 pm,Online,Paid,1,0,$5.00,$0.00,$0.00,$0.00,$0.20,$0.00,$0.00,$0.00,$5.20,$0.00,$0.00,$0.00,$0.00,$5.00,$5.00,$0.00,,,,$0.00,$0.00,$0.00,$0.00,Stripe,No,,Completed,Online,1,856fb61d-ccbd-43a7-afce-14caf95f6755
MEM1162,MQIS Membership,20/02/2024,7:00 pm,Tracy,Stark,tracy.stark55@example.com,8131205930,04/08/2026 03:26 pm,Online,Paid,1,0,$5.00,$0.00,$0.00,$0.00,$0.20,$0.00,$0.00,$0.00,$5.20,$0.00,$0.00,$0.00,$0.00,$5.00,$5.00,$0.00,,,,$0.00,$0.00,$0.00,$0.00,Stripe,No,,Completed,Online,1,0617cf01-3bf4-422d-b665-eb979e1d5013
MEM1163,MQIS Membership,20/02/2024,7:00 pm,Joshua,Pineda,joshua.pineda77@example.com,2202417669,18/08/2026 07:11 am,Online,Paid,1,0,$5.00,$0.00,$0.00,$0.00,$0.20,$0.00,$0.00,$0.00,$5.20,$0.00,$0.00,$0.00,$0.00,$5.00,$5.00,$0.00,,,,$0.00,$0.00,$0.00,$0.00,Stripe,Yes,,Completed,Online,1,b25d9eb0-3389-495a-87ce-b34fdeec4986
MEM1164,MQIS Membership,20/02/2024,7:00 pm,Victoria,Moreno,victoria.moreno94@example.com,6674000977,31/07/2026 06:15 pm,Online,Paid,1,0,$5.00,$0.00,$0.00,$0.00,$0.20,$0.00,$0.00,$0.00,$5.20,$0.00,$0.00,$0.00,$0.00,$5.00,$5.00,$0.00,,,,$0.00,$0.00,$0.00,$0.00,Stripe,No,,Completed,Online,1,2f6efe5b-68d5-45f6-a89a-2fe89490f5e0
MEM1165,MQIS Membership,20/02/2024,7:00 pm,Sheila,Wilson,sheila.wilson56@example.com,9012135530,24/07/2026 03:46 pm,Online,Paid,1,0,$5.00,$0.00,$0.00,$0.00,$0.20,$0.00,$0.00,$0.00,$5.20,$0.00,$0.00,$0.00,$0.00,$5.00,$5.00,$0.00,,,,$0.00,$0.00,$0.00,$0.00,Stripe,Yes,,Completed,Online,1,fef18c10-af40-4d83-80a2-b27638c4719e
MEM1166,MQIS Membership,20/02/2024,7:00 pm,Samuel,Jenkins,samuel.jenkins14@example.com,6693706756,18/07/2026 03:38 am,Online,Paid,1,0,$5.00,$0.00,$0.00,$0.00,$0.20,$0.00,$0.00,$0.00,$5.20,$0.00,$0.00,$0.00,$0.00,$5.00,$5.00,$0.00,,,,$0.00,$0.00,$0.00,$0.00,Stripe,No,,Completed,Online,1,44937209-1618-4ea1-a13c-dad335e54c01
MEM1167,MQIS Membership,20/02/2024,7:00 pm,Brittany,Kane,brittany.kane9@example.com,1194572055,30/07/2026 11:52 am,Online,Paid,1,0,$5.00,$0.00,$0.00,$0.00,$0.20,$0.00,$0.00,$0.00,$5.20,$0.00,$0.00,$0.00,$0.00,$5.00,$5.00,$0.00,,,,$0.00,$0.00,$0.00,$0.00,Stripe,No,,Completed,Online,1,f816e779-cf7a-4a34-a58a-ce2f19cfafdf
MEM1168,MQIS Membership,20/02/2024,7:00 pm,Douglas,Murray,douglas.murray35@example.com,5502694505,15/08/2026 10:53 pm,Online,Paid,1,0,$5.00,$0.00,$0.00,$0.00,$0.20,$0.00,$0.00,$0.00,$5.20,$0.00,$0.00,$0.00,$0.00,$5.00,$5.00,$0.00,,,,$0.00,$0.00,$0.00,$0.00,Stripe,No,,Completed,Online,1,26177ee0-28b2-4427-b66b-c38c0dc4a771
MEM1169,MQIS Membership,20/02/2024,7:00 pm,Katherine,Davis,katherine.davis77@example.com,9939288668,17/08/2026 08:03 pm,Online,Paid,1,0,$5.00,$0.00,$0.00,$0.00,$0.20,$0.00,$0.00,$0.00,$5.20,$0.00,$0.00,$0.00,$0.00,$5.00,$5.00,$0.00,,,,$0.00,$0.00,$0.00,$0.00,Stripe,No,,Completed,Online,1,a1e6ddd3-6660-4c52-87f8-eef31913b839
MEM1170,MQIS Membership,20/02/2024,7:00 pm,Nicholas,Conner,nicholas.conner59@example.com,8544305236,05/08/2026 08:48 pm,Online,Paid,1,0,$5.00,$0.00,$0.00,$0.00,$0.20,$0.00,$0.00,$0.00,$5.20,$0.00,$0.00,$0.00,$0.00,$5.00,$5.00,$0.00,,,,$0.00,$0.00,$0.00,$0.00,Stripe,Yes,,Completed,Online,1,eecbb885-c991-4cd0-9437-16446ea2aabb
MEM1171,MQIS Membership,20/02/2024,7:00 pm,Bonnie,Kennedy,bonnie.kennedy18@example.com,0727420050,17/08/2026 05:31 am,Online,Paid,1,0,$5.00,$0.00,$0.00,$0.00,$0.20,$0.00,$0.00,$0.00,$5.20,$0.00,$0.00,$0.00,$0.00,$5.00,$5.00,$0.00,,,,$0.00,$0.00,$0.00,$0.00,Stripe,Yes,,Completed,Online,1,e2f40b2a-0131-4a47-8955-9411cdcc67df
MEM1172,MQIS Membership,20/02/2024,7:00 pm,Sydney,Baker,sydney.baker59@example.com,9778810485,16/08/2026 05:51 am,Online,Paid,1,0,$5.00,$0.00,$0.00,$0.00,$0.20,$0.00,$0.00,$0.00,$5.20,$0.00,$0.00,$0.00,$0.00,$5.00,$5.00,$0.00,,,,$0.00,$0.00,$0.00,$0.00,Stripe,No,,Completed,Online,1,bdbca2cf-0654-490b-98fa-6147c5b51c1f
MEM1173,MQIS Membership,20/02/2024,7:00 pm,Stephen,Beck,stephen.beck69@example.com,2487840414,24/07/2026 09:37 am,Online,Refunded,0,1,$0.00,$0.00,$0.00,$0.00,$0.00,$0.00,$0.00,$0.00,$0.00,$0.00,$0.00,$0.00,$0.00,$0.00,$0.00,$0.00,,,,$0.00,$0.00,$0.00,$0.00,Stripe,No,,Completed,Online,1,dc0aa72e-8321-4d53-ae0c-d662019ffde2
MEM1174,MQIS Membership,20/02/2024,7:00 pm,Gabriella,Abbott,gabriella.abbott58@example.com,7951569922,08/08/2026 10:32 pm,Online,Paid,1,0,$5.00,$0.00,$0.00,$0.00,$0.20,$0.00,$0.00,$0.00,$5.20,$0.00,$0.00,$0.00,$0.00,$5.00,$5.00,$0.00,,,,$0.00,$0.00,$0.00,$0.00,Stripe,No,,Completed,Online,1,9512e893-c495-4f5f-a1c3-3aa674c33e41
MEM1175,MQIS Membership,20/02/2024,7:00 pm,Julie,Wilson,julie.wilson86@example.com,6884047633,11/07/2026 05:30 pm,Online,Paid,1,0,$5.00,$0.00,$0.00,$0.00,$0.20,$0.00,$0.00,$0.00,$5.20,$0.00,$0.00,$0.00,$0.00,$5.00,$5.00,$0.00,,,,$0.00,$0.00,$0.00,$0.00,Stripe,No,,Completed,Online,1,a420cfea-c643-47e1-b88f-fa304f53648c
MEM1176,MQIS Membership,20/02/2024,7:00 pm,Lynn,Bentley,lynn.bentley19@example.com,1592842767,02/08/2026 04:00 pm,Online,Paid,1,0,$5.00,$0.00,$0.00,$0.00,$0.20,$0.00,$0.00,$0.00,$5.20,$0.00,$0.00,$0.00,$0.00,$5.00,$5.00,$0.00,,,,$0.00,$0.00,$0.00,$0.00,Stripe,No,,Completed,Online,1,c7533a53-3df4-46ee-960c-5bd86ef4f23a
MEM1177,MQIS Membership,20/02/2024,7:00 pm,Cynthia,Zavala,cynthia.zavala35@example.com,6785637164,27/07/2026 05:57 pm,Online,Paid,1,0,$5.00,$0.00,$0.00,$0.00,$0.20,$0.00,$0.00,$0.00,$5.20,$0.00,$0.00,$0.00,$0.00,$5.00,$5.00,$0.00,,,,$0.00,$0.00,$0.00,$0.00,Stripe,No,,Completed,Online,1,1d107d97-b4b6-41e6-bbb9-7ffba72ec4ed
MEM1178,MQIS Membership,20/02/2024,7:00 pm,Lisa,Long,lisa.long97@example.com,8595241716,14/07/2026 02:09 am,Online,Paid,1,0,$5.00,$0.00,$0.00,$0.00,$0.20,$0.00,$0.00,$0.00,$5.20,$0.00,$0.00,$0.00,$0.00,$5.00,$5.00,$0.00,,,,$0.00,$0.00,$0.00,$0.00,Stripe,No,,Completed,Online,1,50838b00-29f7-49a1-8c32-0ebb7d9ddd1e
MEM1179,MQIS Membership,20/02/2024,7:00 pm,Brooke,Harvey,brooke.harvey92@example.com,4325101102,26/07/2026 06:32 am,Manual,Paid,1,0,$5.00,$0.00,$0.00,$0.00,$0.20,$0.00,$0.00,$0.00,$5.20,$0.00,$0.00,$0.00,$0.00,$5.00,$5.00,$0.00,,,,$0.00,$0.00,$0.00,$0.00,Stripe,No,,Completed,Manual,1,44975bae-c8f2-495d-9e02-5484b19180e9
MEM1180,MQIS Membership,20/02/2024,7:00 pm,Catherine,Robertson,catherine.robertson76@example.com,4101120174,01/08/2026 04:50 pm,Online,Paid,1,0,$5.00,$0.00,$0.00,$0.00,$0.20,$0.00,$0.00,$0.00,$5.20,$0.00,$0.00,$0.00,$0.00,$5.00,$5.00,$0.00,,,,$0.00,$0.00,$0.00,$0.00,Stripe,No,,Completed,Online,1,afc15f9f-5035-4c05-bec8-aaab17ded43c
MEM1181,MQIS Membership,20/02/2024,7:00 pm,Diana,Thompson,diana.thompson27@example.com,1942380212,28/07/2026 10:28 pm,Online,Paid,1,0,$5.00,$0.00,$0.00,$0.00,$0.20,$0.00,$0.00,$0.00,$5.20,$0.00,$0.00,$0.00,$0.00,$5.00,$5.00,$0.00,,,,$0.00,$0.00,$0.00,$0.00,Stripe,No,,Completed,Online,1,c797e0f3-db18-47bd-833d-015d2773f53e
MEM1182,MQIS Membership,20/02/2024,7:00 pm,Gail,Scott,gail.scott49@example.com,8070927857,29/07/2026 01:04 am,Online,Paid,1,0,$5.00,$0.00,$0.00,$0.00,$0.20,$0.00,$0.00,$0.00,$5.20,$0.00,$0.00,$0.00,$0.00,$5.00,$5.00,$0.00,,,,$0.00,$0.00,$0.00,$0.00,Stripe,No,,Completed,Online,1,547f8d2d-29e0-4505-89c1-13d0b1a4d8df
MEM1183,MQIS Membership,20/02/2024,7:00 pm,Jennifer,Walters,jennifer.walters57@example.com,7026915466,21/07/2026 02:45 am,Online,Paid,1,0,$5.00,$0.00,$0.00,$0.00,$0.20,$0.00,$0.00,$0.00,$5.20,$0.00,$0.00,$0.00,$0.00,$5.00,$5.00,$0.00,,,,$0.00,$0.00,$0.00,$0.00,Stripe,No,,Completed,Online,1,7bd9bda9-0062-493a-9cac-fce3ebfe213e
MEM1184,MQIS Membership,20/02/2024,7:00 pm,Michael,Williams,michael.williams22@example.com,9722318708,09/08/2026 03:18 pm,Online,Paid,1,0,$5.00,$0.00,$0.00,$0.00,$0.20,$0.00,$0.00,$0.00,$5.20,$0.00,$0.00,$0.00,$0.00,$5.00,$5.00,$0.00,,,,$0.00,$0.00,$0.00,$0.00,Stripe,No,,Completed,Online,1,c1417f0e-4d75-49a6-b957-623cd3e8d1cb
MEM1185,MQIS Membership,20/02/2024,7:00 pm,Sharon,Wood,sharon.wood85@example.com,3975082903,07/08/2026 11:47 pm,Online,Paid,1,0,$5.00,$0.00,$0.00,$0.00,$0.20,$0.00,$0.00,$0.00,$5.20,$0.00,$0.00,$0.00,$0.00,$5.00,$5.00,$0.00,,,,$0.00,$0.00,$0.00,$0.00,Stripe,Yes,,Completed,Online,1,8069ab57-985d-47ce-9b64-ed4bb350fe40
MEM1186,MQIS Membership,20/02/2024,7:00 pm,Aaron,Schroeder,aaron.schroeder20@example.com,8440278362,12/07/2026 04:47 am,Manual,Paid,1,0,$5.00,$0.00,$0.00,$0.00,$0.20,$0.00,$0.00,$0.00,$5.20,$0.00,$0.00,$0.00,$0.00,$5.00,$5.00,$0.00,,,,$0.00,$0.00,$0.00,$0.00,Stripe,No,,Completed,Manual,1,1bd9d156-4bcb-4392-a595-24369e31e2fc
MEM1187,MQIS Membership,20/02/2024,7:00 pm,Alicia,Edwards,alicia.edwards56@example.com,7904475153,06/08/2026 02:38 am,Manual,Paid,1,0,$5.00,$0.00,$0.00,$0.00,$0.20,$0.00,$0.00,$0.00,$5.20,$0.00,$0.00,$0.00,$0.00,$5.00,$5.00,$0.00,,,,$0.00,$0.00,$0.00,$0.00,Stripe,No,,Completed,Manual,1,0494c928-a354-4f4d-a4da-0a27669aace0
MEM1188,MQIS Membership,20/02/2024,7:00 pm,Susan,Rogers,susan.rogers70@example.com,0823820002,12/08/2026 12:46 am,Manual,Paid,1,0,$5.00,$0.00,$0.00,$0.00,$0.20,$0.00,$0.00,$0.00,$5.20,$0.00,$0.00,$0.00,$0.00,$5.00,$5.00,$0.00,,,,$0.00,$0.00,$0.00,$0.00,Stripe,No,,Completed,Manual,1,7b522776-a34b-4f88-abd6-ba4802313061
MEM1189,MQIS Membership,20/02/2024,7:00 pm,Paul,Hoffman,paul.hoffman4@example.com,4655309222,07/08/2026 09:47 pm,Online,Paid,1,0,$5.00,$0.00,$0.00,$0.00,$0.20,$0.00,$0.00,$0.00,$5.20,$0.00,$0.00,$0.00,$0.00,$5.00,$5.00,$0.00,,,,$0.00,$0.00,$0.00,$0.00,Stripe,No,,Completed,Online,1,66129e02-1a7e-48f7-8c2f-727d8396ec0c
MEM1190,MQIS Membership,20/02/2024,7:00 pm,Ronald,Smith,ronald.smith15@example.com,5832232723,03/08/2026 05:20 pm,Manual,Paid,1,0,$5.00,$0.00,$0.00,$0.00,$0.20,$0.00,$0.00,$0.00,$5.20,$0.00,$0.00,$0.00,$0.00,$5.00,$5.00,$0.00,,,,$0.00,$0.00,$0.00,$0.00,Stripe,No,,Completed,Manual,1,c4f06072-e60b-4a60-9247-87604496946b
MEM1191,MQIS Membership,20/02/2024,7:00 pm,Robert,Stein,robert.stein40@example.com,8388148994,13/08/2026 06:21 pm,Online,Paid,1,0,$5.00,$0.00,$0.00,$0.00,$0.20,$0.00,$0.00,$0.00,$5.20,$0.00,$0.00,$0.00,$0.00,$5.00,$5.00,$0.00,,,,$0.00,$0.00,$0.00,$0.00,Stripe,Yes,,Completed,Online,1,3109af2d-f49f-44ba-af8e-3a4736f0f7c2
MEM1192,MQIS Membership,20/02/2024,7:00 pm,Matthew,Moore,matthew.moore95@example.com,6619997108,15/07/2026 08:35 am,Online,Paid,1,0,$5.00,$0.00,$0.00,$0.00,$0.20,$0.00,$0.00,$0.00,$5.20,$0.00,$0.00,$0.00,$0.00,$5.00,$5.00,$0.00,,,,$0.00,$0.00,$0.00,$0.00,Stripe,No,,Completed,Online,1,ea71fc0e-efca-49d2-a58e-95243261f27c
MEM1193,MQIS Membership,20/02/2024,7:00 pm,Glenda,Heath,glenda.heath59@example.com,3752145544,14/08/2026 06:46 pm,Online,Paid,1,0,$5.00,$0.00,$0.00,$0.00,$0.20,$0.00,$0.00,$0.00,$5.20,$0.00,$0.00,$0.00,$0.00,$5.00,$5.00,$0.00,,,,$0.00,$0.00,$0.00,$0.00,Stripe,Yes,,Completed,Online,1,0d201423-b6e4-4bd8-8723-9b3f7a63342b
MEM1194,MQIS Membership,20/02/2024,7:00 pm,Loretta,Potter,loretta.potter15@example.com,4422597303,13/08/2026 11:12 am,Online,Paid,1,0,$5.00,$0.00,$0.00,$0.00,$0.20,$0.00,$0.00,$0.00,$5.20,$0.00,$0.00,$0.00,$0.00,$5.00,$5.00,$0.00,,,,$0.00,$0.00,$0.00,$0.00,Stripe,No,,Completed,Online,1,a5d30b9c-5d5f-47d3-8e4a-cefcdc13ae19
MEM1195,MQIS Membership,20/02/2024,7:00 pm,Russell,Lewis,russell.lewis43@example.com,7432006083,12/07/2026 10:40 am,Online,Paid,1,0,$5.00,$0.00,$0.00,$0.00,$0.20,$0.00,$0.00,$0.00,$5.20,$0.00,$0.00,$0.00,$0.00,$5.00,$5.00,$0.00,,,,$0.00,$0.00,$0.00,$0.00,Stripe,No,,Completed,Online,1,bf2573a6-6f49-41b3-b475-fb473e400184
MEM1196,MQIS Membership,20/02/2024,7:00 pm,Connie,Simmons,connie.simmons17@example.com,5859877157,05/08/2026 07:29 am,Online,Paid,1,0,$5.00,$0.00,$0.00,$0.00,$0.20,$0.00,$0.00,$0.00,$5.20,$0.00,$0.00,$0.00,$0.00,$5.00,$5.00,$0.00,,,,$0.00,$0.00,$0.00,$0.00,Stripe,No,,Completed,Online,1,8064eb28-38ee-4568-beee-07e65517e87a
MEM1197,MQIS Membership,20/02/2024,7:00 pm,Brandon,Obrien,brandon.obrien82@example.com,2389405694,18/07/2026 04:07 pm,Online,Paid,1,0,$5.00,$0.00,$0.00,$0.00,$0.20,$0.00,$0.00,$0.00,$5.20,$0.00,$0.00,$0.00,$0.00,$5.00,$5.00,$0.00,,,,$0.00,$0.00,$0.00,$0.00,Stripe,No,,Completed,Online,1,769d174e-2b34-43a4-9ca6-cfecf3b2a9b7
MEM1198,MQIS Membership,20/02/2024,7:00 pm,Stacy,Conner,stacy.conner51@example.com,2079624809,16/08/2026 12:49 am,Manual,Paid,1,0,$5.00,$0.00,$0.00,$0.00,$0.20,$0.00,$0.00,$0.00,$5.20,$0.00,$0.00,$0.00,$0.00,$5.00,$5.00,$0.00,,,,$0.00,$0.00,$0.00,$0.00,Stripe,Yes,,Completed,Manual,1,22013a2f-a832-45b1-831e-5ca628eef579
MEM1199,MQIS Membership,20/02/2024,7:00 pm,Christopher,Davis,christopher.davis12@example.com,6173720170,08/08/2026 07:54 pm,Online,Paid,1,0,$5.00,$0.00,$0.00,$0.00,$0.20,$0.00,$0.00,$0.00,$5.20,$0.00,$0.00,$0.00,$0.00,$5.00,$5.00,$0.00,,,,$0.00,$0.00,$0.00,$0.00,Stripe,No,,Completed,Online,1,553bcc8c-5482-40a2-a357-ff485238cc96
MEM1200,MQIS Membership,20/02/2024,7:00 pm,Jeffery,Huang,jeffery.huang75@example.com,7473510674,06/08/2026 10:57 am,Online,Paid,1,0,$5.00,$0.00,$0.00,$0.00,$0.20,$0.00,$0.00,$0.00,$5.20,$0.00,$0.00,$0.00,$0.00,$5.00,$5.00,$0.00,,,,$0.00,$0.00,$0.00,$0.00,Stripe,Yes,,Completed,Online,1,8212520f-ca49-4e49-9b01-98ceca1d429d
MEM1201,MQIS Membership,20/02/2024,7:00 pm,Tracy,Whitehead,tracy.whitehead18@example.com,7167788030,01/08/2026 09:23 am,Online,Paid,1,0,$5.00,$0.00,$0.00,$0.00,$0.20,$0.00,$0.00,$0.00,$5.20,$0.00,$0.00,$0.00,$0.00,$5.00,$5.00,$0.00,,,,$0.00,$0.00,$0.00,$0.00,Stripe,Yes,,Completed,Online,1,acacb625-3817-4b04-a2b3-50c3d9474341
MEM1202,MQIS Membership,20/02/2024,7:00 pm,Joseph,Anderson,joseph.anderson39@example.com,0833418715,05/08/2026 06:54 pm,Online,Paid,1,0,$5.00,$0.00,$0.00,$0.00,$0.20,$0.00,$0.00,$0.00,$5.20,$0.00,$0.00,$0.00,$0.00,$5.00,$5.00,$0.00,,,,$0.00,$0.00,$0.00,$0.00,Stripe,Yes,,Completed,Online,1,0e059852-31b1-4f87-a019-3b479df58c2d
MEM1203,MQIS Membership,20/02/2024,7:00 pm,Charles,Lewis,charles.lewis34@example.com,8035431373,09/08/2026 05:21 pm,Online,Paid,1,0,$5.00,$0.00,$0.00,$0.00,$0.20,$0.00,$0.00,$0.00,$5.20,$0.00,$0.00,$0.00,$0.00,$5.00,$5.00,$0.00,,,,$0.00,$0.00,$0.00,$0.00,Stripe,No,,Completed,Online,1,0761f383-b1c1-45a6-8bc6-66c25e807c75
MEM1204,MQIS Membership,20/02/2024,7:00 pm,Kristina,Hunter,kristina.hunter63@example.com,8881987599,10/08/2026 09:41 am,Online,Paid,1,0,$5.00,$0.00,$0.00,$0.00,$0.20,$0.00,$0.00,$0.00,$5.20,$0.00,$0.00,$0.00,$0.00,$5.00,$5.00,$0.00,,,,$0.00,$0.00,$0.00,$0.00,Stripe,Yes,,Completed,Online,1,955395ed-a463-49de-ad6b-09bab1b7324f
MEM1205,MQIS Membership,20/02/2024,7:00 pm,Amber,Vance,amber.vance80@example.com,8099283986,15/07/2026 02:27 pm,Online,Paid,1,0,$5.00,$0.00,$0.00,$0.00,$0.20,$0.00,$0.00,$0.00,$5.20,$0.00,$0.00,$0.00,$0.00,$5.00,$5.00,$0.00,,,,$0.00,$0.00,$0.00,$0.00,Stripe,No,,Completed,Online,1,2db3701f-6b67-498a-89fb-7b06a10b04df
MEM1206,MQIS Membership,20/02/2024,7:00 pm,Catherine,Robertson,catherine.robertson76@example.com,7863038169,11/07/2026 03:02 pm,Online,Paid,1,0,$5.00,$0.00,$0.00,$0.00,$0.20,$0.00,$0.00,$0.00,$5.20,$0.00,$0.00,$0.00,$0.00,$5.00,$5.00,$0.00,,,,$0.00,$0.00,$0.00,$0.00,Stripe,No,,Completed,Online,1,0a003f9d-7acc-4b9c-a496-f68e8b9a85bc
MEM1207,MQIS Membership,20/02/2024,7:00 pm,Thomas,Medina,thomas.medina85@example.com,9864449118,28/07/2026 03:34 pm,Online,Paid,1,0,$5.00,$0.00,$0.00,$0.00,$0.20,$0.00,$0.00,$0.00,$5.20,$0.00,$0.00,$0.00,$0.00,$5.00,$5.00,$0.00,,,,$0.00,$0.00,$0.00,$0.00,Stripe,No,,Completed,Online,1,ab3d2457-4341-44d3-97d2-043d1b151a9b
MEM1208,MQIS Membership,20/02/2024,7:00 pm,Xavier,Jimenez,xavier.jimenez90@example.com,5573018087,16/07/2026 09:38 pm,Online,Paid,1,0,$5.00,$0.00,$0.00,$0.00,$0.20,$0.00,$0.00,$0.00,$5.20,$0.00,$0.00,$0.00,$0.00,$5.00,$5.00,$0.00,,,,$0.00,$0.00,$0.00,$0.00,Stripe,No,,Completed,Online,1,3968a485-dab1-4151-ace8-02484d2a2902
MEM1209,MQIS Membership,20/02/2024,7:00 pm,Elizabeth,Hodge,elizabeth.hodge31@example.com,7275215272,11/07/2026 01:15 am,Manual,Paid,1,0,$5.00,$0.00,$0.00,$0.00,$0.20,$0.00,$0.00,$0.00,$5.20,$0.00,$0.00,$0.00,$0.00,$5.00,$5.00,$0.00,,,,$0.00,$0.00,$0.00,$0.00,Stripe,Yes,,Completed,Manual,1,4984fcee-38bb-40ab-8433-2e8cb378d925
MEM1210,MQIS Membership,20/02/2024,7:00 pm,Ronald,Norris,ronald.norris49@example.com,6382677597,13/07/2026 01:15 am,Online,Paid,1,0,$5.00,$0.00,$0.00,$0.00,$0.20,$0.00,$0.00,$0.00,$5.20,$0.00,$0.00,$0.00,$0.00,$5.00,$5.00,$0.00,,,,$0.00,$0.00,$0.00,$0.00,Stripe,Yes,,Completed,Online,1,926392a1-a74b-43a8-9c0e-b64677562b24
MEM1211,MQIS Membership,20/02/2024,7:00 pm,Justin,Garcia,justin.garcia7@example.com,6053465740,30/07/2026 06:10 am,Online,Paid,1,0,$5.00,$0.00,$0.00,$0.00,$0.20,$0.00,$0.00,$0.00,$5.20,$0.00,$0.00,$0.00,$0.00,$5.00,$5.00,$0.00,,,,$0.00,$0.00,$0.00,$0.00,Stripe,Yes,,Completed,Online,1,a590666d-b0cf-41f8-8272-c0a63b75dbac
MEM1212,MQIS Membership,20/02/2024,7:00 pm,Ashlee,Washington,ashlee.washington70@example.com,9871646292,31/07/2026 05:36 am,Online,Paid,1,0,$5.00,$0.00,$0.00,$0.00,$0.20,$0.00,$0.00,$0.00,$5.20,$0.00,$0.00,$0.00,$0.00,$5.00,$5.00,$0.00,,,,$0.00,$0.00,$0.00,$0.00,Stripe,No,,Completed,Online,1,63bc1c09-316a-4f4a-807b-32cb7af41f8f
MEM1213,MQIS Membership,20/02/2024,7:00 pm,Katherine,Thompson,katherine.thompson93@example.com,3908110007,09/08/2026 09:09 am,Online,Paid,1,0,$5.00,$0.00,$0.00,$0.00,$0.20,$0.00,$0.00,$0.00,$5.20,$0.00,$0.00,$0.00,$0.00,$5.00,$5.00,$0.00,,,,$0.00,$0.00,$0.00,$0.00,Stripe,Yes,,Completed,Online,1,fdf354e4-1dee-419a-a094-9471f902d309
MEM1214,MQIS Membership,20/02/2024,7:00 pm,Melissa,Jones,melissa.jones8@example.com,6374198703,12/08/2026 12:35 am,Online,Paid,1,0,$5.00,$0.00,$0.00,$0.00,$0.20,$0.00,$0.00,$0.00,$5.20,$0.00,$0.00,$0.00,$0.00,$5.00,$5.00,$0.00,,,,$0.00,$0.00,$0.00,$0.00,Stripe,Yes,,Completed,Online,1,16a51a01-83e4-4c59-bbae-6ac10e7a12f6
MEM1215,MQIS Membership,20/02/2024,7:00 pm,Amanda,Little,amanda.little42@example.com,9227445454,03/08/2026 06:20 pm,Manual,Paid,1,0,$5.00,$0.00,$0.00,$0.00,$0.20,$0.00,$0.00,$0.00,$5.20,$0.00,$0.00,$0.00,$0.00,$5.00,$5.00,$0.00,,,,$0.00,$0.00,$0.00,$0.00,Stripe,Yes,,Completed,Manual,1,7e89b114-e9e4-4546-84c9-279d71958eac
MEM1216,MQIS Membership,20/02/2024,7:00 pm,Kevin,Sharp,kevin.sharp83@example.com,4477174066,07/08/2026 01:26 am,Online,Paid,1,0,$5.00,$0.00,$0.00,$0.00,$0.20,$0.00,$0.00,$0.00,$5.20,$0.00,$0.00,$0.00,$0.00,$5.00,$5.00,$0.00,,,,$0.00,$0.00,$0.00,$0.00,Stripe,No,,Completed,Online,1,bee5e800-93ee-437d-854d-353e918603e4
MEM1217,MQIS Membership,20/02/2024,7:00 pm,Danielle,Tanner,danielle.tanner48@example.com,6137698237,20/07/2026 01:58 pm,Online,Paid,1,0,$5.00,$0.00,$0.00,$0.00,$0.20,$0.00,$0.00,$0.00,$5.20,$0.00,$0.00,$0.00,$0.00,$5.00,$5.00,$0.00,,,,$0.00,$0.00,$0.00,$0.00,Stripe,No,,Completed,Online,1,b87511b7-fa09-485c-9130-af6421837969
MEM1218,MQIS Membership,20/02/2024,7:00 pm,Kathleen,Harris,kathleen.harris85@example.com,0878790912,03/08/2026 12:09 am,Manual,Paid,1,0,$5.00,$0.00,$0.00,$0.00,$0.20,$0.00,$0.00,$0.00,$5.20,$0.00,$0.00,$0.00,$0.00,$5.00,$5.00,$0.00,,,,$0.00,$0.00,$0.00,$0.00,Stripe,Yes,,Completed,Manual,1,294e9c0d-f14c-4b95-951b-fc7ef24b3fd5
MEM1219,MQIS Membership,20/02/2024,7:00 pm,Kaitlyn,Carroll,kaitlyn.carroll96@example.com,5815671026,14/08/2026 10:36 am,Online,Paid,1,0,$5.00,$0.00,$0.00,$0.00,$0.20,$0.00,$0.00,$0.00,$5.20,$0.00,$0.00,$0.00,$0.00,$5.00,$5.00,$0.00,,,,$0.00,$0.00,$0.00,$0.00,Stripe,No,,Completed,Online,1,1a279621-bc71-4f3f-9661-73cec18571dc
MEM1220,MQIS Membership,20/02/2024,7:00 pm,John,Durham,john.durham20@example.com,5628443728,03/08/2026 02:44 am,Online,Paid,1,0,$5.00,$0.00,$0.00,$0.00,$0.20,$0.00,$0.00,$0.00,$5.20,$0.00,$0.00,$0.00,$0.00,$5.00,$5.00,$0.00,,,,$0.00,$0.00,$0.00,$0.00,Stripe,No,,Completed,Online,1,196c6dc8-e503-4716-b953-544e072f1955
MEM1221,MQIS Membership,20/02/2024,7:00 pm,Devin,Clark,devin.clark63@example.com,2004320918,13/08/2026 05:17 am,Online,Paid,1,0,$5.00,$0.00,$0.00,$0.00,$0.20,$0.00,$0.00,$0.00,$5.20,$0.00,$0.00,$0.00,$0.00,$5.00,$5.00,$0.00,,,,$0.00,$0.00,$0.00,$0.00,Stripe,No,,Completed,Online,1,ea0d3de3-7b41-4bc6-8aa8-477a274a95b2
MEM1222,MQIS Membership,20/02/2024,7:00 pm,Daniel,Porter,daniel.porter84@example.com,6783031729,03/08/2026 12:04 pm,Online,Paid,1,0,$5.00,$0.00,$0.00,$0.00,$0.20,$0.00,$0.00,$0.00,$5.20,$0.00,$0.00,$0.00,$0.00,$5.00,$5.00,$0.00,,,,$0.00,$0.00,$0.00,$0.00,Stripe,Yes,,Completed,Online,1,fdf109c3-e024-47a2-b74f-0c2c9c01ae7b
MEM1223,MQIS Membership,20/02/2024,7:00 pm,Glenn,Jones,glenn.jones85@example.com,3768481419,28/07/2026 10:57 pm,Online,Paid,1,0,$5.00,$0.00,$0.00,$0.00,$0.20,$0.00,$0.00,$0.00,$5.20,$0.00,$0.00,$0.00,$0.00,$5.00,$5.00,$0.00,,,,$0.00,$0.00,$0.00,$0.00,Stripe,No,,Completed,Online,1,f875f563-ffc9-48de-9bae-dddd9d5d0f9d
MEM1224,MQIS Membership,20/02/2024,7:00 pm,Tonya,Sanchez,tonya.sanchez85@example.com,5192084965,14/07/2026 07:06 am,Online,Paid,1,0,$5.00,$0.00,$0.00,$0.00,$0.20,$0.00,$0.00,$0.00,$5.20,$0.00,$0.00,$0.00,$0.00,$5.00,$5.00,$0.00,,,,$0.00,$0.00,$0.00,$0.00,Stripe,Yes,,Completed,Online,1,432adfc9-91ea-447b-a817-381c1757f919
MEM1225,MQIS Membership,20/02/2024,7:00 pm,Edward,Brown,edward.brown85@example.com,8459340107,11/07/2026 10:30 pm,Online,Paid,1,0,$5.00,$0.00,$0.00,$0.00,$0.20,$0.00,$0.00,$0.00,$5.20,$0.00,$0.00,$0.00,$0.00,$5.00,$5.00,$0.00,,,,$0.00,$0.00,$0.00,$0.00,Stripe,No,,Completed,Online,1,f97ffcbd-d05f-4c4a-b534-843973ea3d41
MEM1226,MQIS Membership,20/02/2024,7:00 pm,Thomas,Medina,thomas.medina85@example.com,2257502259,03/08/2026 03:14 am,Online,Paid,1,0,$5.00,$0.00,$0.00,$0.00,$0.20,$0.00,$0.00,$0.00,$5.20,$0.00,$0.00,$0.00,$0.00,$5.00,$5.00,$0.00,,,,$0.00,$0.00,$0.00,$0.00,Stripe,Yes,,Completed,Online,1,f571f2d3-2f45-4a76-83ea-0a5ee2d9fa59
MEM1227,MQIS Membership,20/02/2024,7:00 pm,Darlene,Ray,darlene.ray7@example.com,4495503079,28/07/2026 10:19 pm,Online,Paid,1,0,$5.00,$0.00,$0.00,$0.00,$0.20,$0.00,$0.00,$0.00,$5.20,$0.00,$0.00,$0.00,$0.00,$5.00,$5.00,$0.00,,,,$0.00,$0.00,$0.00,$0.00,Stripe,No,,Completed,Online,1,6d8ddd5d-c817-4d2a-8059-7ac5548dea62
MEM1228,MQIS Membership,20/02/2024,7:00 pm,Mark,Vang,mark.vang36@example.com,2396778390,28/07/2026 05:11 pm,Online,Paid,1,0,$5.00,$0.00,$0.00,$0.00,$0.20,$0.00,$0.00,$0.00,$5.20,$0.00,$0.00,$0.00,$0.00,$5.00,$5.00,$0.00,,,,$0.00,$0.00,$0.00,$0.00,Stripe,No,,Completed,Online,1,01255ccf-8b21-43c1-b399-85dc68388909
MEM1229,MQIS Membership,20/02/2024,7:00 pm,Carrie,Russo,carrie.russo15@example.com,6794099073,26/07/2026 12:49 am,Online,Paid,1,0,$5.00,$0.00,$0.00,$0.00,$0.20,$0.00,$0.00,$0.00,$5.20,$0.00,$0.00,$0.00,$0.00,$5.00,$5.00,$0.00,,,,$0.00,$0.00,$0.00,$0.00,Stripe,Yes,,Completed,Online,1,1c824f27-b957-4096-b67d-096d9e05cfc6
MEM1230,MQIS Membership,20/02/2024,7:00 pm,Randy,Simpson,randy.simpson46@example.com,8036145440,29/07/2026 09:22 pm,Online,Paid,1,0,$5.00,$0.00,$0.00,$0.00,$0.20,$0.00,$0.00,$0.00,$5.20,$0.00,$0.00,$0.00,$0.00,$5.00,$5.00,$0.00,,,,$0.00,$0.00,$0.00,$0.00,Stripe,No,,Completed,Online,1,5cb067a2-9c87-4790-b1a6-b589e9b165f7
MEM1231,MQIS Membership,20/02/2024,7:00 pm,Jeffery,Wagner,jeffery.wagner32@example.com,5848414922,25/07/2026 07:40 am,Online,Paid,1,0,$5.00,$0.00,$0.00,$0.00,$0.20,$0.00,$0.00,$0.00,$5.20,$0.00,$0.00,$0.00,$0.00,$5.00,$5.00,$0.00,,,,$0.00,$0.00,$0.00,$0.00,Stripe,Yes,,Completed,Online,1,b5862dd8-08b0-47dd-a6cb-a6bdb68f180a
MEM1232,MQIS Membership,20/02/2024,7:00 pm,Wesley,Farrell,wesley.farrell41@example.com,5117486369,15/07/2026 03:01 pm,Online,Paid,1,0,$5.00,$0.00,$0.00,$0.00,$0.20,$0.00,$0.00,$0.00,$5.20,$0.00,$0.00,$0.00,$0.00,$5.00,$5.00,$0.00,,,,$0.00,$0.00,$0.00,$0.00,Stripe,No,,Completed,Online,1,64441695-40d0-4c0e-89f4-620559a15e3a
MEM1233,MQIS Membership,20/02/2024,7:00 pm,Ariel,Hodge,ariel.hodge37@example.com,0435175931,16/08/2026 11:43 pm,Manual,Paid,1,0,$5.00,$0.00,$0.00,$0.00,$0.20,$0.00,$0.00,$0.00,$5.20,$0.00,$0.00,$0.00,$0.00,$5.00,$5.00,$0.00,,,,$0.00,$0.00,$0.00,$0.00,Stripe,Yes,,Completed,Manual,1,e14c6307-10c0-4b6f-9e9c-dd09ede4b7f6
MEM1234,MQIS Membership,20/02/2024,7:00 pm,Jeffrey,Bradford,jeffrey.bradford54@example.com,5631479612,17/08/2026 04:15 am,Manual,Paid,1,0,$5.00,$0.00,$0.00,$0.00,$0.20,$0.00,$0.00,$0.00,$5.20,$0.00,$0.00,$0.00,$0.00,$5.00,$5.00,$0.00,,,,$0.00,$0.00,$0.00,$0.00,Stripe,No,,Completed,Manual,1,9bd2ce6b-b622-44df-8911-b9f4870eb41f
MEM1235,MQIS Membership,20/02/2024,7:00 pm,Brittany,Gardner,brittany.gardner61@example.com,5853799788,03/08/2026 12:28 am,Manual,Paid,1,0,$5.00,$0.00,$0.00,$0.00,$0.20,$0.00,$0.00,$0.00,$5.20,$0.00,$0.00,$0.00,$0.00,$5.00,$5.00,$0.00,,,,$0.00,$0.00,$0.00,$0.00,Stripe,Yes,,Completed,Manual,1,9fb731b8-0b0b-4c97-a28b-94fa83d4ec66
MEM1236,MQIS Membership,20/02/2024,7:00 pm,Rita,Harrell,rita.harrell69@example.com,1988874473,26/07/2026 04:34 am,Online,Paid,1,0,$5.00,$0.00,$0.00,$0.00,$0.20,$0.00,$0.00,$0.00,$5.20,$0.00,$0.00,$0.00,$0.00,$5.00,$5.00,$0.00,,,,$0.00,$0.00,$0.00,$0.00,Stripe,Yes,,Completed,Online,1,8244bfa3-fe7e-48af-b3dc-f7d6a3f47a31
MEM1237,MQIS Membership,20/02/2024,7:00 pm,Whitney,Hill,whitney.hill46@example.com,5747706085,09/08/2026 05:34 am,Online,Paid,1,0,$5.00,$0.00,$0.00,$0.00,$0.20,$0.00,$0.00,$0.00,$5.20,$0.00,$0.00,$0.00,$0.00,$5.00,$5.00,$0.00,,,,$0.00,$0.00,$0.00,$0.00,Stripe,No,,Completed,Online,1,8a50c152-4fe3-4ba8-b0d9-14d9ab7aae5c
MEM1238,MQIS Membership,20/02/2024,7:00 pm,Oscar,Taylor,oscar.taylor6@example.com,4327541156,10/08/2026 06:30 am,Online,Paid,1,0,$5.00,$0.00,$0.00,$0.00,$0.20,$0.00,$0.00,$0.00,$5.20,$0.00,$0.00,$0.00,$0.00,$5.00,$5.00,$0.00,,,,$0.00,$0.00,$0.00,$0.00,Stripe,Yes,,Completed,Online,1,159e1a56-e9df-4e42-8d1f-cd4e74359a2a
MEM1239,MQIS Membership,20/02/2024,7:00 pm,Malik,Valentine,malik.valentine98@example.com,6266998180,15/08/2026 04:39 pm,Online,Paid,1,0,$5.00,$0.00,$0.00,$0.00,$0.20,$0.00,$0.00,$0.00,$5.20,$0.00,$0.00,$0.00,$0.00,$5.00,$5.00,$0.00,,,,$0.00,$0.00,$0.00,$0.00,Stripe,No,,Completed,Online,1,2643fb7b-967f-4945-8eca-08e3fcb1e583
MEM1240,MQIS Membership,20/02/2024,7:00 pm,Christian,Elliott,christian.elliott68@example.com,4631646066,11/07/2026 10:37 am,Online,Paid,1,0,$5.00,$0.00,$0.00,$0.00,$0.20,$0.00,$0.00,$0.00,$5.20,$0.00,$0.00,$0.00,$0.00,$5.00,$5.00,$0.00,,,,$0.00,$0.00,$0.00,$0.00,Stripe,No,,Completed,Online,1,7c1f52af-3d1e-4ba5-a920-cf5ddcb14d1a
MEM1241,MQIS Membership,20/02/2024,7:00 pm,Kristina,Cooper,kristina.cooper41@example.com,8833314932,23/07/2026 11:07 am,Online,Paid,1,0,$5.00,$0.00,$0.00,$0.00,$0.20,$0.00,$0.00,$0.00,$5.20,$0.00,$0.00,$0.00,$0.00,$5.00,$5.00,$0.00,,,,$0.00,$0.00,$0.00,$0.00,Stripe,No,,Completed,Online,1,af8fb5a9-93f5-4c98-ae59-1b94531f3cf8
MEM1242,MQIS Membership,20/02/2024,7:00 pm,Paul,Hoffman,paul.hoffman4@example.com,0666534797,16/07/2026 07:52 pm,Online,Paid,1,0,$5.00,$0.00,$0.00,$0.00,$0.20,$0.00,$0.00,$0.00,$5.20,$0.00,$0.00,$0.00,$0.00,$5.00,$5.00,$0.00,,,,$0.00,$0.00,$0.00,$0.00,Stripe,Yes,,Completed,Online,1,d820afba-26d2-4c57-857d-355e0571f362
MEM1243,MQIS Membership,20/02/2024,7:00 pm,Jennifer,Mason,jennifer.mason29@example.com,0003266617,31/07/2026 08:22 am,Online,Paid,1,0,$5.00,$0.00,$0.00,$0.00,$0.20,$0.00,$0.00,$0.00,$5.20,$0.00,$0.00,$0.00,$0.00,$5.00,$5.00,$0.00,,,,$0.00,$0.00,$0.00,$0.00,Stripe,No,,Completed,Online,1,67f2411b-d332-4361-82ed-78cbb7aff6d5
MEM1244,MQIS Membership,20/02/2024,7:00 pm,Michele,Jones,michele.jones47@example.com,9916277650,10/08/2026 11:00 am,Online,Paid,1,0,$5.00,$0.00,$0.00,$0.00,$0.20,$0.00,$0.00,$0.00,$5.20,$0.00,$0.00,$0.00,$0.00,$5.00,$5.00,$0.00,,,,$0.00,$0.00,$0.00,$0.00,Stripe,Yes,,Completed,Online,1,5abe8296-296c-4114-83b3-4932ef0f46ec
MEM1245,MQIS Membership,20/02/2024,7:00 pm,Michael,Everett,michael.everett98@example.com,2291535375,12/07/2026 08:14 pm,Online,Paid,1,0,$5.00,$0.00,$0.00,$0.00,$0.20,$0.00,$0.00,$0.00,$5.20,$0.00,$0.00,$0.00,$0.00,$5.00,$5.00,$0.00,,,,$0.00,$0.00,$0.00,$0.00,Stripe,No,,Completed,Online,1,76c880ae-97a3-4e2b-b57d-fa8c12b22d50
MEM1246,MQIS Membership,20/02/2024,7:00 pm,Stanley,Clark,stanley.clark33@example.com,1624293380,13/08/2026 02:48 am,Online,Paid,1,0,$5.00,$0.00,$0.00,$0.00,$0.20,$0.00,$0.00,$0.00,$5.20,$0.00,$0.00,$0.00,$0.00,$5.00,$5.00,$0.00,,,,$0.00,$0.00,$0.00,$0.00,Stripe,Yes,,Completed,Online,1,1d966851-0b60-4cc2-aea1-9ddfe1f93698
MEM1247,MQIS Membership,20/02/2024,7:00 pm,Krystal,Perez,krystal.perez50@example.com,4608348649,27/07/2026 12:16 pm,Manual,Paid,1,0,$5.00,$0.00,$0.00,$0.00,$0.20,$0.00,$0.00,$0.00,$5.20,$0.00,$0.00,$0.00,$0.00,$5.00,$5.00,$0.00,,,,$0.00,$0.00,$0.00,$0.00,Stripe,No,,Completed,Manual,1,c250d925-8c2f-4a9e-b4ad-3a0d027092f5
MEM1248,MQIS Membership,20/02/2024,7:00 pm,Kyle,Ortiz,kyle.ortiz65@example.com,1233153497,12/08/2026 07:22 pm,Online,Paid,1,0,$5.00,$0.00,$0.00,$0.00,$0.20,$0.00,$0.00,$0.00,$5.20,$0.00,$0.00,$0.00,$0.00,$5.00,$5.00,$0.00,,,,$0.00,$0.00,$0.00,$0.00,Stripe,No,,Completed,Online,1,124e508d-4966-4fc4-bd72-3799d6474f5c
MEM1249,MQIS Membership,20/02/2024,7:00 pm,Jonathan,Rodriguez,jonathan.rodriguez30@example.com,7514164866,04/08/2026 07:22 am,Manual,Paid,1,0,$5.00,$0.00,$0.00,$0.00,$0.20,$0.00,$0.00,$0.00,$5.20,$0.00,$0.00,$0.00,$0.00,$5.00,$5.00,$0.00,,,,$0.00,$0.00,$0.00,$0.00,Stripe,No,,Completed,Manual,1,308995d4-f393-4c18-ab37-ab3a2fdfef50
MEM1250,MQIS Membership,20/02/2024,7:00 pm,Lee,Charles,lee.charles39@example.com,3278602849,03/08/2026 04:20 am,Online,Paid,1,0,$5.00,$0.00,$0.00,$0.00,$0.20,$0.00,$0.00,$0.00,$5.20,$0.00,$0.00,$0.00,$0.00,$5.00,$5.00,$0.00,,,,$0.00,$0.00,$0.00,$0.00,Stripe,No,,Completed,Online,1,a7d0508b-5b15-4645-abe5-c5955dca9124
MEM1251,MQIS Membership,20/02/2024,7:00 pm,Gary,Norton,gary.norton39@example.com,1219914995,05/08/2026 09:33 am,Online,Paid,1,0,$5.00,$0.00,$0.00,$0.00,$0.20,$0.00,$0.00,$0.00,$5.20,$0.00,$0.00,$0.00,$0.00,$5.00,$5.00,$0.00,,,,$0.00,$0.00,$0.00,$0.00,Stripe,Yes,,Completed,Online,1,93a2101b-563d-4833-a69e-a47ce2936633
MEM1252,MQIS Membership,20/02/2024,7:00 pm,Linda,Wolfe,linda.wolfe70@example.com,1965497059,24/07/2026 03:45 pm,Online,Refunded,0,1,$0.00,$0.00,$0.00,$0.00,$0.00,$0.00,$0.00,$0.00,$0.00,$0.00,$0.00,$0.00,$0.00,$0.00,$0.00,$0.00,,,,$0.00,$0.00,$0.00,$0.00,Stripe,Yes,,Completed,Online,1,914e192c-9660-442e-a99b-ffdbad8fb0a6
MEM1253,MQIS Membership,20/02/2024,7:00 pm,Michael,Palmer,michael.palmer85@example.com,2102038870,14/07/2026 07:37 am,Online,Paid,1,0,$5.00,$0.00,$0.00,$0.00,$0.20,$0.00,$0.00,$0.00,$5.20,$0.00,$0.00,$0.00,$0.00,$5.00,$5.00,$0.00,,,,$0.00,$0.00,$0.00,$0.00,Stripe,No,,Completed,Online,1,6df59b46-a29a-4387-bee8-53bad65b17e0
MEM1254,MQIS Membership,20/02/2024,7:00 pm,Matthew,Beard,matthew.beard52@example.com,2121004687,11/07/2026 06:33 am,Online,Paid,1,0,$5.00,$0.00,$0.00,$0.00,$0.20,$0.00,$0.00,$0.00,$5.20,$0.00,$0.00,$0.00,$0.00,$5.00,$5.00,$0.00,,,,$0.00,$0.00,$0.00,$0.00,Stripe,No,,Completed,Online,1,e5dc4c99-0a5a-4b1a-94b3-4d3724eecfeb
MEM1255,MQIS Membership,20/02/2024,7:00 pm,Robert,Clark,robert.clark92@example.com,8654255686,12/07/2026 06:24 pm,Online,Paid,1,0,$5.00,$0.00,$0.00,$0.00,$0.20,$0.00,$0.00,$0.00,$5.20,$0.00,$0.00,$0.00,$0.00,$5.00,$5.00,$0.00,,,,$0.00,$0.00,$0.00,$0.00,Stripe,No,,Completed,Online,1,bf11cc7f-f3e6-46db-8e1e-cc9a9e0963f9
MEM1256,MQIS Membership,20/02/2024,7:00 pm,Alicia,Mccoy,alicia.mccoy13@example.com,4171056739,04/08/2026 11:59 am,Manual,Paid,1,0,$5.00,$0.00,$0.00,$0.00,$0.20,$0.00,$0.00,$0.00,$5.20,$0.00,$0.00,$0.00,$0.00,$5.00,$5.00,$0.00,,,,$0.00,$0.00,$0.00,$0.00,Stripe,No,,Completed,Manual,1,a5067005-ceef-40b6-9e13-a611b2af9c49
MEM1257,MQIS Membership,20/02/2024,7:00 pm,Jasmine,Graham,jasmine.graham56@example.com,7064872358,26/07/2026 10:58 am,Online,Paid,1,0,$5.00,$0.00,$0.00,$0.00,$0.20,$0.00,$0.00,$0.00,$5.20,$0.00,$0.00,$0.00,$0.00,$5.00,$5.00,$0.00,,,,$0.00,$0.00,$0.00,$0.00,Stripe,No,,Completed,Online,1,e2a6a74e-a8e3-42d6-a2e7-eaa3aabb0de9
MEM1258,MQIS Membership,20/02/2024,7:00 pm,Paul,Ray,paul.ray34@example.com,5204770048,23/07/2026 10:14 am,Online,Paid,1,0,$5.00,$0.00,$0.00,$0.00,$0.20,$0.00,$0.00,$0.00,$5.20,$0.00,$0.00,$0.00,$0.00,$5.00,$5.00,$0.00,,,,$0.00,$0.00,$0.00,$0.00,Stripe,Yes,,Completed,Online,1,e01355d4-764f-4e90-a137-d28d64074bcf
MEM1259,MQIS Membership,20/02/2024,7:00 pm,Elizabeth,Hodge,elizabeth.hodge31@example.com,5538274383,20/07/2026 02:33 am,Online,Paid,1,0,$5.00,$0.00,$0.00,$0.00,$0.20,$0.00,$0.00,$0.00,$5.20,$0.00,$0.00,$0.00,$0.00,$5.00,$5.00,$0.00,,,,$0.00,$0.00,$0.00,$0.00,Stripe,Yes,,Completed,Online,1,0ef21853-5659-497f-a0a3-a6c3ddb98d5b
MEM1260,MQIS Membership,20/02/2024,7:00 pm,David,Riggs,david.riggs32@example.com,4837323014,27/07/2026 12:12 am,Online,Paid,1,0,$5.00,$0.00,$0.00,$0.00,$0.20,$0.00,$0.00,$0.00,$5.20,$0.00,$0.00,$0.00,$0.00,$5.00,$5.00,$0.00,,,,$0.00,$0.00,$0.00,$0.00,Stripe,No,,Completed,Online,1,c75c13b9-ed6c-40e7-9d0c-61567b953ece
MEM1261,MQIS Membership,20/02/2024,7:00 pm,Amanda,Fitzpatrick,amanda.fitzpatrick42@example.com,8095418520,16/08/2026 10:07 am,Manual,Paid,1,0,$5.00,$0.00,$0.00,$0.00,$0.20,$0.00,$0.00,$0.00,$5.20,$0.00,$0.00,$0.00,$0.00,$5.00,$5.00,$0.00,,,,$0.00,$0.00,$0.00,$0.00,Stripe,No,,Completed,Manual,1,d067094a-0b2a-4a6c-9843-8a511ae93db3
MEM1262,MQIS Membership,20/02/2024,7:00 pm,Jonathan,Rodriguez,jonathan.rodriguez30@example.com,4433050980,14/08/2026 01:54 pm,Online,Paid,1,0,$5.00,$0.00,$0.00,$0.00,$0.20,$0.00,$0.00,$0.00,$5.20,$0.00,$0.00,$0.00,$0.00,$5.00,$5.00,$0.00,,,,$0.00,$0.00,$0.00,$0.00,Stripe,Yes,,Completed,Online,1,a9e24323-0a80-437a-8111-3c03d1e80ced
MEM1263,MQIS Membership,20/02/2024,7:00 pm,Anthony,Spencer,anthony.spencer85@example.com,0087684865,02/08/2026 12:35 am,Online,Paid,1,0,$5.00,$0.00,$0.00,$0.00,$0.20,$0.00,$0.00,$0.00,$5.20,$0.00,$0.00,$0.00,$0.00,$5.00,$5.00,$0.00,,,,$0.00,$0.00,$0.00,$0.00,Stripe,No,,Completed,Online,1,2f603cf4-59fe-43fe-a9aa-93f527ce58e8
MEM1264,MQIS Membership,20/02/2024,7:00 pm,Jack,Taylor,jack.taylor98@example.com,6857556442,12/08/2026 12:58 pm,Online,Paid,1,0,$5.00,$0.00,$0.00,$0.00,$0.20,$0.00,$0.00,$0.00,$5.20,$0.00,$0.00,$0.00,$0.00,$5.00,$5.00,$0.00,,,,$0.00,$0.00,$0.00,$0.00,Stripe,Yes,,Completed,Online,1,16205a6d-05e7-4553-975d-e9f67e62f267
MEM1265,MQIS Membership,20/02/2024,7:00 pm,Cole,Hernandez,cole.hernandez23@example.com,5267494222,02/08/2026 10:13 pm,Online,Paid,1,0,$5.00,$0.00,$0.00,$0.00,$0.20,$0.00,$0.00,$0.00,$5.20,$0.00,$0.00,$0.00,$0.00,$5.00,$5.00,$0.00,,,,$0.00,$0.00,$0.00,$0.00,Stripe,Yes,,Completed,Online,1,e42bf894-f5fe-4036-9cf4-ff330eda4276
MEM1266,MQIS Membership,20/02/2024,7:00 pm,Loretta,Potter,loretta.potter15@example.com,8149871420,24/07/2026 06:22 am,Online,Paid,1,0,$5.00,$0.00,$0.00,$0.00,$0.20,$0.00,$0.00,$0.00,$5.20,$0.00,$0.00,$0.00,$0.00,$5.00,$5.00,$0.00,,,,$0.00,$0.00,$0.00,$0.00,Stripe,No,,Completed,Online,1,9f71348e-730c-429f-bfad-6e6ce19541b9
MEM1267,MQIS Membership,20/02/2024,7:00 pm,Tyler,Burton,tyler.burton84@example.com,4049386362,19/07/2026 12:07 am,Online,Paid,1,0,$5.00,$0.00,$0.00,$0.00,$0.20,$0.00,$0.00,$0.00,$5.20,$0.00,$0.00,$0.00,$0.00,$5.00,$5.00,$0.00,,,,$0.00,$0.00,$0.00,$0.00,Stripe,Yes,,Completed,Online,1,343eccad-59e9-40ab-a3a9-9cbc5682f5bb
MEM1268,MQIS Membership,20/02/2024,7:00 pm,Nicholas,Arnold,nicholas.arnold4@example.com,3477630658,18/07/2026 09:56 pm,Online,Paid,1,0,$5.00,$0.00,$0.00,$0.00,$0.20,$0.00,$0.00,$0.00,$5.20,$0.00,$0.00,$0.00,$0.00,$5.00,$5.00,$0.00,,,,$0.00,$0.00,$0.00,$0.00,Stripe,Yes,,Completed,Online,1,6e5cf7cd-cdc9-4597-a1ea-3443743be35f
MEM1269,MQIS Membership,20/02/2024,7:00 pm,Gary,Ellis,gary.ellis16@example.com,6991589730,18/08/2026 01:38 am,Online,Paid,1,0,$5.00,$0.00,$0.00,$0.00,$0.20,$0.00,$0.00,$0.00,$5.20,$0.00,$0.00,$0.00,$0.00,$5.00,$5.00,$0.00,,,,$0.00,$0.00,$0.00,$0.00,Stripe,No,,Completed,Online,1,870bb930-ffdc-4511-9219-269aed442537
MEM1270,MQIS Membership,20/02/2024,7:00 pm,Leonard,Hayes,leonard.hayes21@example.com,4298368761,15/08/2026 05:09 pm,Online,Paid,1,0,$5.00,$0.00,$0.00,$0.00,$0.20,$0.00,$0.00,$0.00,$5.20,$0.00,$0.00,$0.00,$0.00,$5.00,$5.00,$0.00,,,,$0.00,$0.00,$0.00,$0.00,Stripe,No,,Completed,Online,1,65550121-511c-4128-8609-8bc95030b8ec
MEM1271,MQIS Membership,20/02/2024,7:00 pm,Jessica,Fuller,jessica.fuller70@example.com,5510749818,13/07/2026 11:21 am,Online,Paid,1,0,$5.00,$0.00,$0.00,$0.00,$0.20,$0.00,$0.00,$0.00,$5.20,$0.00,$0.00,$0.00,$0.00,$5.00,$5.00,$0.00,,,,$0.00,$0.00,$0.00,$0.00,Stripe,Yes,,Completed,Online,1,1aba0299-e2b4-4023-a191-c714df79e479
MEM1272,MQIS Membership,20/02/2024,7:00 pm,David,Norman,david.norman89@example.com,1718729701,13/07/2026 06:40 pm,Online,Paid,1,0,$5.00,$0.00,$0.00,$0.00,$0.20,$0.00,$0.00,$0.00,$5.20,$0.00,$0.00,$0.00,$0.00,$5.00,$5.00,$0.00,,,,$0.00,$0.00,$0.00,$0.00,Stripe,No,,Completed,Online,1,5b2ae3f0-1deb-47c0-a448-dd5436bbc952
MEM1273,MQIS Membership,20/02/2024,7:00 pm,Alex,Green,alex.green64@example.com,4206051169,08/08/2026 11:36 pm,Online,Paid,1,0,$5.00,$0.00,$0.00,$0.00,$0.20,$0.00,$0.00,$0.00,$5.20,$0.00,$0.00,$0.00,$0.00,$5.00,$5.00,$0.00,,,,$0.00,$0.00,$0.00,$0.00,Stripe,No,,Completed,Online,1,3f2c5757-4402-4558-97e2-4aab02b06112
MEM1274,MQIS Membership,20/02/2024,7:00 pm,Deborah,Nielsen,deborah.nielsen24@example.com,6821947190,23/07/2026 10:09 am,Online,Paid,1,0,$5.00,$0.00,$0.00,$0.00,$0.20,$0.00,$0.00,$0.00,$5.20,$0.00,$0.00,$0.00,$0.00,$5.00,$5.00,$0.00,,,,$0.00,$0.00,$0.00,$0.00,Stripe,Yes,,Completed,Online,1,083c1697-1af9-4401-b4ce-684e7f20ac12
MEM1275,MQIS Membership,20/02/2024,7:00 pm,Melissa,Prince,melissa.prince53@example.com,3257592123,16/08/2026 02:19 am,Online,Paid,1,0,$5.00,$0.00,$0.00,$0.00,$0.20,$0.00,$0.00,$0.00,$5.20,$0.00,$0.00,$0.00,$0.00,$5.00,$5.00,$0.00,,,,$0.00,$0.00,$0.00,$0.00,Stripe,No,,Completed,Online,1,c34d740c-904d-424b-9cf8-6246823b23a3
MEM1276,MQIS Membership,20/02/2024,7:00 pm,Terri,Crawford,terri.crawford54@example.com,5643172104,11/08/2026 12:32 pm,Online,Paid,1,0,$5.00,$0.00,$0.00,$0.00,$0.20,$0.00,$0.00,$0.00,$5.20,$0.00,$0.00,$0.00,$0.00,$5.00,$5.00,$0.00,,,,$0.00,$0.00,$0.00,$0.00,Stripe,No,,Completed,Online,1,b1203bde-8667-4e55-9236-3afbca5b1a0a
MEM1277,MQIS Membership,20/02/2024,7:00 pm,Anne,Robinson,anne.robinson66@example.com,0198783505,25/07/2026 11:22 am,Online,Paid,1,0,$5.00,$0.00,$0.00,$0.00,$0.20,$0.00,$0.00,$0.00,$5.20,$0.00,$0.00,$0.00,$0.00,$5.00,$5.00,$0.00,,,,$0.00,$0.00,$0.00,$0.00,Stripe,No,,Completed,Online,1,8c1708b8-1bf7-4f1b-b086-ca019e90e810
MEM1278,MQIS Membership,20/02/2024,7:00 pm,Amanda,Hill,amanda.hill2@example.com,2547099734,14/07/2026 01:35 pm,Online,Refunded,0,1,$0.00,$0.00,$0.00,$0.00,$0.00,$0.00,$0.00,$0.00,$0.00,$0.00,$0.00,$0.00,$0.00,$0.00,$0.00,$0.00,,,,$0.00,$0.00,$0.00,$0.00,Stripe,No,,Completed,Online,1,05787987-cd22-4601-98b6-aa73a6badd00
MEM1279,MQIS Membership,20/02/2024,7:00 pm,Cristina,Harvey,cristina.harvey55@example.com,0764718629,15/08/2026 06:32 pm,Online,Paid,1,0,$5.00,$0.00,$0.00,$0.00,$0.20,$0.00,$0.00,$0.00,$5.20,$0.00,$0.00,$0.00,$0.00,$5.00,$5.00,$0.00,,,,$0.00,$0.00,$0.00,$0.00,Stripe,No,,Completed,Online,1,30800021-1c53-4ff3-b0a0-bf908c5f31dd
MEM1280,MQIS Membership,20/02/2024,7:00 pm,Lisa,Long,lisa.long97@example.com,3948072078,13/07/2026 08:19 pm,Online,Paid,1,0,$5.00,$0.00,$0.00,$0.00,$0.20,$0.00,$0.00,$0.00,$5.20,$0.00,$0.00,$0.00,$0.00,$5.00,$5.00,$0.00,,,,$0.00,$0.00,$0.00,$0.00,Stripe,No,,Completed,Online,1,4d234908-8923-4c23-944a-2c1f46eaa920
MEM1281,MQIS Membership,20/02/2024,7:00 pm,Leslie,Walton,leslie.walton83@example.com,2776021806,12/07/2026 12:31 pm,Online,Paid,1,0,$5.00,$0.00,$0.00,$0.00,$0.20,$0.00,$0.00,$0.00,$5.20,$0.00,$0.00,$0.00,$0.00,$5.00,$5.00,$0.00,,,,$0.00,$0.00,$0.00,$0.00,Stripe,Yes,,Completed,Online,1,973365d2-72df-45ff-ad45-567855f39eb4
MEM1282,MQIS Membership,20/02/2024,7:00 pm,Samantha,Salas,samantha.salas2@example.com,4451906774,17/07/2026 09:28 pm,Online,Paid,1,0,$5.00,$0.00,$0.00,$0.00,$0.20,$0.00,$0.00,$0.00,$5.20,$0.00,$0.00,$0.00,$0.00,$5.00,$5.00,$0.00,,,,$0.00,$0.00,$0.00,$0.00,Stripe,Yes,,Completed,Online,1,8e823858-f76b-4cfb-8219-134dd9c9a8a9
MEM1283,MQIS Membership,20/02/2024,7:00 pm,Andrew,Ryan,andrew.ryan81@example.com,3443710842,17/07/2026 09:46 pm,Online,Paid,1,0,$5.00,$0.00,$0.00,$0.00,$0.20,$0.00,$0.00,$0.00,$5.20,$0.00,$0.00,$0.00,$0.00,$5.00,$5.00,$0.00,,,,$0.00,$0.00,$0.00,$0.00,Stripe,No,,Completed,Online,1,cfae89a2-2f6f-481a-8502-cff1ff5ea3e5
MEM1284,MQIS Membership,20/02/2024,7:00 pm,Stephen,Solis,stephen.solis99@example.com,5349724868,19/07/2026 08:13 am,Online,Paid,1,0,$5.00,$0.00,$0.00,$0.00,$0.20,$0.00,$0.00,$0.00,$5.20,$0.00,$0.00,$0.00,$0.00,$5.00,$5.00,$0.00,,,,$0.00,$0.00,$0.00,$0.00,Stripe,No,,Completed,Online,1,551d8f2b-e5d7-47d8-a94b-f6ed2a765772
MEM1285,MQIS Membership,20/02/2024,7:00 pm,David,Moore,david.moore74@example.com,5022774690,12/08/2026 12:12 pm,Online,Paid,1,0,$5.00,$0.00,$0.00,$0.00,$0.20,$0.00,$0.00,$0.00,$5.20,$0.00,$0.00,$0.00,$0.00,$5.00,$5.00,$0.00,,,,$0.00,$0.00,$0.00,$0.00,Stripe,No,,Completed,Online,1,1c55c19c-dfd4-4ee5-bdfd-9faf413a5821
MEM1286,MQIS Membership,20/02/2024,7:00 pm,Adrian,Turner,adrian.turner93@example.com,0587752221,18/07/2026 11:28 pm,Online,Paid,1,0,$5.00,$0.00,$0.00,$0.00,$0.20,$0.00,$0.00,$0.00,$5.20,$0.00,$0.00,$0.00,$0.00,$5.00,$5.00,$0.00,,,,$0.00,$0.00,$0.00,$0.00,Stripe,Yes,,Completed,Online,1,a246f649-0320-4553-8e2d-e816bbe32556
MEM1287,MQIS Membership,20/02/2024,7:00 pm,Ronald,Norris,ronald.norris49@example.com,2033873845,16/07/2026 06:29 am,Manual,Paid,1,0,$5.00,$0.00,$0.00,$0.00,$0.20,$0.00,$0.00,$0.00,$5.20,$0.00,$0.00,$0.00,$0.00,$5.00,$5.00,$0.00,,,,$0.00,$0.00,$0.00,$0.00,Stripe,No,,Completed,Manual,1,18d37385-2011-4763-8de8-bb3fcb38cdda
MEM1288,MQIS Membership,20/02/2024,7:00 pm,Stephanie,Simpson,stephanie.simpson51@example.com,3836669436,22/07/2026 03:35 pm,Online,Paid,1,0,$5.00,$0.00,$0.00,$0.00,$0.20,$0.00,$0.00,$0.00,$5.20,$0.00,$0.00,$0.00,$0.00,$5.00,$5.00,$0.00,,,,$0.00,$0.00,$0.00,$0.00,Stripe,No,,Completed,Online,1,4ddfcf42-eb96-4a66-9f70-d721bb11f5a7
MEM1289,MQIS Membership,20/02/2024,7:00 pm,Sarah,Hill,sarah.hill30@example.com,8513445532,03/08/2026 10:42 am,Online,Paid,1,0,$5.00,$0.00,$0.00,$0.00,$0.20,$0.00,$0.00,$0.00,$5.20,$0.00,$0.00,$0.00,$0.00,$5.00,$5.00,$0.00,,,,$0.00,$0.00,$0.00,$0.00,Stripe,No,,Completed,Online,1,da7c57aa-7dd9-40ab-b09c-9c247f50a04c
MEM1290,MQIS Membership,20/02/2024,7:00 pm,Peter,Harrison,peter.harrison31@example.com,2831888616,22/07/2026 04:53 pm,Online,Paid,1,0,$5.00,$0.00,$0.00,$0.00,$0.20,$0.00,$0.00,$0.00,$5.20,$0.00,$0.00,$0.00,$0.00,$5.00,$5.00,$0.00,,,,$0.00,$0.00,$0.00,$0.00,Stripe,Yes,,Completed,Online,1,2f4d3201-4ca6-46f2-9043-6d903e6d9984
MEM1291,MQIS Membership,20/02/2024,7:00 pm,Melanie,Gibson,melanie.gibson4@example.com,9115416824,10/08/2026 08:00 am,Online,Paid,1,0,$5.00,$0.00,$0.00,$0.00,$0.20,$0.00,$0.00,$0.00,$5.20,$0.00,$0.00,$0.00,$0.00,$5.00,$5.00,$0.00,,,,$0.00,$0.00,$0.00,$0.00,Stripe,Yes,,Completed,Online,1,ad6792bb-5b32-4b7b-8194-a479017501bf
MEM1292,MQIS Membership,20/02/2024,7:00 pm,Duane,Anderson,duane.anderson90@example.com,1406547651,17/08/2026 09:05 pm,Online,Paid,1,0,$5.00,$0.00,$0.00,$0.00,$0.20,$0.00,$0.00,$0.00,$5.20,$0.00,$0.00,$0.00,$0.00,$5.00,$5.00,$0.00,,,,$0.00,$0.00,$0.00,$0.00,Stripe,Yes,,Completed,Online,1,a606d8bb-cd82-4f51-a3f8-a128af2cb10d
MEM1293,MQIS Membership,20/02/2024,7:00 pm,Alexandra,Donovan,alexandra.donovan28@example.com,7535138345,07/08/2026 10:44 am,Online,Paid,1,0,$5.00,$0.00,$0.00,$0.00,$0.20,$0.00,$0.00,$0.00,$5.20,$0.00,$0.00,$0.00,$0.00,$5.00,$5.00,$0.00,,,,$0.00,$0.00,$0.00,$0.00,Stripe,No,,Completed,Online,1,aaad82a7-4d4e-415f-b895-5f643756a924
MEM1294,MQIS Membership,20/02/2024,7:00 pm,Jerry,Robinson,jerry.robinson36@example.com,5158223094,02/08/2026 07:58 pm,Online,Paid,1,0,$5.00,$0.00,$0.00,$0.00,$0.20,$0.00,$0.00,$0.00,$5.20,$0.00,$0.00,$0.00,$0.00,$5.00,$5.00,$0.00,,,,$0.00,$0.00,$0.00,$0.00,Stripe,No,,Completed,Online,1,728d691e-6d49-48ea-914c-59dc5796ac30
MEM1295,MQIS Membership,20/02/2024,7:00 pm,Laura,Morgan,laura.morgan87@example.com,6124983344,26/07/2026 07:58 am,Online,Paid,1,0,$5.00,$0.00,$0.00,$0.00,$0.20,$0.00,$0.00,$0.00,$5.20,$0.00,$0.00,$0.00,$0.00,$5.00,$5.00,$0.00,,,,$0.00,$0.00,$0.00,$0.00,Stripe,No,,Completed,Online,1,d7e3fd17-947b-4b7e-8c7d-ead97c5aab36
MEM1296,MQIS Membership,20/02/2024,7:00 pm,Aaron,Frost,aaron.frost98@example.com,8925291493,25/07/2026 09:39 am,Online,Paid,1,0,$5.00,$0.00,$0.00,$0.00,$0.20,$0.00,$0.00,$0.00,$5.20,$0.00,$0.00,$0.00,$0.00,$5.00,$5.00,$0.00,,,,$0.00,$0.00,$0.00,$0.00,Stripe,Yes,,Completed,Online,1,28d8c539-a867-42b0-a6f0-3ec4a3a0ef5b
MEM1297,MQIS Membership,20/02/2024,7:00 pm,Joseph,Zuniga,joseph.zuniga92@example.com,1168674478,03/08/2026 07:41 am,Online,Paid,1,0,$5.00,$0.00,$0.00,$0.00,$0.20,$0.00,$0.00,$0.00,$5.20,$0.00,$0.00,$0.00,$0.00,$5.00,$5.00,$0.00,,,,$0.00,$0.00,$0.00,$0.00,Stripe,No,,Completed,Online,1,751f8804-00d4-4af4-a193-657e330c6855
MEM1298,MQIS Membership,20/02/2024,7:00 pm,Sara,Mcdowell,sara.mcdowell44@example.com,1694418269,12/07/2026 09:04 pm,Online,Paid,1,0,$5.00,$0.00,$0.00,$0.00,$0.20,$0.00,$0.00,$0.00,$5.20,$0.00,$0.00,$0.00,$0.00,$5.00,$5.00,$0.00,,,,$0.00,$0.00,$0.00,$0.00,Stripe,No,,Completed,Online,1,afbfd897-7789-44aa-8337-8582b706b5c0
MEM1299,MQIS Membership,20/02/2024,7:00 pm,Caitlin,Dodson,caitlin.dodson17@example.com,5398740541,12/07/2026 03:02 pm,Manual,Paid,1,0,$5.00,$0.00,$0.00,$0.00,$0.20,$0.00,$0.00,$0.00,$5.20,$0.00,$0.00,$0.00,$0.00,$5.00,$5.00,$0.00,,,,$0.00,$0.00,$0.00,$0.00,Stripe,No,,Completed,Manual,1,95f7c4b4-c308-4bdb-9b06-96a1ce575d16
MEM1300,MQIS Membership,20/02/2024,7:00 pm,Justin,Evans,justin.evans97@example.com,1174261422,02/08/2026 03:33 am,Online,Paid,1,0,$5.00,$0.00,$0.00,$0.00,$0.20,$0.00,$0.00,$0.00,$5.20,$0.00,$0.00,$0.00,$0.00,$5.00,$5.00,$0.00,,,,$0.00,$0.00,$0.00,$0.00,Stripe,Yes,,Completed,Online,1,fc452481-14f5-4ca7-9b9d-a84d4bf093e0
MEM1301,MQIS Membership,20/02/2024,7:00 pm,Tanya,Riley,tanya.riley8@example.com,8589370810,16/07/2026 10:53 pm,Online,Paid,1,0,$5.00,$0.00,$0.00,$0.00,$0.20,$0.00,$0.00,$0.00,$5.20,$0.00,$0.00,$0.00,$0.00,$5.00,$5.00,$0.00,,,,$0.00,$0.00,$0.00,$0.00,Stripe,Yes,,Completed,Online,1,e89f396f-3949-4542-86ad-b754aef93c9a
MEM1302,MQIS Membership,20/02/2024,7:00 pm,Scott,Callahan,scott.callahan94@example.com,0049246012,13/07/2026 07:32 pm,Online,Paid,1,0,$5.00,$0.00,$0.00,$0.00,$0.20,$0.00,$0.00,$0.00,$5.20,$0.00,$0.00,$0.00,$0.00,$5.00,$5.00,$0.00,,,,$0.00,$0.00,$0.00,$0.00,Stripe,No,,Completed,Online,1,932e05ea-91cd-4b77-a79f-5545aae29e1f
MEM1303,MQIS Membership,20/02/2024,7:00 pm,Joseph,White,joseph.white91@example.com,2631508108,07/08/2026 05:26 pm,Online,Paid,1,0,$5.00,$0.00,$0.00,$0.00,$0.20,$0.00,$0.00,$0.00,$5.20,$0.00,$0.00,$0.00,$0.00,$5.00,$5.00,$0.00,,,,$0.00,$0.00,$0.00,$0.00,Stripe,No,,Completed,Online,1,edad586b-44bf-4e4a-8d83-689fd73ad9bc
MEM1304,MQIS Membership,20/02/2024,7:00 pm,Jesse,Benson,jesse.benson94@example.com,9579035406,05/08/2026 06:32 pm,Online,Paid,1,0,$5.00,$0.00,$0.00,$0.00,$0.20,$0.00,$0.00,$0.00,$5.20,$0.00,$0.00,$0.00,$0.00,$5.00,$5.00,$0.00,,,,$0.00,$0.00,$0.00,$0.00,Stripe,No,,Completed,Online,1,5c22fb84-da2d-47e3-b8e3-0dca28a3be12
MEM1305,MQIS Membership,20/02/2024,7:00 pm,Keith,Landry,keith.landry16@example.com,8876918648,01/08/2026 01:55 pm,Online,Paid,1,0,$5.00,$0.00,$0.00,$0.00,$0.20,$0.00,$0.00,$0.00,$5.20,$0.00,$0.00,$0.00,$0.00,$5.00,$5.00,$0.00,,,,$0.00,$0.00,$0.00,$0.00,Stripe,No,,Completed,Online,1,481e9b30-3ce4-4a91-a60b-a739149a4444
MEM1306,MQIS Membership,20/02/2024,7:00 pm,Randy,Simpson,randy.simpson46@example.com,5937062723,01/08/2026 02:51 pm,Online,Paid,1,0,$5.00,$0.00,$0.00,$0.00,$0.20,$0.00,$0.00,$0.00,$5.20,$0.00,$0.00,$0.00,$0.00,$5.00,$5.00,$0.00,,,,$0.00,$0.00,$0.00,$0.00,Stripe,Yes,,Completed,Online,1,ca6e539d-f6b6-4724-b647-998e453681d9
MEM1307,MQIS Membership,20/02/2024,7:00 pm,Kathryn,Ryan,kathryn.ryan11@example.com,1388705716,18/07/2026 02:07 pm,Online,Paid,1,0,$5.00,$0.00,$0.00,$0.00,$0.20,$0.00,$0.00,$0.00,$5.20,$0.00,$0.00,$0.00,$0.00,$5.00,$5.00,$0.00,,,,$0.00,$0.00,$0.00,$0.00,Stripe,Yes,,Completed,Online,1,5facc09e-bb99-4da4-bf5b-e78147ba5d50
MEM1308,MQIS Membership,20/02/2024,7:00 pm,Adam,Ortiz,adam.ortiz33@example.com,0096461469,15/08/2026 03:26 am,Online,Paid,1,0,$5.00,$0.00,$0.00,$0.00,$0.20,$0.00,$0.00,$0.00,$5.20,$0.00,$0.00,$0.00,$0.00,$5.00,$5.00,$0.00,,,,$0.00,$0.00,$0.00,$0.00,Stripe,No,,Completed,Online,1,caa8c484-ce0d-4b62-bbe5-774d3eabfda2
MEM1309,MQIS Membership,20/02/2024,7:00 pm,Terri,Tran,terri.tran12@example.com,6016685867,30/07/2026 09:32 am,Online,Paid,1,0,$5.00,$0.00,$0.00,$0.00,$0.20,$0.00,$0.00,$0.00,$5.20,$0.00,$0.00,$0.00,$0.00,$5.00,$5.00,$0.00,,,,$0.00,$0.00,$0.00,$0.00,Stripe,No,,Completed,Online,1,231b392c-bbba-4321-bb16-c41d553b7db7
MEM1310,MQIS Membership,20/02/2024,7:00 pm,Judy,Fox,judy.fox26@example.com,5393036199,22/07/2026 09:04 am,Online,Paid,1,0,$5.00,$0.00,$0.00,$0.00,$0.20,$0.00,$0.00,$0.00,$5.20,$0.00,$0.00,$0.00,$0.00,$5.00,$5.00,$0.00,,,,$0.00,$0.00,$0.00,$0.00,Stripe,No,,Completed,Online,1,3f764b41-0587-49ef-bb45-440c60c95b63
MEM1311,MQIS Membership,20/02/2024,7:00 pm,Christopher,Walker,christopher.walker69@example.com,1574236837,10/08/2026 12:14 am,Online,Paid,1,0,$5.00,$0.00,$0.00,$0.00,$0.20,$0.00,$0.00,$0.00,$5.20,$0.00,$0.00,$0.00,$0.00,$5.00,$5.00,$0.00,,,,$0.00,$0.00,$0.00,$0.00,Stripe,No,,Completed,Online,1,12a19abf-77a1-4e68-945d-f5f473bdc17c
MEM1312,MQIS Membership,20/02/2024,7:00 pm,Daniel,Yu,daniel.yu13@example.com,8807461204,31/07/2026 08:28 pm,Online,Paid,1,0,$5.00,$0.00,$0.00,$0.00,$0.20,$0.00,$0.00,$0.00,$5.20,$0.00,$0.00,$0.00,$0.00,$5.00,$5.00,$0.00,,,,$0.00,$0.00,$0.00,$0.00,Stripe,Yes,,Completed,Online,1,6f216d4d-5148-43bf-a0ba-3923539a750f
MEM1313,MQIS Membership,20/02/2024,7:00 pm,Nicholas,Hernandez,nicholas.hernandez34@example.com,3638139222,25/07/2026 02:41 pm,Online,Paid,1,0,$5.00,$0.00,$0.00,$0.00,$0.20,$0.00,$0.00,$0.00,$5.20,$0.00,$0.00,$0.00,$0.00,$5.00,$5.00,$0.00,,,,$0.00,$0.00,$0.00,$0.00,Stripe,Yes,,Completed,Online,1,18ca6fea-2ede-4422-8162-ee8ef7d3534d
MEM1314,MQIS Membership,20/02/2024,7:00 pm,Tammy,Montoya,tammy.montoya16@example.com,9982048793,12/07/2026 02:50 pm,Online,Paid,1,0,$5.00,$0.00,$0.00,$0.00,$0.20,$0.00,$0.00,$0.00,$5.20,$0.00,$0.00,$0.00,$0.00,$5.00,$5.00,$0.00,,,,$0.00,$0.00,$0.00,$0.00,Stripe,Yes,,Completed,Online,1,55cc9948-336d-4449-bb53-e59c2ca7a08a
MEM1315,MQIS Membership,20/02/2024,7:00 pm,Brandy,Dominguez,brandy.dominguez52@example.com,7759012929,09/08/2026 12:28 pm,Online,Paid,1,0,$5.00,$0.00,$0.00,$0.00,$0.20,$0.00,$0.00,$0.00,$5.20,$0.00,$0.00,$0.00,$0.00,$5.00,$5.00,$0.00,,,,$0.00,$0.00,$0.00,$0.00,Stripe,No,,Completed,Online,1,1163bec0-0628-44ff-a353-a060279efe29
MEM1316,MQIS Membership,20/02/2024,7:00 pm,Brent,Gray,brent.gray76@example.com,0457408507,19/07/2026 01:11 pm,Manual,Paid,1,0,$5.00,$0.00,$0.00,$0.00,$0.20,$0.00,$0.00,$0.00,$5.20,$0.00,$0.00,$0.00,$0.00,$5.00,$5.00,$0.00,,,,$0.00,$0.00,$0.00,$0.00,Stripe,No,,Completed,Manual,1,fb624f1c-14b1-4cd3-b7f7-3151ecda2ea8
MEM1317,MQIS Membership,20/02/2024,7:00 pm,Jacqueline,Farrell,jacqueline.farrell66@example.com,8236964938,19/07/2026 05:12 am,Online,Paid,1,0,$5.00,$0.00,$0.00,$0.00,$0.20,$0.00,$0.00,$0.00,$5.20,$0.00,$0.00,$0.00,$0.00,$5.00,$5.00,$0.00,,,,$0.00,$0.00,$0.00,$0.00,Stripe,No,,Completed,Online,1,8c7f34d9-3d13-45c8-9669-db9739695c05
MEM1318,MQIS Membership,20/02/2024,7:00 pm,Joseph,Jacobs,joseph.jacobs52@example.com,3383367361,10/07/2026 10:48 pm,Online,Paid,1,0,$5.00,$0.00,$0.00,$0.00,$0.20,$0.00,$0.00,$0.00,$5.20,$0.00,$0.00,$0.00,$0.00,$5.00,$5.00,$0.00,,,,$0.00,$0.00,$0.00,$0.00,Stripe,No,,Completed,Online,1,139871f9-69ff-4191-ac58-4c167fbaf0b9
MEM1319,MQIS Membership,20/02/2024,7:00 pm,Brian,Davies,brian.davies96@example.com,6158181106,03/08/2026 12:52 am,Online,Paid,1,0,$5.00,$0.00,$0.00,$0.00,$0.20,$0.00,$0.00,$0.00,$5.20,$0.00,$0.00,$0.00,$0.00,$5.00,$5.00,$0.00,,,,$0.00,$0.00,$0.00,$0.00,Stripe,Yes,,Completed,Online,1,cc7ac319-26b0-4819-a5ea-de18a95599f9
MEM1320,MQIS Membership,20/02/2024,7:00 pm,Jamie,Robinson,jamie.robinson95@example.com,2319789589,16/08/2026 11:04 am,Online,Paid,1,0,$5.00,$0.00,$0.00,$0.00,$0.20,$0.00,$0.00,$0.00,$5.20,$0.00,$0.00,$0.00,$0.00,$5.00,$5.00,$0.00,,,,$0.00,$0.00,$0.00,$0.00,Stripe,Yes,,Completed,Online,1,09ec9785-cb66-439b-a81c-4c161072d09b
MEM1321,MQIS Membership,20/02/2024,7:00 pm,Gabriel,Parker,gabriel.parker8@example.com,0723227478,18/08/2026 05:46 am,Online,Paid,1,0,$5.00,$0.00,$0.00,$0.00,$0.20,$0.00,$0.00,$0.00,$5.20,$0.00,$0.00,$0.00,$0.00,$5.00,$5.00,$0.00,,,,$0.00,$0.00,$0.00,$0.00,Stripe,No,,Completed,Online,1,4f197246-c2d9-4f47-a3e5-2dcd9ff85d50
MEM1322,MQIS Membership,20/02/2024,7:00 pm,Jacob,Reid,jacob.reid81@example.com,8834442537,20/07/2026 08:09 pm,Online,Paid,1,0,$5.00,$0.00,$0.00,$0.00,$0.20,$0.00,$0.00,$0.00,$5.20,$0.00,$0.00,$0.00,$0.00,$5.00,$5.00,$0.00,,,,$0.00,$0.00,$0.00,$0.00,Stripe,No,,Completed,Online,1,17946e7f-4cd2-4f56-8211-0d94991f8cd8
MEM1323,MQIS Membership,20/02/2024,7:00 pm,Tyler,Burton,tyler.burton84@example.com,8477023928,10/08/2026 09:31 pm,Online,Paid,1,0,$5.00,$0.00,$0.00,$0.00,$0.20,$0.00,$0.00,$0.00,$5.20,$0.00,$0.00,$0.00,$0.00,$5.00,$5.00,$0.00,,,,$0.00,$0.00,$0.00,$0.00,Stripe,No,,Completed,Online,1,706d9e73-5fca-4e12-90d5-309e9a5da586
MEM1324,MQIS Membership,20/02/2024,7:00 pm,Dana,Oliver,dana.oliver1@example.com,0439792341,15/08/2026 12:10 am,Online,Paid,1,0,$5.00,$0.00,$0.00,$0.00,$0.20,$0.00,$0.00,$0.00,$5.20,$0.00,$0.00,$0.00,$0.00,$5.00,$5.00,$0.00,,,,$0.00,$0.00,$0.00,$0.00,Stripe,No,,Completed,Online,1,5270481c-0bca-4a10-9923-734f24f36ae7
MEM1325,MQIS Membership,20/02/2024,7:00 pm,Heidi,Williams,heidi.williams90@example.com,3106268441,03/08/2026 01:53 am,Online,Paid,1,0,$5.00,$0.00,$0.00,$0.00,$0.20,$0.00,$0.00,$0.00,$5.20,$0.00,$0.00,$0.00,$0.00,$5.00,$5.00,$0.00,,,,$0.00,$0.00,$0.00,$0.00,Stripe,No,,Completed,Online,1,ac472c44-d57c-4c57-ae92-04fec99dcf24
MEM1326,MQIS Membership,20/02/2024,7:00 pm,Samantha,Davis,samantha.davis49@example.com,1768729620,15/08/2026 07:52 am,Online,Paid,1,0,$5.00,$0.00,$0.00,$0.00,$0.20,$0.00,$0.00,$0.00,$5.20,$0.00,$0.00,$0.00,$0.00,$5.00,$5.00,$0.00,,,,$0.00,$0.00,$0.00,$0.00,Stripe,No,,Completed,Online,1,b59c946c-cb08-4d03-9df1-4e357e0e82a4
MEM1327,MQIS Membership,20/02/2024,7:00 pm,Christopher,Walker,christopher.walker69@example.com,0141008259,31/07/2026 04:55 pm,Online,Paid,1,0,$5.00,$0.00,$0.00,$0.00,$0.20,$0.00,$0.00,$0.00,$5.20,$0.00,$0.00,$0.00,$0.00,$5.00,$5.00,$0.00,,,,$0.00,$0.00,$0.00,$0.00,Stripe,Yes,,Completed,Online,1,1da5627a-18c0-413d-9832-d182630c1f9e
MEM1328,MQIS Membership,20/02/2024,7:00 pm,Emily,Stephens,emily.stephens76@example.com,5152880049,29/07/2026 01:55 am,Online,Paid,1,0,$5.00,$0.00,$0.00,$0.00,$0.20,$0.00,$0.00,$0.00,$5.20,$0.00,$0.00,$0.00,$0.00,$5.00,$5.00,$0.00,,,,$0.00,$0.00,$0.00,$0.00,Stripe,No,,Completed,Online,1,0628b83b-905c-4d24-ab3d-ae084638a157
MEM1329,MQIS Membership,20/02/2024,7:00 pm,Mary,Stephenson,mary.stephenson19@example.com,8495170420,24/07/2026 11:18 pm,Online,Paid,1,0,$5.00,$0.00,$0.00,$0.00,$0.20,$0.00,$0.00,$0.00,$5.20,$0.00,$0.00,$0.00,$0.00,$5.00,$5.00,$0.00,,,,$0.00,$0.00,$0.00,$0.00,Stripe,No,,Completed,Online,1,86126a36-e3c3-4936-8598-6daad6f663e7
MEM1330,MQIS Membership,20/02/2024,7:00 pm,Jesse,Mann,jesse.mann95@example.com,5263228441,11/08/2026 05:32 pm,Online,Paid,1,0,$5.00,$0.00,$0.00,$0.00,$0.20,$0.00,$0.00,$0.00,$5.20,$0.00,$0.00,$0.00,$0.00,$5.00,$5.00,$0.00,,,,$0.00,$0.00,$0.00,$0.00,Stripe,No,,Completed,Online,1,0df39203-a6f0-4944-8d4f-fd4252546555
MEM1331,MQIS Membership,20/02/2024,7:00 pm,Jesse,Benson,jesse.benson94@example.com,0377002335,13/08/2026 12:21 am,Manual,Paid,1,0,$5.00,$0.00,$0.00,$0.00,$0.20,$0.00,$0.00,$0.00,$5.20,$0.00,$0.00,$0.00,$0.00,$5.00,$5.00,$0.00,,,,$0.00,$0.00,$0.00,$0.00,Stripe,Yes,,Completed,Manual,1,dc3520c8-dbd3-4172-8dff-0a5754a4c4c2
MEM1332,MQIS Membership,20/02/2024,7:00 pm,Jacob,Travis,jacob.travis35@example.com,7415708832,11/07/2026 07:47 am,Online,Paid,1,0,$5.00,$0.00,$0.00,$0.00,$0.20,$0.00,$0.00,$0.00,$5.20,$0.00,$0.00,$0.00,$0.00,$5.00,$5.00,$0.00,,,,$0.00,$0.00,$0.00,$0.00,Stripe,No,,Completed,Online,1,19945c83-616b-4ca8-9882-1089438ccbba
MEM1333,MQIS Membership,20/02/2024,7:00 pm,William,Williams,william.williams32@example.com,4349189245,22/07/2026 01:28 pm,Online,Paid,1,0,$5.00,$0.00,$0.00,$0.00,$0.20,$0.00,$0.00,$0.00,$5.20,$0.00,$0.00,$0.00,$0.00,$5.00,$5.00,$0.00,,,,$0.00,$0.00,$0.00,$0.00,Stripe,Yes,,Completed,Online,1,4b8b4d2d-a04e-4999-abb4-23fba6a5f7bc
MEM1334,MQIS Membership,20/02/2024,7:00 pm,Sabrina,Phillips,sabrina.phillips29@example.com,3040305818,07/08/2026 02:54 pm,Online,Paid,1,0,$5.00,$0.00,$0.00,$0.00,$0.20,$0.00,$0.00,$0.00,$5.20,$0.00,$0.00,$0.00,$0.00,$5.00,$5.00,$0.00,,,,$0.00,$0.00,$0.00,$0.00,Stripe,Yes,,Completed,Online,1,57db3d2d-3c77-49fc-998d-32a8fc4bf599
MEM1335,MQIS Membership,20/02/2024,7:00 pm,Paul,Ray,paul.ray34@example.com,2925809949,10/07/2026 12:49 pm,Online,Paid,1,0,$5.00,$0.00,$0.00,$0.00,$0.20,$0.00,$0.00,$0.00,$5.20,$0.00,$0.00,$0.00,$0.00,$5.00,$5.00,$0.00,,,,$0.00,$0.00,$0.00,$0.00,Stripe,No,,Completed,Online,1,ef4da4fe-7177-4418-bd7e-09e6c60c3cd4
MEM1336,MQIS Membership,20/02/2024,7:00 pm,Dakota,Berry,dakota.berry56@example.com,1293865568,18/07/2026 01:06 am,Online,Paid,1,0,$5.00,$0.00,$0.00,$0.00,$0.20,$0.00,$0.00,$0.00,$5.20,$0.00,$0.00,$0.00,$0.00,$5.00,$5.00,$0.00,,,,$0.00,$0.00,$0.00,$0.00,Stripe,No,,Completed,Online,1,a373ff1b-027f-45f3-a303-64bee43554f2
MEM1337,MQIS Membership,20/02/2024,7:00 pm,Shelby,Byrd,shelby.byrd20@example.com,3847927951,31/07/2026 03:11 am,Online,Paid,1,0,$5.00,$0.00,$0.00,$0.00,$0.20,$0.00,$0.00,$0.00,$5.20,$0.00,$0.00,$0.00,$0.00,$5.00,$5.00,$0.00,,,,$0.00,$0.00,$0.00,$0.00,Stripe,No,,Completed,Online,1,8bd06951-1375-49a0-9346-70e2656d9cf8
MEM1338,MQIS Membership,20/02/2024,7:00 pm,Andrew,Lee,andrew.lee99@example.com,9146120140,17/07/2026 06:35 pm,Online,Paid,1,0,$5.00,$0.00,$0.00,$0.00,$0.20,$0.00,$0.00,$0.00,$5.20,$0.00,$0.00,$0.00,$0.00,$5.00,$5.00,$0.00,,,,$0.00,$0.00,$0.00,$0.00,Stripe,No,,Completed,Online,1,04aa6e06-4648-4027-b9cf-2df9edd409d5
MEM1339,MQIS Membership,20/02/2024,7:00 pm,Vincent,Cooper,vincent.cooper71@example.com,1601083173,10/07/2026 02:59 pm,Online,Paid,1,0,$5.00,$0.00,$0.00,$0.00,$0.20,$0.00,$0.00,$0.00,$5.20,$0.00,$0.00,$0.00,$0.00,$5.00,$5.00,$0.00,,,,$0.00,$0.00,$0.00,$0.00,Stripe,No,,Completed,Online,1,1867a780-2cd3-4a65-b3f2-11216e2fa24a
MEM1340,MQIS Membership,20/02/2024,7:00 pm,Candice,Carr,candice.carr27@example.com,3975317528,24/07/2026 06:20 pm,Online,Paid,1,0,$5.00,$0.00,$0.00,$0.00,$0.20,$0.00,$0.00,$0.00,$5.20,$0.00,$0.00,$0.00,$0.00,$5.00,$5.00,$0.00,,,,$0.00,$0.00,$0.00,$0.00,Stripe,Yes,,Completed,Online,1,41602fe2-2897-4508-a92e-1749ef70f7e4
MEM1341,MQIS Membership,20/02/2024,7:00 pm,Audrey,Nichols,audrey.nichols64@example.com,0259375818,18/08/2026 09:02 am,Manual,Paid,1,0,$5.00,$0.00,$0.00,$0.00,$0.20,$0.00,$0.00,$0.00,$5.20,$0.00,$0.00,$0.00,$0.00,$5.00,$5.00,$0.00,,,,$0.00,$0.00,$0.00,$0.00,Stripe,No,,Completed,Manual,1,2537b2e9-2f5e-44ff-8b8c-8219a3984e9f
MEM1342,MQIS Membership,20/02/2024,7:00 pm,Jane,Smith,jane.smith91@example.com,0897578423,01/08/2026 06:34 am,Online,Paid,1,0,$5.00,$0.00,$0.00,$0.00,$0.20,$0.00,$0.00,$0.00,$5.20,$0.00,$0.00,$0.00,$0.00,$5.00,$5.00,$0.00,,,,$0.00,$0.00,$0.00,$0.00,Stripe,No,,Completed,Online,1,b5237ebb-09bc-4dfb-ac71-f055efe8e618
MEM1343,MQIS Membership,20/02/2024,7:00 pm,Aaron,Nguyen,aaron.nguyen38@example.com,4214928841,11/08/2026 10:27 pm,Online,Paid,1,0,$5.00,$0.00,$0.00,$0.00,$0.20,$0.00,$0.00,$0.00,$5.20,$0.00,$0.00,$0.00,$0.00,$5.00,$5.00,$0.00,,,,$0.00,$0.00,$0.00,$0.00,Stripe,No,,Completed,Online,1,77e5ca82-7dbf-498f-8913-bc9ee0157b42
MEM1344,MQIS Membership,20/02/2024,7:00 pm,Theresa,Anderson,theresa.anderson80@example.com,7969392055,04/08/2026 06:10 pm,Manual,Paid,1,0,$5.00,$0.00,$0.00,$0.00,$0.20,$0.00,$0.00,$0.00,$5.20,$0.00,$0.00,$0.00,$0.00,$5.00,$5.00,$0.00,,,,$0.00,$0.00,$0.00,$0.00,Stripe,Yes,,Completed,Manual,1,d01a9533-4042-4839-8a50-1415016d6695
MEM1345,MQIS Membership,20/02/2024,7:00 pm,Ryan,Johnson,ryan.johnson25@example.com,3043494815,24/07/2026 06:05 am,Online,Paid,1,0,$5.00,$0.00,$0.00,$0.00,$0.20,$0.00,$0.00,$0.00,$5.20,$0.00,$0.00,$0.00,$0.00,$5.00,$5.00,$0.00,,,,$0.00,$0.00,$0.00,$0.00,Stripe,No,,Completed,Online,1,639fc4c6-b0cd-4b41-a49b-6445d46a312f
MEM1346,MQIS Membership,20/02/2024,7:00 pm,Amber,May,amber.may40@example.com,4337314029,30/07/2026 01:15 pm,Online,Paid,1,0,$5.00,$0.00,$0.00,$0.00,$0.20,$0.00,$0.00,$0.00,$5.20,$0.00,$0.00,$0.00,$0.00,$5.00,$5.00,$0.00,,,,$0.00,$0.00,$0.00,$0.00,Stripe,No,,Completed,Online,1,ca7c3127-1b34-4de6-8b82-bdb60cf78257
MEM1347,MQIS Membership,20/02/2024,7:00 pm,Jeffrey,Thomas,jeffrey.thomas54@example.com,3911140755,06/08/2026 04:55 am,Online,Paid,1,0,$5.00,$0.00,$0.00,$0.00,$0.20,$0.00,$0.00,$0.00,$5.20,$0.00,$0.00,$0.00,$0.00,$5.00,$5.00,$0.00,,,,$0.00,$0.00,$0.00,$0.00,Stripe,No,,Completed,Online,1,126517b8-2b10-4b8b-afdb-862acaeac902
MEM1348,MQIS Membership,20/02/2024,7:00 pm,Charles,Ellis,charles.ellis59@example.com,4844305344,12/08/2026 03:10 pm,Online,Paid,1,0,$5.00,$0.00,$0.00,$0.00,$0.20,$0.00,$0.00,$0.00,$5.20,$0.00,$0.00,$0.00,$0.00,$5.00,$5.00,$0.00,,,,$0.00,$0.00,$0.00,$0.00,Stripe,Yes,,Completed,Online,1,25d7b127-83c8-4104-8af3-5eeb0563c684
MEM1349,MQIS Membership,20/02/2024,7:00 pm,Katie,Good,katie.good96@example.com,8881613719,14/08/2026 07:56 am,Online,Paid,1,0,$5.00,$0.00,$0.00,$0.00,$0.20,$0.00,$0.00,$0.00,$5.20,$0.00,$0.00,$0.00,$0.00,$5.00,$5.00,$0.00,,,,$0.00,$0.00,$0.00,$0.00,Stripe,No,,Completed,Online,1,7d96cf90-0762-4b78-85e8-417ddb4695d5
MEM1350,MQIS Membership,20/02/2024,7:00 pm,Travis,Davis,travis.davis9@example.com,7146355428,19/07/2026 05:06 am,Online,Paid,1,0,$5.00,$0.00,$0.00,$0.00,$0.20,$0.00,$0.00,$0.00,$5.20,$0.00,$0.00,$0.00,$0.00,$5.00,$5.00,$0.00,,,,$0.00,$0.00,$0.00,$0.00,Stripe,Yes,,Completed,Online,1,c2cb40e8-36f7-4e19-aa02-c81dd11b3751
MEM1351,MQIS Membership,20/02/2024,7:00 pm,Kathleen,Carter,kathleen.carter15@example.com,2032383227,14/08/2026 11:22 pm,Online,Paid,1,0,$5.00,$0.00,$0.00,$0.00,$0.20,$0.00,$0.00,$0.00,$5.20,$0.00,$0.00,$0.00,$0.00,$5.00,$5.00,$0.00,,,,$0.00,$0.00,$0.00,$0.00,Stripe,No,,Completed,Online,1,e1a5fc64-e06a-4b87-bd33-6c3c42f74a66
MEM1352,MQIS Membership,20/02/2024,7:00 pm,Monique,Andrews,monique.andrews22@example.com,0265585924,15/07/2026 09:25 pm,Online,Paid,1,0,$5.00,$0.00,$0.00,$0.00,$0.20,$0.00,$0.00,$0.00,$5.20,$0.00,$0.00,$0.00,$0.00,$5.00,$5.00,$0.00,,,,$0.00,$0.00,$0.00,$0.00,Stripe,No,,Completed,Online,1,ba03d198-b89d-47a7-bc52-326e2a5e0a83
MEM1353,MQIS Membership,20/02/2024,7:00 pm,Jennifer,Schmitt,jennifer.schmitt94@example.com,8185480514,20/07/2026 01:48 am,Online,Paid,1,0,$5.00,$0.00,$0.00,$0.00,$0.20,$0.00,$0.00,$0.00,$5.20,$0.00,$0.00,$0.00,$0.00,$5.00,$5.00,$0.00,,,,$0.00,$0.00,$0.00,$0.00,Stripe,No,,Completed,Online,1,39b5dc0b-7947-450a-ad02-fce7b5dc24d5
MEM1354,MQIS Membership,20/02/2024,7:00 pm,William,Crawford,william.crawford11@example.com,9099447181,29/07/2026 10:39 am,Online,Paid,1,0,$5.00,$0.00,$0.00,$0.00,$0.20,$0.00,$0.00,$0.00,$5.20,$0.00,$0.00,$0.00,$0.00,$5.00,$5.00,$0.00,,,,$0.00,$0.00,$0.00,$0.00,Stripe,No,,Completed,Online,1,26587240-680c-443e-89c6-e178c2778d4b
MEM1355,MQIS Membership,20/02/2024,7:00 pm,James,Mccullough,james.mccullough33@example.com,6133547337,13/08/2026 08:49 pm,Manual,Paid,1,0,$5.00,$0.00,$0.00,$0.00,$0.20,$0.00,$0.00,$0.00,$5.20,$0.00,$0.00,$0.00,$0.00,$5.00,$5.00,$0.00,,,,$0.00,$0.00,$0.00,$0.00,Stripe,No,,Completed,Manual,1,d2670d8e-c143-469e-98dd-021852739052
MEM1356,MQIS Membership,20/02/2024,7:00 pm,Colin,Rodgers,colin.rodgers34@example.com,3481415771,08/08/2026 03:55 pm,Online,Paid,1,0,$5.00,$0.00,$0.00,$0.00,$0.20,$0.00,$0.00,$0.00,$5.20,$0.00,$0.00,$0.00,$0.00,$5.00,$5.00,$0.00,,,,$0.00,$0.00,$0.00,$0.00,Stripe,No,,Completed,Online,1,229066fb-9086-4495-8070-6929ea4d3e34
MEM1357,MQIS Membership,20/02/2024,7:00 pm,Gina,Henry,gina.henry52@example.com,9665285141,16/07/2026 12:37 am,Manual,Paid,1,0,$5.00,$0.00,$0.00,$0.00,$0.20,$0.00,$0.00,$0.00,$5.20,$0.00,$0.00,$0.00,$0.00,$5.00,$5.00,$0.00,,,,$0.00,$0.00,$0.00,$0.00,Stripe,No,,Completed,Manual,1,2e35d484-eb9b-4b86-97fc-2215c1e606e7
MEM1358,MQIS Membership,20/02/2024,7:00 pm,Chris,Mitchell,chris.mitchell28@example.com,4574565992,09/08/2026 08:12 am,Online,Paid,1,0,$5.00,$0.00,$0.00,$0.00,$0.20,$0.00,$0.00,$0.00,$5.20,$0.00,$0.00,$0.00,$0.00,$5.00,$5.00,$0.00,,,,$0.00,$0.00,$0.00,$0.00,Stripe,No,,Completed,Online,1,fbadf5bb-30b8-4777-9ee4-ce9f6def1ab0
MEM1359,MQIS Membership,20/02/2024,7:00 pm,Michelle,Carroll,michelle.carroll69@example.com,6435371214,19/07/2026 06:12 am,Online,Paid,1,0,$5.00,$0.00,$0.00,$0.00,$0.20,$0.00,$0.00,$0.00,$5.20,$0.00,$0.00,$0.00,$0.00,$5.00,$5.00,$0.00,,,,$0.00,$0.00,$0.00,$0.00,Stripe,No,,Completed,Online,1,dd2d3232-a61b-4016-8f5f-27287fc18b87
MEM1360,MQIS Membership,20/02/2024,7:00 pm,Nathan,Mccoy,nathan.mccoy96@example.com,8304286323,12/07/2026 04:05 pm,Online,Paid,1,0,$5.00,$0.00,$0.00,$0.00,$0.20,$0.00,$0.00,$0.00,$5.20,$0.00,$0.00,$0.00,$0.00,$5.00,$5.00,$0.00,,,,$0.00,$0.00,$0.00,$0.00,Stripe,No,,Completed,Online,1,51de47b6-b020-4d7d-9be5-c3906751edaf
MEM1361,MQIS Membership,20/02/2024,7:00 pm,Bradley,Gonzalez,bradley.gonzalez28@example.com,4744936673,16/08/2026 04:02 am,Online,Paid,1,0,$5.00,$0.00,$0.00,$0.00,$0.20,$0.00,$0.00,$0.00,$5.20,$0.00,$0.00,$0.00,$0.00,$5.00,$5.00,$0.00,,,,$0.00,$0.00,$0.00,$0.00,Stripe,No,,Completed,Online,1,3f45b0df-8532-40b4-841f-728c66699735
MEM1362,MQIS Membership,20/02/2024,7:00 pm,Victor,Bradley,victor.bradley46@example.com,8974093934,22/07/2026 12:38 am,Online,Paid,1,0,$5.00,$0.00,$0.00,$0.00,$0.20,$0.00,$0.00,$0.00,$5.20,$0.00,$0.00,$0.00,$0.00,$5.00,$5.00,$0.00,,,,$0.00,$0.00,$0.00,$0.00,Stripe,Yes,,Completed,Online,1,997441d7-ca00-4a1d-8e1c-e79d79b74016
MEM1363,MQIS Membership,20/02/2024,7:00 pm,Richard,Morgan,richard.morgan10@example.com,3956215426,15/08/2026 10:51 pm,Manual,Paid,1,0,$5.00,$0.00,$0.00,$0.00,$0.20,$0.00,$0.00,$0.00,$5.20,$0.00,$0.00,$0.00,$0.00,$5.00,$5.00,$0.00,,,,$0.00,$0.00,$0.00,$0.00,Stripe,No,,Completed,Manual,1,868ca167-f46e-432a-94c0-f2e2d860cb3c
MEM1364,MQIS Membership,20/02/2024,7:00 pm,Kari,Wilson,kari.wilson43@example.com,6701361916,31/07/2026 09:55 am,Online,Paid,1,0,$5.00,$0.00,$0.00,$0.00,$0.20,$0.00,$0.00,$0.00,$5.20,$0.00,$0.00,$0.00,$0.00,$5.00,$5.00,$0.00,,,,$0.00,$0.00,$0.00,$0.00,Stripe,No,,Completed,Online,1,1eceb836-2475-41d8-8ac0-6ea42fb6695f
MEM1365,MQIS Membership,20/02/2024,7:00 pm,Grant,Novak,grant.novak47@example.com,7594144772,06/08/2026 06:48 pm,Online,Paid,1,0,$5.00,$0.00,$0.00,$0.00,$0.20,$0.00,$0.00,$0.00,$5.20,$0.00,$0.00,$0.00,$0.00,$5.00,$5.00,$0.00,,,,$0.00,$0.00,$0.00,$0.00,Stripe,Yes,,Completed,Online,1,f969c0a5-394e-4293-a450-bf9839bf468b
MEM1366,MQIS Membership,20/02/2024,7:00 pm,Krystal,Bradley,krystal.bradley31@example.com,9791627624,16/08/2026 07:30 pm,Online,Paid,1,0,$5.00,$0.00,$0.00,$0.00,$0.20,$0.00,$0.00,$0.00,$5.20,$0.00,$0.00,$0.00,$0.00,$5.00,$5.00,$0.00,,,,$0.00,$0.00,$0.00,$0.00,Stripe,No,,Completed,Online,1,c0d71226-0ccd-4516-a7d0-e077a8946446
MEM1367,MQIS Membership,20/02/2024,7:00 pm,Jacob,Robinson,jacob.robinson57@example.com,0798233891,26/07/2026 01:03 am,Online,Paid,1,0,$5.00,$0.00,$0.00,$0.00,$0.20,$0.00,$0.00,$0.00,$5.20,$0.00,$0.00,$0.00,$0.00,$5.00,$5.00,$0.00,,,,$0.00,$0.00,$0.00,$0.00,Stripe,Yes,,Completed,Online,1,a095e132-aa10-4a7e-b45d-9ab5c1393404
MEM1368,MQIS Membership,20/02/2024,7:00 pm,Amy,King,amy.king53@example.com,3921187816,24/07/2026 03:26 pm,Online,Paid,1,0,$5.00,$0.00,$0.00,$0.00,$0.20,$0.00,$0.00,$0.00,$5.20,$0.00,$0.00,$0.00,$0.00,$5.00,$5.00,$0.00,,,,$0.00,$0.00,$0.00,$0.00,Stripe,No,,Completed,Online,1,3849d118-7012-4fb9-ba32-da0386a4a820
MEM1369,MQIS Membership,20/02/2024,7:00 pm,Sarah,Gallegos,sarah.gallegos6@example.com,0597344685,23/07/2026 05:09 am,Online,Paid,1,0,$5.00,$0.00,$0.00,$0.00,$0.20,$0.00,$0.00,$0.00,$5.20,$0.00,$0.00,$0.00,$0.00,$5.00,$5.00,$0.00,,,,$0.00,$0.00,$0.00,$0.00,Stripe,No,,Completed,Online,1,ad28ddcf-9ddb-49b0-b2c7-04154b4e170e
MEM1370,MQIS Membership,20/02/2024,7:00 pm,Stanley,Clark,stanley.clark33@example.com,9361662908,20/07/2026 02:08 pm,Manual,Paid,1,0,$5.00,$0.00,$0.00,$0.00,$0.20,$0.00,$0.00,$0.00,$5.20,$0.00,$0.00,$0.00,$0.00,$5.00,$5.00,$0.00,,,,$0.00,$0.00,$0.00,$0.00,Stripe,Yes,,Completed,Manual,1,fd9a639f-8a28-49ea-a4c8-673791cb4c9b
MEM1371,MQIS Membership,20/02/2024,7:00 pm,Luis,Owens,luis.owens31@example.com,6776396635,13/08/2026 07:12 pm,Online,Paid,1,0,$5.00,$0.00,$0.00,$0.00,$0.20,$0.00,$0.00,$0.00,$5.20,$0.00,$0.00,$0.00,$0.00,$5.00,$5.00,$0.00,,,,$0.00,$0.00,$0.00,$0.00,Stripe,No,,Completed,Online,1,ca58122f-04ba-4547-82ef-c3f3672cc83a
MEM1372,MQIS Membership,20/02/2024,7:00 pm,Kelly,Roberts,kelly.roberts56@example.com,5040841383,10/08/2026 04:30 pm,Online,Paid,1,0,$5.00,$0.00,$0.00,$0.00,$0.20,$0.00,$0.00,$0.00,$5.20,$0.00,$0.00,$0.00,$0.00,$5.00,$5.00,$0.00,,,,$0.00,$0.00,$0.00,$0.00,Stripe,No,,Completed,Online,1,513fa075-759d-4b3f-90fb-20d21904774e
MEM1373,MQIS Membership,20/02/2024,7:00 pm,Ariel,Hodge,ariel.hodge37@example.com,0790779886,15/08/2026 03:15 am,Online,Paid,1,0,$5.00,$0.00,$0.00,$0.00,$0.20,$0.00,$0.00,$0.00,$5.20,$0.00,$0.00,$0.00,$0.00,$5.00,$5.00,$0.00,,,,$0.00,$0.00,$0.00,$0.00,Stripe,No,,Completed,Online,1,11914d3d-b4ca-4c69-aa0c-364c5fa939e6
MEM1374,MQIS Membership,20/02/2024,7:00 pm,Diamond,Wright,diamond.wright53@example.com,0280280222,26/07/2026 01:30 pm,Online,Paid,1,0,$5.00,$0.00,$0.00,$0.00,$0.20,$0.00,$0.00,$0.00,$5.20,$0.00,$0.00,$0.00,$0.00,$5.00,$5.00,$0.00,,,,$0.00,$0.00,$0.00,$0.00,Stripe,Yes,,Completed,Online,1,b2511d26-f8f1-43bb-9559-69dc6ee13a8d
MEM1375,MQIS Membership,20/02/2024,7:00 pm,Joseph,Flores,joseph.flores70@example.com,7586662657,26/07/2026 12:35 pm,Online,Paid,1,0,$5.00,$0.00,$0.00,$0.00,$0.20,$0.00,$0.00,$0.00,$5.20,$0.00,$0.00,$0.00,$0.00,$5.00,$5.00,$0.00,,,,$0.00,$0.00,$0.00,$0.00,Stripe,No,,Completed,Online,1,337b9b20-87a9-4f0f-8ffd-65888b63b556
MEM1376,MQIS Membership,20/02/2024,7:00 pm,David,Richardson,david.richardson54@example.com,3840991269,18/07/2026 02:19 am,Online,Refunded,0,1,$0.00,$0.00,$0.00,$0.00,$0.00,$0.00,$0.00,$0.00,$0.00,$0.00,$0.00,$0.00,$0.00,$0.00,$0.00,$0.00,,,,$0.00,$0.00,$0.00,$0.00,Stripe,No,,Completed,Online,1,8eccfa51-9375-48d5-813c-ef40c4269e6c
MEM1377,MQIS Membership,20/02/2024,7:00 pm,Alexandra,Hayes,alexandra.hayes34@example.com,4273598407,24/07/2026 03:46 pm,Manual,Paid,1,0,$5.00,$0.00,$0.00,$0.00,$0.20,$0.00,$0.00,$0.00,$5.20,$0.00,$0.00,$0.00,$0.00,$5.00,$5.00,$0.00,,,,$0.00,$0.00,$0.00,$0.00,Stripe,No,,Completed,Manual,1,c0b20dd8-0c4e-4431-a783-883577edcfff
MEM1378,MQIS Membership,20/02/2024,7:00 pm,Caitlin,Dodson,caitlin.dodson17@example.com,4652967947,03/08/2026 02:25 pm,Online,Paid,1,0,$5.00,$0.00,$0.00,$0.00,$0.20,$0.00,$0.00,$0.00,$5.20,$0.00,$0.00,$0.00,$0.00,$5.00,$5.00,$0.00,,,,$0.00,$0.00,$0.00,$0.00,Stripe,No,,Completed,Online,1,b39ff009-13e7-443e-afde-aed4d7479ab4
MEM1379,MQIS Membership,20/02/2024,7:00 pm,Danielle,Johnson,danielle.johnson82@example.com,7310017977,27/07/2026 03:44 am,Online,Refunded,0,1,$0.00,$0.00,$0.00,$0.00,$0.00,$0.00,$0.00,$0.00,$0.00,$0.00,$0.00,$0.00,$0.00,$0.00,$0.00,$0.00,,,,$0.00,$0.00,$0.00,$0.00,Stripe,Yes,,Completed,Online,1,03838638-28ff-40fe-adcd-62ea0d68bc9a
MEM1380,MQIS Membership,20/02/2024,7:00 pm,Julie,Alvarez,julie.alvarez59@example.com,6423822355,11/07/2026 09:06 am,Online,Paid,1,0,$5.00,$0.00,$0.00,$0.00,$0.20,$0.00,$0.00,$0.00,$5.20,$0.00,$0.00,$0.00,$0.00,$5.00,$5.00,$0.00,,,,$0.00,$0.00,$0.00,$0.00,Stripe,No,,Completed,Online,1,2a4a23a1-19f7-4747-8f90-4f7a9a384dbb
MEM1381,MQIS Membership,20/02/2024,7:00 pm,Alicia,Mccoy,alicia.mccoy13@example.com,6212025409,18/08/2026 02:38 am,Online,Paid,1,0,$5.00,$0.00,$0.00,$0.00,$0.20,$0.00,$0.00,$0.00,$5.20,$0.00,$0.00,$0.00,$0.00,$5.00,$5.00,$0.00,,,,$0.00,$0.00,$0.00,$0.00,Stripe,No,,Completed,Online,1,c97bed8e-91b6-45cc-b06f-09f7e24f922f
MEM1382,MQIS Membership,20/02/2024,7:00 pm,Julie,Lewis,julie.lewis93@example.com,5255176569,26/07/2026 02:45 am,Online,Paid,1,0,$5.00,$0.00,$0.00,$0.00,$0.20,$0.00,$0.00,$0.00,$5.20,$0.00,$0.00,$0.00,$0.00,$5.00,$5.00,$0.00,,,,$0.00,$0.00,$0.00,$0.00,Stripe,Yes,,Completed,Online,1,f0a30c15-9a1a-454d-991c-a6af4d9dbcd1
MEM1383,MQIS Membership,20/02/2024,7:00 pm,Amanda,Robinson,amanda.robinson45@example.com,6289757203,23/07/2026 12:40 am,Online,Paid,1,0,$5.00,$0.00,$0.00,$0.00,$0.20,$0.00,$0.00,$0.00,$5.20,$0.00,$0.00,$0.00,$0.00,$5.00,$5.00,$0.00,,,,$0.00,$0.00,$0.00,$0.00,Stripe,Yes,,Completed,Online,1,19e5829a-67c4-4d5e-8290-9627daeccd67
MEM1384,MQIS Membership,20/02/2024,7:00 pm,Sandra,Romero,sandra.romero86@example.com,8858994709,22/07/2026 02:03 am,Online,Paid,1,0,$5.00,$0.00,$0.00,$0.00,$0.20,$0.00,$0.00,$0.00,$5.20,$0.00,$0.00,$0.00,$0.00,$5.00,$5.00,$0.00,,,,$0.00,$0.00,$0.00,$0.00,Stripe,No,,Completed,Online,1,bde8c518-baa7-4f4d-9347-206399023d83
MEM1385,MQIS Membership,20/02/2024,7:00 pm,Francisco,Ewing,francisco.ewing81@example.com,3710449071,31/07/2026 05:57 pm,Online,Paid,1,0,$5.00,$0.00,$0.00,$0.00,$0.20,$0.00,$0.00,$0.00,$5.20,$0.00,$0.00,$0.00,$0.00,$5.00,$5.00,$0.00,,,,$0.00,$0.00,$0.00,$0.00,Stripe,No,,Completed,Online,1,f4d27a14-8a59-4702-ac84-d64340fff2f6
MEM1386,MQIS Membership,20/02/2024,7:00 pm,Carla,Warner,carla.warner47@example.com,8878580391,03/08/2026 08:52 am,Manual,Paid,1,0,$5.00,$0.00,$0.00,$0.00,$0.20,$0.00,$0.00,$0.00,$5.20,$0.00,$0.00,$0.00,$0.00,$5.00,$5.00,$0.00,,,,$0.00,$0.00,$0.00,$0.00,Stripe,Yes,,Completed,Manual,1,561abba4-0984-4844-89a9-d9a69e2e21d1
MEM1387,MQIS Membership,20/02/2024,7:00 pm,Albert,Wagner,albert.wagner13@example.com,5189534297,17/07/2026 08:40 pm,Online,Paid,1,0,$5.00,$0.00,$0.00,$0.00,$0.20,$0.00,$0.00,$0.00,$5.20,$0.00,$0.00,$0.00,$0.00,$5.00,$5.00,$0.00,,,,$0.00,$0.00,$0.00,$0.00,Stripe,No,,Completed,Online,1,bb61ae51-7669-48eb-a6ee-06e4be736442
MEM1388,MQIS Membership,20/02/2024,7:00 pm,Christopher,Santana,christopher.santana57@example.com,3380041432,09/08/2026 02:41 am,Online,Paid,1,0,$5.00,$0.00,$0.00,$0.00,$0.20,$0.00,$0.00,$0.00,$5.20,$0.00,$0.00,$0.00,$0.00,$5.00,$5.00,$0.00,,,,$0.00,$0.00,$0.00,$0.00,Stripe,No,,Completed,Online,1,c8ff0a1b-1f88-48ed-8d01-4aada2bb555b
MEM1389,MQIS Membership,20/02/2024,7:00 pm,John,Jones,john.jones87@example.com,2320086586,10/07/2026 05:15 pm,Online,Paid,1,0,$5.00,$0.00,$0.00,$0.00,$0.20,$0.00,$0.00,$0.00,$5.20,$0.00,$0.00,$0.00,$0.00,$5.00,$5.00,$0.00,,,,$0.00,$0.00,$0.00,$0.00,Stripe,No,,Completed,Online,1,861cf281-7c60-4d41-8fd2-e25542712423
MEM1390,MQIS Membership,20/02/2024,7:00 pm,Matthew,Beard,matthew.beard52@example.com,4211474675,13/07/2026 12:29 am,Online,Paid,1,0,$5.00,$0.00,$0.00,$0.00,$0.20,$0.00,$0.00,$0.00,$5.20,$0.00,$0.00,$0.00,$0.00,$5.00,$5.00,$0.00,,,,$0.00,$0.00,$0.00,$0.00,Stripe,Yes,,Completed,Online,1,b551d3d2-15a7-41d8-9113-67d5b3a7259f
MEM1391,MQIS Membership,20/02/2024,7:00 pm,Elizabeth,Jensen,elizabeth.jensen27@example.com,5617312432,03/08/2026 09:41 pm,Online,Paid,1,0,$5.00,$0.00,$0.00,$0.00,$0.20,$0.00,$0.00,$0.00,$5.20,$0.00,$0.00,$0.00,$0.00,$5.00,$5.00,$0.00,,,,$0.00,$0.00,$0.00,$0.00,Stripe,Yes,,Completed,Online,1,40b02f61-2762-42fe-b49b-f8fc928acbe8
MEM1392,MQIS Membership,20/02/2024,7:00 pm,Sean,Mitchell,sean.mitchell29@example.com,1740353005,17/08/2026 04:13 pm,Online,Paid,1,0,$5.00,$0.00,$0.00,$0.00,$0.20,$0.00,$0.00,$0.00,$5.20,$0.00,$0.00,$0.00,$0.00,$5.00,$5.00,$0.00,,,,$0.00,$0.00,$0.00,$0.00,Stripe,No,,Completed,Online,1,27f2cfa9-72ee-4ee1-9b18-7e811fb055bc
MEM1393,MQIS Membership,20/02/2024,7:00 pm,Robert,Davis,robert.davis4@example.com,0697541326,29/07/2026 11:51 am,Online,Paid,1,0,$5.00,$0.00,$0.00,$0.00,$0.20,$0.00,$0.00,$0.00,$5.20,$0.00,$0.00,$0.00,$0.00,$5.00,$5.00,$0.00,,,,$0.00,$0.00,$0.00,$0.00,Stripe,No,,Completed,Online,1,51e6c6d5-d555-4b38-8a14-f58bcdd0830d
MEM1394,MQIS Membership,20/02/2024,7:00 pm,Casey,Hubbard,casey.hubbard86@example.com,2983092213,15/08/2026 02:42 pm,Online,Paid,1,0,$5.00,$0.00,$0.00,$0.00,$0.20,$0.00,$0.00,$0.00,$5.20,$0.00,$0.00,$0.00,$0.00,$5.00,$5.00,$0.00,,,,$0.00,$0.00,$0.00,$0.00,Stripe,No,,Completed,Online,1,c9bb859f-5268-47db-aae9-4a3840c71a7f
MEM1395,MQIS Membership,20/02/2024,7:00 pm,Robert,Washington,robert.washington42@example.com,8607294306,06/08/2026 05:07 pm,Online,Paid,1,0,$5.00,$0.00,$0.00,$0.00,$0.20,$0.00,$0.00,$0.00,$5.20,$0.00,$0.00,$0.00,$0.00,$5.00,$5.00,$0.00,,,,$0.00,$0.00,$0.00,$0.00,Stripe,No,,Completed,Online,1,55c1216e-463e-400c-8583-c8be300f2907
MEM1396,MQIS Membership,20/02/2024,7:00 pm,Kristina,Holland,kristina.holland29@example.com,1972855867,15/07/2026 05:24 am,Online,Paid,1,0,$5.00,$0.00,$0.00,$0.00,$0.20,$0.00,$0.00,$0.00,$5.20,$0.00,$0.00,$0.00,$0.00,$5.00,$5.00,$0.00,,,,$0.00,$0.00,$0.00,$0.00,Stripe,Yes,,Completed,Online,1,0a23a8b9-dffa-4da8-a777-3cb461216ff6
MEM1397,MQIS Membership,20/02/2024,7:00 pm,Isaac,Steele,isaac.steele63@example.com,7863487656,04/08/2026 01:52 pm,Online,Paid,1,0,$5.00,$0.00,$0.00,$0.00,$0.20,$0.00,$0.00,$0.00,$5.20,$0.00,$0.00,$0.00,$0.00,$5.00,$5.00,$0.00,,,,$0.00,$0.00,$0.00,$0.00,Stripe,No,,Completed,Online,1,fcd3875c-fe01-42f9-8e2b-8dfed71c5876
MEM1398,MQIS Membership,20/02/2024,7:00 pm,Thomas,Green,thomas.green34@example.com,5211095316,15/08/2026 08:26 pm,Online,Paid,1,0,$5.00,$0.00,$0.00,$0.00,$0.20,$0.00,$0.00,$0.00,$5.20,$0.00,$0.00,$0.00,$0.00,$5.00,$5.00,$0.00,,,,$0.00,$0.00,$0.00,$0.00,Stripe,No,,Completed,Online,1,b7945f17-78d1-4ac2-a400-c6d2cf2eba3a
MEM1399,MQIS Membership,20/02/2024,7:00 pm,Michael,Cook,michael.cook87@example.com,9713411292,31/07/2026 11:57 pm,Online,Paid,1,0,$5.00,$0.00,$0.00,$0.00,$0.20,$0.00,$0.00,$0.00,$5.20,$0.00,$0.00,$0.00,$0.00,$5.00,$5.00,$0.00,,,,$0.00,$0.00,$0.00,$0.00,Stripe,No,,Completed,Online,1,d9e315e3-2b26-4d41-8520-7ca6023278f6
MEM1400,MQIS Membership,20/02/2024,7:00 pm,Carrie,Short,carrie.short90@example.com,2479655450,18/07/2026 04:38 pm,Online,Paid,1,0,$5.00,$0.00,$0.00,$0.00,$0.20,$0.00,$0.00,$0.00,$5.20,$0.00,$0.00,$0.00,$0.00,$5.00,$5.00,$0.00,,,,$0.00,$0.00,$0.00,$0.00,Stripe,No,,Completed,Online,1,e2b93d9f-8485-4baa-8a6d-942542df8106
MEM1401,MQIS Membership,20/02/2024,7:00 pm,Tracey,Garcia,tracey.garcia83@example.com,6904398788,23/07/2026 12:13 pm,Online,Paid,1,0,$5.00,$0.00,$0.00,$0.00,$0.20,$0.00,$0.00,$0.00,$5.20,$0.00,$0.00,$0.00,$0.00,$5.00,$5.00,$0.00,,,,$0.00,$0.00,$0.00,$0.00,Stripe,Yes,,Completed,Online,1,a3f72de9-9f1f-468a-89e0-748993f76127
MEM1402,MQIS Membership,20/02/2024,7:00 pm,Richard,Herrera,richard.herrera49@example.com,4060269095,11/08/2026 09:12 pm,Online,Paid,1,0,$5.00,$0.00,$0.00,$0.00,$0.20,$0.00,$0.00,$0.00,$5.20,$0.00,$0.00,$0.00,$0.00,$5.00,$5.00,$0.00,,,,$0.00,$0.00,$0.00,$0.00,Stripe,No,,Completed,Online,1,21fbf28e-a4cd-4401-adf8-1e94586a903e
MEM1403,MQIS Membership,20/02/2024,7:00 pm,Tamara,Novak,tamara.novak35@example.com,2077730881,14/07/2026 12:21 pm,Online,Paid,1,0,$5.00,$0.00,$0.00,$0.00,$0.20,$0.00,$0.00,$0.00,$5.20,$0.00,$0.00,$0.00,$0.00,$5.00,$5.00,$0.00,,,,$0.00,$0.00,$0.00,$0.00,Stripe,Yes,,Completed,Online,1,386ccabf-9474-4768-b83f-c81b29acd633
MEM1404,MQIS Membership,20/02/2024,7:00 pm,Joshua,Hays,joshua.hays4@example.com,7705297925,18/07/2026 11:21 am,Manual,Paid,1,0,$5.00,$0.00,$0.00,$0.00,$0.20,$0.00,$0.00,$0.00,$5.20,$0.00,$0.00,$0.00,$0.00,$5.00,$5.00,$0.00,,,,$0.00,$0.00,$0.00,$0.00,Stripe,Yes,,Completed,Manual,1,24eae8ec-c73e-42d4-b48d-4f4419e37617
MEM1405,MQIS Membership,20/02/2024,7:00 pm,Jack,Davidson,jack.davidson7@example.com,9132533258,15/08/2026 10:29 pm,Online,Paid,1,0,$5.00,$0.00,$0.00,$0.00,$0.20,$0.00,$0.00,$0.00,$5.20,$0.00,$0.00,$0.00,$0.00,$5.00,$5.00,$0.00,,,,$0.00,$0.00,$0.00,$0.00,Stripe,Yes,,Completed,Online,1,fc38c950-c7c9-4f54-a51d-61bcc54010ea
MEM1406,MQIS Membership,20/02/2024,7:00 pm,Jeff,Shields,jeff.shields2@example.com,1627422121,06/08/2026 07:36 am,Online,Paid,1,0,$5.00,$0.00,$0.00,$0.00,$0.20,$0.00,$0.00,$0.00,$5.20,$0.00,$0.00,$0.00,$0.00,$5.00,$5.00,$0.00,,,,$0.00,$0.00,$0.00,$0.00,Stripe,No,,Completed,Online,1,a5a1f8c0-4f5e-4abe-8584-c3e1a6c0601f
MEM1407,MQIS Membership,20/02/2024,7:00 pm,Robert,Nixon,robert.nixon59@example.com,0246101681,15/08/2026 07:25 am,Online,Paid,1,0,$5.00,$0.00,$0.00,$0.00,$0.20,$0.00,$0.00,$0.00,$5.20,$0.00,$0.00,$0.00,$0.00,$5.00,$5.00,$0.00,,,,$0.00,$0.00,$0.00,$0.00,Stripe,No,,Completed,Online,1,7c0ef634-7b66-4e06-a3d8-97f43f2e6062
MEM1408,MQIS Membership,20/02/2024,7:00 pm,Christina,Gonzalez,christina.gonzalez67@example.com,3095146073,05/08/2026 08:44 pm,Online,Paid,1,0,$5.00,$0.00,$0.00,$0.00,$0.20,$0.00,$0.00,$0.00,$5.20,$0.00,$0.00,$0.00,$0.00,$5.00,$5.00,$0.00,,,,$0.00,$0.00,$0.00,$0.00,Stripe,No,,Completed,Online,1,a283d323-3e4a-4b4e-8a2b-631b4ec28d7d
MEM1409,MQIS Membership,20/02/2024,7:00 pm,Rachel,Wallace,rachel.wallace93@example.com,0440121785,17/07/2026 08:26 am,Online,Paid,1,0,$5.00,$0.00,$0.00,$0.00,$0.20,$0.00,$0.00,$0.00,$5.20,$0.00,$0.00,$0.00,$0.00,$5.00,$5.00,$0.00,,,,$0.00,$0.00,$0.00,$0.00,Stripe,No,,Completed,Online,1,461df441-11c0-4b09-a662-0eb53332323b
