Order id,Event,Event date,Event time,First name,Last name,Email,Mobile,Order date,Type,Financial status,Valid tickets,Cancelled tickets,Ticket sales,Add-on sales,Donations,Fee rebate,Humanitix passed-on fee,Amex surcharge,Refund protection,Custom tax,Paid,Humanitix absorbed fees,Zip fee,Afterpay fee,Refunds,Your earnings,Your payout,Refunded fees,Giftcard used,Voucher used,Discount code used,Discount redeemed,Tax on sales,Tax on rebates,Tax on booking fees,Gateway,Marketing opt-in,Notes,Status,Sales channel,Tickets delivered,Long order id
MEM1000,MQIS Membership 2025,24/02/2025,7:00 pm,Nicholas,Johnson,nicholas.johnson65@example.com,5846420181,04/08/2026 02:25 am,Online,Paid,1,0,$5.00,$0.00,$0.00,$0.00,$0.20,$0.00,$0.00,$0.00,$5.20,$0.00,$0.00,$0.00,$0.00,$5.00,$5.00,$0.00,,,,$0.00,$0.00,$0.00,$0.00,Stripe,No,,Completed,Online,1,184cd43f-008f-40ae-ab4f-889936af127a
MEM1001,MQIS Membership 2025,24/02/2025,7:00 pm,Jessica,Davis,jessica.davis21@example.com,1988906091,25/07/2026 01:05 am,Manual,Paid,1,0,$5.00,$0.00,$0.00,$0.00,$0.20,$0.00,$0.00,$0.00,$5.20,$0.00,$0.00,$0.00,$0.00,$5.00,$5.00,$0.00,,,,$0.00,$0.00,$0.00,$0.00,Stripe,No,,Completed,Manual,1,1eb74ad0-57f2-4c3f-b812-b99d74d915c6
MEM1002,MQIS Membership 2025,24/02/2025,7:00 pm,Casey,Welch,casey.welch2@example.com,6775046162,15/08/2026 06:07 am,Manual,Paid,1,0,$5.00,$0.00,$0.00,$0.00,$0.20,$0.00,$0.00,$0.00,$5.20,$0.00,$0.00,$0.00,$0.00,$5.00,$5.00,$0.00,,,,$0.00,$0.00,$0.00,$0.00,Stripe,No,,Completed,Manual,1,9aa60211-bbbe-4abb-b23f-58d3fdd9c36f
MEM1003,MQIS Membership 2025,24/02/2025,7:00 pm,Jacob,Doyle,jacob.doyle11@example.com,6887202048,05/08/2026 04:33 pm,Online,Paid,1,0,$5.00,$0.00,$0.00,$0.00,$0.20,$0.00,$0.00,$0.00,$5.20,$0.00,$0.00,$0.00,$0.00,$5.00,$5.00,$0.00,,,,$0.00,$0.00,$0.00,$0.00,Stripe,No,,Completed,Online,1,c8725879-622a-431d-ba34-d202d4125757
MEM1004,MQIS Membership 2025,24/02/2025,7:00 pm,Erica,Young,erica.young55@example.com,4764144271,05/08/2026 04:19 pm,Online,Paid,1,0,$5.00,$0.00,$0.00,$0.00,$0.20,$0.00,$0.00,$0.00,$5.20,$0.00,$0.00,$0.00,$0.00,$5.00,$5.00,$0.00,,,,$0.00,$0.00,$0.00,$0.00,Stripe,No,,Completed,Online,1,dd16c057-107e-4167-b7c7-2bec564d3811
MEM1005,MQIS Membership 2025,24/02/2025,7:00 pm,James,Martinez,james.martinez53@example.com,5080029069,21/07/2026 11:25 pm,Online,Paid,1,0,$5.00,$0.00,$0.00,$0.00,$0.20,$0.00,$0.00,$0.00,$5.20,$0.00,$0.00,$0.00,$0.00,$5.00,$5.00,$0.00,,,,$0.00,$0.00,$0.00,$0.00,Stripe,Yes,,Completed,Online,1,6cbacc6b-50ac-43d8-b950-55f6321fe84c
MEM1006,MQIS Membership 2025,24/02/2025,7:00 pm,John,Jones,john.jones87@example.com,2729436109,14/08/2026 10:45 pm,Online,Paid,1,0,$5.00,$0.00,$0.00,$0.00,$0.20,$0.00,$0.00,$0.00,$5.20,$0.00,$0.00,$0.00,$0.00,$5.00,$5.00,$0.00,,,,$0.00,$0.00,$0.00,$0.00,Stripe,No,,Completed,Online,1,52ca728b-42d5-4a42-a8d4-19a7f0bed51f
MEM1007,MQIS Membership 2025,24/02/2025,7:00 pm,Oscar,Taylor,oscar.taylor6@example.com,4647023607,12/07/2026 02:52 pm,Online,Paid,1,0,$5.00,$0.00,$0.00,$0.00,$0.20,$0.00,$0.00,$0.00,$5.20,$0.00,$0.00,$0.00,$0.00,$5.00,$5.00,$0.00,,,,$0.00,$0.00,$0.00,$0.00,Stripe,No,,Completed,Online,1,0343dad2-6d8a-44b2-88cb-4fb10f2aea08
MEM1008,MQIS Membership 2025,24/02/2025,7:00 pm,Lisa,Pearson,lisa.pearson37@example.com,2553134176,16/07/2026 10:30 pm,Online,Paid,1,0,$5.00,$0.00,$0.00,$0.00,$0.20,$0.00,$0.00,$0.00,$5.20,$0.00,$0.00,$0.00,$0.00,$5.00,$5.00,$0.00,,,,$0.00,$0.00,$0.00,$0.00,Stripe,Yes,,Completed,Online,1,58af8235-9374-44cb-a850-a9b40735d08b
MEM1009,MQIS Membership 2025,24/02/2025,7:00 pm,Kyle,Harmon,kyle.harmon98@example.com,7540163790,22/07/2026 01:50 am,Online,Paid,1,0,$5.00,$0.00,$0.00,$0.00,$0.20,$0.00,$0.00,$0.00,$5.20,$0.00,$0.00,$0.00,$0.00,$5.00,$5.00,$0.00,,,,$0.00,$0.00,$0.00,$0.00,Stripe,No,,Completed,Online,1,1d15a56c-8dbf-4865-aa2b-4d1a8df1944f
MEM1010,MQIS Membership 2025,24/02/2025,7:00 pm,Nathan,Mckee,nathan.mckee6@example.com,3969108296,27/07/2026 06:54 pm,Online,Paid,1,0,$5.00,$0.00,$0.00,$0.00,$0.20,$0.00,$0.00,$0.00,$5.20,$0.00,$0.00,$0.00,$0.00,$5.00,$5.00,$0.00,,,,$0.00,$0.00,$0.00,$0.00,Stripe,Yes,,Completed,Online,1,c80c86fb-0f97-4718-8feb-736322f964d5
MEM1011,MQIS Membership 2025,24/02/2025,7:00 pm,Terri,Tran,terri.tran12@example.com,4646764785,12/08/2026 04:44 am,Online,Paid,1,0,$5.00,$0.00,$0.00,$0.00,$0.20,$0.00,$0.00,$0.00,$5.20,$0.00,$0.00,$0.00,$0.00,$5.00,$5.00,$0.00,,,,$0.00,$0.00,$0.00,$0.00,Stripe,No,,Completed,Online,1,42f09374-8e19-4314-8c38-87b8e6224f69
MEM1012,MQIS Membership 2025,24/02/2025,7:00 pm,James,Maynard,james.maynard49@example.com,1439992570,15/08/2026 08:31 am,Online,Paid,1,0,$5.00,$0.00,$0.00,$0.00,$0.20,$0.00,$0.00,$0.00,$5.20,$0.00,$0.00,$0.00,$0.00,$5.00,$5.00,$0.00,,,,$0.00,$0.00,$0.00,$0.00,Stripe,No,,Completed,Online,1,021ef301-1eab-4b88-ae92-f1de83bf8b10
MEM1013,MQIS Membership 2025,24/02/2025,7:00 pm,Gabriel,Parker,gabriel.parker8@example.com,5143825520,16/07/2026 12:50 am,Online,Paid,1,0,$5.00,$0.00,$0.00,$0.00,$0.20,$0.00,$0.00,$0.00,$5.20,$0.00,$0.00,$0.00,$0.00,$5.00,$5.00,$0.00,,,,$0.00,$0.00,$0.00,$0.00,Stripe,No,,Completed,Online,1,d537ad9b-565c-488d-a8ce-d275c2e025f1
MEM1014,MQIS Membership 2025,24/02/2025,7:00 pm,Amanda,Hill,amanda.hill2@example.com,9805283905,01/08/2026 10:06 am,Online,Paid,1,0,$5.00,$0.00,$0.00,$0.00,$0.20,$0.00,$0.00,$0.00,$5.20,$0.00,$0.00,$0.00,$0.00,$5.00,$5.00,$0.00,,,,$0.00,$0.00,$0.00,$0.00,Stripe,No,,Completed,Online,1,03d510a1-e3ba-4e08-b824-f2c77d2e33bc
MEM1015,MQIS Membership 2025,24/02/2025,7:00 pm,Julie,Rivera,julie.rivera24@example.com,0388401677,08/08/2026 12:47 am,Online,Paid,1,0,$5.00,$0.00,$0.00,$0.00,$0.20,$0.00,$0.00,$0.00,$5.20,$0.00,$0.00,$0.00,$0.00,$5.00,$5.00,$0.00,,,,$0.00,$0.00,$0.00,$0.00,Stripe,No,,Completed,Online,1,10aec98e-def9-44c9-b04a-1851b23082d8
MEM1016,MQIS Membership 2025,24/02/2025,7:00 pm,Holly,Wang,holly.wang31@example.com,0507197095,02/08/2026 02:15 am,Online,Paid,1,0,$5.00,$0.00,$0.00,$0.00,$0.20,$0.00,$0.00,$0.00,$5.20,$0.00,$0.00,$0.00,$0.00,$5.00,$5.00,$0.00,,,,$0.00,$0.00,$0.00,$0.00,Stripe,No,,Completed,Online,1,47002e89-b4e7-47dd-afab-3ee6592d7261
MEM1017,MQIS Membership 2025,24/02/2025,7:00 pm,Nicole,Davis,nicole.davis76@example.com,9143876738,11/07/2026 08:44 am,Online,Paid,1,0,$5.00,$0.00,$0.00,$0.00,$0.20,$0.00,$0.00,$0.00,$5.20,$0.00,$0.00,$0.00,$0.00,$5.00,$5.00,$0.00,,,,$0.00,$0.00,$0.00,$0.00,Stripe,Yes,,Completed,Online,1,a23c82a8-ecfe-4c38-b11b-9e16c58e9951
MEM1018,MQIS Membership 2025,24/02/2025,7:00 pm,Russell,Carpenter,russell.carpenter70@example.com,6769597929,22/07/2026 06:55 pm,Online,Paid,1,0,$5.00,$0.00,$0.00,$0.00,$0.20,$0.00,$0.00,$0.00,$5.20,$0.00,$0.00,$0.00,$0.00,$5.00,$5.00,$0.00,,,,$0.00,$0.00,$0.00,$0.00,Stripe,Yes,,Completed,Online,1,79d2769e-b74b-4e50-aa00-280e3a013069
MEM1019,MQIS Membership 2025,24/02/2025,7:00 pm,Angela,Higgins,angela.higgins42@example.com,3703919056,18/07/2026 10:16 pm,Online,Paid,1,0,$5.00,$0.00,$0.00,$0.00,$0.20,$0.00,$0.00,$0.00,$5.20,$0.00,$0.00,$0.00,$0.00,$5.00,$5.00,$0.00,,,,$0.00,$0.00,$0.00,$0.00,Stripe,No,,Completed,Online,1,1019a51e-43fb-4527-afb8-e600ec860956
MEM1020,MQIS Membership 2025,24/02/2025,7:00 pm,Michael,Norman,michael.norman70@example.com,3076832987,06/08/2026 03:11 am,Online,Paid,1,0,$5.00,$0.00,$0.00,$0.00,$0.20,$0.00,$0.00,$0.00,$5.20,$0.00,$0.00,$0.00,$0.00,$5.00,$5.00,$0.00,,,,$0.00,$0.00,$0.00,$0.00,Stripe,Yes,,Completed,Online,1,6e73c967-bfa0-45fb-a210-8df0a414ad42
MEM1021,MQIS Membership 2025,24/02/2025,7:00 pm,Lisa,Evans,lisa.evans96@example.com,1917024236,11/07/2026 05:04 pm,Online,Paid,1,0,$5.00,$0.00,$0.00,$0.00,$0.20,$0.00,$0.00,$0.00,$5.20,$0.00,$0.00,$0.00,$0.00,$5.00,$5.00,$0.00,,,,$0.00,$0.00,$0.00,$0.00,Stripe,No,,Completed,Online,1,76662b5b-370b-4b36-a95d-9448ba984aef
MEM1022,MQIS Membership 2025,24/02/2025,7:00 pm,Samantha,Osborn,samantha.osborn28@example.com,1318434135,20/07/2026 03:14 am,Online,Paid,1,0,$5.00,$0.00,$0.00,$0.00,$0.20,$0.00,$0.00,$0.00,$5.20,$0.00,$0.00,$0.00,$0.00,$5.00,$5.00,$0.00,,,,$0.00,$0.00,$0.00,$0.00,Stripe,Yes,,Completed,Online,1,69ff7726-2494-4f1c-8fc0-f04fbfe68aa9
MEM1023,MQIS Membership 2025,24/02/2025,7:00 pm,James,Johnson,james.johnson40@example.com,4762073478,15/07/2026 06:11 am,Online,Paid,1,0,$5.00,$0.00,$0.00,$0.00,$0.20,$0.00,$0.00,$0.00,$5.20,$0.00,$0.00,$0.00,$0.00,$5.00,$5.00,$0.00,,,,$0.00,$0.00,$0.00,$0.00,Stripe,No,,Completed,Online,1,d3272d8a-47d3-47db-9efc-9c3e4fe194df
MEM1024,MQIS Membership 2025,24/02/2025,7:00 pm,Alexandra,Hayes,alexandra.hayes34@example.com,6473116885,17/08/2026 12:16 am,Online,Paid,1,0,$5.00,$0.00,$0.00,$0.00,$0.20,$0.00,$0.00,$0.00,$5.20,$0.00,$0.00,$0.00,$0.00,$5.00,$5.00,$0.00,,,,$0.00,$0.00,$0.00,$0.00,Stripe,No,,Completed,Online,1,a31833ac-7931-47dd-bb3c-a69167053a72
MEM1025,MQIS Membership 2025,24/02/2025,7:00 pm,Taylor,Alexander,taylor.alexander53@example.com,8894383014,07/08/2026 05:29 pm,Online,Paid,1,0,$5.00,$0.00,$0.00,$0.00,$0.20,$0.00,$0.00,$0.00,$5.20,$0.00,$0.00,$0.00,$0.00,$5.00,$5.00,$0.00,,,,$0.00,$0.00,$0.00,$0.00,Stripe,No,,Completed,Online,1,e3dbf91c-fed2-4783-bc5d-666a81d177c6
MEM1026,MQIS Membership 2025,24/02/2025,7:00 pm,Eric,Williamson,eric.williamson47@example.com,6088041890,14/07/2026 11:12 am,Online,Paid,1,0,$5.00,$0.00,$0.00,$0.00,$0.20,$0.00,$0.00,$0.00,$5.20,$0.00,$0.00,$0.00,$0.00,$5.00,$5.00,$0.00,,,,$0.00,$0.00,$0.00,$0.00,Stripe,No,,Completed,Online,1,b731aa06-ce72-429a-a6f3-1683f2b062af
MEM1027,MQIS Membership 2025,24/02/2025,7:00 pm,Robert,Cortez,robert.cortez23@example.com,6173460873,17/07/2026 02:34 pm,Manual,Paid,1,0,$5.00,$0.00,$0.00,$0.00,$0.20,$0.00,$0.00,$0.00,$5.20,$0.00,$0.00,$0.00,$0.00,$5.00,$5.00,$0.00,,,,$0.00,$0.00,$0.00,$0.00,Stripe,Yes,,Completed,Manual,1,b0862e22-31f5-4334-9060-a027430c6231
MEM1028,MQIS Membership 2025,24/02/2025,7:00 pm,Chad,Welch,chad.welch59@example.com,3722938045,14/07/2026 01:30 am,Online,Paid,1,0,$5.00,$0.00,$0.00,$0.00,$0.20,$0.00,$0.00,$0.00,$5.20,$0.00,$0.00,$0.00,$0.00,$5.00,$5.00,$0.00,,,,$0.00,$0.00,$0.00,$0.00,Stripe,No,,Completed,Online,1,864fefd9-a466-4636-a5e9-d9e9c6b7169f
MEM1029,MQIS Membership 2025,24/02/2025,7:00 pm,Ronald,Stephens,ronald.stephens75@example.com,4911647649,10/08/2026 02:33 am,Online,Paid,1,0,$5.00,$0.00,$0.00,$0.00,$0.20,$0.00,$0.00,$0.00,$5.20,$0.00,$0.00,$0.00,$0.00,$5.00,$5.00,$0.00,,,,$0.00,$0.00,$0.00,$0.00,Stripe,No,,Completed,Online,1,68392841-f94f-45a5-b0c0-82aa8f94d31e
MEM1030,MQIS Membership 2025,24/02/2025,7:00 pm,Kirk,Morrison,kirk.morrison74@example.com,3372278181,01/08/2026 01:16 am,Manual,Paid,1,0,$5.00,$0.00,$0.00,$0.00,$0.20,$0.00,$0.00,$0.00,$5.20,$0.00,$0.00,$0.00,$0.00,$5.00,$5.00,$0.00,,,,$0.00,$0.00,$0.00,$0.00,Stripe,Yes,,Completed,Manual,1,5d73805a-2f76-448f-9463-4072a8bedb45
MEM1031,MQIS Membership 2025,24/02/2025,7:00 pm,Anna,Baker,anna.baker44@example.com,0213671603,06/08/2026 06:07 am,Manual,Paid,1,0,$5.00,$0.00,$0.00,$0.00,$0.20,$0.00,$0.00,$0.00,$5.20,$0.00,$0.00,$0.00,$0.00,$5.00,$5.00,$0.00,,,,$0.00,$0.00,$0.00,$0.00,Stripe,No,,Completed,Manual,1,793b48e6-b9d9-45a8-a9f3-5bca129a8333
MEM1032,MQIS Membership 2025,24/02/2025,7:00 pm,Shane,Smith,shane.smith61@example.com,6028749072,09/08/2026 12:26 am,Manual,Paid,1,0,$5.00,$0.00,$0.00,$0.00,$0.20,$0.00,$0.00,$0.00,$5.20,$0.00,$0.00,$0.00,$0.00,$5.00,$5.00,$0.00,,,,$0.00,$0.00,$0.00,$0.00,Stripe,Yes,,Completed,Manual,1,56a8274f-00f9-44bf-922a-223f8241824e
MEM1033,MQIS Membership 2025,24/02/2025,7:00 pm,Curtis,Barton,curtis.barton74@example.com,9167812883,06/08/2026 12:10 pm,Online,Paid,1,0,$5.00,$0.00,$0.00,$0.00,$0.20,$0.00,$0.00,$0.00,$5.20,$0.00,$0.00,$0.00,$0.00,$5.00,$5.00,$0.00,,,,$0.00,$0.00,$0.00,$0.00,Stripe,No,,Completed,Online,1,54351bd7-8a40-41c0-a5eb-26659a0b7509
MEM1034,MQIS Membership 2025,24/02/2025,7:00 pm,John,Walsh,john.walsh68@example.com,0822781469,14/08/2026 05:33 pm,Manual,Paid,1,0,$5.00,$0.00,$0.00,$0.00,$0.20,$0.00,$0.00,$0.00,$5.20,$0.00,$0.00,$0.00,$0.00,$5.00,$5.00,$0.00,,,,$0.00,$0.00,$0.00,$0.00,Stripe,No,,Completed,Manual,1,c6246193-d3d9-4832-bebd-fb0551135dc0
MEM1035,MQIS Membership 2025,24/02/2025,7:00 pm,Christopher,Garcia,christopher.garcia2@example.com,3207248611,26/07/2026 08:33 pm,Online,Paid,1,0,$5.00,$0.00,$0.00,$0.00,$0.20,$0.00,$0.00,$0.00,$5.20,$0.00,$0.00,$0.00,$0.00,$5.00,$5.00,$0.00,,,,$0.00,$0.00,$0.00,$0.00,Stripe,No,,Completed,Online,1,d14e1ee3-0d4e-4107-be4f-62803b2fda75
MEM1036,MQIS Membership 2025,24/02/2025,7:00 pm,Laura,Perez,laura.perez35@example.com,8019467014,06/08/2026 12:21 pm,Online,Refunded,0,1,$0.00,$0.00,$0.00,$0.00,$0.00,$0.00,$0.00,$0.00,$0.00,$0.00,$0.00,$0.00,$0.00,$0.00,$0.00,$0.00,,,,$0.00,$0.00,$0.00,$0.00,Stripe,No,,Completed,Online,1,415cddab-0039-4eec-becd-daefe32b138f
MEM1037,MQIS Membership 2025,24/02/2025,7:00 pm,Haley,Anderson,haley.anderson74@example.com,2083624874,21/07/2026 09:47 pm,Manual,Paid,1,0,$5.00,$0.00,$0.00,$0.00,$0.20,$0.00,$0.00,$0.00,$5.20,$0.00,$0.00,$0.00,$0.00,$5.00,$5.00,$0.00,,,,$0.00,$0.00,$0.00,$0.00,Stripe,Yes,,Completed,Manual,1,72dc4a8f-d0f7-4209-b6cd-15312f91dda0
MEM1038,MQIS Membership 2025,24/02/2025,7:00 pm,Alexis,Tyler,alexis.tyler5@example.com,1732776063,31/07/2026 03:30 pm,Online,Paid,1,0,$5.00,$0.00,$0.00,$0.00,$0.20,$0.00,$0.00,$0.00,$5.20,$0.00,$0.00,$0.00,$0.00,$5.00,$5.00,$0.00,,,,$0.00,$0.00,$0.00,$0.00,Stripe,No,,Completed,Online,1,8ead4b89-685b-489e-bd7c-5be5b4b5b777
MEM1039,MQIS Membership 2025,24/02/2025,7:00 pm,Wendy,Rice,wendy.rice49@example.com,6574169843,01/08/2026 02:24 pm,Online,Paid,1,0,$5.00,$0.00,$0.00,$0.00,$0.20,$0.00,$0.00,$0.00,$5.20,$0.00,$0.00,$0.00,$0.00,$5.00,$5.00,$0.00,,,,$0.00,$0.00,$0.00,$0.00,Stripe,Yes,,Completed,Online,1,bdc84886-79c2-46b2-bf20-86daaceab138
MEM1040,MQIS Membership 2025,24/02/2025,7:00 pm,Kevin,Vasquez,kevin.vasquez27@example.com,6184535777,11/08/2026 10:43 pm,Online,Paid,1,0,$5.00,$0.00,$0.00,$0.00,$0.20,$0.00,$0.00,$0.00,$5.20,$0.00,$0.00,$0.00,$0.00,$5.00,$5.00,$0.00,,,,$0.00,$0.00,$0.00,$0.00,Stripe,No,,Completed,Online,1,9c009b37-b020-43f7-a35a-445d90177e48
MEM1041,MQIS Membership 2025,24/02/2025,7:00 pm,Debra,Moody,debra.moody71@example.com,8361883744,21/07/2026 04:41 am,Online,Paid,1,0,$5.00,$0.00,$0.00,$0.00,$0.20,$0.00,$0.00,$0.00,$5.20,$0.00,$0.00,$0.00,$0.00,$5.00,$5.00,$0.00,,,,$0.00,$0.00,$0.00,$0.00,Stripe,No,,Completed,Online,1,e2fe02f6-9e95-4794-8232-838c30aafd0b
MEM1042,MQIS Membership 2025,24/02/2025,7:00 pm,Heather,Brown,heather.brown63@example.com,4244502567,17/08/2026 11:57 pm,Online,Paid,1,0,$5.00,$0.00,$0.00,$0.00,$0.20,$0.00,$0.00,$0.00,$5.20,$0.00,$0.00,$0.00,$0.00,$5.00,$5.00,$0.00,,,,$0.00,$0.00,$0.00,$0.00,Stripe,Yes,,Completed,Online,1,845c7a3e-cfe0-4558-bab9-39e2fc70adf9
MEM1043,MQIS Membership 2025,24/02/2025,7:00 pm,Gabriel,Sanders,gabriel.sanders41@example.com,9881610376,17/07/2026 03:47 am,Online,Paid,1,0,$5.00,$0.00,$0.00,$0.00,$0.20,$0.00,$0.00,$0.00,$5.20,$0.00,$0.00,$0.00,$0.00,$5.00,$5.00,$0.00,,,,$0.00,$0.00,$0.00,$0.00,Stripe,Yes,,Completed,Online,1,d583543a-3908-4e2c-80a7-60884ab04c4a
MEM1044,MQIS Membership 2025,24/02/2025,7:00 pm,Kimberly,Williams,kimberly.williams69@example.com,4374126980,10/08/2026 07:23 am,Manual,Paid,1,0,$5.00,$0.00,$0.00,$0.00,$0.20,$0.00,$0.00,$0.00,$5.20,$0.00,$0.00,$0.00,$0.00,$5.00,$5.00,$0.00,,,,$0.00,$0.00,$0.00,$0.00,Stripe,Yes,,Completed,Manual,1,03e2d112-1ec0-4878-9bcc-1f6651ab6581
MEM1045,MQIS Membership 2025,24/02/2025,7:00 pm,Mary,Wiley,mary.wiley2@example.com,9970783931,30/07/2026 08:17 pm,Online,Paid,1,0,$5.00,$0.00,$0.00,$0.00,$0.20,$0.00,$0.00,$0.00,$5.20,$0.00,$0.00,$0.00,$0.00,$5.00,$5.00,$0.00,,,,$0.00,$0.00,$0.00,$0.00,Stripe,No,,Completed,Online,1,ad1e8be8-2a9d-4558-8843-69644dd2519a
MEM1046,MQIS Membership 2025,24/02/2025,7:00 pm,Tracy,Stark,tracy.stark55@example.com,9425016575,28/07/2026 06:37 pm,Online,Paid,1,0,$5.00,$0.00,$0.00,$0.00,$0.20,$0.00,$0.00,$0.00,$5.20,$0.00,$0.00,$0.00,$0.00,$5.00,$5.00,$0.00,,,,$0.00,$0.00,$0.00,$0.00,Stripe,No,,Completed,Online,1,3651f93c-60c6-4ab9-857c-40c54d20ba0b
MEM1047,MQIS Membership 2025,24/02/2025,7:00 pm,Kevin,Williams,kevin.williams82@example.com,0705605573,04/08/2026 03:47 am,Online,Paid,1,0,$5.00,$0.00,$0.00,$0.00,$0.20,$0.00,$0.00,$0.00,$5.20,$0.00,$0.00,$0.00,$0.00,$5.00,$5.00,$0.00,,,,$0.00,$0.00,$0.00,$0.00,Stripe,Yes,,Completed,Online,1,01b27838-679c-4a7e-927e-9a880d00cb2a
MEM1048,MQIS Membership 2025,24/02/2025,7:00 pm,Sandra,Romero,sandra.romero86@example.com,6161531766,09/08/2026 06:46 pm,Online,Paid,1,0,$5.00,$0.00,$0.00,$0.00,$0.20,$0.00,$0.00,$0.00,$5.20,$0.00,$0.00,$0.00,$0.00,$5.00,$5.00,$0.00,,,,$0.00,$0.00,$0.00,$0.00,Stripe,No,,Completed,Online,1,60692251-5fe0-4321-b191-06644ab8115f
MEM1049,MQIS Membership 2025,24/02/2025,7:00 pm,Jesse,Reed,jesse.reed86@example.com,8143369757,02/08/2026 08:11 pm,Online,Paid,1,0,$5.00,$0.00,$0.00,$0.00,$0.20,$0.00,$0.00,$0.00,$5.20,$0.00,$0.00,$0.00,$0.00,$5.00,$5.00,$0.00,,,,$0.00,$0.00,$0.00,$0.00,Stripe,Yes,,Completed,Online,1,626ef43f-0446-4f66-890a-115d64a8ada7
MEM1050,MQIS Membership 2025,24/02/2025,7:00 pm,Noah,Whitaker,noah.whitaker29@example.com,2605338824,01/08/2026 02:47 am,Manual,Paid,1,0,$5.00,$0.00,$0.00,$0.00,$0.20,$0.00,$0.00,$0.00,$5.20,$0.00,$0.00,$0.00,$0.00,$5.00,$5.00,$0.00,,,,$0.00,$0.00,$0.00,$0.00,Stripe,Yes,,Completed,Manual,1,b9d6dc7a-608d-4e7b-a677-2d1796a06fff
MEM1051,MQIS Membership 2025,24/02/2025,7:00 pm,Stephen,Solis,stephen.solis99@example.com,8758804140,12/07/2026 08:46 am,Online,Paid,1,0,$5.00,$0.00,$0.00,$0.00,$0.20,$0.00,$0.00,$0.00,$5.20,$0.00,$0.00,$0.00,$0.00,$5.00,$5.00,$0.00,,,,$0.00,$0.00,$0.00,$0.00,Stripe,Yes,,Completed,Online,1,71e5c862-86c4-4416-8e49-5463f00b9cdc
MEM1052,MQIS Membership 2025,24/02/2025,7:00 pm,Angel,Garcia,angel.garcia5@example.com,2619379022,20/07/2026 01:16 pm,Online,Paid,1,0,$5.00,$0.00,$0.00,$0.00,$0.20,$0.00,$0.00,$0.00,$5.20,$0.00,$0.00,$0.00,$0.00,$5.00,$5.00,$0.00,,,,$0.00,$0.00,$0.00,$0.00,Stripe,No,,Completed,Online,1,4a8d60d8-b016-420b-a585-3fc599c4e375
MEM1053,MQIS Membership 2025,24/02/2025,7:00 pm,Michelle,Ray,michelle.ray28@example.com,2134557999,21/07/2026 09:16 pm,Online,Paid,1,0,$5.00,$0.00,$0.00,$0.00,$0.20,$0.00,$0.00,$0.00,$5.20,$0.00,$0.00,$0.00,$0.00,$5.00,$5.00,$0.00,,,,$0.00,$0.00,$0.00,$0.00,Stripe,Yes,,Completed,Online,1,632a218f-66ac-4e8a-97b7-26ba2f7f792b
MEM1054,MQIS Membership 2025,24/02/2025,7:00 pm,Joseph,Clayton,joseph.clayton71@example.com,2306365783,09/08/2026 09:25 pm,Online,Paid,1,0,$5.00,$0.00,$0.00,$0.00,$0.20,$0.00,$0.00,$0.00,$5.20,$0.00,$0.00,$0.00,$0.00,$5.00,$5.00,$0.00,,,,$0.00,$0.00,$0.00,$0.00,Stripe,No,,Completed,Online,1,0d7797cb-c999-400f-b704-92bf1bf1db0a
MEM1055,MQIS Membership 2025,24/02/2025,7:00 pm,Sabrina,Phillips,sabrina.phillips29@example.com,6777679593,21/07/2026 12:24 pm,Online,Paid,1,0,$5.00,$0.00,$0.00,$0.00,$0.20,$0.00,$0.00,$0.00,$5.20,$0.00,$0.00,$0.00,$0.00,$5.00,$5.00,$0.00,,,,$0.00,$0.00,$0.00,$0.00,Stripe,No,,Completed,Online,1,7abc9497-620e-48c9-99fa-674ddeca7109
MEM1056,MQIS Membership 2025,24/02/2025,7:00 pm,Nicole,Davis,nicole.davis76@example.com,9675579120,18/07/2026 09:58 pm,Online,Paid,1,0,$5.00,$0.00,$0.00,$0.00,$0.20,$0.00,$0.00,$0.00,$5.20,$0.00,$0.00,$0.00,$0.00,$5.00,$5.00,$0.00,,,,$0.00,$0.00,$0.00,$0.00,Stripe,Yes,,Completed,Online,1,ec2e4df1-061f-4cab-ab86-2ae94393ad11
MEM1057,MQIS Membership 2025,24/02/2025,7:00 pm,Kristin,Rodriguez,kristin.rodriguez15@example.com,4388269769,16/07/2026 06:36 pm,Online,Paid,1,0,$5.00,$0.00,$0.00,$0.00,$0.20,$0.00,$0.00,$0.00,$5.20,$0.00,$0.00,$0.00,$0.00,$5.00,$5.00,$0.00,,,,$0.00,$0.00,$0.00,$0.00,Stripe,Yes,,Completed,Online,1,7ca5c3f6-630a-40ac-a37e-c1aeacd2c42e
MEM1058,MQIS Membership 2025,24/02/2025,7:00 pm,Logan,Bailey,logan.bailey84@example.com,8996908786,20/07/2026 10:05 pm,Online,Paid,1,0,$5.00,$0.00,$0.00,$0.00,$0.20,$0.00,$0.00,$0.00,$5.20,$0.00,$0.00,$0.00,$0.00,$5.00,$5.00,$0.00,,,,$0.00,$0.00,$0.00,$0.00,Stripe,Yes,,Completed,Online,1,1f48a077-4c09-4fd3-b441-1023fca5976e
MEM1059,MQIS Membership 2025,24/02/2025,7:00 pm,Angel,Doyle,angel.doyle71@example.com,5909490444,31/07/2026 10:31 am,Online,Paid,1,0,$5.00,$0.00,$0.00,$0.00,$0.20,$0.00,$0.00,$0.00,$5.20,$0.00,$0.00,$0.00,$0.00,$5.00,$5.00,$0.00,,,,$0.00,$0.00,$0.00,$0.00,Stripe,Yes,,Completed,Online,1,2340c857-73e6-43a8-8da4-d12b754235ae
MEM1060,MQIS Membership 2025,24/02/2025,7:00 pm,Andrea,Daniels,andrea.daniels80@example.com,5278610954,24/07/2026 12:55 pm,Online,Paid,1,0,$5.00,$0.00,$0.00,$0.00,$0.20,$0.00,$0.00,$0.00,$5.20,$0.00,$0.00,$0.00,$0.00,$5.00,$5.00,$0.00,,,,$0.00,$0.00,$0.00,$0.00,Stripe,No,,Completed,Online,1,0e083aab-e7a2-4c8a-86fa-e30d79aa390f
MEM1061,MQIS Membership 2025,24/02/2025,7:00 pm,Lindsey,Chavez,lindsey.chavez90@example.com,9391460378,28/07/2026 04:58 am,Online,Paid,1,0,$5.00,$0.00,$0.00,$0.00,$0.20,$0.00,$0.00,$0.00,$5.20,$0.00,$0.00,$0.00,$0.00,$5.00,$5.00,$0.00,,,,$0.00,$0.00,$0.00,$0.00,Stripe,No,,Completed,Online,1,85f01190-69f5-4f52-906b-e1633a779e3d
MEM1062,MQIS Membership 2025,24/02/2025,7:00 pm,Leslie,Walton,leslie.walton83@example.com,0858777075,16/08/2026 10:40 am,Online,Paid,1,0,$5.00,$0.00,$0.00,$0.00,$0.20,$0.00,$0.00,$0.00,$5.20,$0.00,$0.00,$0.00,$0.00,$5.00,$5.00,$0.00,,,,$0.00,$0.00,$0.00,$0.00,Stripe,Yes,,Completed,Online,1,9fc40512-ac1e-4e4f-a76f-b09a936257ac
MEM1063,MQIS Membership 2025,24/02/2025,7:00 pm,Andrea,Daniels,andrea.daniels80@example.com,5679746317,18/07/2026 07:30 pm,Online,Paid,1,0,$5.00,$0.00,$0.00,$0.00,$0.20,$0.00,$0.00,$0.00,$5.20,$0.00,$0.00,$0.00,$0.00,$5.00,$5.00,$0.00,,,,$0.00,$0.00,$0.00,$0.00,Stripe,No,,Completed,Online,1,6808e849-6805-46ed-ae69-6c3f673bbc2e
MEM1064,MQIS Membership 2025,24/02/2025,7:00 pm,Andrea,Davis,andrea.davis27@example.com,1633863813,07/08/2026 10:08 pm,Online,Paid,1,0,$5.00,$0.00,$0.00,$0.00,$0.20,$0.00,$0.00,$0.00,$5.20,$0.00,$0.00,$0.00,$0.00,$5.00,$5.00,$0.00,,,,$0.00,$0.00,$0.00,$0.00,Stripe,Yes,,Completed,Online,1,213c41b5-68fa-4603-8ca3-ac04be855ef9
MEM1065,MQIS Membership 2025,24/02/2025,7:00 pm,Samuel,Wolfe,samuel.wolfe73@example.com,4094665497,22/07/2026 05:27 am,Online,Paid,1,0,$5.00,$0.00,$0.00,$0.00,$0.20,$0.00,$0.00,$0.00,$5.20,$0.00,$0.00,$0.00,$0.00,$5.00,$5.00,$0.00,,,,$0.00,$0.00,$0.00,$0.00,Stripe,Yes,,Completed,Online,1,44dec505-4c04-46a9-a4e6-d71539997678
MEM1066,MQIS Membership 2025,24/02/2025,7:00 pm,Tyler,Burton,tyler.burton84@example.com,4954121762,16/08/2026 11:54 pm,Online,Paid,1,0,$5.00,$0.00,$0.00,$0.00,$0.20,$0.00,$0.00,$0.00,$5.20,$0.00,$0.00,$0.00,$0.00,$5.00,$5.00,$0.00,,,,$0.00,$0.00,$0.00,$0.00,Stripe,No,,Completed,Online,1,2d37d86e-b35c-4d7e-9385-9066d90c4a26
MEM1067,MQIS Membership 2025,24/02/2025,7:00 pm,Robert,Hart,robert.hart98@example.com,4828009205,13/08/2026 02:33 am,Online,Paid,1,0,$5.00,$0.00,$0.00,$0.00,$0.20,$0.00,$0.00,$0.00,$5.20,$0.00,$0.00,$0.00,$0.00,$5.00,$5.00,$0.00,,,,$0.00,$0.00,$0.00,$0.00,Stripe,Yes,,Completed,Online,1,5ada641f-a20b-467e-89f1-1d3106a0493f
MEM1068,MQIS Membership 2025,24/02/2025,7:00 pm,Ruben,Mendez,ruben.mendez31@example.com,9690019233,25/07/2026 11:38 pm,Online,Paid,1,0,$5.00,$0.00,$0.00,$0.00,$0.20,$0.00,$0.00,$0.00,$5.20,$0.00,$0.00,$0.00,$0.00,$5.00,$5.00,$0.00,,,,$0.00,$0.00,$0.00,$0.00,Stripe,No,,Completed,Online,1,f318a9b6-03bb-424b-8ceb-6126ce5fa3f6
MEM1069,MQIS Membership 2025,24/02/2025,7:00 pm,Tami,Clark,tami.clark74@example.com,5758427686,21/07/2026 12:45 am,Online,Paid,1,0,$5.00,$0.00,$0.00,$0.00,$0.20,$0.00,$0.00,$0.00,$5.20,$0.00,$0.00,$0.00,$0.00,$5.00,$5.00,$0.00,,,,$0.00,$0.00,$0.00,$0.00,Stripe,Yes,,Completed,Online,1,ba6d47ae-eacc-41a8-906d-9b2d72f5ee37
MEM1070,MQIS Membership 2025,24/02/2025,7:00 pm,Charles,Lewis,charles.lewis34@example.com,3335694201,16/08/2026 03:33 pm,Online,Paid,1,0,$5.00,$0.00,$0.00,$0.00,$0.20,$0.00,$0.00,$0.00,$5.20,$0.00,$0.00,$0.00,$0.00,$5.00,$5.00,$0.00,,,,$0.00,$0.00,$0.00,$0.00,Stripe,Yes,,Completed,Online,1,64cc0731-729f-43b5-920b-21b7cbe903e5
MEM1071,MQIS Membership 2025,24/02/2025,7:00 pm,Dawn,Steele,dawn.steele91@example.com,6295064103,16/08/2026 11:19 pm,Online,Paid,1,0,$5.00,$0.00,$0.00,$0.00,$0.20,$0.00,$0.00,$0.00,$5.20,$0.00,$0.00,$0.00,$0.00,$5.00,$5.00,$0.00,,,,$0.00,$0.00,$0.00,$0.00,Stripe,No,,Completed,Online,1,f01813fd-a68d-45dd-a2e5-940e1020814e
MEM1072,MQIS Membership 2025,24/02/2025,7:00 pm,Cynthia,Diaz,cynthia.diaz72@example.com,3265234655,13/08/2026 03:46 pm,Manual,Paid,1,0,$5.00,$0.00,$0.00,$0.00,$0.20,$0.00,$0.00,$0.00,$5.20,$0.00,$0.00,$0.00,$0.00,$5.00,$5.00,$0.00,,,,$0.00,$0.00,$0.00,$0.00,Stripe,Yes,,Completed,Manual,1,ccda775c-a8ba-4f8f-9176-026420a22a93
MEM1073,MQIS Membership 2025,24/02/2025,7:00 pm,Amy,Morris,amy.morris3@example.com,6726440198,12/07/2026 07:25 pm,Online,Paid,1,0,$5.00,$0.00,$0.00,$0.00,$0.20,$0.00,$0.00,$0.00,$5.20,$0.00,$0.00,$0.00,$0.00,$5.00,$5.00,$0.00,,,,$0.00,$0.00,$0.00,$0.00,Stripe,No,,Completed,Online,1,e4823b86-1d51-4c2e-9a03-730fe5ef5d35
MEM1074,MQIS Membership 2025,24/02/2025,7:00 pm,Alex,Green,alex.green64@example.com,5354256286,22/07/2026 02:41 am,Online,Paid,1,0,$5.00,$0.00,$0.00,$0.00,$0.20,$0.00,$0.00,$0.00,$5.20,$0.00,$0.00,$0.00,$0.00,$5.00,$5.00,$0.00,,,,$0.00,$0.00,$0.00,$0.00,Stripe,No,,Completed,Online,1,3f80d5f2-c234-4bd2-95ef-ae0715ac1ea0
MEM1075,MQIS Membership 2025,24/02/2025,7:00 pm,Amanda,Morrow,amanda.morrow98@example.com,7513407491,09/08/2026 09:55 pm,Online,Paid,1,0,$5.00,$0.00,$0.00,$0.00,$0.20,$0.00,$0.00,$0.00,$5.20,$0.00,$0.00,$0.00,$0.00,$5.00,$5.00,$0.00,,,,$0.00,$0.00,$0.00,$0.00,Stripe,No,,Completed,Online,1,89220c6c-e07e-488a-b2e4-bc6b5fd262ae
MEM1076,MQIS Membership 2025,24/02/2025,7:00 pm,Kelly,Hughes,kelly.hughes64@example.com,4055465120,13/08/2026 09:53 pm,Manual,Paid,1,0,$5.00,$0.00,$0.00,$0.00,$0.20,$0.00,$0.00,$0.00,$5.20,$0.00,$0.00,$0.00,$0.00,$5.00,$5.00,$0.00,,,,$0.00,$0.00,$0.00,$0.00,Stripe,No,,Completed,Manual,1,6e4618dc-a509-4d04-a098-f7e7a97075cc
MEM1077,MQIS Membership 2025,24/02/2025,7:00 pm,Lindsey,Lee,lindsey.lee86@example.com,9737253031,14/07/2026 03:30 pm,Online,Paid,1,0,$5.00,$0.00,$0.00,$0.00,$0.20,$0.00,$0.00,$0.00,$5.20,$0.00,$0.00,$0.00,$0.00,$5.00,$5.00,$0.00,,,,$0.00,$0.00,$0.00,$0.00,Stripe,No,,Completed,Online,1,f7469168-3a57-4d45-8f33-40b360eaec0a
MEM1078,MQIS Membership 2025,24/02/2025,7:00 pm,Marie,Wise,marie.wise97@example.com,4280540092,09/08/2026 04:45 am,Manual,Paid,1,0,$5.00,$0.00,$0.00,$0.00,$0.20,$0.00,$0.00,$0.00,$5.20,$0.00,$0.00,$0.00,$0.00,$5.00,$5.00,$0.00,,,,$0.00,$0.00,$0.00,$0.00,Stripe,No,,Completed,Manual,1,0c3eaa28-ecc4-4662-af20-646d5adc149d
MEM1079,MQIS Membership 2025,24/02/2025,7:00 pm,Elizabeth,Robinson,elizabeth.robinson75@example.com,3053900343,16/08/2026 04:28 pm,Online,Paid,1,0,$5.00,$0.00,$0.00,$0.00,$0.20,$0.00,$0.00,$0.00,$5.20,$0.00,$0.00,$0.00,$0.00,$5.00,$5.00,$0.00,,,,$0.00,$0.00,$0.00,$0.00,Stripe,Yes,,Completed,Online,1,066d7d77-2466-40e9-a36c-1084e1433305
MEM1080,MQIS Membership 2025,24/02/2025,7:00 pm,Hunter,Burch,hunter.burch42@example.com,5562849756,14/08/2026 06:13 am,Online,Paid,1,0,$5.00,$0.00,$0.00,$0.00,$0.20,$0.00,$0.00,$0.00,$5.20,$0.00,$0.00,$0.00,$0.00,$5.00,$5.00,$0.00,,,,$0.00,$0.00,$0.00,$0.00,Stripe,Yes,,Completed,Online,1,fbf4e9d0-d594-4391-b83a-56ccb1026224
MEM1081,MQIS Membership 2025,24/02/2025,7:00 pm,Sharon,Collins,sharon.collins10@example.com,9943109518,11/08/2026 12:13 am,Online,Paid,1,0,$5.00,$0.00,$0.00,$0.00,$0.20,$0.00,$0.00,$0.00,$5.20,$0.00,$0.00,$0.00,$0.00,$5.00,$5.00,$0.00,,,,$0.00,$0.00,$0.00,$0.00,Stripe,Yes,,Completed,Online,1,709cb13f-8c04-49ff-b1e6-4566c30935fa
MEM1082,MQIS Membership 2025,24/02/2025,7:00 pm,Charles,Walsh,charles.walsh97@example.com,8095728397,31/07/2026 02:35 am,Online,Paid,1,0,$5.00,$0.00,$0.00,$0.00,$0.20,$0.00,$0.00,$0.00,$5.20,$0.00,$0.00,$0.00,$0.00,$5.00,$5.00,$0.00,,,,$0.00,$0.00,$0.00,$0.00,Stripe,No,,Completed,Online,1,8f942935-1239-4ad9-9a9b-c113ae9f52e1
MEM1083,MQIS Membership 2025,24/02/2025,7:00 pm,Kaitlyn,Carroll,kaitlyn.carroll96@example.com,5984607456,02/08/2026 09:45 pm,Online,Paid,1,0,$5.00,$0.00,$0.00,$0.00,$0.20,$0.00,$0.00,$0.00,$5.20,$0.00,$0.00,$0.00,$0.00,$5.00,$5.00,$0.00,,,,$0.00,$0.00,$0.00,$0.00,Stripe,Yes,,Completed,Online,1,e55d80ac-00e8-4678-b7be-fddea3ecae3d
MEM1084,MQIS Membership 2025,24/02/2025,7:00 pm,Jeremy,Johnson,jeremy.johnson76@example.com,7188758750,18/07/2026 01:37 pm,Online,Paid,1,0,$5.00,$0.00,$0.00,$0.00,$0.20,$0.00,$0.00,$0.00,$5.20,$0.00,$0.00,$0.00,$0.00,$5.00,$5.00,$0.00,,,,$0.00,$0.00,$0.00,$0.00,Stripe,Yes,,Completed,Online,1,7c52b704-08d8-4ef4-a1d5-142caa1eb3b1
MEM1085,MQIS Membership 2025,24/02/2025,7:00 pm,Christopher,Williams,christopher.williams26@example.com,0469074390,23/07/2026 05:21 pm,Online,Paid,1,0,$5.00,$0.00,$0.00,$0.00,$0.20,$0.00,$0.00,$0.00,$5.20,$0.00,$0.00,$0.00,$0.00,$5.00,$5.00,$0.00,,,,$0.00,$0.00,$0.00,$0.00,Stripe,No,,Completed,Online,1,7eb3cbe9-fee0-40ee-bae1-f7af405b7809
MEM1086,MQIS Membership 2025,24/02/2025,7:00 pm,Robert,Washington,robert.washington42@example.com,0244407319,17/07/2026 07:47 pm,Online,Paid,1,0,$5.00,$0.00,$0.00,$0.00,$0.20,$0.00,$0.00,$0.00,$5.20,$0.00,$0.00,$0.00,$0.00,$5.00,$5.00,$0.00,,,,$0.00,$0.00,$0.00,$0.00,Stripe,No,,Completed,Online,1,ac33479f-bfbe-4683-9fc7-d097a718c8be
MEM1087,MQIS Membership 2025,24/02/2025,7:00 pm,Jennifer,Hansen,jennifer.hansen52@example.com,2036729169,10/07/2026 10:12 am,Online,Paid,1,0,$5.00,$0.00,$0.00,$0.00,$0.20,$0.00,$0.00,$0.00,$5.20,$0.00,$0.00,$0.00,$0.00,$5.00,$5.00,$0.00,,,,$0.00,$0.00,$0.00,$0.00,Stripe,Yes,,Completed,Online,1,c6d0fbd9-a37c-448e-ba92-879415224687
MEM1088,MQIS Membership 2025,24/02/2025,7:00 pm,Linda,Jarvis,linda.jarvis80@example.com,6471079352,17/08/2026 04:53 pm,Online,Paid,1,0,$5.00,$0.00,$0.00,$0.00,$0.20,$0.00,$0.00,$0.00,$5.20,$0.00,$0.00,$0.00,$0.00,$5.00,$5.00,$0.00,,,,$0.00,$0.00,$0.00,$0.00,Stripe,Yes,,Completed,Online,1,b37525df-fd18-4366-a29b-08695dde05de
MEM1089,MQIS Membership 2025,24/02/2025,7:00 pm,Katie,Anderson,katie.anderson89@example.com,1300161832,06/08/2026 11:47 pm,Online,Paid,1,0,$5.00,$0.00,$0.00,$0.00,$0.20,$0.00,$0.00,$0.00,$5.20,$0.00,$0.00,$0.00,$0.00,$5.00,$5.00,$0.00,,,,$0.00,$0.00,$0.00,$0.00,Stripe,Yes,,Completed,Online,1,0bf7dd69-ef55-4db5-9198-f69dfd3a42df
MEM1090,MQIS Membership 2025,24/02/2025,7:00 pm,Joshua,Madden,joshua.madden85@example.com,4166430860,12/07/2026 05:25 pm,Manual,Paid,1,0,$5.00,$0.00,$0.00,$0.00,$0.20,$0.00,$0.00,$0.00,$5.20,$0.00,$0.00,$0.00,$0.00,$5.00,$5.00,$0.00,,,,$0.00,$0.00,$0.00,$0.00,Stripe,No,,Completed,Manual,1,18af27a9-3c32-462f-a9d7-567ddb79c48b
MEM1091,MQIS Membership 2025,24/02/2025,7:00 pm,Joseph,Zuniga,joseph.zuniga92@example.com,3246447106,25/07/2026 10:10 pm,Manual,Paid,1,0,$5.00,$0.00,$0.00,$0.00,$0.20,$0.00,$0.00,$0.00,$5.20,$0.00,$0.00,$0.00,$0.00,$5.00,$5.00,$0.00,,,,$0.00,$0.00,$0.00,$0.00,Stripe,Yes,,Completed,Manual,1,a4d655d4-f59a-47b5-b447-d77c6e18527c
MEM1092,MQIS Membership 2025,24/02/2025,7:00 pm,Erik,Watson,erik.watson31@example.com,8892141810,19/07/2026 03:32 pm,Online,Paid,1,0,$5.00,$0.00,$0.00,$0.00,$0.20,$0.00,$0.00,$0.00,$5.20,$0.00,$0.00,$0.00,$0.00,$5.00,$5.00,$0.00,,,,$0.00,$0.00,$0.00,$0.00,Stripe,Yes,,Completed,Online,1,80f7e737-0682-4a76-9baa-e406ce6aecd6
MEM1093,MQIS Membership 2025,24/02/2025,7:00 pm,David,Caldwell,david.caldwell10@example.com,9801170564,05/08/2026 04:13 am,Online,Paid,1,0,$5.00,$0.00,$0.00,$0.00,$0.20,$0.00,$0.00,$0.00,$5.20,$0.00,$0.00,$0.00,$0.00,$5.00,$5.00,$0.00,,,,$0.00,$0.00,$0.00,$0.00,Stripe,No,,Completed,Online,1,745ceb19-5ed0-4451-a13a-36db8a12ff30
MEM1094,MQIS Membership 2025,24/02/2025,7:00 pm,Kaitlin,Wright,kaitlin.wright73@example.com,9033675947,08/08/2026 09:45 pm,Online,Paid,1,0,$5.00,$0.00,$0.00,$0.00,$0.20,$0.00,$0.00,$0.00,$5.20,$0.00,$0.00,$0.00,$0.00,$5.00,$5.00,$0.00,,,,$0.00,$0.00,$0.00,$0.00,Stripe,No,,Completed,Online,1,9e34923f-c2cd-451d-9546-973ad17eb5d7
MEM1095,MQIS Membership 2025,24/02/2025,7:00 pm,Joseph,Mahoney,joseph.mahoney18@example.com,7848652308,07/08/2026 08:06 am,Online,Paid,1,0,$5.00,$0.00,$0.00,$0.00,$0.20,$0.00,$0.00,$0.00,$5.20,$0.00,$0.00,$0.00,$0.00,$5.00,$5.00,$0.00,,,,$0.00,$0.00,$0.00,$0.00,Stripe,Yes,,Completed,Online,1,43ba79ae-318f-4ad1-b6c9-28d4d6e38280
MEM1096,MQIS Membership 2025,24/02/2025,7:00 pm,Sean,Mitchell,sean.mitchell29@example.com,4982070002,13/08/2026 02:39 pm,Online,Paid,1,0,$5.00,$0.00,$0.00,$0.00,$0.20,$0.00,$0.00,$0.00,$5.20,$0.00,$0.00,$0.00,$0.00,$5.00,$5.00,$0.00,,,,$0.00,$0.00,$0.00,$0.00,Stripe,No,,Completed,Online,1,58e33f5e-7259-4637-830b-4e2c5669c3ef
MEM1097,MQIS Membership 2025,24/02/2025,7:00 pm,Christopher,Garcia,christopher.garcia2@example.com,4163825117,18/07/2026 07:11 am,Manual,Refunded,0,1,$0.00,$0.00,$0.00,$0.00,$0.00,$0.00,$0.00,$0.00,$0.00,$0.00,$0.00,$0.00,$0.00,$0.00,$0.00,$0.00,,,,$0.00,$0.00,$0.00,$0.00,Stripe,No,,Completed,Manual,1,59555048-cf27-4449-97ba-5ab83144ff97
MEM1098,MQIS Membership 2025,24/02/2025,7:00 pm,James,Edwards,james.edwards87@example.com,7263308048,30/07/2026 04:19 am,Online,Paid,1,0,$5.00,$0.00,$0.00,$0.00,$0.20,$0.00,$0.00,$0.00,$5.20,$0.00,$0.00,$0.00,$0.00,$5.00,$5.00,$0.00,,,,$0.00,$0.00,$0.00,$0.00,Stripe,No,,Completed,Online,1,b1d3ed17-e16b-410b-ade2-905db6a6b431
MEM1099,MQIS Membership 2025,24/02/2025,7:00 pm,Zoe,Bell,zoe.bell8@example.com,5804430657,13/07/2026 11:49 am,Manual,Paid,1,0,$5.00,$0.00,$0.00,$0.00,$0.20,$0.00,$0.00,$0.00,$5.20,$0.00,$0.00,$0.00,$0.00,$5.00,$5.00,$0.00,,,,$0.00,$0.00,$0.00,$0.00,Stripe,No,,Completed,Manual,1,1b6581bf-71fa-440d-a22f-92f81994988e
MEM1100,MQIS Membership 2025,24/02/2025,7:00 pm,Alyssa,Mcintyre,alyssa.mcintyre91@example.com,0981766352,06/08/2026 07:13 pm,Online,Paid,1,0,$5.00,$0.00,$0.00,$0.00,$0.20,$0.00,$0.00,$0.00,$5.20,$0.00,$0.00,$0.00,$0.00,$5.00,$5.00,$0.00,,,,$0.00,$0.00,$0.00,$0.00,Stripe,No,,Completed,Online,1,33b4bb79-7be7-4b0d-ab10-7e6aee9ed00d
MEM1101,MQIS Membership 2025,24/02/2025,7:00 pm,Jamie,Robinson,jamie.robinson95@example.com,1107068686,11/08/2026 04:56 pm,Online,Paid,1,0,$5.00,$0.00,$0.00,$0.00,$0.20,$0.00,$0.00,$0.00,$5.20,$0.00,$0.00,$0.00,$0.00,$5.00,$5.00,$0.00,,,,$0.00,$0.00,$0.00,$0.00,Stripe,Yes,,Completed,Online,1,e2e94afd-7900-42e3-8a73-7e8c19d14bf2
MEM1102,MQIS Membership 2025,24/02/2025,7:00 pm,Darlene,Henry,darlene.henry57@example.com,6895374252,19/07/2026 01:59 pm,Manual,Paid,1,0,$5.00,$0.00,$0.00,$0.00,$0.20,$0.00,$0.00,$0.00,$5.20,$0.00,$0.00,$0.00,$0.00,$5.00,$5.00,$0.00,,,,$0.00,$0.00,$0.00,$0.00,Stripe,Yes,,Completed,Manual,1,953ba84b-89d2-4423-a13c-9aa5ece5f080
MEM1103,MQIS Membership 2025,24/02/2025,7:00 pm,Chris,Richard,chris.richard52@example.com,7395166032,11/08/2026 10:59 pm,Online,Paid,1,0,$5.00,$0.00,$0.00,$0.00,$0.20,$0.00,$0.00,$0.00,$5.20,$0.00,$0.00,$0.00,$0.00,$5.00,$5.00,$0.00,,,,$0.00,$0.00,$0.00,$0.00,Stripe,No,,Completed,Online,1,b978ad32-ad25-4df2-83d9-8f6d198fb083
MEM1104,MQIS Membership 2025,24/02/2025,7:00 pm,Christopher,Fletcher,christopher.fletcher82@example.com,0715199632,11/07/2026 01:41 am,Online,Paid,1,0,$5.00,$0.00,$0.00,$0.00,$0.20,$0.00,$0.00,$0.00,$5.20,$0.00,$0.00,$0.00,$0.00,$5.00,$5.00,$0.00,,,,$0.00,$0.00,$0.00,$0.00,Stripe,No,,Completed,Online,1,26a47a52-7dc6-476f-a92f-dd217cd78dc2
MEM1105,MQIS Membership 2025,24/02/2025,7:00 pm,Jacqueline,Parker,jacqueline.parker56@example.com,1159533841,23/07/2026 01:02 pm,Online,Paid,1,0,$5.00,$0.00,$0.00,$0.00,$0.20,$0.00,$0.00,$0.00,$5.20,$0.00,$0.00,$0.00,$0.00,$5.00,$5.00,$0.00,,,,$0.00,$0.00,$0.00,$0.00,Stripe,No,,Completed,Online,1,e6c9bc26-e89e-4245-b8e8-8eb0aef8ed0a
MEM1106,MQIS Membership 2025,24/02/2025,7:00 pm,Robert,Mack,robert.mack16@example.com,2881566030,09/08/2026 02:34 pm,Online,Paid,1,0,$5.00,$0.00,$0.00,$0.00,$0.20,$0.00,$0.00,$0.00,$5.20,$0.00,$0.00,$0.00,$0.00,$5.00,$5.00,$0.00,,,,$0.00,$0.00,$0.00,$0.00,Stripe,Yes,,Completed,Online,1,a38f3db7-1577-4238-b10f-c06f59f2ac02
MEM1107,MQIS Membership 2025,24/02/2025,7:00 pm,Scott,Smith,scott.smith90@example.com,3493635680,30/07/2026 06:22 pm,Online,Paid,1,0,$5.00,$0.00,$0.00,$0.00,$0.20,$0.00,$0.00,$0.00,$5.20,$0.00,$0.00,$0.00,$0.00,$5.00,$5.00,$0.00,,,,$0.00,$0.00,$0.00,$0.00,Stripe,Yes,,Completed,Online,1,c1d8bc9a-eb4c-4b78-a105-decf9d941a94
MEM1108,MQIS Membership 2025,24/02/2025,7:00 pm,Henry,Lewis,henry.lewis90@example.com,4724416762,17/08/2026 01:56 am,Online,Paid,1,0,$5.00,$0.00,$0.00,$0.00,$0.20,$0.00,$0.00,$0.00,$5.20,$0.00,$0.00,$0.00,$0.00,$5.00,$5.00,$0.00,,,,$0.00,$0.00,$0.00,$0.00,Stripe,No,,Completed,Online,1,05456d2f-3dcd-4058-8a4c-8a76bec4bcc0
MEM1109,MQIS Membership 2025,24/02/2025,7:00 pm,Julie,Thornton,julie.thornton28@example.com,7429326834,03/08/2026 11:32 am,Online,Paid,1,0,$5.00,$0.00,$0.00,$0.00,$0.20,$0.00,$0.00,$0.00,$5.20,$0.00,$0.00,$0.00,$0.00,$5.00,$5.00,$0.00,,,,$0.00,$0.00,$0.00,$0.00,Stripe,No,,Completed,Online,1,a36db330-f32a-43d4-b81f-a85e9aa20b9c
MEM1110,MQIS Membership 2025,24/02/2025,7:00 pm,Andrea,Wilson,andrea.wilson20@example.com,1628908454,17/07/2026 03:02 am,Online,Paid,1,0,$5.00,$0.00,$0.00,$0.00,$0.20,$0.00,$0.00,$0.00,$5.20,$0.00,$0.00,$0.00,$0.00,$5.00,$5.00,$0.00,,,,$0.00,$0.00,$0.00,$0.00,Stripe,Yes,,Completed,Online,1,e7e12341-7a0e-47e4-b025-e2bb23cd95e2
MEM1111,MQIS Membership 2025,24/02/2025,7:00 pm,William,Hoover,william.hoover41@example.com,2581287663,18/07/2026 10:22 am,Online,Paid,1,0,$5.00,$0.00,$0.00,$0.00,$0.20,$0.00,$0.00,$0.00,$5.20,$0.00,$0.00,$0.00,$0.00,$5.00,$5.00,$0.00,,,,$0.00,$0.00,$0.00,$0.00,Stripe,Yes,,Completed,Online,1,713c2470-9f74-469d-9ab2-7a43cc2656cd
MEM1112,MQIS Membership 2025,24/02/2025,7:00 pm,Megan,Flores,megan.flores60@example.com,4765224696,17/08/2026 10:09 am,Online,Paid,1,0,$5.00,$0.00,$0.00,$0.00,$0.20,$0.00,$0.00,$0.00,$5.20,$0.00,$0.00,$0.00,$0.00,$5.00,$5.00,$0.00,,,,$0.00,$0.00,$0.00,$0.00,Stripe,Yes,,Completed,Online,1,11082c84-2d90-4771-97bc-622b69877892
MEM1113,MQIS Membership 2025,24/02/2025,7:00 pm,Mark,Vang,mark.vang36@example.com,7135284547,28/07/2026 11:58 pm,Online,Paid,1,0,$5.00,$0.00,$0.00,$0.00,$0.20,$0.00,$0.00,$0.00,$5.20,$0.00,$0.00,$0.00,$0.00,$5.00,$5.00,$0.00,,,,$0.00,$0.00,$0.00,$0.00,Stripe,Yes,,Completed,Online,1,ce3a45d9-5abd-4b08-85e3-e7dfa02860fe
MEM1114,MQIS Membership 2025,24/02/2025,7:00 pm,Kaylee,Smith,kaylee.smith81@example.com,5807664878,13/08/2026 09:48 pm,Online,Paid,1,0,$5.00,$0.00,$0.00,$0.00,$0.20,$0.00,$0.00,$0.00,$5.20,$0.00,$0.00,$0.00,$0.00,$5.00,$5.00,$0.00,,,,$0.00,$0.00,$0.00,$0.00,Stripe,No,,Completed,Online,1,1e731124-3fed-4d47-aa9f-17348bae04ed
MEM1115,MQIS Membership 2025,24/02/2025,7:00 pm,Hannah,Brewer,hannah.brewer25@example.com,0783359482,17/07/2026 09:10 am,Online,Paid,1,0,$5.00,$0.00,$0.00,$0.00,$0.20,$0.00,$0.00,$0.00,$5.20,$0.00,$0.00,$0.00,$0.00,$5.00,$5.00,$0.00,,,,$0.00,$0.00,$0.00,$0.00,Stripe,Yes,,Completed,Online,1,f416cb92-d37b-4457-8974-beac2075d135
MEM1116,MQIS Membership 2025,24/02/2025,7:00 pm,Rebecca,Davis,rebecca.davis4@example.com,6035341765,10/08/2026 05:51 pm,Online,Paid,1,0,$5.00,$0.00,$0.00,$0.00,$0.20,$0.00,$0.00,$0.00,$5.20,$0.00,$0.00,$0.00,$0.00,$5.00,$5.00,$0.00,,,,$0.00,$0.00,$0.00,$0.00,Stripe,Yes,,Completed,Online,1,1a6b6aaf-1944-432d-8315-8ea8ceb28196
MEM1117,MQIS Membership 2025,24/02/2025,7:00 pm,Jacqueline,Parker,jacqueline.parker56@example.com,0147391298,04/08/2026 01:16 pm,Online,Paid,1,0,$5.00,$0.00,$0.00,$0.00,$0.20,$0.00,$0.00,$0.00,$5.20,$0.00,$0.00,$0.00,$0.00,$5.00,$5.00,$0.00,,,,$0.00,$0.00,$0.00,$0.00,Stripe,Yes,,Completed,Online,1,fbb60d99-8f5f-491e-881f-8370401a45ed
MEM1118,MQIS Membership 2025,24/02/2025,7:00 pm,Kenneth,Mendez,kenneth.mendez37@example.com,1277127715,14/08/2026 07:41 am,Online,Paid,1,0,$5.00,$0.00,$0.00,$0.00,$0.20,$0.00,$0.00,$0.00,$5.20,$0.00,$0.00,$0.00,$0.00,$5.00,$5.00,$0.00,,,,$0.00,$0.00,$0.00,$0.00,Stripe,Yes,,Completed,Online,1,9a00c4c0-d573-4e2d-93dc-7fcb31d3a0c6
MEM1119,MQIS Membership 2025,24/02/2025,7:00 pm,Sean,Mitchell,sean.mitchell29@example.com,7447940803,10/07/2026 02:01 pm,Online,Paid,1,0,$5.00,$0.00,$0.00,$0.00,$0.20,$0.00,$0.00,$0.00,$5.20,$0.00,$0.00,$0.00,$0.00,$5.00,$5.00,$0.00,,,,$0.00,$0.00,$0.00,$0.00,Stripe,Yes,,Completed,Online,1,90f0d802-2aa4-4db9-a8f4-100bbbced11f
MEM1120,MQIS Membership 2025,24/02/2025,7:00 pm,Grant,Novak,grant.novak47@example.com,4199658402,04/08/2026 04:22 am,Online,Paid,1,0,$5.00,$0.00,$0.00,$0.00,$0.20,$0.00,$0.00,$0.00,$5.20,$0.00,$0.00,$0.00,$0.00,$5.00,$5.00,$0.00,,,,$0.00,$0.00,$0.00,$0.00,Stripe,No,,Completed,Online,1,20728d10-526b-4613-8077-f02e6bb85cc5
MEM1121,MQIS Membership 2025,24/02/2025,7:00 pm,Nicholas,Martin,nicholas.martin1@example.com,8728023865,11/08/2026 10:40 am,Online,Paid,1,0,$5.00,$0.00,$0.00,$0.00,$0.20,$0.00,$0.00,$0.00,$5.20,$0.00,$0.00,$0.00,$0.00,$5.00,$5.00,$0.00,,,,$0.00,$0.00,$0.00,$0.00,Stripe,No,,Completed,Online,1,8deeb414-036c-45c8-bccf-ee920b3312c9
MEM1122,MQIS Membership 2025,24/02/2025,7:00 pm,Thomas,Pierce,thomas.pierce6@example.com,1888003005,10/07/2026 05:26 pm,Online,Paid,1,0,$5.00,$0.00,$0.00,$0.00,$0.20,$0.00,$0.00,$0.00,$5.20,$0.00,$0.00,$0.00,$0.00,$5.00,$5.00,$0.00,,,,$0.00,$0.00,$0.00,$0.00,Stripe,No,,Completed,Online,1,65b50052-f8d9-445f-8bd0-ca6c275de2c4
MEM1123,MQIS Membership 2025,24/02/2025,7:00 pm,Chad,Welch,chad.welch59@example.com,2203071081,13/08/2026 03:42 am,Manual,Paid,1,0,$5.00,$0.00,$0.00,$0.00,$0.20,$0.00,$0.00,$0.00,$5.20,$0.00,$0.00,$0.00,$0.00,$5.00,$5.00,$0.00,,,,$0.00,$0.00,$0.00,$0.00,Stripe,No,,Completed,Manual,1,df836b0e-347f-4e75-aa92-d170f0858e79
MEM1124,MQIS Membership 2025,24/02/2025,7:00 pm,Lori,Oconnell,lori.oconnell63@example.com,6621541519,07/08/2026 12:07 am,Online,Paid,1,0,$5.00,$0.00,$0.00,$0.00,$0.20,$0.00,$0.00,$0.00,$5.20,$0.00,$0.00,$0.00,$0.00,$5.00,$5.00,$0.00,,,,$0.00,$0.00,$0.00,$0.00,Stripe,Yes,,Completed,Online,1,add0a36a-c752-4623-96a0-c6a300aaf1bb
MEM1125,MQIS Membership 2025,24/02/2025,7:00 pm,Melissa,Jones,melissa.jones8@example.com,2929428635,14/08/2026 07:18 am,Online,Paid,1,0,$5.00,$0.00,$0.00,$0.00,$0.20,$0.00,$0.00,$0.00,$5.20,$0.00,$0.00,$0.00,$0.00,$5.00,$5.00,$0.00,,,,$0.00,$0.00,$0.00,$0.00,Stripe,Yes,,Completed,Online,1,e1cc6a9a-b417-458b-aae0-e12c9570c489
MEM1126,MQIS Membership 2025,24/02/2025,7:00 pm,April,Owen,april.owen99@example.com,4955910923,25/07/2026 03:16 pm,Manual,Paid,1,0,$5.00,$0.00,$0.00,$0.00,$0.20,$0.00,$0.00,$0.00,$5.20,$0.00,$0.00,$0.00,$0.00,$5.00,$5.00,$0.00,,,,$0.00,$0.00,$0.00,$0.00,Stripe,No,,Completed,Manual,1,593339fd-8110-4d4e-8643-e467d963e5de
MEM1127,MQIS Membership 2025,24/02/2025,7:00 pm,Tracy,Whitehead,tracy.whitehead18@example.com,8346389161,28/07/2026 04:11 am,Online,Paid,1,0,$5.00,$0.00,$0.00,$0.00,$0.20,$0.00,$0.00,$0.00,$5.20,$0.00,$0.00,$0.00,$0.00,$5.00,$5.00,$0.00,,,,$0.00,$0.00,$0.00,$0.00,Stripe,No,,Completed,Online,1,8e1a3a26-e907-499c-b5c4-37525238d1a8
MEM1128,MQIS Membership 2025,24/02/2025,7:00 pm,Sarah,Anderson,sarah.anderson87@example.com,0296149909,29/07/2026 10:48 am,Online,Paid,1,0,$5.00,$0.00,$0.00,$0.00,$0.20,$0.00,$0.00,$0.00,$5.20,$0.00,$0.00,$0.00,$0.00,$5.00,$5.00,$0.00,,,,$0.00,$0.00,$0.00,$0.00,Stripe,No,,Completed,Online,1,a0914f92-53e7-4b9e-90f9-297177cfe8e7
MEM1129,MQIS Membership 2025,24/02/2025,7:00 pm,Jonathan,Fletcher,jonathan.fletcher65@example.com,2798914548,05/08/2026 02:18 am,Online,Paid,1,0,$5.00,$0.00,$0.00,$0.00,$0.20,$0.00,$0.00,$0.00,$5.20,$0.00,$0.00,$0.00,$0.00,$5.00,$5.00,$0.00,,,,$0.00,$0.00,$0.00,$0.00,Stripe,Yes,,Completed,Online,1,1ef92ea3-f559-4947-9db0-9722f3cf37eb
MEM1130,MQIS Membership 2025,24/02/2025,7:00 pm,Mark,Vang,mark.vang36@example.com,8458487494,28/07/2026 08:43 pm,Online,Paid,1,0,$5.00,$0.00,$0.00,$0.00,$0.20,$0.00,$0.00,$0.00,$5.20,$0.00,$0.00,$0.00,$0.00,$5.00,$5.00,$0.00,,,,$0.00,$0.00,$0.00,$0.00,Stripe,No,,Completed,Online,1,2f10ba36-6bbf-448f-ac9f-9936de666672
MEM1131,MQIS Membership 2025,24/02/2025,7:00 pm,Tasha,Valencia,tasha.valencia13@example.com,5807200805,31/07/2026 11:04 pm,Online,Paid,1,0,$5.00,$0.00,$0.00,$0.00,$0.20,$0.00,$0.00,$0.00,$5.20,$0.00,$0.00,$0.00,$0.00,$5.00,$5.00,$0.00,,,,$0.00,$0.00,$0.00,$0.00,Stripe,Yes,,Completed,Online,1,49047ab0-7f6b-4fe1-a748-010f91e15e4e
MEM1132,MQIS Membership 2025,24/02/2025,7:00 pm,Thomas,Mueller,thomas.mueller27@example.com,7529255568,13/08/2026 02:34 am,Online,Paid,1,0,$5.00,$0.00,$0.00,$0.00,$0.20,$0.00,$0.00,$0.00,$5.20,$0.00,$0.00,$0.00,$0.00,$5.00,$5.00,$0.00,,,,$0.00,$0.00,$0.00,$0.00,Stripe,No,,Completed,Online,1,ba9a7180-998b-4ad6-9165-3edf6ca2085e
MEM1133,MQIS Membership 2025,24/02/2025,7:00 pm,William,Peterson,william.peterson25@example.com,5812362424,10/07/2026 10:13 pm,Online,Paid,1,0,$5.00,$0.00,$0.00,$0.00,$0.20,$0.00,$0.00,$0.00,$5.20,$0.00,$0.00,$0.00,$0.00,$5.00,$5.00,$0.00,,,,$0.00,$0.00,$0.00,$0.00,Stripe,No,,Completed,Online,1,22aadd4d-0131-4948-8984-04dfadaa9273
MEM1134,MQIS Membership 2025,24/02/2025,7:00 pm,James,Mccullough,james.mccullough33@example.com,1906724460,17/08/2026 08:37 am,Online,Paid,1,0,$5.00,$0.00,$0.00,$0.00,$0.20,$0.00,$0.00,$0.00,$5.20,$0.00,$0.00,$0.00,$0.00,$5.00,$5.00,$0.00,,,,$0.00,$0.00,$0.00,$0.00,Stripe,Yes,,Completed,Online,1,28ca3838-e5c5-48d4-bc0e-278eb06897c7
MEM1135,MQIS Membership 2025,24/02/2025,7:00 pm,Wendy,Rice,wendy.rice49@example.com,7476308357,12/08/2026 01:50 am,Online,Paid,1,0,$5.00,$0.00,$0.00,$0.00,$0.20,$0.00,$0.00,$0.00,$5.20,$0.00,$0.00,$0.00,$0.00,$5.00,$5.00,$0.00,,,,$0.00,$0.00,$0.00,$0.00,Stripe,No,,Completed,Online,1,183086bb-9e33-42d7-b1d9-50d40794de7e
MEM1136,MQIS Membership 2025,24/02/2025,7:00 pm,Michele,Jones,michele.jones47@example.com,0634741804,12/08/2026 09:30 pm,Online,Paid,1,0,$5.00,$0.00,$0.00,$0.00,$0.20,$0.00,$0.00,$0.00,$5.20,$0.00,$0.00,$0.00,$0.00,$5.00,$5.00,$0.00,,,,$0.00,$0.00,$0.00,$0.00,Stripe,Yes,,Completed,Online,1,50e77170-03f1-49d5-b1db-836b2829dda9
MEM1137,MQIS Membership 2025,24/02/2025,7:00 pm,Shelly,Powers,shelly.powers97@example.com,5733682876,09/08/2026 08:48 pm,Online,Paid,1,0,$5.00,$0.00,$0.00,$0.00,$0.20,$0.00,$0.00,$0.00,$5.20,$0.00,$0.00,$0.00,$0.00,$5.00,$5.00,$0.00,,,,$0.00,$0.00,$0.00,$0.00,Stripe,No,,Completed,Online,1,23873d96-58d7-4afd-9b73-6baaba4871f0
MEM1138,MQIS Membership 2025,24/02/2025,7:00 pm,Carlos,Osborne,carlos.osborne95@example.com,8568506648,23/07/2026 08:26 am,Online,Paid,1,0,$5.00,$0.00,$0.00,$0.00,$0.20,$0.00,$0.00,$0.00,$5.20,$0.00,$0.00,$0.00,$0.00,$5.00,$5.00,$0.00,,,,$0.00,$0.00,$0.00,$0.00,Stripe,No,,Completed,Online,1,dff2644e-4f54-4959-a69e-8598a8685f0c
MEM1139,MQIS Membership 2025,24/02/2025,7:00 pm,James,Wilson,james.wilson32@example.com,1300025546,17/08/2026 08:44 am,Online,Paid,1,0,$5.00,$0.00,$0.00,$0.00,$0.20,$0.00,$0.00,$0.00,$5.20,$0.00,$0.00,$0.00,$0.00,$5.00,$5.00,$0.00,,,,$0.00,$0.00,$0.00,$0.00,Stripe,No,,Completed,Online,1,9f28000e-71d9-4b9a-8924-90723d19656a
MEM1140,MQIS Membership 2025,24/02/2025,7:00 pm,Emily,Nelson,emily.nelson56@example.com,9484470414,30/07/2026 06:54 am,Online,Paid,1,0,$5.00,$0.00,$0.00,$0.00,$0.20,$0.00,$0.00,$0.00,$5.20,$0.00,$0.00,$0.00,$0.00,$5.00,$5.00,$0.00,,,,$0.00,$0.00,$0.00,$0.00,Stripe,No,,Completed,Online,1,36462b7c-62b9-4941-bec4-ba68aa967752
MEM1141,MQIS Membership 2025,24/02/2025,7:00 pm,Tina,Simpson,tina.simpson17@example.com,0695118196,09/08/2026 05:59 am,Online,Paid,1,0,$5.00,$0.00,$0.00,$0.00,$0.20,$0.00,$0.00,$0.00,$5.20,$0.00,$0.00,$0.00,$0.00,$5.00,$5.00,$0.00,,,,$0.00,$0.00,$0.00,$0.00,Stripe,Yes,,Completed,Online,1,dfeb6684-db02-434a-b0dd-221ca51aaa07
MEM1142,MQIS Membership 2025,24/02/2025,7:00 pm,Cynthia,Kelley,cynthia.kelley99@example.com,5942298133,24/07/2026 02:29 pm,Online,Paid,1,0,$5.00,$0.00,$0.00,$0.00,$0.20,$0.00,$0.00,$0.00,$5.20,$0.00,$0.00,$0.00,$0.00,$5.00,$5.00,$0.00,,,,$0.00,$0.00,$0.00,$0.00,Stripe,No,,Completed,Online,1,75d3e6c0-9d52-4a1f-aaf0-90609db21754
MEM1143,MQIS Membership 2025,24/02/2025,7:00 pm,Robin,Thompson,robin.thompson24@example.com,1180167743,12/08/2026 10:44 am,Online,Paid,1,0,$5.00,$0.00,$0.00,$0.00,$0.20,$0.00,$0.00,$0.00,$5.20,$0.00,$0.00,$0.00,$0.00,$5.00,$5.00,$0.00,,,,$0.00,$0.00,$0.00,$0.00,Stripe,No,,Completed,Online,1,00a58247-f8db-411e-9fac-211a8ba62505
MEM1144,MQIS Membership 2025,24/02/2025,7:00 pm,Tammy,Lewis,tammy.lewis48@example.com,9271436947,13/08/2026 04:27 am,Online,Paid,1,0,$5.00,$0.00,$0.00,$0.00,$0.20,$0.00,$0.00,$0.00,$5.20,$0.00,$0.00,$0.00,$0.00,$5.00,$5.00,$0.00,,,,$0.00,$0.00,$0.00,$0.00,Stripe,No,,Completed,Online,1,c68a6bcc-4e46-4733-a2c8-152df8232f69
MEM1145,MQIS Membership 2025,24/02/2025,7:00 pm,John,Charles,john.charles69@example.com,8616187764,29/07/2026 03:03 am,Online,Paid,1,0,$5.00,$0.00,$0.00,$0.00,$0.20,$0.00,$0.00,$0.00,$5.20,$0.00,$0.00,$0.00,$0.00,$5.00,$5.00,$0.00,,,,$0.00,$0.00,$0.00,$0.00,Stripe,Yes,,Completed,Online,1,14cfb71d-3065-43a2-8afc-6fef8a279be1
MEM1146,MQIS Membership 2025,24/02/2025,7:00 pm,Beverly,Johnston,beverly.johnston85@example.com,5217900531,10/08/2026 04:42 am,Online,Paid,1,0,$5.00,$0.00,$0.00,$0.00,$0.20,$0.00,$0.00,$0.00,$5.20,$0.00,$0.00,$0.00,$0.00,$5.00,$5.00,$0.00,,,,$0.00,$0.00,$0.00,$0.00,Stripe,No,,Completed,Online,1,d88c990d-b268-4f8b-918c-d5405ed9b3c3
MEM1147,MQIS Membership 2025,24/02/2025,7:00 pm,John,Durham,john.durham20@example.com,2845958769,29/07/2026 12:32 pm,Manual,Paid,1,0,$5.00,$0.00,$0.00,$0.00,$0.20,$0.00,$0.00,$0.00,$5.20,$0.00,$0.00,$0.00,$0.00,$5.00,$5.00,$0.00,,,,$0.00,$0.00,$0.00,$0.00,Stripe,No,,Completed,Manual,1,a3f02d59-1815-48e5-9708-96f4def7c3bc
MEM1148,MQIS Membership 2025,24/02/2025,7:00 pm,Amy,Adkins,amy.adkins30@example.com,3078373183,17/07/2026 01:27 am,Online,Paid,1,0,$5.00,$0.00,$0.00,$0.00,$0.20,$0.00,$0.00,$0.00,$5.20,$0.00,$0.00,$0.00,$0.00,$5.00,$5.00,$0.00,,,,$0.00,$0.00,$0.00,$0.00,Stripe,No,,Completed,Online,1,3c66baa5-bc90-413f-abc9-e3011beed6a8
MEM1149,MQIS Membership 2025,24/02/2025,7:00 pm,Donna,Johnson,donna.johnson49@example.com,5923258024,09/08/2026 05:46 am,Online,Paid,1,0,$5.00,$0.00,$0.00,$0.00,$0.20,$0.00,$0.00,$0.00,$5.20,$0.00,$0.00,$0.00,$0.00,$5.00,$5.00,$0.00,,,,$0.00,$0.00,$0.00,$0.00,Stripe,Yes,,Completed,Online,1,c40f2bca-1a04-4bc7-aac4-a84e13db057d
MEM1150,MQIS Membership 2025,24/02/2025,7:00 pm,Elizabeth,Hodge,elizabeth.hodge31@example.com,7435149286,25/07/2026 08:29 am,Online,Paid,1,0,$5.00,$0.00,$0.00,$0.00,$0.20,$0.00,$0.00,$0.00,$5.20,$0.00,$0.00,$0.00,$0.00,$5.00,$5.00,$0.00,,,,$0.00,$0.00,$0.00,$0.00,Stripe,No,,Completed,Online,1,349de483-2763-4668-8e01-7badb369dc7c
MEM1151,MQIS Membership 2025,24/02/2025,7:00 pm,Patty,Singleton,patty.singleton49@example.com,0281060763,14/07/2026 07:04 am,Online,Paid,1,0,$5.00,$0.00,$0.00,$0.00,$0.20,$0.00,$0.00,$0.00,$5.20,$0.00,$0.00,$0.00,$0.00,$5.00,$5.00,$0.00,,,,$0.00,$0.00,$0.00,$0.00,Stripe,No,,Completed,Online,1,6a453893-ae02-4b97-87a3-43d9352716e6
MEM1152,MQIS Membership 2025,24/02/2025,7:00 pm,Jody,Meza,jody.meza90@example.com,3356416298,10/07/2026 11:44 am,Manual,Paid,1,0,$5.00,$0.00,$0.00,$0.00,$0.20,$0.00,$0.00,$0.00,$5.20,$0.00,$0.00,$0.00,$0.00,$5.00,$5.00,$0.00,,,,$0.00,$0.00,$0.00,$0.00,Stripe,No,,Completed,Manual,1,5c28157e-183a-403c-a697-653b54ad9d4f
MEM1153,MQIS Membership 2025,24/02/2025,7:00 pm,Megan,Murphy,megan.murphy64@example.com,4351723685,07/08/2026 12:45 pm,Online,Paid,1,0,$5.00,$0.00,$0.00,$0.00,$0.20,$0.00,$0.00,$0.00,$5.20,$0.00,$0.00,$0.00,$0.00,$5.00,$5.00,$0.00,,,,$0.00,$0.00,$0.00,$0.00,Stripe,No,,Completed,Online,1,63721cf1-2b62-482e-9d19-12aa893643c8
MEM1154,MQIS Membership 2025,24/02/2025,7:00 pm,Danielle,Johnson,danielle.johnson82@example.com,3547224055,12/07/2026 09:49 am,Online,Paid,1,0,$5.00,$0.00,$0.00,$0.00,$0.20,$0.00,$0.00,$0.00,$5.20,$0.00,$0.00,$0.00,$0.00,$5.00,$5.00,$0.00,,,,$0.00,$0.00,$0.00,$0.00,Stripe,No,,Completed,Online,1,1dad3425-f611-4882-93ad-0863e5162f4a
MEM1155,MQIS Membership 2025,24/02/2025,7:00 pm,Loretta,Austin,loretta.austin25@example.com,0458927523,18/08/2026 03:38 am,Manual,Paid,1,0,$5.00,$0.00,$0.00,$0.00,$0.20,$0.00,$0.00,$0.00,$5.20,$0.00,$0.00,$0.00,$0.00,$5.00,$5.00,$0.00,,,,$0.00,$0.00,$0.00,$0.00,Stripe,No,,Completed,Manual,1,5fc192a3-c083-4277-8927-9de77de7920d
MEM1156,MQIS Membership 2025,24/02/2025,7:00 pm,Reginald,Goodwin,reginald.goodwin53@example.com,3555638598,26/07/2026 05:50 pm,Manual,Paid,1,0,$5.00,$0.00,$0.00,$0.00,$0.20,$0.00,$0.00,$0.00,$5.20,$0.00,$0.00,$0.00,$0.00,$5.00,$5.00,$0.00,,,,$0.00,$0.00,$0.00,$0.00,Stripe,No,,Completed,Manual,1,35bbb820-e209-491b-82b8-fb3b8e79aa0a
MEM1157,MQIS Membership 2025,24/02/2025,7:00 pm,Courtney,Mason,courtney.mason70@example.com,4869800557,03/08/2026 07:08 am,Online,Paid,1,0,$5.00,$0.00,$0.00,$0.00,$0.20,$0.00,$0.00,$0.00,$5.20,$0.00,$0.00,$0.00,$0.00,$5.00,$5.00,$0.00,,,,$0.00,$0.00,$0.00,$0.00,Stripe,No,,Completed,Online,1,f93d6488-9fad-412c-b5fa-3a3500d82181
MEM1158,MQIS Membership 2025,24/02/2025,7:00 pm,Rachel,Clark,rachel.clark9@example.com,6609404475,08/08/2026 01:11 am,Online,Paid,1,0,$5.00,$0.00,$0.00,$0.00,$0.20,$0.00,$0.00,$0.00,$5.20,$0.00,$0.00,$0.00,$0.00,$5.00,$5.00,$0.00,,,,$0.00,$0.00,$0.00,$0.00,Stripe,Yes,,Completed,Online,1,55492676-03f9-4372-908b-faffceab8804
MEM1159,MQIS Membership 2025,24/02/2025,7:00 pm,Joseph,Brennan,joseph.brennan85@example.com,5589906586,26/07/2026 11:47 am,Manual,Paid,1,0,$5.00,$0.00,$0.00,$0.00,$0.20,$0.00,$0.00,$0.00,$5.20,$0.00,$0.00,$0.00,$0.00,$5.00,$5.00,$0.00,,,,$0.00,$0.00,$0.00,$0.00,Stripe,Yes,,Completed,Manual,1,4a1aea93-2b53-4205-b3b3-5cf629ef1f81
MEM1160,MQIS Membership 2025,24/02/2025,7:00 pm,Terrance,Costa,terrance.costa57@example.com,3006319106,17/07/2026 11:51 am,Online,Paid,1,0,$5.00,$0.00,$0.00,$0.00,$0.20,$0.00,$0.00,$0.00,$5.20,$0.00,$0.00,$0.00,$0.00,$5.00,$5.00,$0.00,,,,$0.00,$0.00,$0.00,$0.00,Stripe,No,,Completed,Online,1,61bdbe67-3f0a-4ea7-9905-be03bd2e54df
MEM1161,MQIS Membership 2025,24/02/2025,7:00 pm,Aaron,Nguyen,aaron.nguyen38@example.com,9114202861,09/08/2026 12:02 am,Manual,Paid,1,0,$5.00,$0.00,$0.00,$0.00,$0.20,$0.00,$0.00,$0.00,$5.20,$0.00,$0.00,$0.00,$0.00,$5.00,$5.00,$0.00,,,,$0.00,$0.00,$0.00,$0.00,Stripe,Yes,,Completed,Manual,1,ade84d92-6941-4fbd-8dc4-0c8b286005ba
MEM1162,MQIS Membership 2025,24/02/2025,7:00 pm,Chris,Mitchell,chris.mitchell28@example.com,4024542249,12/08/2026 07:15 pm,Online,Paid,1,0,$5.00,$0.00,$0.00,$0.00,$0.20,$0.00,$0.00,$0.00,$5.20,$0.00,$0.00,$0.00,$0.00,$5.00,$5.00,$0.00,,,,$0.00,$0.00,$0.00,$0.00,Stripe,No,,Completed,Online,1,3b3fb30f-260e-4f44-85b9-573d3d675516
MEM1163,MQIS Membership 2025,24/02/2025,7:00 pm,Ryan,Johnson,ryan.johnson25@example.com,0013278928,06/08/2026 08:54 am,Online,Paid,1,0,$5.00,$0.00,$0.00,$0.00,$0.20,$0.00,$0.00,$0.00,$5.20,$0.00,$0.00,$0.00,$0.00,$5.00,$5.00,$0.00,,,,$0.00,$0.00,$0.00,$0.00,Stripe,Yes,,Completed,Online,1,96077b1d-a404-4075-8fb6-119e5539a495
MEM1164,MQIS Membership 2025,24/02/2025,7:00 pm,Vicki,Mendoza,vicki.mendoza12@example.com,3532956176,12/08/2026 12:28 am,Online,Paid,1,0,$5.00,$0.00,$0.00,$0.00,$0.20,$0.00,$0.00,$0.00,$5.20,$0.00,$0.00,$0.00,$0.00,$5.00,$5.00,$0.00,,,,$0.00,$0.00,$0.00,$0.00,Stripe,Yes,,Completed,Online,1,84fa62f1-b242-40f6-bc8c-36bae4eef5b9
MEM1165,MQIS Membership 2025,24/02/2025,7:00 pm,Cheryl,Archer,cheryl.archer69@example.com,6408977953,21/07/2026 03:01 am,Online,Paid,1,0,$5.00,$0.00,$0.00,$0.00,$0.20,$0.00,$0.00,$0.00,$5.20,$0.00,$0.00,$0.00,$0.00,$5.00,$5.00,$0.00,,,,$0.00,$0.00,$0.00,$0.00,Stripe,Yes,,Completed,Online,1,00117e58-3070-4b6a-8d44-8a6400e3cf8e
MEM1166,MQIS Membership 2025,24/02/2025,7:00 pm,Jared,Bush,jared.bush67@example.com,9063360273,04/08/2026 10:40 am,Online,Paid,1,0,$5.00,$0.00,$0.00,$0.00,$0.20,$0.00,$0.00,$0.00,$5.20,$0.00,$0.00,$0.00,$0.00,$5.00,$5.00,$0.00,,,,$0.00,$0.00,$0.00,$0.00,Stripe,No,,Completed,Online,1,29f32051-b95a-4616-96ea-6776784a40f5
MEM1167,MQIS Membership 2025,24/02/2025,7:00 pm,Erica,Martin,erica.martin1@example.com,3629245989,26/07/2026 08:14 pm,Manual,Paid,1,0,$5.00,$0.00,$0.00,$0.00,$0.20,$0.00,$0.00,$0.00,$5.20,$0.00,$0.00,$0.00,$0.00,$5.00,$5.00,$0.00,,,,$0.00,$0.00,$0.00,$0.00,Stripe,No,,Completed,Manual,1,bdc23567-b9ed-4f2a-8b3c-770c320b2364
MEM1168,MQIS Membership 2025,24/02/2025,7:00 pm,Eric,Williamson,eric.williamson47@example.com,3821462922,17/07/2026 12:26 pm,Online,Paid,1,0,$5.00,$0.00,$0.00,$0.00,$0.20,$0.00,$0.00,$0.00,$5.20,$0.00,$0.00,$0.00,$0.00,$5.00,$5.00,$0.00,,,,$0.00,$0.00,$0.00,$0.00,Stripe,Yes,,Completed,Online,1,85a4aa43-3261-4c44-b91c-41c1daa93631
MEM1169,MQIS Membership 2025,24/02/2025,7:00 pm,Colin,Rodgers,colin.rodgers34@example.com,3852235906,07/08/2026 12:24 pm,Online,Paid,1,0,$5.00,$0.00,$0.00,$0.00,$0.20,$0.00,$0.00,$0.00,$5.20,$0.00,$0.00,$0.00,$0.00,$5.00,$5.00,$0.00,,,,$0.00,$0.00,$0.00,$0.00,Stripe,No,,Completed,Online,1,b493e7ce-dc9e-42b3-94b6-09c1c57b2fcc
MEM1170,MQIS Membership 2025,24/02/2025,7:00 pm,Emily,Richards,emily.richards71@example.com,1441245229,21/07/2026 06:26 pm,Online,Paid,1,0,$5.00,$0.00,$0.00,$0.00,$0.20,$0.00,$0.00,$0.00,$5.20,$0.00,$0.00,$0.00,$0.00,$5.00,$5.00,$0.00,,,,$0.00,$0.00,$0.00,$0.00,Stripe,No,,Completed,Online,1,06ba77ae-ace3-4cdc-b159-b7a6634b7b03
MEM1171,MQIS Membership 2025,24/02/2025,7:00 pm,Jessica,Nunez,jessica.nunez88@example.com,9350462933,30/07/2026 06:46 pm,Online,Paid,1,0,$5.00,$0.00,$0.00,$0.00,$0.20,$0.00,$0.00,$0.00,$5.20,$0.00,$0.00,$0.00,$0.00,$5.00,$5.00,$0.00,,,,$0.00,$0.00,$0.00,$0.00,Stripe,No,,Completed,Online,1,dbebde7e-325e-429d-ac53-37875a37d834
MEM1172,MQIS Membership 2025,24/02/2025,7:00 pm,Wayne,Price,wayne.price57@example.com,3878959190,23/07/2026 05:55 pm,Online,Paid,1,0,$5.00,$0.00,$0.00,$0.00,$0.20,$0.00,$0.00,$0.00,$5.20,$0.00,$0.00,$0.00,$0.00,$5.00,$5.00,$0.00,,,,$0.00,$0.00,$0.00,$0.00,Stripe,No,,Completed,Online,1,44997ff0-be9c-424d-a396-027b944d620f
MEM1173,MQIS Membership 2025,24/02/2025,7:00 pm,John,Leblanc,john.leblanc69@example.com,5950825723,23/07/2026 04:18 pm,Online,Paid,1,0,$5.00,$0.00,$0.00,$0.00,$0.20,$0.00,$0.00,$0.00,$5.20,$0.00,$0.00,$0.00,$0.00,$5.00,$5.00,$0.00,,,,$0.00,$0.00,$0.00,$0.00,Stripe,No,,Completed,Online,1,8f3f3e1d-0125-4079-bb67-e19e017412e6
MEM1174,MQIS Membership 2025,24/02/2025,7:00 pm,Bryce,Mcknight,bryce.mcknight93@example.com,8694846747,26/07/2026 08:12 pm,Online,Paid,1,0,$5.00,$0.00,$0.00,$0.00,$0.20,$0.00,$0.00,$0.00,$5.20,$0.00,$0.00,$0.00,$0.00,$5.00,$5.00,$0.00,,,,$0.00,$0.00,$0.00,$0.00,Stripe,No,,Completed,Online,1,3fe69b45-8c36-4f32-84d5-22d91914d479
MEM1175,MQIS Membership 2025,24/02/2025,7:00 pm,Donald,Mcgee,donald.mcgee34@example.com,5086922702,08/08/2026 06:24 am,Online,Paid,1,0,$5.00,$0.00,$0.00,$0.00,$0.20,$0.00,$0.00,$0.00,$5.20,$0.00,$0.00,$0.00,$0.00,$5.00,$5.00,$0.00,,,,$0.00,$0.00,$0.00,$0.00,Stripe,No,,Completed,Online,1,ab017807-a298-4939-8d40-6c28cd877f8a
MEM1176,MQIS Membership 2025,24/02/2025,7:00 pm,Alicia,Romero,alicia.romero92@example.com,1055624126,06/08/2026 11:22 pm,Online,Paid,1,0,$5.00,$0.00,$0.00,$0.00,$0.20,$0.00,$0.00,$0.00,$5.20,$0.00,$0.00,$0.00,$0.00,$5.00,$5.00,$0.00,,,,$0.00,$0.00,$0.00,$0.00,Stripe,No,,Completed,Online,1,06b317e8-81e4-4cc6-a515-1678e576e9dd
MEM1177,MQIS Membership 2025,24/02/2025,7:00 pm,Vanessa,Spencer,vanessa.spencer37@example.com,0596470336,10/08/2026 01:27 am,Online,Paid,1,0,$5.00,$0.00,$0.00,$0.00,$0.20,$0.00,$0.00,$0.00,$5.20,$0.00,$0.00,$0.00,$0.00,$5.00,$5.00,$0.00,,,,$0.00,$0.00,$0.00,$0.00,Stripe,No,,Completed,Online,1,c27d990a-532d-4f9a-8403-5969d7a6da0d
MEM1178,MQIS Membership 2025,24/02/2025,7:00 pm,Linda,Melendez,linda.melendez61@example.com,0654326143,18/07/2026 03:42 am,Online,Paid,1,0,$5.00,$0.00,$0.00,$0.00,$0.20,$0.00,$0.00,$0.00,$5.20,$0.00,$0.00,$0.00,$0.00,$5.00,$5.00,$0.00,,,,$0.00,$0.00,$0.00,$0.00,Stripe,No,,Completed,Online,1,263c44f6-5860-4e4b-9239-e2687a7c113a
MEM1179,MQIS Membership 2025,24/02/2025,7:00 pm,Tara,White,tara.white21@example.com,3109156830,14/08/2026 02:30 am,Online,Paid,1,0,$5.00,$0.00,$0.00,$0.00,$0.20,$0.00,$0.00,$0.00,$5.20,$0.00,$0.00,$0.00,$0.00,$5.00,$5.00,$0.00,,,,$0.00,$0.00,$0.00,$0.00,Stripe,Yes,,Completed,Online,1,13f9c2cd-f2bc-4f2c-b7d3-2e6fba02e263
MEM1180,MQIS Membership 2025,24/02/2025,7:00 pm,Patricia,Hughes,patricia.hughes27@example.com,2526497478,08/08/2026 01:24 pm,Online,Paid,1,0,$5.00,$0.00,$0.00,$0.00,$0.20,$0.00,$0.00,$0.00,$5.20,$0.00,$0.00,$0.00,$0.00,$5.00,$5.00,$0.00,,,,$0.00,$0.00,$0.00,$0.00,Stripe,No,,Completed,Online,1,ab010785-a046-4ca8-a688-da5b70358c97
MEM1181,MQIS Membership 2025,24/02/2025,7:00 pm,Jill,Stewart,jill.stewart26@example.com,2863070781,25/07/2026 06:44 am,Online,Paid,1,0,$5.00,$0.00,$0.00,$0.00,$0.20,$0.00,$0.00,$0.00,$5.20,$0.00,$0.00,$0.00,$0.00,$5.00,$5.00,$0.00,,,,$0.00,$0.00,$0.00,$0.00,Stripe,No,,Completed,Online,1,ffe2050b-4b58-4b53-a29c-ec2c1bf05ffa
MEM1182,MQIS Membership 2025,24/02/2025,7:00 pm,Jim,Rios,jim.rios61@example.com,8056942118,12/08/2026 03:24 am,Online,Paid,1,0,$5.00,$0.00,$0.00,$0.00,$0.20,$0.00,$0.00,$0.00,$5.20,$0.00,$0.00,$0.00,$0.00,$5.00,$5.00,$0.00,,,,$0.00,$0.00,$0.00,$0.00,Stripe,No,,Completed,Online,1,478b0dfb-0688-4280-850e-2991a725382c
MEM1183,MQIS Membership 2025,24/02/2025,7:00 pm,Shelley,Woods,shelley.woods62@example.com,0072314920,20/07/2026 09:35 am,Online,Paid,1,0,$5.00,$0.00,$0.00,$0.00,$0.20,$0.00,$0.00,$0.00,$5.20,$0.00,$0.00,$0.00,$0.00,$5.00,$5.00,$0.00,,,,$0.00,$0.00,$0.00,$0.00,Stripe,No,,Completed,Online,1,f5266f56-b683-4195-842a-aea2353f8f6f
MEM1184,MQIS Membership 2025,24/02/2025,7:00 pm,Debra,Christian,debra.christian91@example.com,4121070431,26/07/2026 01:32 pm,Online,Paid,1,0,$5.00,$0.00,$0.00,$0.00,$0.20,$0.00,$0.00,$0.00,$5.20,$0.00,$0.00,$0.00,$0.00,$5.00,$5.00,$0.00,,,,$0.00,$0.00,$0.00,$0.00,Stripe,No,,Completed,Online,1,1691f502-378f-4243-8263-a33ac92d3680
MEM1185,MQIS Membership 2025,24/02/2025,7:00 pm,Courtney,Hill,courtney.hill55@example.com,8506606751,24/07/2026 02:55 pm,Manual,Paid,1,0,$5.00,$0.00,$0.00,$0.00,$0.20,$0.00,$0.00,$0.00,$5.20,$0.00,$0.00,$0.00,$0.00,$5.00,$5.00,$0.00,,,,$0.00,$0.00,$0.00,$0.00,Stripe,No,,Completed,Manual,1,efee87df-5876-434c-ba5a-8ce185bb1fac
MEM1186,MQIS Membership 2025,24/02/2025,7:00 pm,Luis,Evans,luis.evans99@example.com,0951427702,13/07/2026 05:10 am,Online,Paid,1,0,$5.00,$0.00,$0.00,$0.00,$0.20,$0.00,$0.00,$0.00,$5.20,$0.00,$0.00,$0.00,$0.00,$5.00,$5.00,$0.00,,,,$0.00,$0.00,$0.00,$0.00,Stripe,No,,Completed,Online,1,1acec4e9-1d67-4a2f-a366-69a08a35c680
MEM1187,MQIS Membership 2025,24/02/2025,7:00 pm,Christine,Lynch,christine.lynch55@example.com,1162714359,17/08/2026 12:41 am,Online,Paid,1,0,$5.00,$0.00,$0.00,$0.00,$0.20,$0.00,$0.00,$0.00,$5.20,$0.00,$0.00,$0.00,$0.00,$5.00,$5.00,$0.00,,,,$0.00,$0.00,$0.00,$0.00,Stripe,No,,Completed,Online,1,a5ac1446-1ae3-4d8d-a494-376e0927a8a3
MEM1188,MQIS Membership 2025,24/02/2025,7:00 pm,Jeffrey,Turner,jeffrey.turner71@example.com,0472553107,12/08/2026 07:58 pm,Online,Paid,1,0,$5.00,$0.00,$0.00,$0.00,$0.20,$0.00,$0.00,$0.00,$5.20,$0.00,$0.00,$0.00,$0.00,$5.00,$5.00,$0.00,,,,$0.00,$0.00,$0.00,$0.00,Stripe,No,,Completed,Online,1,704f66f7-01c3-443d-a547-b8a92fd831ab
MEM1189,MQIS Membership 2025,24/02/2025,7:00 pm,Kevin,Snyder,kevin.snyder56@example.com,8452408860,16/07/2026 01:33 am,Manual,Paid,1,0,$5.00,$0.00,$0.00,$0.00,$0.20,$0.00,$0.00,$0.00,$5.20,$0.00,$0.00,$0.00,$0.00,$5.00,$5.00,$0.00,,,,$0.00,$0.00,$0.00,$0.00,Stripe,No,,Completed,Manual,1,f1fc5561-c408-486c-914e-4c6d20da292e
MEM1190,MQIS Membership 2025,24/02/2025,7:00 pm,Timothy,Young,timothy.young34@example.com,6010999319,19/07/2026 09:18 am,Online,Paid,1,0,$5.00,$0.00,$0.00,$0.00,$0.20,$0.00,$0.00,$0.00,$5.20,$0.00,$0.00,$0.00,$0.00,$5.00,$5.00,$0.00,,,,$0.00,$0.00,$0.00,$0.00,Stripe,No,,Completed,Online,1,9c74c944-9857-448c-8fb3-cf0f0696ea5d
MEM1191,MQIS Membership 2025,24/02/2025,7:00 pm,April,Williams,april.williams98@example.com,2971922887,06/08/2026 01:06 am,Online,Paid,1,0,$5.00,$0.00,$0.00,$0.00,$0.20,$0.00,$0.00,$0.00,$5.20,$0.00,$0.00,$0.00,$0.00,$5.00,$5.00,$0.00,,,,$0.00,$0.00,$0.00,$0.00,Stripe,Yes,,Completed,Online,1,e762f8cb-dd12-4923-9756-1070b5c12253
MEM1192,MQIS Membership 2025,24/02/2025,7:00 pm,Maria,Rivera,maria.rivera29@example.com,5434502664,20/07/2026 10:15 am,Manual,Paid,1,0,$5.00,$0.00,$0.00,$0.00,$0.20,$0.00,$0.00,$0.00,$5.20,$0.00,$0.00,$0.00,$0.00,$5.00,$5.00,$0.00,,,,$0.00,$0.00,$0.00,$0.00,Stripe,Yes,,Completed,Manual,1,6ef96a32-b5b7-4f19-afd5-16178854f4fb
MEM1193,MQIS Membership 2025,24/02/2025,7:00 pm,William,Crawford,william.crawford11@example.com,6481105129,03/08/2026 07:08 pm,Online,Paid,1,0,$5.00,$0.00,$0.00,$0.00,$0.20,$0.00,$0.00,$0.00,$5.20,$0.00,$0.00,$0.00,$0.00,$5.00,$5.00,$0.00,,,,$0.00,$0.00,$0.00,$0.00,Stripe,No,,Completed,Online,1,04ec4364-3063-4d92-8566-2281d1b6a810
MEM1194,MQIS Membership 2025,24/02/2025,7:00 pm,Gary,Berry,gary.berry25@example.com,7798367781,08/08/2026 02:38 am,Manual,Paid,1,0,$5.00,$0.00,$0.00,$0.00,$0.20,$0.00,$0.00,$0.00,$5.20,$0.00,$0.00,$0.00,$0.00,$5.00,$5.00,$0.00,,,,$0.00,$0.00,$0.00,$0.00,Stripe,No,,Completed,Manual,1,227f224a-e409-46cd-b0f0-3dee82bbf61b
MEM1195,MQIS Membership 2025,24/02/2025,7:00 pm,Julie,Hamilton,julie.hamilton71@example.com,8935133157,20/07/2026 05:09 am,Online,Paid,1,0,$5.00,$0.00,$0.00,$0.00,$0.20,$0.00,$0.00,$0.00,$5.20,$0.00,$0.00,$0.00,$0.00,$5.00,$5.00,$0.00,,,,$0.00,$0.00,$0.00,$0.00,Stripe,No,,Completed,Online,1,3fbb0308-abfd-45aa-ae27-88958fda7169
MEM1196,MQIS Membership 2025,24/02/2025,7:00 pm,Wendy,Rice,wendy.rice49@example.com,1620172951,10/08/2026 06:36 am,Online,Paid,1,0,$5.00,$0.00,$0.00,$0.00,$0.20,$0.00,$0.00,$0.00,$5.20,$0.00,$0.00,$0.00,$0.00,$5.00,$5.00,$0.00,,,,$0.00,$0.00,$0.00,$0.00,Stripe,Yes,,Completed,Online,1,8fefccb6-ae96-41d1-a1b1-727a0ed588ac
MEM1197,MQIS Membership 2025,24/02/2025,7:00 pm,Jill,Stewart,jill.stewart26@example.com,9611084039,15/08/2026 03:24 am,Online,Paid,1,0,$5.00,$0.00,$0.00,$0.00,$0.20,$0.00,$0.00,$0.00,$5.20,$0.00,$0.00,$0.00,$0.00,$5.00,$5.00,$0.00,,,,$0.00,$0.00,$0.00,$0.00,Stripe,No,,Completed,Online,1,f233c530-abee-476d-a7bb-4627a885a123
MEM1198,MQIS Membership 2025,24/02/2025,7:00 pm,Brandy,Jackson,brandy.jackson69@example.com,7360863339,18/08/2026 09:15 am,Manual,Paid,1,0,$5.00,$0.00,$0.00,$0.00,$0.20,$0.00,$0.00,$0.00,$5.20,$0.00,$0.00,$0.00,$0.00,$5.00,$5.00,$0.00,,,,$0.00,$0.00,$0.00,$0.00,Stripe,Yes,,Completed,Manual,1,6786ef02-b3c3-4bf7-a41b-6de86420fcc9
MEM1199,MQIS Membership 2025,24/02/2025,7:00 pm,Andrea,Wilson,andrea.wilson20@example.com,6055080050,04/08/2026 11:26 am,Online,Paid,1,0,$5.00,$0.00,$0.00,$0.00,$0.20,$0.00,$0.00,$0.00,$5.20,$0.00,$0.00,$0.00,$0.00,$5.00,$5.00,$0.00,,,,$0.00,$0.00,$0.00,$0.00,Stripe,Yes,,Completed,Online,1,a0301221-6a84-4736-8b05-65c937d643db
MEM1200,MQIS Membership 2025,24/02/2025,7:00 pm,Glen,Barr,glen.barr47@example.com,0980556441,03/08/2026 03:54 pm,Online,Paid,1,0,$5.00,$0.00,$0.00,$0.00,$0.20,$0.00,$0.00,$0.00,$5.20,$0.00,$0.00,$0.00,$0.00,$5.00,$5.00,$0.00,,,,$0.00,$0.00,$0.00,$0.00,Stripe,No,,Completed,Online,1,20763fc9-d81f-445f-9149-9c2ec65bad8e
MEM1201,MQIS Membership 2025,24/02/2025,7:00 pm,William,Simpson,william.simpson71@example.com,1605029990,20/07/2026 02:20 pm,Online,Paid,1,0,$5.00,$0.00,$0.00,$0.00,$0.20,$0.00,$0.00,$0.00,$5.20,$0.00,$0.00,$0.00,$0.00,$5.00,$5.00,$0.00,,,,$0.00,$0.00,$0.00,$0.00,Stripe,Yes,,Completed,Online,1,a15e7cc4-c327-4b3a-9e1e-5bbe94cd85b8
MEM1202,MQIS Membership 2025,24/02/2025,7:00 pm,Michael,Cox,michael.cox92@example.com,9836784903,30/07/2026 02:15 am,Online,Paid,1,0,$5.00,$0.00,$0.00,$0.00,$0.20,$0.00,$0.00,$0.00,$5.20,$0.00,$0.00,$0.00,$0.00,$5.00,$5.00,$0.00,,,,$0.00,$0.00,$0.00,$0.00,Stripe,No,,Completed,Online,1,d561d044-9040-4b2a-8771-ffb771443eb0
MEM1203,MQIS Membership 2025,24/02/2025,7:00 pm,Teresa,Day,teresa.day24@example.com,1767550043,16/08/2026 04:18 pm,Online,Paid,1,0,$5.00,$0.00,$0.00,$0.00,$0.20,$0.00,$0.00,$0.00,$5.20,$0.00,$0.00,$0.00,$0.00,$5.00,$5.00,$0.00,,,,$0.00,$0.00,$0.00,$0.00,Stripe,No,,Completed,Online,1,551874a3-1aef-4e4c-9fde-a669bce126b6
MEM1204,MQIS Membership 2025,24/02/2025,7:00 pm,Christopher,Anderson,christopher.anderson57@example.com,2295083860,11/08/2026 07:57 am,Online,Paid,1,0,$5.00,$0.00,$0.00,$0.00,$0.20,$0.00,$0.00,$0.00,$5.20,$0.00,$0.00,$0.00,$0.00,$5.00,$5.00,$0.00,,,,$0.00,$0.00,$0.00,$0.00,Stripe,No,,Completed,Online,1,4a87fc1d-7ee6-463c-acac-10db36812d5b
MEM1205,MQIS Membership 2025,24/02/2025,7:00 pm,Connie,Simmons,connie.simmons17@example.com,5675351534,01/08/2026 01:29 am,Manual,Paid,1,0,$5.00,$0.00,$0.00,$0.00,$0.20,$0.00,$0.00,$0.00,$5.20,$0.00,$0.00,$0.00,$0.00,$5.00,$5.00,$0.00,,,,$0.00,$0.00,$0.00,$0.00,Stripe,No,,Completed,Manual,1,7f1895be-22fa-4884-af20-150499347650
MEM1206,MQIS Membership 2025,24/02/2025,7:00 pm,Tara,White,tara.white21@example.com,2078003781,10/07/2026 10:47 am,Online,Paid,1,0,$5.00,$0.00,$0.00,$0.00,$0.20,$0.00,$0.00,$0.00,$5.20,$0.00,$0.00,$0.00,$0.00,$5.00,$5.00,$0.00,,,,$0.00,$0.00,$0.00,$0.00,Stripe,Yes,,Completed,Online,1,cd5d3146-24af-41a0-a24e-a6f13fc39402
MEM1207,MQIS Membership 2025,24/02/2025,7:00 pm,Tammy,Johnson,tammy.johnson48@example.com,3416099097,13/08/2026 03:51 am,Online,Paid,1,0,$5.00,$0.00,$0.00,$0.00,$0.20,$0.00,$0.00,$0.00,$5.20,$0.00,$0.00,$0.00,$0.00,$5.00,$5.00,$0.00,,,,$0.00,$0.00,$0.00,$0.00,Stripe,Yes,,Completed,Online,1,5a820f9c-cbfc-4b63-8e7f-ed2688e6988a
MEM1208,MQIS Membership 2025,24/02/2025,7:00 pm,Dominic,Tyler,dominic.tyler73@example.com,6190764449,14/07/2026 08:18 pm,Online,Paid,1,0,$5.00,$0.00,$0.00,$0.00,$0.20,$0.00,$0.00,$0.00,$5.20,$0.00,$0.00,$0.00,$0.00,$5.00,$5.00,$0.00,,,,$0.00,$0.00,$0.00,$0.00,Stripe,No,,Completed,Online,1,beaee5c1-49f7-4a2b-9708-f85bc8b94082
MEM1209,MQIS Membership 2025,24/02/2025,7:00 pm,Thomas,Pierce,thomas.pierce6@example.com,1622277261,05/08/2026 02:14 pm,Online,Paid,1,0,$5.00,$0.00,$0.00,$0.00,$0.20,$0.00,$0.00,$0.00,$5.20,$0.00,$0.00,$0.00,$0.00,$5.00,$5.00,$0.00,,,,$0.00,$0.00,$0.00,$0.00,Stripe,No,,Completed,Online,1,db71bec2-caa6-4212-a5ef-3592c7d0536e
MEM1210,MQIS Membership 2025,24/02/2025,7:00 pm,Daniel,Martin,daniel.martin67@example.com,6028465592,16/08/2026 07:44 am,Online,Paid,1,0,$5.00,$0.00,$0.00,$0.00,$0.20,$0.00,$0.00,$0.00,$5.20,$0.00,$0.00,$0.00,$0.00,$5.00,$5.00,$0.00,,,,$0.00,$0.00,$0.00,$0.00,Stripe,Yes,,Completed,Online,1,81d4186f-8a7a-49d0-a210-3666512b171b
MEM1211,MQIS Membership 2025,24/02/2025,7:00 pm,Denise,Webster,denise.webster9@example.com,9933974539,10/08/2026 10:22 pm,Online,Paid,1,0,$5.00,$0.00,$0.00,$0.00,$0.20,$0.00,$0.00,$0.00,$5.20,$0.00,$0.00,$0.00,$0.00,$5.00,$5.00,$0.00,,,,$0.00,$0.00,$0.00,$0.00,Stripe,Yes,,Completed,Online,1,4b45f232-8a85-4d24-bbb8-22c42d1d1aaa
MEM1212,MQIS Membership 2025,24/02/2025,7:00 pm,Robin,Wood,robin.wood72@example.com,1444337360,01/08/2026 02:39 am,Online,Paid,1,0,$5.00,$0.00,$0.00,$0.00,$0.20,$0.00,$0.00,$0.00,$5.20,$0.00,$0.00,$0.00,$0.00,$5.00,$5.00,$0.00,,,,$0.00,$0.00,$0.00,$0.00,Stripe,No,,Completed,Online,1,390476d8-56e6-4c79-b038-2406544c3c14
MEM1213,MQIS Membership 2025,24/02/2025,7:00 pm,Jacob,Ramirez,jacob.ramirez97@example.com,9476318342,09/08/2026 05:56 pm,Online,Paid,1,0,$5.00,$0.00,$0.00,$0.00,$0.20,$0.00,$0.00,$0.00,$5.20,$0.00,$0.00,$0.00,$0.00,$5.00,$5.00,$0.00,,,,$0.00,$0.00,$0.00,$0.00,Stripe,No,,Completed,Online,1,97f8b7d9-eeb7-41db-8917-3d5328900a61
MEM1214,MQIS Membership 2025,24/02/2025,7:00 pm,Tammy,Johnson,tammy.johnson48@example.com,8523461512,16/07/2026 09:07 pm,Online,Paid,1,0,$5.00,$0.00,$0.00,$0.00,$0.20,$0.00,$0.00,$0.00,$5.20,$0.00,$0.00,$0.00,$0.00,$5.00,$5.00,$0.00,,,,$0.00,$0.00,$0.00,$0.00,Stripe,No,,Completed,Online,1,d2133cb5-0128-4491-bc32-b98f673add32
MEM1215,MQIS Membership 2025,24/02/2025,7:00 pm,Tyler,Compton,tyler.compton82@example.com,0106658978,30/07/2026 07:22 pm,Online,Paid,1,0,$5.00,$0.00,$0.00,$0.00,$0.20,$0.00,$0.00,$0.00,$5.20,$0.00,$0.00,$0.00,$0.00,$5.00,$5.00,$0.00,,,,$0.00,$0.00,$0.00,$0.00,Stripe,No,,Completed,Online,1,6bea51b3-d8f7-429b-9e98-d767bc2c13e5
MEM1216,MQIS Membership 2025,24/02/2025,7:00 pm,Jeremy,Whitehead,jeremy.whitehead82@example.com,9385404450,24/07/2026 11:16 am,Online,Paid,1,0,$5.00,$0.00,$0.00,$0.00,$0.20,$0.00,$0.00,$0.00,$5.20,$0.00,$0.00,$0.00,$0.00,$5.00,$5.00,$0.00,,,,$0.00,$0.00,$0.00,$0.00,Stripe,Yes,,Completed,Online,1,e232524a-86e9-4465-b192-4bd4663f305c
MEM1217,MQIS Membership 2025,24/02/2025,7:00 pm,James,Perez,james.perez84@example.com,6690814498,14/08/2026 05:02 pm,Manual,Paid,1,0,$5.00,$0.00,$0.00,$0.00,$0.20,$0.00,$0.00,$0.00,$5.20,$0.00,$0.00,$0.00,$0.00,$5.00,$5.00,$0.00,,,,$0.00,$0.00,$0.00,$0.00,Stripe,No,,Completed,Manual,1,cb2d065c-6788-4389-b60d-229a9ae2a397
MEM1218,MQIS Membership 2025,24/02/2025,7:00 pm,Jamie,Robinson,jamie.robinson95@example.com,2831530707,23/07/2026 07:23 am,Online,Paid,1,0,$5.00,$0.00,$0.00,$0.00,$0.20,$0.00,$0.00,$0.00,$5.20,$0.00,$0.00,$0.00,$0.00,$5.00,$5.00,$0.00,,,,$0.00,$0.00,$0.00,$0.00,Stripe,No,,Completed,Online,1,b49958be-4a9e-490c-8bc1-fc8f0addd588
MEM1219,MQIS Membership 2025,24/02/2025,7:00 pm,Mary,Johnston,mary.johnston21@example.com,8601508334,30/07/2026 10:57 pm,Online,Paid,1,0,$5.00,$0.00,$0.00,$0.00,$0.20,$0.00,$0.00,$0.00,$5.20,$0.00,$0.00,$0.00,$0.00,$5.00,$5.00,$0.00,,,,$0.00,$0.00,$0.00,$0.00,Stripe,Yes,,Completed,Online,1,9a578298-2622-4dd7-871e-c90a9b2e8ba8
MEM1220,MQIS Membership 2025,24/02/2025,7:00 pm,Christian,Scott,christian.scott58@example.com,5418337881,18/08/2026 02:07 am,Online,Paid,1,0,$5.00,$0.00,$0.00,$0.00,$0.20,$0.00,$0.00,$0.00,$5.20,$0.00,$0.00,$0.00,$0.00,$5.00,$5.00,$0.00,,,,$0.00,$0.00,$0.00,$0.00,Stripe,No,,Completed,Online,1,060cf359-599d-4919-a230-2224250b6c28
MEM1221,MQIS Membership 2025,24/02/2025,7:00 pm,Jeffery,Fox,jeffery.fox38@example.com,3820395007,28/07/2026 06:21 am,Online,Paid,1,0,$5.00,$0.00,$0.00,$0.00,$0.20,$0.00,$0.00,$0.00,$5.20,$0.00,$0.00,$0.00,$0.00,$5.00,$5.00,$0.00,,,,$0.00,$0.00,$0.00,$0.00,Stripe,No,,Completed,Online,1,558439d6-553b-481b-9dfe-6de6724b3414
MEM1222,MQIS Membership 2025,24/02/2025,7:00 pm,James,Johnson,james.johnson40@example.com,3576036733,10/07/2026 10:21 am,Online,Paid,1,0,$5.00,$0.00,$0.00,$0.00,$0.20,$0.00,$0.00,$0.00,$5.20,$0.00,$0.00,$0.00,$0.00,$5.00,$5.00,$0.00,,,,$0.00,$0.00,$0.00,$0.00,Stripe,No,,Completed,Online,1,78c57200-40d1-4c87-b8db-62bb2e46869f
MEM1223,MQIS Membership 2025,24/02/2025,7:00 pm,Brian,Bell,brian.bell77@example.com,1632956614,21/07/2026 08:40 am,Online,Paid,1,0,$5.00,$0.00,$0.00,$0.00,$0.20,$0.00,$0.00,$0.00,$5.20,$0.00,$0.00,$0.00,$0.00,$5.00,$5.00,$0.00,,,,$0.00,$0.00,$0.00,$0.00,Stripe,No,,Completed,Online,1,4d3e6f13-6aa4-40c9-bdf8-c314a70fabc9
MEM1224,MQIS Membership 2025,24/02/2025,7:00 pm,Andrea,Brown,andrea.brown88@example.com,7827577306,31/07/2026 04:33 pm,Online,Paid,1,0,$5.00,$0.00,$0.00,$0.00,$0.20,$0.00,$0.00,$0.00,$5.20,$0.00,$0.00,$0.00,$0.00,$5.00,$5.00,$0.00,,,,$0.00,$0.00,$0.00,$0.00,Stripe,No,,Completed,Online,1,ab716327-7e1b-46bf-947c-91cb078c2d91
MEM1225,MQIS Membership 2025,24/02/2025,7:00 pm,Michael,Reyes,michael.reyes70@example.com,9640009256,20/07/2026 08:24 am,Online,Paid,1,0,$5.00,$0.00,$0.00,$0.00,$0.20,$0.00,$0.00,$0.00,$5.20,$0.00,$0.00,$0.00,$0.00,$5.00,$5.00,$0.00,,,,$0.00,$0.00,$0.00,$0.00,Stripe,No,,Completed,Online,1,ebbb174f-a79f-4cb2-99bb-0880ed5e209d
MEM1226,MQIS Membership 2025,24/02/2025,7:00 pm,Robert,Peterson,robert.peterson95@example.com,7838777654,27/07/2026 01:08 am,Online,Paid,1,0,$5.00,$0.00,$0.00,$0.00,$0.20,$0.00,$0.00,$0.00,$5.20,$0.00,$0.00,$0.00,$0.00,$5.00,$5.00,$0.00,,,,$0.00,$0.00,$0.00,$0.00,Stripe,Yes,,Completed,Online,1,7899ec2c-ff57-435c-b05b-b0824c338940
MEM1227,MQIS Membership 2025,24/02/2025,7:00 pm,Sydney,Baker,sydney.baker59@example.com,5137402826,09/08/2026 02:57 am,Online,Paid,1,0,$5.00,$0.00,$0.00,$0.00,$0.20,$0.00,$0.00,$0.00,$5.20,$0.00,$0.00,$0.00,$0.00,$5.00,$5.00,$0.00,,,,$0.00,$0.00,$0.00,$0.00,Stripe,No,,Completed,Online,1,e9c00af0-3906-418e-91f0-1de02e4b7c7f
MEM1228,MQIS Membership 2025,24/02/2025,7:00 pm,Colin,Roberts,colin.roberts61@example.com,5627545403,05/08/2026 10:42 am,Online,Paid,1,0,$5.00,$0.00,$0.00,$0.00,$0.20,$0.00,$0.00,$0.00,$5.20,$0.00,$0.00,$0.00,$0.00,$5.00,$5.00,$0.00,,,,$0.00,$0.00,$0.00,$0.00,Stripe,No,,Completed,Online,1,9289e007-f86a-4a5f-bcbe-b8f9c1884ba6
MEM1229,MQIS Membership 2025,24/02/2025,7:00 pm,William,Peterson,william.peterson25@example.com,5955364220,20/07/2026 12:49 am,Online,Paid,1,0,$5.00,$0.00,$0.00,$0.00,$0.20,$0.00,$0.00,$0.00,$5.20,$0.00,$0.00,$0.00,$0.00,$5.00,$5.00,$0.00,,,,$0.00,$0.00,$0.00,$0.00,Stripe,No,,Completed,Online,1,e2ac2eda-41cd-4207-94e9-dcda089bbddd
MEM1230,MQIS Membership 2025,24/02/2025,7:00 pm,Nathan,Shaw,nathan.shaw79@example.com,5839018769,20/07/2026 01:08 pm,Online,Paid,1,0,$5.00,$0.00,$0.00,$0.00,$0.20,$0.00,$0.00,$0.00,$5.20,$0.00,$0.00,$0.00,$0.00,$5.00,$5.00,$0.00,,,,$0.00,$0.00,$0.00,$0.00,Stripe,No,,Completed,Online,1,82ede591-3d70-4c96-9b8d-57d945c676c3
MEM1231,MQIS Membership 2025,24/02/2025,7:00 pm,Lisa,Long,lisa.long97@example.com,8715834430,31/07/2026 11:24 am,Online,Paid,1,0,$5.00,$0.00,$0.00,$0.00,$0.20,$0.00,$0.00,$0.00,$5.20,$0.00,$0.00,$0.00,$0.00,$5.00,$5.00,$0.00,,,,$0.00,$0.00,$0.00,$0.00,Stripe,No,,Completed,Online,1,e609eb66-7755-407b-a989-6bbeb06d481b
MEM1232,MQIS Membership 2025,24/02/2025,7:00 pm,Jacob,Cox,jacob.cox11@example.com,4424029480,07/08/2026 08:44 am,Online,Paid,1,0,$5.00,$0.00,$0.00,$0.00,$0.20,$0.00,$0.00,$0.00,$5.20,$0.00,$0.00,$0.00,$0.00,$5.00,$5.00,$0.00,,,,$0.00,$0.00,$0.00,$0.00,Stripe,Yes,,Completed,Online,1,b958d682-b3de-4447-a29e-cdf08670bf5d
MEM1233,MQIS Membership 2025,24/02/2025,7:00 pm,Brittany,Kane,brittany.kane9@example.com,8763427247,14/08/2026 02:44 am,Online,Paid,1,0,$5.00,$0.00,$0.00,$0.00,$0.20,$0.00,$0.00,$0.00,$5.20,$0.00,$0.00,$0.00,$0.00,$5.00,$5.00,$0.00,,,,$0.00,$0.00,$0.00,$0.00,Stripe,No,,Completed,Online,1,74c338f2-8cc4-439e-b207-c2fb59d80a28
MEM1234,MQIS Membership 2025,24/02/2025,7:00 pm,Christopher,Hall,christopher.hall62@example.com,5616217367,17/07/2026 10:57 pm,Online,Paid,1,0,$5.00,$0.00,$0.00,$0.00,$0.20,$0.00,$0.00,$0.00,$5.20,$0.00,$0.00,$0.00,$0.00,$5.00,$5.00,$0.00,,,,$0.00,$0.00,$0.00,$0.00,Stripe,Yes,,Completed,Online,1,102478ac-328e-49cd-bec8-6fd6b8f57bcf
MEM1235,MQIS Membership 2025,24/02/2025,7:00 pm,Katherine,Davis,katherine.davis77@example.com,1916661624,21/07/2026 06:54 pm,Online,Paid,1,0,$5.00,$0.00,$0.00,$0.00,$0.20,$0.00,$0.00,$0.00,$5.20,$0.00,$0.00,$0.00,$0.00,$5.00,$5.00,$0.00,,,,$0.00,$0.00,$0.00,$0.00,Stripe,Yes,,Completed,Online,1,a49edf28-93c2-4a7c-b915-39fd85d10b7f
MEM1236,MQIS Membership 2025,24/02/2025,7:00 pm,Ross,Wood,ross.wood53@example.com,6218224792,07/08/2026 11:14 pm,Online,Paid,1,0,$5.00,$0.00,$0.00,$0.00,$0.20,$0.00,$0.00,$0.00,$5.20,$0.00,$0.00,$0.00,$0.00,$5.00,$5.00,$0.00,,,,$0.00,$0.00,$0.00,$0.00,Stripe,No,,Completed,Online,1,e3c81648-f9a2-4c02-a6fa-154267a23621
MEM1237,MQIS Membership 2025,24/02/2025,7:00 pm,Monica,Harvey,monica.harvey71@example.com,7071671489,15/08/2026 02:47 pm,Online,Paid,1,0,$5.00,$0.00,$0.00,$0.00,$0.20,$0.00,$0.00,$0.00,$5.20,$0.00,$0.00,$0.00,$0.00,$5.00,$5.00,$0.00,,,,$0.00,$0.00,$0.00,$0.00,Stripe,No,,Completed,Online,1,896a3426-74c3-4f94-957f-e0592414d868
MEM1238,MQIS Membership 2025,24/02/2025,7:00 pm,Laura,Jackson,laura.jackson42@example.com,3529800934,24/07/2026 08:41 pm,Online,Paid,1,0,$5.00,$0.00,$0.00,$0.00,$0.20,$0.00,$0.00,$0.00,$5.20,$0.00,$0.00,$0.00,$0.00,$5.00,$5.00,$0.00,,,,$0.00,$0.00,$0.00,$0.00,Stripe,No,,Completed,Online,1,44f67c3f-5753-4631-804a-5b8c3d3ab27e
MEM1239,MQIS Membership 2025,24/02/2025,7:00 pm,Adam,Wise,adam.wise12@example.com,7115582218,15/07/2026 10:09 am,Online,Paid,1,0,$5.00,$0.00,$0.00,$0.00,$0.20,$0.00,$0.00,$0.00,$5.20,$0.00,$0.00,$0.00,$0.00,$5.00,$5.00,$0.00,,,,$0.00,$0.00,$0.00,$0.00,Stripe,No,,Completed,Online,1,c83d759a-1792-4bcf-b1d2-547c159116be
MEM1240,MQIS Membership 2025,24/02/2025,7:00 pm,Joseph,Jacobs,joseph.jacobs52@example.com,7067769313,02/08/2026 10:50 pm,Online,Refunded,0,1,$0.00,$0.00,$0.00,$0.00,$0.00,$0.00,$0.00,$0.00,$0.00,$0.00,$0.00,$0.00,$0.00,$0.00,$0.00,$0.00,,,,$0.00,$0.00,$0.00,$0.00,Stripe,Yes,,Completed,Online,1,324a1214-8db4-4450-be68-ef71500e0609
MEM1241,MQIS Membership 2025,24/02/2025,7:00 pm,Christine,Lynch,christine.lynch55@example.com,2550353321,17/07/2026 10:36 pm,Online,Paid,1,0,$5.00,$0.00,$0.00,$0.00,$0.20,$0.00,$0.00,$0.00,$5.20,$0.00,$0.00,$0.00,$0.00,$5.00,$5.00,$0.00,,,,$0.00,$0.00,$0.00,$0.00,Stripe,No,,Completed,Online,1,b2b73164-4cc6-47f6-b2ac-68bf565938b4
MEM1242,MQIS Membership 2025,24/02/2025,7:00 pm,Amy,Morris,amy.morris3@example.com,9149995977,26/07/2026 03:29 am,Manual,Paid,1,0,$5.00,$0.00,$0.00,$0.00,$0.20,$0.00,$0.00,$0.00,$5.20,$0.00,$0.00,$0.00,$0.00,$5.00,$5.00,$0.00,,,,$0.00,$0.00,$0.00,$0.00,Stripe,No,,Completed,Manual,1,007a159e-7ae7-49f8-8e00-b84bb3f01169
MEM1243,MQIS Membership 2025,24/02/2025,7:00 pm,Kenneth,Roberts,kenneth.roberts94@example.com,5832014354,24/07/2026 11:07 am,Online,Paid,1,0,$5.00,$0.00,$0.00,$0.00,$0.20,$0.00,$0.00,$0.00,$5.20,$0.00,$0.00,$0.00,$0.00,$5.00,$5.00,$0.00,,,,$0.00,$0.00,$0.00,$0.00,Stripe,No,,Completed,Online,1,78883f50-dff2-48a7-a563-97f7c91d3f84
MEM1244,MQIS Membership 2025,24/02/2025,7:00 pm,Andrea,Reyes,andrea.reyes17@example.com,6863644498,03/08/2026 10:27 am,Online,Paid,1,0,$5.00,$0.00,$0.00,$0.00,$0.20,$0.00,$0.00,$0.00,$5.20,$0.00,$0.00,$0.00,$0.00,$5.00,$5.00,$0.00,,,,$0.00,$0.00,$0.00,$0.00,Stripe,No,,Completed,Online,1,c0684760-31a9-48ef-b462-a3d0ee4ceb4e
MEM1245,MQIS Membership 2025,24/02/2025,7:00 pm,Mario,Padilla,mario.padilla96@example.com,7392060429,15/07/2026 01:38 pm,Online,Paid,1,0,$5.00,$0.00,$0.00,$0.00,$0.20,$0.00,$0.00,$0.00,$5.20,$0.00,$0.00,$0.00,$0.00,$5.00,$5.00,$0.00,,,,$0.00,$0.00,$0.00,$0.00,Stripe,No,,Completed,Online,1,c19ffc3f-23e0-43b8-9d20-b4ac9c1d9d7b
MEM1246,MQIS Membership 2025,24/02/2025,7:00 pm,Andrew,Evans,andrew.evans93@example.com,4743506978,13/07/2026 09:17 am,Online,Paid,1,0,$5.00,$0.00,$0.00,$0.00,$0.20,$0.00,$0.00,$0.00,$5.20,$0.00,$0.00,$0.00,$0.00,$5.00,$5.00,$0.00,,,,$0.00,$0.00,$0.00,$0.00,Stripe,No,,Completed,Online,1,80acfb1f-3501-45fa-bce4-81be943b13c5
MEM1247,MQIS Membership 2025,24/02/2025,7:00 pm,Robert,Miles,robert.miles5@example.com,1203829983,29/07/2026 03:12 am,Online,Paid,1,0,$5.00,$0.00,$0.00,$0.00,$0.20,$0.00,$0.00,$0.00,$5.20,$0.00,$0.00,$0.00,$0.00,$5.00,$5.00,$0.00,,,,$0.00,$0.00,$0.00,$0.00,Stripe,Yes,,Completed,Online,1,00a901c7-e386-4ddf-9e7c-168f1ad7bd06
MEM1248,MQIS Membership 2025,24/02/2025,7:00 pm,James,Fox,james.fox71@example.com,9547616806,09/08/2026 08:50 pm,Online,Paid,1,0,$5.00,$0.00,$0.00,$0.00,$0.20,$0.00,$0.00,$0.00,$5.20,$0.00,$0.00,$0.00,$0.00,$5.00,$5.00,$0.00,,,,$0.00,$0.00,$0.00,$0.00,Stripe,No,,Completed,Online,1,f78835a6-ba36-45a6-8f73-a59509c25b46
MEM1249,MQIS Membership 2025,24/02/2025,7:00 pm,Andrew,Hickman,andrew.hickman81@example.com,5468013143,12/08/2026 06:01 pm,Online,Paid,1,0,$5.00,$0.00,$0.00,$0.00,$0.20,$0.00,$0.00,$0.00,$5.20,$0.00,$0.00,$0.00,$0.00,$5.00,$5.00,$0.00,,,,$0.00,$0.00,$0.00,$0.00,Stripe,No,,Completed,Online,1,4311c6d0-7e5c-497c-9b93-f3f5ea6c73f0
MEM1250,MQIS Membership 2025,24/02/2025,7:00 pm,Jacqueline,Hill,jacqueline.hill94@example.com,1154959929,18/07/2026 01:17 am,Online,Paid,1,0,$5.00,$0.00,$0.00,$0.00,$0.20,$0.00,$0.00,$0.00,$5.20,$0.00,$0.00,$0.00,$0.00,$5.00,$5.00,$0.00,,,,$0.00,$0.00,$0.00,$0.00,Stripe,Yes,,Completed,Online,1,98a818f5-1b96-4d2f-b7ff-4c46bc439ebd
MEM1251,MQIS Membership 2025,24/02/2025,7:00 pm,Eric,Williamson,eric.williamson47@example.com,9136417659,25/07/2026 04:29 am,Online,Paid,1,0,$5.00,$0.00,$0.00,$0.00,$0.20,$0.00,$0.00,$0.00,$5.20,$0.00,$0.00,$0.00,$0.00,$5.00,$5.00,$0.00,,,,$0.00,$0.00,$0.00,$0.00,Stripe,No,,Completed,Online,1,8ac2b0e9-4d79-489d-92ee-1450fa6fea4c
MEM1252,MQIS Membership 2025,24/02/2025,7:00 pm,Lance,Hayes,lance.hayes28@example.com,0901680115,04/08/2026 03:41 am,Online,Paid,1,0,$5.00,$0.00,$0.00,$0.00,$0.20,$0.00,$0.00,$0.00,$5.20,$0.00,$0.00,$0.00,$0.00,$5.00,$5.00,$0.00,,,,$0.00,$0.00,$0.00,$0.00,Stripe,No,,Completed,Online,1,35d075b5-4abf-4122-a28f-71fc9fc2e6f7
MEM1253,MQIS Membership 2025,24/02/2025,7:00 pm,Brian,Ford,brian.ford35@example.com,3497320096,03/08/2026 03:20 am,Online,Paid,1,0,$5.00,$0.00,$0.00,$0.00,$0.20,$0.00,$0.00,$0.00,$5.20,$0.00,$0.00,$0.00,$0.00,$5.00,$5.00,$0.00,,,,$0.00,$0.00,$0.00,$0.00,Stripe,No,,Completed,Online,1,cdd9203d-3392-4492-95b3-6a79324a6038
MEM1254,MQIS Membership 2025,24/02/2025,7:00 pm,Richard,Chavez,richard.chavez2@example.com,5325624888,04/08/2026 12:09 am,Online,Paid,1,0,$5.00,$0.00,$0.00,$0.00,$0.20,$0.00,$0.00,$0.00,$5.20,$0.00,$0.00,$0.00,$0.00,$5.00,$5.00,$0.00,,,,$0.00,$0.00,$0.00,$0.00,Stripe,No,,Completed,Online,1,0b0feea9-7ed6-4ca2-988f-763dfe8cda1c
MEM1255,MQIS Membership 2025,24/02/2025,7:00 pm,Jennifer,Payne,jennifer.payne66@example.com,8555169324,20/07/2026 05:35 pm,Online,Paid,1,0,$5.00,$0.00,$0.00,$0.00,$0.20,$0.00,$0.00,$0.00,$5.20,$0.00,$0.00,$0.00,$0.00,$5.00,$5.00,$0.00,,,,$0.00,$0.00,$0.00,$0.00,Stripe,No,,Completed,Online,1,f412b349-ac16-4a10-8af6-ee11c1b856f3
MEM1256,MQIS Membership 2025,24/02/2025,7:00 pm,Judy,Lambert,judy.lambert65@example.com,1935391038,09/08/2026 09:30 pm,Online,Refunded,0,1,$0.00,$0.00,$0.00,$0.00,$0.00,$0.00,$0.00,$0.00,$0.00,$0.00,$0.00,$0.00,$0.00,$0.00,$0.00,$0.00,,,,$0.00,$0.00,$0.00,$0.00,Stripe,No,,Completed,Online,1,7f639e27-667f-4ff6-84e8-4692d0777d4f
MEM1257,MQIS Membership 2025,24/02/2025,7:00 pm,Amanda,Robinson,amanda.robinson45@example.com,9521858680,27/07/2026 02:13 pm,Online,Paid,1,0,$5.00,$0.00,$0.00,$0.00,$0.20,$0.00,$0.00,$0.00,$5.20,$0.00,$0.00,$0.00,$0.00,$5.00,$5.00,$0.00,,,,$0.00,$0.00,$0.00,$0.00,Stripe,Yes,,Completed,Online,1,03962951-9704-4c60-a4f7-a71d42ab7894
MEM1258,MQIS Membership 2025,24/02/2025,7:00 pm,Becky,Lewis,becky.lewis56@example.com,5857839803,11/07/2026 04:25 pm,Online,Paid,1,0,$5.00,$0.00,$0.00,$0.00,$0.20,$0.00,$0.00,$0.00,$5.20,$0.00,$0.00,$0.00,$0.00,$5.00,$5.00,$0.00,,,,$0.00,$0.00,$0.00,$0.00,Stripe,Yes,,Completed,Online,1,c063d440-34c6-4309-b8b3-bbc173c30ff6
MEM1259,MQIS Membership 2025,24/02/2025,7:00 pm,Nicholas,Martin,nicholas.martin1@example.com,5886948530,13/07/2026 03:04 pm,Manual,Paid,1,0,$5.00,$0.00,$0.00,$0.00,$0.20,$0.00,$0.00,$0.00,$5.20,$0.00,$0.00,$0.00,$0.00,$5.00,$5.00,$0.00,,,,$0.00,$0.00,$0.00,$0.00,Stripe,Yes,,Completed,Manual,1,13e05833-8d1c-4c15-b286-1e667570ea8f
MEM1260,MQIS Membership 2025,24/02/2025,7:00 pm,Paula,Cole,paula.cole11@example.com,0951405018,10/08/2026 06:09 pm,Online,Paid,1,0,$5.00,$0.00,$0.00,$0.00,$0.20,$0.00,$0.00,$0.00,$5.20,$0.00,$0.00,$0.00,$0.00,$5.00,$5.00,$0.00,,,,$0.00,$0.00,$0.00,$0.00,Stripe,No,,Completed,Online,1,08923f0c-e0ee-4c89-be88-40bd1330eafc
MEM1261,MQIS Membership 2025,24/02/2025,7:00 pm,Julie,Lewis,julie.lewis93@example.com,8541234810,10/07/2026 12:01 pm,Online,Paid,1,0,$5.00,$0.00,$0.00,$0.00,$0.20,$0.00,$0.00,$0.00,$5.20,$0.00,$0.00,$0.00,$0.00,$5.00,$5.00,$0.00,,,,$0.00,$0.00,$0.00,$0.00,Stripe,No,,Completed,Online,1,e25383b0-53ab-473f-917d-d71a2a588a44
MEM1262,MQIS Membership 2025,24/02/2025,7:00 pm,Zachary,Ramirez,zachary.ramirez75@example.com,2556144129,20/07/2026 02:52 am,Manual,Paid,1,0,$5.00,$0.00,$0.00,$0.00,$0.20,$0.00,$0.00,$0.00,$5.20,$0.00,$0.00,$0.00,$0.00,$5.00,$5.00,$0.00,,,,$0.00,$0.00,$0.00,$0.00,Stripe,No,,Completed,Manual,1,0efd8a2a-d720-4439-a952-8bce100aa7b6
MEM1263,MQIS Membership 2025,24/02/2025,7:00 pm,Gary,Dixon,gary.dixon73@example.com,1529417611,03/08/2026 06:47 am,Online,Paid,1,0,$5.00,$0.00,$0.00,$0.00,$0.20,$0.00,$0.00,$0.00,$5.20,$0.00,$0.00,$0.00,$0.00,$5.00,$5.00,$0.00,,,,$0.00,$0.00,$0.00,$0.00,Stripe,No,,Completed,Online,1,402077fb-2855-44b4-bbf3-4f6cf83296c1
MEM1264,MQIS Membership 2025,24/02/2025,7:00 pm,Mark,Cook,mark.cook74@example.com,9652612166,08/08/2026 03:56 pm,Online,Paid,1,0,$5.00,$0.00,$0.00,$0.00,$0.20,$0.00,$0.00,$0.00,$5.20,$0.00,$0.00,$0.00,$0.00,$5.00,$5.00,$0.00,,,,$0.00,$0.00,$0.00,$0.00,Stripe,No,,Completed,Online,1,d866be2d-b3e3-4b18-aab7-e3b71689ebcf
MEM1265,MQIS Membership 2025,24/02/2025,7:00 pm,Haley,Lyons,haley.lyons8@example.com,1123301679,04/08/2026 06:08 am,Online,Paid,1,0,$5.00,$0.00,$0.00,$0.00,$0.20,$0.00,$0.00,$0.00,$5.20,$0.00,$0.00,$0.00,$0.00,$5.00,$5.00,$0.00,,,,$0.00,$0.00,$0.00,$0.00,Stripe,Yes,,Completed,Online,1,a689b0c4-63e3-4bc4-bca8-9f60a02a4c45
MEM1266,MQIS Membership 2025,24/02/2025,7:00 pm,Elizabeth,May,elizabeth.may23@example.com,2383684143,28/07/2026 12:46 pm,Online,Paid,1,0,$5.00,$0.00,$0.00,$0.00,$0.20,$0.00,$0.00,$0.00,$5.20,$0.00,$0.00,$0.00,$0.00,$5.00,$5.00,$0.00,,,,$0.00,$0.00,$0.00,$0.00,Stripe,No,,Completed,Online,1,cd4cd4ab-2cda-42b9-ab7c-59bae413e5a0
MEM1267,MQIS Membership 2025,24/02/2025,7:00 pm,Shawn,Edwards,shawn.edwards32@example.com,4905389059,30/07/2026 02:46 am,Manual,Paid,1,0,$5.00,$0.00,$0.00,$0.00,$0.20,$0.00,$0.00,$0.00,$5.20,$0.00,$0.00,$0.00,$0.00,$5.00,$5.00,$0.00,,,,$0.00,$0.00,$0.00,$0.00,Stripe,No,,Completed,Manual,1,baba6987-eb8a-4864-a74f-76aec3677fd9
MEM1268,MQIS Membership 2025,24/02/2025,7:00 pm,Cassie,Kirby,cassie.kirby3@example.com,8168362577,17/08/2026 05:50 am,Online,Paid,1,0,$5.00,$0.00,$0.00,$0.00,$0.20,$0.00,$0.00,$0.00,$5.20,$0.00,$0.00,$0.00,$0.00,$5.00,$5.00,$0.00,,,,$0.00,$0.00,$0.00,$0.00,Stripe,No,,Completed,Online,1,2f5dcc06-7d8e-4d9f-807e-247ab33cbaa2
MEM1269,MQIS Membership 2025,24/02/2025,7:00 pm,Kim,Johnson,kim.johnson10@example.com,0591579815,28/07/2026 02:47 pm,Online,Paid,1,0,$5.00,$0.00,$0.00,$0.00,$0.20,$0.00,$0.00,$0.00,$5.20,$0.00,$0.00,$0.00,$0.00,$5.00,$5.00,$0.00,,,,$0.00,$0.00,$0.00,$0.00,Stripe,Yes,,Completed,Online,1,5b774393-97cb-4073-8fde-4ef78d436648
MEM1270,MQIS Membership 2025,24/02/2025,7:00 pm,Brent,Gray,brent.gray76@example.com,2964352217,07/08/2026 10:01 am,Manual,Paid,1,0,$5.00,$0.00,$0.00,$0.00,$0.20,$0.00,$0.00,$0.00,$5.20,$0.00,$0.00,$0.00,$0.00,$5.00,$5.00,$0.00,,,,$0.00,$0.00,$0.00,$0.00,Stripe,No,,Completed,Manual,1,c6e1ece9-43b5-4ade-a43c-abb04e344bcb
MEM1271,MQIS Membership 2025,24/02/2025,7:00 pm,Anthony,Gonzalez,anthony.gonzalez29@example.com,9802029172,30/07/2026 08:44 pm,Online,Paid,1,0,$5.00,$0.00,$0.00,$0.00,$0.20,$0.00,$0.00,$0.00,$5.20,$0.00,$0.00,$0.00,$0.00,$5.00,$5.00,$0.00,,,,$0.00,$0.00,$0.00,$0.00,Stripe,Yes,,Completed,Online,1,b80ffdc1-3e74-4173-a5da-1e52a75d8eb1
MEM1272,MQIS Membership 2025,24/02/2025,7:00 pm,Anna,Faulkner,anna.faulkner62@example.com,4578131456,20/07/2026 03:41 pm,Online,Refunded,0,1,$0.00,$0.00,$0.00,$0.00,$0.00,$0.00,$0.00,$0.00,$0.00,$0.00,$0.00,$0.00,$0.00,$0.00,$0.00,$0.00,,,,$0.00,$0.00,$0.00,$0.00,Stripe,No,,Completed,Online,1,e23ade2b-0f7a-495b-b7fb-67420f80aa7a
MEM1273,MQIS Membership 2025,24/02/2025,7:00 pm,Molly,Knight,molly.knight67@example.com,3001131464,15/07/2026 07:26 pm,Online,Paid,1,0,$5.00,$0.00,$0.00,$0.00,$0.20,$0.00,$0.00,$0.00,$5.20,$0.00,$0.00,$0.00,$0.00,$5.00,$5.00,$0.00,,,,$0.00,$0.00,$0.00,$0.00,Stripe,Yes,,Completed,Online,1,a466cf25-7708-4eea-bf92-d2584830eb0d
MEM1274,MQIS Membership 2025,24/02/2025,7:00 pm,Mark,Bates,mark.bates14@example.com,5592277026,29/07/2026 01:20 am,Online,Paid,1,0,$5.00,$0.00,$0.00,$0.00,$0.20,$0.00,$0.00,$0.00,$5.20,$0.00,$0.00,$0.00,$0.00,$5.00,$5.00,$0.00,,,,$0.00,$0.00,$0.00,$0.00,Stripe,Yes,,Completed,Online,1,ef5e3d02-9f79-47a5-a645-b7de7764a454
MEM1275,MQIS Membership 2025,24/02/2025,7:00 pm,Timothy,Harris,timothy.harris35@example.com,2569641135,04/08/2026 06:40 pm,Online,Paid,1,0,$5.00,$0.00,$0.00,$0.00,$0.20,$0.00,$0.00,$0.00,$5.20,$0.00,$0.00,$0.00,$0.00,$5.00,$5.00,$0.00,,,,$0.00,$0.00,$0.00,$0.00,Stripe,Yes,,Completed,Online,1,9f605569-9e3d-4983-8a3a-9e15c9486893
MEM1276,MQIS Membership 2025,24/02/2025,7:00 pm,Amy,Morris,amy.morris3@example.com,7633968007,25/07/2026 05:47 am,Online,Refunded,0,1,$0.00,$0.00,$0.00,$0.00,$0.00,$0.00,$0.00,$0.00,$0.00,$0.00,$0.00,$0.00,$0.00,$0.00,$0.00,$0.00,,,,$0.00,$0.00,$0.00,$0.00,Stripe,Yes,,Completed,Online,1,506df86a-7fc5-40c7-885d-9f24dd139c4c
MEM1277,MQIS Membership 2025,24/02/2025,7:00 pm,Meghan,Davis,meghan.davis66@example.com,2201127042,12/07/2026 06:28 am,Online,Paid,1,0,$5.00,$0.00,$0.00,$0.00,$0.20,$0.00,$0.00,$0.00,$5.20,$0.00,$0.00,$0.00,$0.00,$5.00,$5.00,$0.00,,,,$0.00,$0.00,$0.00,$0.00,Stripe,Yes,,Completed,Online,1,a62157ac-3c47-4cc5-b930-b9c4b9980916
MEM1278,MQIS Membership 2025,24/02/2025,7:00 pm,Kevin,Kelley,kevin.kelley98@example.com,3814331616,07/08/2026 09:36 am,Manual,Paid,1,0,$5.00,$0.00,$0.00,$0.00,$0.20,$0.00,$0.00,$0.00,$5.20,$0.00,$0.00,$0.00,$0.00,$5.00,$5.00,$0.00,,,,$0.00,$0.00,$0.00,$0.00,Stripe,Yes,,Completed,Manual,1,e945758c-4eb1-4194-ad9f-13254eb1ed2a
MEM1279,MQIS Membership 2025,24/02/2025,7:00 pm,William,Williams,william.williams32@example.com,0711989511,13/08/2026 03:17 pm,Online,Paid,1,0,$5.00,$0.00,$0.00,$0.00,$0.20,$0.00,$0.00,$0.00,$5.20,$0.00,$0.00,$0.00,$0.00,$5.00,$5.00,$0.00,,,,$0.00,$0.00,$0.00,$0.00,Stripe,Yes,,Completed,Online,1,20ddb3c5-7422-49f3-a711-ef1e8b8f1fda
MEM1280,MQIS Membership 2025,24/02/2025,7:00 pm,Gabriel,Sanders,gabriel.sanders41@example.com,3715586026,19/07/2026 06:20 pm,Online,Paid,1,0,$5.00,$0.00,$0.00,$0.00,$0.20,$0.00,$0.00,$0.00,$5.20,$0.00,$0.00,$0.00,$0.00,$5.00,$5.00,$0.00,,,,$0.00,$0.00,$0.00,$0.00,Stripe,Yes,,Completed,Online,1,b951a832-2d80-4afd-9ebd-3e79673890e0
MEM1281,MQIS Membership 2025,24/02/2025,7:00 pm,Tiffany,Barrett,tiffany.barrett33@example.com,8846937147,12/08/2026 04:32 am,Online,Paid,1,0,$5.00,$0.00,$0.00,$0.00,$0.20,$0.00,$0.00,$0.00,$5.20,$0.00,$0.00,$0.00,$0.00,$5.00,$5.00,$0.00,,,,$0.00,$0.00,$0.00,$0.00,Stripe,Yes,,Completed,Online,1,ab88cf23-84e7-45d9-869b-469edd43bb63
MEM1282,MQIS Membership 2025,24/02/2025,7:00 pm,Christine,Brock,christine.brock87@example.com,1178444002,11/07/2026 07:23 am,Online,Paid,1,0,$5.00,$0.00,$0.00,$0.00,$0.20,$0.00,$0.00,$0.00,$5.20,$0.00,$0.00,$0.00,$0.00,$5.00,$5.00,$0.00,,,,$0.00,$0.00,$0.00,$0.00,Stripe,Yes,,Completed,Online,1,46b3d9a2-2b84-454a-8167-b8dd9a35accb
MEM1283,MQIS Membership 2025,24/02/2025,7:00 pm,Allison,Fowler,allison.fowler7@example.com,7936660448,22/07/2026 09:00 am,Online,Paid,1,0,$5.00,$0.00,$0.00,$0.00,$0.20,$0.00,$0.00,$0.00,$5.20,$0.00,$0.00,$0.00,$0.00,$5.00,$5.00,$0.00,,,,$0.00,$0.00,$0.00,$0.00,Stripe,No,,Completed,Online,1,13762125-8626-493f-89df-77201e99722f
MEM1284,MQIS Membership 2025,24/02/2025,7:00 pm,Madeline,Jones,madeline.jones60@example.com,7734774967,26/07/2026 06:52 am,Online,Paid,1,0,$5.00,$0.00,$0.00,$0.00,$0.20,$0.00,$0.00,$0.00,$5.20,$0.00,$0.00,$0.00,$0.00,$5.00,$5.00,$0.00,,,,$0.00,$0.00,$0.00,$0.00,Stripe,No,,Completed,Online,1,e55ed574-767a-4305-a01b-ff2db3445208
MEM1285,MQIS Membership 2025,24/02/2025,7:00 pm,Judy,Lambert,judy.lambert65@example.com,1881567541,19/07/2026 01:49 pm,Online,Paid,1,0,$5.00,$0.00,$0.00,$0.00,$0.20,$0.00,$0.00,$0.00,$5.20,$0.00,$0.00,$0.00,$0.00,$5.00,$5.00,$0.00,,,,$0.00,$0.00,$0.00,$0.00,Stripe,No,,Completed,Online,1,a207f1a9-dfde-4318-8479-9c47a0bc1271
MEM1286,MQIS Membership 2025,24/02/2025,7:00 pm,Brian,Gordon,brian.gordon91@example.com,9707907704,24/07/2026 03:11 am,Online,Paid,1,0,$5.00,$0.00,$0.00,$0.00,$0.20,$0.00,$0.00,$0.00,$5.20,$0.00,$0.00,$0.00,$0.00,$5.00,$5.00,$0.00,,,,$0.00,$0.00,$0.00,$0.00,Stripe,No,,Completed,Online,1,123c8895-050b-46a6-bdb3-02c806dc68c4
MEM1287,MQIS Membership 2025,24/02/2025,7:00 pm,Robert,Garcia,robert.garcia72@example.com,4127259212,29/07/2026 07:42 am,Online,Paid,1,0,$5.00,$0.00,$0.00,$0.00,$0.20,$0.00,$0.00,$0.00,$5.20,$0.00,$0.00,$0.00,$0.00,$5.00,$5.00,$0.00,,,,$0.00,$0.00,$0.00,$0.00,Stripe,Yes,,Completed,Online,1,208ebe6a-b0ce-48b9-b2a2-e04a61c4060e
MEM1288,MQIS Membership 2025,24/02/2025,7:00 pm,Tiffany,Barrett,tiffany.barrett33@example.com,5525177485,20/07/2026 11:36 am,Online,Paid,1,0,$5.00,$0.00,$0.00,$0.00,$0.20,$0.00,$0.00,$0.00,$5.20,$0.00,$0.00,$0.00,$0.00,$5.00,$5.00,$0.00,,,,$0.00,$0.00,$0.00,$0.00,Stripe,No,,Completed,Online,1,4edb5282-674f-4777-a66b-d893ec506267
MEM1289,MQIS Membership 2025,24/02/2025,7:00 pm,Stephanie,Ballard,stephanie.ballard60@example.com,3742822022,14/08/2026 11:56 pm,Online,Paid,1,0,$5.00,$0.00,$0.00,$0.00,$0.20,$0.00,$0.00,$0.00,$5.20,$0.00,$0.00,$0.00,$0.00,$5.00,$5.00,$0.00,,,,$0.00,$0.00,$0.00,$0.00,Stripe,No,,Completed,Online,1,e78e59a6-4ae5-457d-ab1b-860f00e738fd
MEM1290,MQIS Membership 2025,24/02/2025,7:00 pm,Monica,Harvey,monica.harvey71@example.com,7265201487,01/08/2026 04:06 pm,Online,Paid,1,0,$5.00,$0.00,$0.00,$0.00,$0.20,$0.00,$0.00,$0.00,$5.20,$0.00,$0.00,$0.00,$0.00,$5.00,$5.00,$0.00,,,,$0.00,$0.00,$0.00,$0.00,Stripe,No,,Completed,Online,1,3b5c0147-f35a-490b-b38f-fefc694438af
MEM1291,MQIS Membership 2025,24/02/2025,7:00 pm,Rebecca,Davis,rebecca.davis4@example.com,0093219569,27/07/2026 12:49 pm,Online,Paid,1,0,$5.00,$0.00,$0.00,$0.00,$0.20,$0.00,$0.00,$0.00,$5.20,$0.00,$0.00,$0.00,$0.00,$5.00,$5.00,$0.00,,,,$0.00,$0.00,$0.00,$0.00,Stripe,No,,Completed,Online,1,6c275224-0046-4c0c-bb83-114a5fde222d
MEM1292,MQIS Membership 2025,24/02/2025,7:00 pm,Jessica,Simon,jessica.simon58@example.com,6961588445,07/08/2026 07:29 pm,Online,Paid,1,0,$5.00,$0.00,$0.00,$0.00,$0.20,$0.00,$0.00,$0.00,$5.20,$0.00,$0.00,$0.00,$0.00,$5.00,$5.00,$0.00,,,,$0.00,$0.00,$0.00,$0.00,Stripe,No,,Completed,Online,1,43aedf3d-e82f-4a3d-9493-5d514002f302
MEM1293,MQIS Membership 2025,24/02/2025,7:00 pm,Matthew,Schwartz,matthew.schwartz70@example.com,0208967604,13/07/2026 05:22 am,Manual,Paid,1,0,$5.00,$0.00,$0.00,$0.00,$0.20,$0.00,$0.00,$0.00,$5.20,$0.00,$0.00,$0.00,$0.00,$5.00,$5.00,$0.00,,,,$0.00,$0.00,$0.00,$0.00,Stripe,No,,Completed,Manual,1,18ba34b0-2fbe-49b5-b211-b6da3eb53eeb
MEM1294,MQIS Membership 2025,24/02/2025,7:00 pm,Desiree,Garrison,desiree.garrison89@example.com,7519679296,12/08/2026 12:46 am,Online,Paid,1,0,$5.00,$0.00,$0.00,$0.00,$0.20,$0.00,$0.00,$0.00,$5.20,$0.00,$0.00,$0.00,$0.00,$5.00,$5.00,$0.00,,,,$0.00,$0.00,$0.00,$0.00,Stripe,No,,Completed,Online,1,14a3304c-3bfe-4c95-9a88-84096e2f5154
MEM1295,MQIS Membership 2025,24/02/2025,7:00 pm,Michael,Everett,michael.everett98@example.com,4220704310,16/08/2026 10:22 am,Online,Paid,1,0,$5.00,$0.00,$0.00,$0.00,$0.20,$0.00,$0.00,$0.00,$5.20,$0.00,$0.00,$0.00,$0.00,$5.00,$5.00,$0.00,,,,$0.00,$0.00,$0.00,$0.00,Stripe,No,,Completed,Online,1,777f11dd-8fb5-4871-a4b6-5f7b2a7cf8d8
MEM1296,MQIS Membership 2025,24/02/2025,7:00 pm,Hector,Flores,hector.flores5@example.com,8936742860,20/07/2026 07:22 am,Online,Paid,1,0,$5.00,$0.00,$0.00,$0.00,$0.20,$0.00,$0.00,$0.00,$5.20,$0.00,$0.00,$0.00,$0.00,$5.00,$5.00,$0.00,,,,$0.00,$0.00,$0.00,$0.00,Stripe,No,,Completed,Online,1,a422363a-b0e2-4d24-a2ff-8d7dfc06cebd
MEM1297,MQIS Membership 2025,24/02/2025,7:00 pm,Jesse,Mann,jesse.mann95@example.com,3880111305,28/07/2026 06:49 pm,Online,Paid,1,0,$5.00,$0.00,$0.00,$0.00,$0.20,$0.00,$0.00,$0.00,$5.20,$0.00,$0.00,$0.00,$0.00,$5.00,$5.00,$0.00,,,,$0.00,$0.00,$0.00,$0.00,Stripe,Yes,,Completed,Online,1,38f727f1-8795-4119-b537-7d7af1ea3324
MEM1298,MQIS Membership 2025,24/02/2025,7:00 pm,Sierra,Wagner,sierra.wagner99@example.com,2377504480,24/07/2026 02:37 pm,Online,Paid,1,0,$5.00,$0.00,$0.00,$0.00,$0.20,$0.00,$0.00,$0.00,$5.20,$0.00,$0.00,$0.00,$0.00,$5.00,$5.00,$0.00,,,,$0.00,$0.00,$0.00,$0.00,Stripe,No,,Completed,Online,1,ae6752dd-8cdd-4dba-8756-115b4391fa56
MEM1299,MQIS Membership 2025,24/02/2025,7:00 pm,Dominic,Tyler,dominic.tyler73@example.com,6041261655,03/08/2026 04:16 am,Online,Paid,1,0,$5.00,$0.00,$0.00,$0.00,$0.20,$0.00,$0.00,$0.00,$5.20,$0.00,$0.00,$0.00,$0.00,$5.00,$5.00,$0.00,,,,$0.00,$0.00,$0.00,$0.00,Stripe,Yes,,Completed,Online,1,a89fd3f3-3246-467a-bf64-cb2195e61ba6
MEM1300,MQIS Membership 2025,24/02/2025,7:00 pm,Vicki,Mendoza,vicki.mendoza12@example.com,0214616904,02/08/2026 08:09 am,Online,Paid,1,0,$5.00,$0.00,$0.00,$0.00,$0.20,$0.00,$0.00,$0.00,$5.20,$0.00,$0.00,$0.00,$0.00,$5.00,$5.00,$0.00,,,,$0.00,$0.00,$0.00,$0.00,Stripe,No,,Completed,Online,1,9c57f9d8-f714-43f0-a618-cd940ceab8a7
MEM1301,MQIS Membership 2025,24/02/2025,7:00 pm,Christopher,Williams,christopher.williams26@example.com,4419043770,12/08/2026 08:14 pm,Online,Paid,1,0,$5.00,$0.00,$0.00,$0.00,$0.20,$0.00,$0.00,$0.00,$5.20,$0.00,$0.00,$0.00,$0.00,$5.00,$5.00,$0.00,,,,$0.00,$0.00,$0.00,$0.00,Stripe,No,,Completed,Online,1,086af9a3-e0f3-40e9-acb4-9e6e7559d5ee
MEM1302,MQIS Membership 2025,24/02/2025,7:00 pm,Tyler,Compton,tyler.compton82@example.com,5623724645,23/07/2026 06:49 am,Online,Paid,1,0,$5.00,$0.00,$0.00,$0.00,$0.20,$0.00,$0.00,$0.00,$5.20,$0.00,$0.00,$0.00,$0.00,$5.00,$5.00,$0.00,,,,$0.00,$0.00,$0.00,$0.00,Stripe,No,,Completed,Online,1,e3dc57a1-e5af-46b6-8291-6d42898c00f0
MEM1303,MQIS Membership 2025,24/02/2025,7:00 pm,Timothy,Harris,timothy.harris35@example.com,1990656322,24/07/2026 08:13 am,Online,Paid,1,0,$5.00,$0.00,$0.00,$0.00,$0.20,$0.00,$0.00,$0.00,$5.20,$0.00,$0.00,$0.00,$0.00,$5.00,$5.00,$0.00,,,,$0.00,$0.00,$0.00,$0.00,Stripe,No,,Completed,Online,1,13b219a6-1d88-427e-82b0-ebec123f946c
MEM1304,MQIS Membership 2025,24/02/2025,7:00 pm,Cameron,Hill,cameron.hill9@example.com,1259272916,11/08/2026 03:55 am,Online,Paid,1,0,$5.00,$0.00,$0.00,$0.00,$0.20,$0.00,$0.00,$0.00,$5.20,$0.00,$0.00,$0.00,$0.00,$5.00,$5.00,$0.00,,,,$0.00,$0.00,$0.00,$0.00,Stripe,No,,Completed,Online,1,e15dd4ee-2178-47be-a555-5acdc3443ba8
MEM1305,MQIS Membership 2025,24/02/2025,7:00 pm,Bill,Brown,bill.brown98@example.com,5384187576,12/08/2026 11:37 am,Online,Paid,1,0,$5.00,$0.00,$0.00,$0.00,$0.20,$0.00,$0.00,$0.00,$5.20,$0.00,$0.00,$0.00,$0.00,$5.00,$5.00,$0.00,,,,$0.00,$0.00,$0.00,$0.00,Stripe,Yes,,Completed,Online,1,296b7e4f-7c0c-4281-adfc-a24b5fd68015
MEM1306,MQIS Membership 2025,24/02/2025,7:00 pm,James,Collins,james.collins38@example.com,5883660798,16/07/2026 03:27 pm,Manual,Paid,1,0,$5.00,$0.00,$0.00,$0.00,$0.20,$0.00,$0.00,$0.00,$5.20,$0.00,$0.00,$0.00,$0.00,$5.00,$5.00,$0.00,,,,$0.00,$0.00,$0.00,$0.00,Stripe,No,,Completed,Manual,1,bbab11d5-3376-46ff-8386-d7370c32dc94
MEM1307,MQIS Membership 2025,24/02/2025,7:00 pm,Aaron,Frost,aaron.frost98@example.com,7836159266,11/08/2026 03:22 am,Online,Paid,1,0,$5.00,$0.00,$0.00,$0.00,$0.20,$0.00,$0.00,$0.00,$5.20,$0.00,$0.00,$0.00,$0.00,$5.00,$5.00,$0.00,,,,$0.00,$0.00,$0.00,$0.00,Stripe,No,,Completed,Online,1,8ac6b1b2-060a-4ec3-8485-c7a3a4faa3d6
MEM1308,MQIS Membership 2025,24/02/2025,7:00 pm,Mark,Cook,mark.cook74@example.com,9565300022,16/08/2026 05:55 am,Online,Paid,1,0,$5.00,$0.00,$0.00,$0.00,$0.20,$0.00,$0.00,$0.00,$5.20,$0.00,$0.00,$0.00,$0.00,$5.00,$5.00,$0.00,,,,$0.00,$0.00,$0.00,$0.00,Stripe,No,,Completed,Online,1,68bf1290-b121-4759-b3a3-7ae69dac7a69
MEM1309,MQIS Membership 2025,24/02/2025,7:00 pm,Krystal,Bradley,krystal.bradley31@example.com,4709280337,05/08/2026 02:38 am,Online,Paid,1,0,$5.00,$0.00,$0.00,$0.00,$0.20,$0.00,$0.00,$0.00,$5.20,$0.00,$0.00,$0.00,$0.00,$5.00,$5.00,$0.00,,,,$0.00,$0.00,$0.00,$0.00,Stripe,No,,Completed,Online,1,cdf22607-3746-47fd-9c88-b791aea5a3bf
MEM1310,MQIS Membership 2025,24/02/2025,7:00 pm,Katherine,Garrett,katherine.garrett54@example.com,2793922689,28/07/2026 07:51 pm,Online,Paid,1,0,$5.00,$0.00,$0.00,$0.00,$0.20,$0.00,$0.00,$0.00,$5.20,$0.00,$0.00,$0.00,$0.00,$5.00,$5.00,$0.00,,,,$0.00,$0.00,$0.00,$0.00,Stripe,No,,Completed,Online,1,d2bf0099-7fad-40bc-a865-c56542914a52
MEM1311,MQIS Membership 2025,24/02/2025,7:00 pm,Tammy,Dalton,tammy.dalton89@example.com,9336983240,26/07/2026 03:44 pm,Online,Paid,1,0,$5.00,$0.00,$0.00,$0.00,$0.20,$0.00,$0.00,$0.00,$5.20,$0.00,$0.00,$0.00,$0.00,$5.00,$5.00,$0.00,,,,$0.00,$0.00,$0.00,$0.00,Stripe,No,,Completed,Online,1,9df7a72f-fdfc-4b51-882f-dccf15e18488
MEM1312,MQIS Membership 2025,24/02/2025,7:00 pm,Christopher,Hayden,christopher.hayden68@example.com,6180980988,11/08/2026 05:45 pm,Online,Paid,1,0,$5.00,$0.00,$0.00,$0.00,$0.20,$0.00,$0.00,$0.00,$5.20,$0.00,$0.00,$0.00,$0.00,$5.00,$5.00,$0.00,,,,$0.00,$0.00,$0.00,$0.00,Stripe,No,,Completed,Online,1,64df935c-3b2a-4af6-b536-0a959ffe17f6
MEM1313,MQIS Membership 2025,24/02/2025,7:00 pm,Brittney,Carter,brittney.carter63@example.com,2445227594,07/08/2026 02:42 pm,Online,Paid,1,0,$5.00,$0.00,$0.00,$0.00,$0.20,$0.00,$0.00,$0.00,$5.20,$0.00,$0.00,$0.00,$0.00,$5.00,$5.00,$0.00,,,,$0.00,$0.00,$0.00,$0.00,Stripe,Yes,,Completed,Online,1,b0836426-2244-42fc-8c19-36423b89aa26
MEM1314,MQIS Membership 2025,24/02/2025,7:00 pm,Kyle,Henry,kyle.henry33@example.com,2221553250,06/08/2026 08:30 pm,Online,Paid,1,0,$5.00,$0.00,$0.00,$0.00,$0.20,$0.00,$0.00,$0.00,$5.20,$0.00,$0.00,$0.00,$0.00,$5.00,$5.00,$0.00,,,,$0.00,$0.00,$0.00,$0.00,Stripe,Yes,,Completed,Online,1,c6fe262e-3006-48ed-9416-8bf7dd769216
MEM1315,MQIS Membership 2025,24/02/2025,7:00 pm,Sabrina,White,sabrina.white9@example.com,4511651608,13/08/2026 11:38 am,Online,Paid,1,0,$5.00,$0.00,$0.00,$0.00,$0.20,$0.00,$0.00,$0.00,$5.20,$0.00,$0.00,$0.00,$0.00,$5.00,$5.00,$0.00,,,,$0.00,$0.00,$0.00,$0.00,Stripe,No,,Completed,Online,1,53328859-c884-4e31-97c7-8934d54f7520
MEM1316,MQIS Membership 2025,24/02/2025,7:00 pm,Ashley,Jacobs,ashley.jacobs78@example.com,3966057529,13/08/2026 04:19 pm,Online,Paid,1,0,$5.00,$0.00,$0.00,$0.00,$0.20,$0.00,$0.00,$0.00,$5.20,$0.00,$0.00,$0.00,$0.00,$5.00,$5.00,$0.00,,,,$0.00,$0.00,$0.00,$0.00,Stripe,No,,Completed,Online,1,10d1884d-7a99-4b1a-b5a8-a999e8217381
MEM1317,MQIS Membership 2025,24/02/2025,7:00 pm,James,Martinez,james.martinez53@example.com,8132072391,17/08/2026 11:30 am,Online,Paid,1,0,$5.00,$0.00,$0.00,$0.00,$0.20,$0.00,$0.00,$0.00,$5.20,$0.00,$0.00,$0.00,$0.00,$5.00,$5.00,$0.00,,,,$0.00,$0.00,$0.00,$0.00,Stripe,Yes,,Completed,Online,1,5461bb1c-664d-4b78-b92f-34b44359ce40
MEM1318,MQIS Membership 2025,24/02/2025,7:00 pm,Daniel,Bruce,daniel.bruce66@example.com,6369851676,15/08/2026 12:56 pm,Online,Paid,1,0,$5.00,$0.00,$0.00,$0.00,$0.20,$0.00,$0.00,$0.00,$5.20,$0.00,$0.00,$0.00,$0.00,$5.00,$5.00,$0.00,,,,$0.00,$0.00,$0.00,$0.00,Stripe,No,,Completed,Online,1,949922b3-c092-4d0d-b064-1f679e60aa15
MEM1319,MQIS Membership 2025,24/02/2025,7:00 pm,Brooke,Leonard,brooke.leonard9@example.com,6976022364,13/07/2026 08:13 am,Online,Paid,1,0,$5.00,$0.00,$0.00,$0.00,$0.20,$0.00,$0.00,$0.00,$5.20,$0.00,$0.00,$0.00,$0.00,$5.00,$5.00,$0.00,,,,$0.00,$0.00,$0.00,$0.00,Stripe,No,,Completed,Online,1,afb03328-58f3-45c0-8c77-f138cb002a21
MEM1320,MQIS Membership 2025,24/02/2025,7:00 pm,Lori,Oconnell,lori.oconnell63@example.com,3704342491,14/07/2026 11:17 am,Online,Paid,1,0,$5.00,$0.00,$0.00,$0.00,$0.20,$0.00,$0.00,$0.00,$5.20,$0.00,$0.00,$0.00,$0.00,$5.00,$5.00,$0.00,,,,$0.00,$0.00,$0.00,$0.00,Stripe,No,,Completed,Online,1,77c979c1-7f58-4942-9ea0-c93932917432
MEM1321,MQIS Membership 2025,24/02/2025,7:00 pm,Robert,Peterson,robert.peterson95@example.com,4222124219,28/07/2026 05:08 pm,Online,Paid,1,0,$5.00,$0.00,$0.00,$0.00,$0.20,$0.00,$0.00,$0.00,$5.20,$0.00,$0.00,$0.00,$0.00,$5.00,$5.00,$0.00,,,,$0.00,$0.00,$0.00,$0.00,Stripe,No,,Completed,Online,1,dfb64b0b-bb8a-4b03-ab0c-127217b789cc
MEM1322,MQIS Membership 2025,24/02/2025,7:00 pm,Jeffery,Fox,jeffery.fox38@example.com,3473175102,10/08/2026 04:41 pm,Online,Paid,1,0,$5.00,$0.00,$0.00,$0.00,$0.20,$0.00,$0.00,$0.00,$5.20,$0.00,$0.00,$0.00,$0.00,$5.00,$5.00,$0.00,,,,$0.00,$0.00,$0.00,$0.00,Stripe,No,,Completed,Online,1,53b18cc9-8f3c-4b4c-ba8e-cfbc3c856441
MEM1323,MQIS Membership 2025,24/02/2025,7:00 pm,Dennis,Wilson,dennis.wilson55@example.com,3271045351,10/07/2026 11:36 pm,Manual,Paid,1,0,$5.00,$0.00,$0.00,$0.00,$0.20,$0.00,$0.00,$0.00,$5.20,$0.00,$0.00,$0.00,$0.00,$5.00,$5.00,$0.00,,,,$0.00,$0.00,$0.00,$0.00,Stripe,Yes,,Completed,Manual,1,ac0d4e02-fc15-4826-b3a6-53abbb5b7ded
MEM1324,MQIS Membership 2025,24/02/2025,7:00 pm,Thomas,Williams,thomas.williams59@example.com,1719163354,07/08/2026 01:24 am,Online,Paid,1,0,$5.00,$0.00,$0.00,$0.00,$0.20,$0.00,$0.00,$0.00,$5.20,$0.00,$0.00,$0.00,$0.00,$5.00,$5.00,$0.00,,,,$0.00,$0.00,$0.00,$0.00,Stripe,No,,Completed,Online,1,fdb59d06-dd87-46eb-82ae-1166df234ac5
MEM1325,MQIS Membership 2025,24/02/2025,7:00 pm,Jennifer,Walters,jennifer.walters57@example.com,5417689220,18/07/2026 03:28 pm,Online,Paid,1,0,$5.00,$0.00,$0.00,$0.00,$0.20,$0.00,$0.00,$0.00,$5.20,$0.00,$0.00,$0.00,$0.00,$5.00,$5.00,$0.00,,,,$0.00,$0.00,$0.00,$0.00,Stripe,No,,Completed,Online,1,9784a21a-a51c-4362-b253-dad391d21529
MEM1326,MQIS Membership 2025,24/02/2025,7:00 pm,Christina,Ramirez,christina.ramirez9@example.com,5802845718,14/08/2026 02:23 pm,Manual,Paid,1,0,$5.00,$0.00,$0.00,$0.00,$0.20,$0.00,$0.00,$0.00,$5.20,$0.00,$0.00,$0.00,$0.00,$5.00,$5.00,$0.00,,,,$0.00,$0.00,$0.00,$0.00,Stripe,No,,Completed,Manual,1,a4f7b5fd-a9ef-492a-906e-b1fcc1abcc47
MEM1327,MQIS Membership 2025,24/02/2025,7:00 pm,Craig,Turner,craig.turner93@example.com,6254993145,30/07/2026 11:07 am,Online,Paid,1,0,$5.00,$0.00,$0.00,$0.00,$0.20,$0.00,$0.00,$0.00,$5.20,$0.00,$0.00,$0.00,$0.00,$5.00,$5.00,$0.00,,,,$0.00,$0.00,$0.00,$0.00,Stripe,Yes,,Completed,Online,1,ebaf6a88-378c-4044-b347-686f198d59ed
MEM1328,MQIS Membership 2025,24/02/2025,7:00 pm,Amanda,Boone,amanda.boone96@example.com,1367461616,30/07/2026 02:00 pm,Online,Paid,1,0,$5.00,$0.00,$0.00,$0.00,$0.20,$0.00,$0.00,$0.00,$5.20,$0.00,$0.00,$0.00,$0.00,$5.00,$5.00,$0.00,,,,$0.00,$0.00,$0.00,$0.00,Stripe,Yes,,Completed,Online,1,ae947125-73e2-45f6-b9fd-015e3db2ac20
MEM1329,MQIS Membership 2025,24/02/2025,7:00 pm,James,Collins,james.collins38@example.com,6712747069,11/07/2026 04:22 am,Online,Paid,1,0,$5.00,$0.00,$0.00,$0.00,$0.20,$0.00,$0.00,$0.00,$5.20,$0.00,$0.00,$0.00,$0.00,$5.00,$5.00,$0.00,,,,$0.00,$0.00,$0.00,$0.00,Stripe,No,,Completed,Online,1,ca1867a6-7413-4788-9ba7-04fc2c907ca5
MEM1330,MQIS Membership 2025,24/02/2025,7:00 pm,Diana,Thompson,diana.thompson27@example.com,0697296720,31/07/2026 12:37 am,Online,Paid,1,0,$5.00,$0.00,$0.00,$0.00,$0.20,$0.00,$0.00,$0.00,$5.20,$0.00,$0.00,$0.00,$0.00,$5.00,$5.00,$0.00,,,,$0.00,$0.00,$0.00,$0.00,Stripe,No,,Completed,Online,1,32043de9-9ce4-431e-ab71-aca26e16a204
MEM1331,MQIS Membership 2025,24/02/2025,7:00 pm,Karen,Wolf,karen.wolf75@example.com,6787586474,12/07/2026 10:49 pm,Online,Paid,1,0,$5.00,$0.00,$0.00,$0.00,$0.20,$0.00,$0.00,$0.00,$5.20,$0.00,$0.00,$0.00,$0.00,$5.00,$5.00,$0.00,,,,$0.00,$0.00,$0.00,$0.00,Stripe,Yes,,Completed,Online,1,5d165771-a360-4c11-a4d1-69ebd21736e1
MEM1332,MQIS Membership 2025,24/02/2025,7:00 pm,Megan,Parsons,megan.parsons58@example.com,7550461614,23/07/2026 08:17 pm,Online,Paid,1,0,$5.00,$0.00,$0.00,$0.00,$0.20,$0.00,$0.00,$0.00,$5.20,$0.00,$0.00,$0.00,$0.00,$5.00,$5.00,$0.00,,,,$0.00,$0.00,$0.00,$0.00,Stripe,No,,Completed,Online,1,df7ff285-9a5e-4518-ba08-a5ac0c8248b1
MEM1333,MQIS Membership 2025,24/02/2025,7:00 pm,Amy,Snyder,amy.snyder36@example.com,7545769094,28/07/2026 02:02 pm,Online,Paid,1,0,$5.00,$0.00,$0.00,$0.00,$0.20,$0.00,$0.00,$0.00,$5.20,$0.00,$0.00,$0.00,$0.00,$5.00,$5.00,$0.00,,,,$0.00,$0.00,$0.00,$0.00,Stripe,No,,Completed,Online,1,c09de425-a8fa-4b6a-af0a-35605b14ac87
MEM1334,MQIS Membership 2025,24/02/2025,7:00 pm,Cynthia,Davenport,cynthia.davenport37@example.com,6360385528,12/07/2026 07:39 pm,Online,Paid,1,0,$5.00,$0.00,$0.00,$0.00,$0.20,$0.00,$0.00,$0.00,$5.20,$0.00,$0.00,$0.00,$0.00,$5.00,$5.00,$0.00,,,,$0.00,$0.00,$0.00,$0.00,Stripe,Yes,,Completed,Online,1,26089d2b-35ca-476d-b0c7-e1ea1daab6ea
MEM1335,MQIS Membership 2025,24/02/2025,7:00 pm,Kenneth,Burgess,kenneth.burgess95@example.com,7834358599,03/08/2026 12:01 pm,Manual,Paid,1,0,$5.00,$0.00,$0.00,$0.00,$0.20,$0.00,$0.00,$0.00,$5.20,$0.00,$0.00,$0.00,$0.00,$5.00,$5.00,$0.00,,,,$0.00,$0.00,$0.00,$0.00,Stripe,No,,Completed,Manual,1,68c77394-7754-464f-8674-ef70e1cd8046
MEM1336,MQIS Membership 2025,24/02/2025,7:00 pm,Kyle,Henry,kyle.henry33@example.com,8692254376,20/07/2026 01:13 am,Online,Paid,1,0,$5.00,$0.00,$0.00,$0.00,$0.20,$0.00,$0.00,$0.00,$5.20,$0.00,$0.00,$0.00,$0.00,$5.00,$5.00,$0.00,,,,$0.00,$0.00,$0.00,$0.00,Stripe,No,,Completed,Online,1,18d1f1b3-7f50-40d3-80a9-bc952d37f9ba
MEM1337,MQIS Membership 2025,24/02/2025,7:00 pm,Mark,Austin,mark.austin89@example.com,6535955394,13/07/2026 09:43 am,Manual,Paid,1,0,$5.00,$0.00,$0.00,$0.00,$0.20,$0.00,$0.00,$0.00,$5.20,$0.00,$0.00,$0.00,$0.00,$5.00,$5.00,$0.00,,,,$0.00,$0.00,$0.00,$0.00,Stripe,Yes,,Completed,Manual,1,9d86a0de-8578-435c-9170-5229aa5ccea4
MEM1338,MQIS Membership 2025,24/02/2025,7:00 pm,Stephanie,Simpson,stephanie.simpson51@example.com,9486309972,23/07/2026 01:08 pm,Manual,Paid,1,0,$5.00,$0.00,$0.00,$0.00,$0.20,$0.00,$0.00,$0.00,$5.20,$0.00,$0.00,$0.00,$0.00,$5.00,$5.00,$0.00,,,,$0.00,$0.00,$0.00,$0.00,Stripe,Yes,,Completed,Manual,1,1f14213c-46d6-431b-a0bc-3c69b1c97a74
MEM1339,MQIS Membership 2025,24/02/2025,7:00 pm,Sean,Padilla,sean.padilla71@example.com,9431491421,27/07/2026 07:53 pm,Manual,Paid,1,0,$5.00,$0.00,$0.00,$0.00,$0.20,$0.00,$0.00,$0.00,$5.20,$0.00,$0.00,$0.00,$0.00,$5.00,$5.00,$0.00,,,,$0.00,$0.00,$0.00,$0.00,Stripe,No,,Completed,Manual,1,dfcb5d18-fa92-4fde-9f89-7a84b8e2c5e2
MEM1340,MQIS Membership 2025,24/02/2025,7:00 pm,Eric,Spears,eric.spears60@example.com,7624285740,11/07/2026 04:51 pm,Online,Paid,1,0,$5.00,$0.00,$0.00,$0.00,$0.20,$0.00,$0.00,$0.00,$5.20,$0.00,$0.00,$0.00,$0.00,$5.00,$5.00,$0.00,,,,$0.00,$0.00,$0.00,$0.00,Stripe,No,,Completed,Online,1,b11822ff-ab73-49a1-be9d-d3cc28aca4da
MEM1341,MQIS Membership 2025,24/02/2025,7:00 pm,Desiree,Bailey,desiree.bailey28@example.com,0354766307,29/07/2026 07:39 am,Online,Refunded,0,1,$0.00,$0.00,$0.00,$0.00,$0.00,$0.00,$0.00,$0.00,$0.00,$0.00,$0.00,$0.00,$0.00,$0.00,$0.00,$0.00,,,,$0.00,$0.00,$0.00,$0.00,Stripe,No,,Completed,Online,1,aac72a9c-13b0-4a0d-920a-6bce7d0e73b9
MEM1342,MQIS Membership 2025,24/02/2025,7:00 pm,Daniel,Tran,daniel.tran75@example.com,6519407234,04/08/2026 01:18 pm,Online,Paid,1,0,$5.00,$0.00,$0.00,$0.00,$0.20,$0.00,$0.00,$0.00,$5.20,$0.00,$0.00,$0.00,$0.00,$5.00,$5.00,$0.00,,,,$0.00,$0.00,$0.00,$0.00,Stripe,No,,Completed,Online,1,1e4bc2fc-459e-4234-8ab0-79c9b9f4b14e
MEM1343,MQIS Membership 2025,24/02/2025,7:00 pm,Jared,Clark,jared.clark94@example.com,7082922092,07/08/2026 04:22 am,Online,Paid,1,0,$5.00,$0.00,$0.00,$0.00,$0.20,$0.00,$0.00,$0.00,$5.20,$0.00,$0.00,$0.00,$0.00,$5.00,$5.00,$0.00,,,,$0.00,$0.00,$0.00,$0.00,Stripe,No,,Completed,Online,1,2de900c1-011e-421d-8743-e8c19e415791
MEM1344,MQIS Membership 2025,24/02/2025,7:00 pm,Cynthia,Allen,cynthia.allen56@example.com,0114747299,02/08/2026 05:30 am,Online,Paid,1,0,$5.00,$0.00,$0.00,$0.00,$0.20,$0.00,$0.00,$0.00,$5.20,$0.00,$0.00,$0.00,$0.00,$5.00,$5.00,$0.00,,,,$0.00,$0.00,$0.00,$0.00,Stripe,Yes,,Completed,Online,1,7b490ffb-3d9a-4129-a065-7718526eb0dd
MEM1345,MQIS Membership 2025,24/02/2025,7:00 pm,James,Fox,james.fox71@example.com,4975745684,30/07/2026 01:34 am,Online,Paid,1,0,$5.00,$0.00,$0.00,$0.00,$0.20,$0.00,$0.00,$0.00,$5.20,$0.00,$0.00,$0.00,$0.00,$5.00,$5.00,$0.00,,,,$0.00,$0.00,$0.00,$0.00,Stripe,Yes,,Completed,Online,1,d2c69847-35f2-4a69-b211-8c063b5d2ba8
MEM1346,MQIS Membership 2025,24/02/2025,7:00 pm,Zachary,Ramirez,zachary.ramirez75@example.com,6519034830,16/08/2026 04:56 am,Online,Paid,1,0,$5.00,$0.00,$0.00,$0.00,$0.20,$0.00,$0.00,$0.00,$5.20,$0.00,$0.00,$0.00,$0.00,$5.00,$5.00,$0.00,,,,$0.00,$0.00,$0.00,$0.00,Stripe,Yes,,Completed,Online,1,1e1514ec-0a88-4233-b55d-371516d586c1
MEM1347,MQIS Membership 2025,24/02/2025,7:00 pm,Nicholas,Galloway,nicholas.galloway89@example.com,6449035934,26/07/2026 09:01 pm,Online,Paid,1,0,$5.00,$0.00,$0.00,$0.00,$0.20,$0.00,$0.00,$0.00,$5.20,$0.00,$0.00,$0.00,$0.00,$5.00,$5.00,$0.00,,,,$0.00,$0.00,$0.00,$0.00,Stripe,No,,Completed,Online,1,fb14dc56-a010-49b7-a254-b249bd41ef06
MEM1348,MQIS Membership 2025,24/02/2025,7:00 pm,Carla,Chambers,carla.chambers36@example.com,3071821821,17/07/2026 11:49 pm,Online,Paid,1,0,$5.00,$0.00,$0.00,$0.00,$0.20,$0.00,$0.00,$0.00,$5.20,$0.00,$0.00,$0.00,$0.00,$5.00,$5.00,$0.00,,,,$0.00,$0.00,$0.00,$0.00,Stripe,No,,Completed,Online,1,2a3af54d-91a8-4c1f-b037-b2a5aa475d40
MEM1349,MQIS Membership 2025,24/02/2025,7:00 pm,Oscar,Taylor,oscar.taylor6@example.com,8678110802,16/08/2026 09:51 pm,Online,Paid,1,0,$5.00,$0.00,$0.00,$0.00,$0.20,$0.00,$0.00,$0.00,$5.20,$0.00,$0.00,$0.00,$0.00,$5.00,$5.00,$0.00,,,,$0.00,$0.00,$0.00,$0.00,Stripe,Yes,,Completed,Online,1,ff4a26a5-662c-4447-a327-9aef3db1e702
MEM1350,MQIS Membership 2025,24/02/2025,7:00 pm,Todd,Hardy,todd.hardy71@example.com,0257953564,01/08/2026 10:03 pm,Manual,Paid,1,0,$5.00,$0.00,$0.00,$0.00,$0.20,$0.00,$0.00,$0.00,$5.20,$0.00,$0.00,$0.00,$0.00,$5.00,$5.00,$0.00,,,,$0.00,$0.00,$0.00,$0.00,Stripe,No,,Completed,Manual,1,307301a4-ae7d-4081-a7cd-d8009b10bbbd
MEM1351,MQIS Membership 2025,24/02/2025,7:00 pm,Amanda,Little,amanda.little42@example.com,2863996240,24/07/2026 12:10 am,Online,Paid,1,0,$5.00,$0.00,$0.00,$0.00,$0.20,$0.00,$0.00,$0.00,$5.20,$0.00,$0.00,$0.00,$0.00,$5.00,$5.00,$0.00,,,,$0.00,$0.00,$0.00,$0.00,Stripe,Yes,,Completed,Online,1,9f7d5c8a-f7c4-44dd-832e-7406b3cfd66d
MEM1352,MQIS Membership 2025,24/02/2025,7:00 pm,Tracy,Hernandez,tracy.hernandez2@example.com,1759145090,16/07/2026 12:29 am,Online,Paid,1,0,$5.00,$0.00,$0.00,$0.00,$0.20,$0.00,$0.00,$0.00,$5.20,$0.00,$0.00,$0.00,$0.00,$5.00,$5.00,$0.00,,,,$0.00,$0.00,$0.00,$0.00,Stripe,No,,Completed,Online,1,c460fb27-5d7e-4a01-acc5-26059f41ebfb
MEM1353,MQIS Membership 2025,24/02/2025,7:00 pm,Selena,Duncan,selena.duncan46@example.com,9395391067,29/07/2026 02:23 am,Online,Paid,1,0,$5.00,$0.00,$0.00,$0.00,$0.20,$0.00,$0.00,$0.00,$5.20,$0.00,$0.00,$0.00,$0.00,$5.00,$5.00,$0.00,,,,$0.00,$0.00,$0.00,$0.00,Stripe,Yes,,Completed,Online,1,71d43692-2f2f-498e-850b-0333eb6ffa20
MEM1354,MQIS Membership 2025,24/02/2025,7:00 pm,Kevin,Cabrera,kevin.cabrera99@example.com,3480249668,25/07/2026 09:14 am,Online,Paid,1,0,$5.00,$0.00,$0.00,$0.00,$0.20,$0.00,$0.00,$0.00,$5.20,$0.00,$0.00,$0.00,$0.00,$5.00,$5.00,$0.00,,,,$0.00,$0.00,$0.00,$0.00,Stripe,No,,Completed,Online,1,5cb8b28d-8ead-40a4-b67d-0fdd3c47c4b5
MEM1355,MQIS Membership 2025,24/02/2025,7:00 pm,John,Martinez,john.martinez60@example.com,2010154448,31/07/2026 06:35 pm,Online,Paid,1,0,$5.00,$0.00,$0.00,$0.00,$0.20,$0.00,$0.00,$0.00,$5.20,$0.00,$0.00,$0.00,$0.00,$5.00,$5.00,$0.00,,,,$0.00,$0.00,$0.00,$0.00,Stripe,No,,Completed,Online,1,4561e8f7-7253-486e-8100-7b0a2425f74c
MEM1356,MQIS Membership 2025,24/02/2025,7:00 pm,Heather,Berger,heather.berger14@example.com,8703221775,12/07/2026 03:06 pm,Online,Paid,1,0,$5.00,$0.00,$0.00,$0.00,$0.20,$0.00,$0.00,$0.00,$5.20,$0.00,$0.00,$0.00,$0.00,$5.00,$5.00,$0.00,,,,$0.00,$0.00,$0.00,$0.00,Stripe,No,,Completed,Online,1,404ac611-c701-44b7-982a-5740224a67de
MEM1357,MQIS Membership 2025,24/02/2025,7:00 pm,Ronald,Ortega,ronald.ortega15@example.com,9103204103,08/08/2026 02:08 pm,Online,Paid,1,0,$5.00,$0.00,$0.00,$0.00,$0.20,$0.00,$0.00,$0.00,$5.20,$0.00,$0.00,$0.00,$0.00,$5.00,$5.00,$0.00,,,,$0.00,$0.00,$0.00,$0.00,Stripe,Yes,,Completed,Online,1,fcbd878b-0e06-4b2b-914c-35a5c30e6e96
MEM1358,MQIS Membership 2025,24/02/2025,7:00 pm,Jared,Clark,jared.clark94@example.com,2957551263,16/07/2026 06:22 am,Manual,Paid,1,0,$5.00,$0.00,$0.00,$0.00,$0.20,$0.00,$0.00,$0.00,$5.20,$0.00,$0.00,$0.00,$0.00,$5.00,$5.00,$0.00,,,,$0.00,$0.00,$0.00,$0.00,Stripe,Yes,,Completed,Manual,1,6d252689-9b74-416b-833b-e8597e6e4c2d
MEM1359,MQIS Membership 2025,24/02/2025,7:00 pm,Paula,Padilla,paula.padilla12@example.com,3022517666,09/08/2026 10:38 am,Online,Paid,1,0,$5.00,$0.00,$0.00,$0.00,$0.20,$0.00,$0.00,$0.00,$5.20,$0.00,$0.00,$0.00,$0.00,$5.00,$5.00,$0.00,,,,$0.00,$0.00,$0.00,$0.00,Stripe,No,,Completed,Online,1,2a0b22ab-e7f6-405c-9e3a-75532c9dd59a
MEM1360,MQIS Membership 2025,24/02/2025,7:00 pm,Paul,Hoffman,paul.hoffman4@example.com,2133459582,29/07/2026 11:36 am,Online,Paid,1,0,$5.00,$0.00,$0.00,$0.00,$0.20,$0.00,$0.00,$0.00,$5.20,$0.00,$0.00,$0.00,$0.00,$5.00,$5.00,$0.00,,,,$0.00,$0.00,$0.00,$0.00,Stripe,Yes,,Completed,Online,1,28dcca1b-65d3-4ee8-99b7-950defcde670
MEM1361,MQIS Membership 2025,24/02/2025,7:00 pm,Brittany,Gardner,brittany.gardner61@example.com,9590994414,12/07/2026 09:39 pm,Online,Paid,1,0,$5.00,$0.00,$0.00,$0.00,$0.20,$0.00,$0.00,$0.00,$5.20,$0.00,$0.00,$0.00,$0.00,$5.00,$5.00,$0.00,,,,$0.00,$0.00,$0.00,$0.00,Stripe,No,,Completed,Online,1,d8919234-6d76-48d9-b061-ccb4c2d12706
MEM1362,MQIS Membership 2025,24/02/2025,7:00 pm,Alyssa,Smith,alyssa.smith13@example.com,8256485864,18/07/2026 01:14 am,Online,Paid,1,0,$5.00,$0.00,$0.00,$0.00,$0.20,$0.00,$0.00,$0.00,$5.20,$0.00,$0.00,$0.00,$0.00,$5.00,$5.00,$0.00,,,,$0.00,$0.00,$0.00,$0.00,Stripe,No,,Completed,Online,1,a9fe1e1a-e60e-46a9-9bac-928a9563fdbf
MEM1363,MQIS Membership 2025,24/02/2025,7:00 pm,Samantha,Schroeder,samantha.schroeder19@example.com,7051865067,23/07/2026 12:22 am,Online,Paid,1,0,$5.00,$0.00,$0.00,$0.00,$0.20,$0.00,$0.00,$0.00,$5.20,$0.00,$0.00,$0.00,$0.00,$5.00,$5.00,$0.00,,,,$0.00,$0.00,$0.00,$0.00,Stripe,No,,Completed,Online,1,564cd47e-dd43-4264-87b1-6789ec62b30e
MEM1364,MQIS Membership 2025,24/02/2025,7:00 pm,Michael,Sanders,michael.sanders23@example.com,9059256870,13/07/2026 12:10 am,Online,Paid,1,0,$5.00,$0.00,$0.00,$0.00,$0.20,$0.00,$0.00,$0.00,$5.20,$0.00,$0.00,$0.00,$0.00,$5.00,$5.00,$0.00,,,,$0.00,$0.00,$0.00,$0.00,Stripe,No,,Completed,Online,1,9c404722-f519-470b-a0be-505e4328bfc4
MEM1365,MQIS Membership 2025,24/02/2025,7:00 pm,Mary,Richardson,mary.richardson60@example.com,0804660638,29/07/2026 09:21 pm,Manual,Paid,1,0,$5.00,$0.00,$0.00,$0.00,$0.20,$0.00,$0.00,$0.00,$5.20,$0.00,$0.00,$0.00,$0.00,$5.00,$5.00,$0.00,,,,$0.00,$0.00,$0.00,$0.00,Stripe,No,,Completed,Manual,1,1a2a7b2d-4bb6-4f5a-b74d-79e0081b0b20
MEM1366,MQIS Membership 2025,24/02/2025,7:00 pm,Kyle,Johnson,kyle.johnson33@example.com,5020922521,26/07/2026 04:37 pm,Online,Paid,1,0,$5.00,$0.00,$0.00,$0.00,$0.20,$0.00,$0.00,$0.00,$5.20,$0.00,$0.00,$0.00,$0.00,$5.00,$5.00,$0.00,,,,$0.00,$0.00,$0.00,$0.00,Stripe,No,,Completed,Online,1,d127f718-94b2-41fa-acaf-d8c00333a211
MEM1367,MQIS Membership 2025,24/02/2025,7:00 pm,Tamara,Brown,tamara.brown85@example.com,4627635148,05/08/2026 02:47 pm,Online,Paid,1,0,$5.00,$0.00,$0.00,$0.00,$0.20,$0.00,$0.00,$0.00,$5.20,$0.00,$0.00,$0.00,$0.00,$5.00,$5.00,$0.00,,,,$0.00,$0.00,$0.00,$0.00,Stripe,Yes,,Completed,Online,1,1773c920-a14a-44c8-b8a6-9002da5e1087
MEM1368,MQIS Membership 2025,24/02/2025,7:00 pm,Timothy,Young,timothy.young34@example.com,2954589385,22/07/2026 04:45 pm,Manual,Paid,1,0,$5.00,$0.00,$0.00,$0.00,$0.20,$0.00,$0.00,$0.00,$5.20,$0.00,$0.00,$0.00,$0.00,$5.00,$5.00,$0.00,,,,$0.00,$0.00,$0.00,$0.00,Stripe,No,,Completed,Manual,1,4b154327-a927-4404-9d1b-44c3800e9bec
MEM1369,MQIS Membership 2025,24/02/2025,7:00 pm,Thomas,Santana,thomas.santana77@example.com,6953595228,01/08/2026 03:46 pm,Online,Paid,1,0,$5.00,$0.00,$0.00,$0.00,$0.20,$0.00,$0.00,$0.00,$5.20,$0.00,$0.00,$0.00,$0.00,$5.00,$5.00,$0.00,,,,$0.00,$0.00,$0.00,$0.00,Stripe,No,,Completed,Online,1,924377a4-01cb-401d-bdce-465321374392
MEM1370,MQIS Membership 2025,24/02/2025,7:00 pm,Mitchell,Hoffman,mitchell.hoffman20@example.com,8174973111,06/08/2026 10:27 am,Online,Paid,1,0,$5.00,$0.00,$0.00,$0.00,$0.20,$0.00,$0.00,$0.00,$5.20,$0.00,$0.00,$0.00,$0.00,$5.00,$5.00,$0.00,,,,$0.00,$0.00,$0.00,$0.00,Stripe,Yes,,Completed,Online,1,d9c19d2d-6c73-4e30-b5bf-4d563d231498
MEM1371,MQIS Membership 2025,24/02/2025,7:00 pm,Kathy,Obrien,kathy.obrien1@example.com,0504596197,11/07/2026 09:38 am,Online,Paid,1,0,$5.00,$0.00,$0.00,$0.00,$0.20,$0.00,$0.00,$0.00,$5.20,$0.00,$0.00,$0.00,$0.00,$5.00,$5.00,$0.00,,,,$0.00,$0.00,$0.00,$0.00,Stripe,No,,Completed,Online,1,9df4354f-5cb5-4db8-b471-0b31d8ce3005
MEM1372,MQIS Membership 2025,24/02/2025,7:00 pm,Jennifer,Douglas,jennifer.douglas4@example.com,4459421042,29/07/2026 01:09 pm,Manual,Paid,1,0,$5.00,$0.00,$0.00,$0.00,$0.20,$0.00,$0.00,$0.00,$5.20,$0.00,$0.00,$0.00,$0.00,$5.00,$5.00,$0.00,,,,$0.00,$0.00,$0.00,$0.00,Stripe,No,,Completed,Manual,1,8380186b-e05c-403e-96fd-6f59d04af9e7
MEM1373,MQIS Membership 2025,24/02/2025,7:00 pm,Jared,Bush,jared.bush67@example.com,5490787255,17/07/2026 04:48 pm,Online,Paid,1,0,$5.00,$0.00,$0.00,$0.00,$0.20,$0.00,$0.00,$0.00,$5.20,$0.00,$0.00,$0.00,$0.00,$5.00,$5.00,$0.00,,,,$0.00,$0.00,$0.00,$0.00,Stripe,Yes,,Completed,Online,1,e30a8de8-fe1d-47a7-95a7-fce81e930357
MEM1374,MQIS Membership 2025,24/02/2025,7:00 pm,Audrey,Moreno,audrey.moreno29@example.com,9375770796,15/07/2026 02:52 am,Online,Paid,1,0,$5.00,$0.00,$0.00,$0.00,$0.20,$0.00,$0.00,$0.00,$5.20,$0.00,$0.00,$0.00,$0.00,$5.00,$5.00,$0.00,,,,$0.00,$0.00,$0.00,$0.00,Stripe,No,,Completed,Online,1,96431101-6c7b-4210-aba0-c8b7e87f04c1
MEM1375,MQIS Membership 2025,24/02/2025,7:00 pm,Kristi,Flores,kristi.flores63@example.com,5128483695,21/07/2026 03:46 am,Manual,Paid,1,0,$5.00,$0.00,$0.00,$0.00,$0.20,$0.00,$0.00,$0.00,$5.20,$0.00,$0.00,$0.00,$0.00,$5.00,$5.00,$0.00,,,,$0.00,$0.00,$0.00,$0.00,Stripe,Yes,,Completed,Manual,1,7c003344-28fd-4294-b82a-ad3689c09ff0
MEM1376,MQIS Membership 2025,24/02/2025,7:00 pm,Dawn,Steele,dawn.steele91@example.com,6992269156,28/07/2026 11:12 am,Online,Paid,1,0,$5.00,$0.00,$0.00,$0.00,$0.20,$0.00,$0.00,$0.00,$5.20,$0.00,$0.00,$0.00,$0.00,$5.00,$5.00,$0.00,,,,$0.00,$0.00,$0.00,$0.00,Stripe,No,,Completed,Online,1,05560a8c-e2ec-459b-af59-a98e0753dd5b
MEM1377,MQIS Membership 2025,24/02/2025,7:00 pm,Christine,Lynch,christine.lynch55@example.com,7610023512,12/08/2026 02:16 pm,Online,Paid,1,0,$5.00,$0.00,$0.00,$0.00,$0.20,$0.00,$0.00,$0.00,$5.20,$0.00,$0.00,$0.00,$0.00,$5.00,$5.00,$0.00,,,,$0.00,$0.00,$0.00,$0.00,Stripe,No,,Completed,Online,1,b55e5175-961b-4c53-be21-2f5b5d8d7406
MEM1378,MQIS Membership 2025,24/02/2025,7:00 pm,Steven,Torres,steven.torres97@example.com,5734943856,09/08/2026 05:42 pm,Online,Paid,1,0,$5.00,$0.00,$0.00,$0.00,$0.20,$0.00,$0.00,$0.00,$5.20,$0.00,$0.00,$0.00,$0.00,$5.00,$5.00,$0.00,,,,$0.00,$0.00,$0.00,$0.00,Stripe,No,,Completed,Online,1,830ce24b-ddd8-4ebd-912c-b8b45bc848a5
MEM1379,MQIS Membership 2025,24/02/2025,7:00 pm,Alyssa,Coleman,alyssa.coleman55@example.com,9138787018,06/08/2026 12:19 pm,Online,Paid,1,0,$5.00,$0.00,$0.00,$0.00,$0.20,$0.00,$0.00,$0.00,$5.20,$0.00,$0.00,$0.00,$0.00,$5.00,$5.00,$0.00,,,,$0.00,$0.00,$0.00,$0.00,Stripe,Yes,,Completed,Online,1,3bd07061-3b00-4810-b88a-24b11eb7687a
MEM1380,MQIS Membership 2025,24/02/2025,7:00 pm,Nicole,Johnson,nicole.johnson93@example.com,2331432417,10/08/2026 11:12 am,Online,Refunded,0,1,$0.00,$0.00,$0.00,$0.00,$0.00,$0.00,$0.00,$0.00,$0.00,$0.00,$0.00,$0.00,$0.00,$0.00,$0.00,$0.00,,,,$0.00,$0.00,$0.00,$0.00,Stripe,Yes,,Completed,Online,1,7c3374ae-80d3-487a-bd5b-26232501533f
MEM1381,MQIS Membership 2025,24/02/2025,7:00 pm,Emily,Adams,emily.adams66@example.com,3387908132,09/08/2026 12:17 pm,Online,Paid,1,0,$5.00,$0.00,$0.00,$0.00,$0.20,$0.00,$0.00,$0.00,$5.20,$0.00,$0.00,$0.00,$0.00,$5.00,$5.00,$0.00,,,,$0.00,$0.00,$0.00,$0.00,Stripe,No,,Completed,Online,1,e1129825-2e59-4091-a447-6cf8f030235d
MEM1382,MQIS Membership 2025,24/02/2025,7:00 pm,Tamara,Young,tamara.young33@example.com,8435197881,12/07/2026 12:31 pm,Online,Paid,1,0,$5.00,$0.00,$0.00,$0.00,$0.20,$0.00,$0.00,$0.00,$5.20,$0.00,$0.00,$0.00,$0.00,$5.00,$5.00,$0.00,,,,$0.00,$0.00,$0.00,$0.00,Stripe,No,,Completed,Online,1,cd998628-1c85-410c-b9ce-bed15a6f16b3
MEM1383,MQIS Membership 2025,24/02/2025,7:00 pm,Angel,Garcia,angel.garcia5@example.com,2599002842,09/08/2026 12:07 am,Online,Paid,1,0,$5.00,$0.00,$0.00,$0.00,$0.20,$0.00,$0.00,$0.00,$5.20,$0.00,$0.00,$0.00,$0.00,$5.00,$5.00,$0.00,,,,$0.00,$0.00,$0.00,$0.00,Stripe,Yes,,Completed,Online,1,1fd8dcd1-b4dd-4307-8b30-bc627fa1d66b
MEM1384,MQIS Membership 2025,24/02/2025,7:00 pm,Cynthia,Rogers,cynthia.rogers3@example.com,1377434030,31/07/2026 10:28 am,Online,Paid,1,0,$5.00,$0.00,$0.00,$0.00,$0.20,$0.00,$0.00,$0.00,$5.20,$0.00,$0.00,$0.00,$0.00,$5.00,$5.00,$0.00,,,,$0.00,$0.00,$0.00,$0.00,Stripe,No,,Completed,Online,1,ce8d80e4-b50b-4e6d-9504-15c62baa4128
MEM1385,MQIS Membership 2025,24/02/2025,7:00 pm,Aaron,Schroeder,aaron.schroeder20@example.com,3335813682,04/08/2026 08:01 am,Online,Paid,1,0,$5.00,$0.00,$0.00,$0.00,$0.20,$0.00,$0.00,$0.00,$5.20,$0.00,$0.00,$0.00,$0.00,$5.00,$5.00,$0.00,,,,$0.00,$0.00,$0.00,$0.00,Stripe,No,,Completed,Online,1,db4eb356-55ad-4993-a0ea-92efa0cfcae2
MEM1386,MQIS Membership 2025,24/02/2025,7:00 pm,Shelly,Moore,shelly.moore11@example.com,9685462116,16/07/2026 11:47 am,Online,Paid,1,0,$5.00,$0.00,$0.00,$0.00,$0.20,$0.00,$0.00,$0.00,$5.20,$0.00,$0.00,$0.00,$0.00,$5.00,$5.00,$0.00,,,,$0.00,$0.00,$0.00,$0.00,Stripe,Yes,,Completed,Online,1,839fc54a-0b26-4728-aa04-56776ac494c2
MEM1387,MQIS Membership 2025,24/02/2025,7:00 pm,Darius,Smith,darius.smith25@example.com,2407664536,15/07/2026 05:57 pm,Online,Paid,1,0,$5.00,$0.00,$0.00,$0.00,$0.20,$0.00,$0.00,$0.00,$5.20,$0.00,$0.00,$0.00,$0.00,$5.00,$5.00,$0.00,,,,$0.00,$0.00,$0.00,$0.00,Stripe,No,,Completed,Online,1,3ec7fa20-b234-4c81-81a0-8ac01dc3f677
MEM1388,MQIS Membership 2025,24/02/2025,7:00 pm,Elizabeth,Williams,elizabeth.williams85@example.com,0113449689,14/08/2026 01:34 am,Online,Paid,1,0,$5.00,$0.00,$0.00,$0.00,$0.20,$0.00,$0.00,$0.00,$5.20,$0.00,$0.00,$0.00,$0.00,$5.00,$5.00,$0.00,,,,$0.00,$0.00,$0.00,$0.00,Stripe,No,,Completed,Online,1,15268fbc-903c-4965-91e1-b44021f110f3
MEM1389,MQIS Membership 2025,24/02/2025,7:00 pm,Miranda,Henry,miranda.henry31@example.com,8994549497,12/08/2026 05:47 am,Online,Paid,1,0,$5.00,$0.00,$0.00,$0.00,$0.20,$0.00,$0.00,$0.00,$5.20,$0.00,$0.00,$0.00,$0.00,$5.00,$5.00,$0.00,,,,$0.00,$0.00,$0.00,$0.00,Stripe,Yes,,Completed,Online,1,a8a16e75-258f-4be4-97b7-620c775889b9
MEM1390,MQIS Membership 2025,24/02/2025,7:00 pm,Keith,Adams,keith.adams18@example.com,4744217563,14/08/2026 11:32 am,Online,Paid,1,0,$5.00,$0.00,$0.00,$0.00,$0.20,$0.00,$0.00,$0.00,$5.20,$0.00,$0.00,$0.00,$0.00,$5.00,$5.00,$0.00,,,,$0.00,$0.00,$0.00,$0.00,Stripe,No,,Completed,Online,1,d0350303-434c-476b-b0fa-56e3007c382b
MEM1391,MQIS Membership 2025,24/02/2025,7:00 pm,Maria,Horton,maria.horton21@example.com,4444657481,25/07/2026 09:29 am,Online,Paid,1,0,$5.00,$0.00,$0.00,$0.00,$0.20,$0.00,$0.00,$0.00,$5.20,$0.00,$0.00,$0.00,$0.00,$5.00,$5.00,$0.00,,,,$0.00,$0.00,$0.00,$0.00,Stripe,No,,Completed,Online,1,e32b62bc-b40c-4917-a277-2549512bc06a
MEM1392,MQIS Membership 2025,24/02/2025,7:00 pm,Patricia,Hughes,patricia.hughes27@example.com,4650893043,30/07/2026 08:41 am,Manual,Paid,1,0,$5.00,$0.00,$0.00,$0.00,$0.20,$0.00,$0.00,$0.00,$5.20,$0.00,$0.00,$0.00,$0.00,$5.00,$5.00,$0.00,,,,$0.00,$0.00,$0.00,$0.00,Stripe,No,,Completed,Manual,1,3cd30f3d-1391-4fb7-a7be-d33e4b32efbc
MEM1393,MQIS Membership 2025,24/02/2025,7:00 pm,Colin,Roberts,colin.roberts61@example.com,3699754839,16/08/2026 12:50 am,Online,Paid,1,0,$5.00,$0.00,$0.00,$0.00,$0.20,$0.00,$0.00,$0.00,$5.20,$0.00,$0.00,$0.00,$0.00,$5.00,$5.00,$0.00,,,,$0.00,$0.00,$0.00,$0.00,Stripe,No,,Completed,Online,1,21ebf7fd-ffd9-4e32-a53c-c1257bd498d0
MEM1394,MQIS Membership 2025,24/02/2025,7:00 pm,William,Thompson,william.thompson43@example.com,1542241250,08/08/2026 02:19 pm,Online,Paid,1,0,$5.00,$0.00,$0.00,$0.00,$0.20,$0.00,$0.00,$0.00,$5.20,$0.00,$0.00,$0.00,$0.00,$5.00,$5.00,$0.00,,,,$0.00,$0.00,$0.00,$0.00,Stripe,No,,Completed,Online,1,2fa02e23-1912-4cbc-81dc-76114669f768
MEM1395,MQIS Membership 2025,24/02/2025,7:00 pm,Hector,Flores,hector.flores5@example.com,2372074197,21/07/2026 03:21 pm,Online,Paid,1,0,$5.00,$0.00,$0.00,$0.00,$0.20,$0.00,$0.00,$0.00,$5.20,$0.00,$0.00,$0.00,$0.00,$5.00,$5.00,$0.00,,,,$0.00,$0.00,$0.00,$0.00,Stripe,No,,Completed,Online,1,0d4d1b5d-acbf-4a99-b166-32ee0c9eb8b9
MEM1396,MQIS Membership 2025,24/02/2025,7:00 pm,Michael,Molina,michael.molina48@example.com,2399887733,12/08/2026 06:55 pm,Online,Refunded,0,1,$0.00,$0.00,$0.00,$0.00,$0.00,$0.00,$0.00,$0.00,$0.00,$0.00,$0.00,$0.00,$0.00,$0.00,$0.00,$0.00,,,,$0.00,$0.00,$0.00,$0.00,Stripe,Yes,,Completed,Online,1,576aa70a-87ee-4b8a-802a-2439fe02f26b
MEM1397,MQIS Membership 2025,24/02/2025,7:00 pm,David,Daniel,david.daniel69@example.com,7558263218,15/08/2026 03:15 am,Online,Paid,1,0,$5.00,$0.00,$0.00,$0.00,$0.20,$0.00,$0.00,$0.00,$5.20,$0.00,$0.00,$0.00,$0.00,$5.00,$5.00,$0.00,,,,$0.00,$0.00,$0.00,$0.00,Stripe,No,,Completed,Online,1,0f999e2c-ba2d-4158-999f-c57de1077091
MEM1398,MQIS Membership 2025,24/02/2025,7:00 pm,Jack,Davidson,jack.davidson7@example.com,8998181199,01/08/2026 02:57 am,Online,Paid,1,0,$5.00,$0.00,$0.00,$0.00,$0.20,$0.00,$0.00,$0.00,$5.20,$0.00,$0.00,$0.00,$0.00,$5.00,$5.00,$0.00,,,,$0.00,$0.00,$0.00,$0.00,Stripe,No,,Completed,Online,1,e388d11f-d162-47e2-bf35-e6031ebf333b
MEM1399,MQIS Membership 2025,24/02/2025,7:00 pm,Carlos,Baker,carlos.baker92@example.com,4206433955,07/08/2026 03:06 am,Online,Paid,1,0,$5.00,$0.00,$0.00,$0.00,$0.20,$0.00,$0.00,$0.00,$5.20,$0.00,$0.00,$0.00,$0.00,$5.00,$5.00,$0.00,,,,$0.00,$0.00,$0.00,$0.00,Stripe,No,,Completed,Online,1,ad5c5f36-9057-426d-88a6-9aca3005b234
MEM1400,MQIS Membership 2025,24/02/2025,7:00 pm,Kevin,Hill,kevin.hill57@example.com,9720409324,28/07/2026 02:30 am,Manual,Paid,1,0,$5.00,$0.00,$0.00,$0.00,$0.20,$0.00,$0.00,$0.00,$5.20,$0.00,$0.00,$0.00,$0.00,$5.00,$5.00,$0.00,,,,$0.00,$0.00,$0.00,$0.00,Stripe,No,,Completed,Manual,1,c5abf6c4-f89c-4ea0-a06b-e806d3f4dd82
MEM1401,MQIS Membership 2025,24/02/2025,7:00 pm,Katie,Anderson,katie.anderson89@example.com,0917316332,12/08/2026 12:38 am,Online,Paid,1,0,$5.00,$0.00,$0.00,$0.00,$0.20,$0.00,$0.00,$0.00,$5.20,$0.00,$0.00,$0.00,$0.00,$5.00,$5.00,$0.00,,,,$0.00,$0.00,$0.00,$0.00,Stripe,Yes,,Completed,Online,1,cbdd81d0-a7c3-426e-8409-8faca85c5e8f
MEM1402,MQIS Membership 2025,24/02/2025,7:00 pm,Tanya,House,tanya.house60@example.com,4478390712,05/08/2026 08:11 am,Online,Paid,1,0,$5.00,$0.00,$0.00,$0.00,$0.20,$0.00,$0.00,$0.00,$5.20,$0.00,$0.00,$0.00,$0.00,$5.00,$5.00,$0.00,,,,$0.00,$0.00,$0.00,$0.00,Stripe,Yes,,Completed,Online,1,8a292acb-cfa9-44a0-9e92-85037eea0bf0
MEM1403,MQIS Membership 2025,24/02/2025,7:00 pm,Andrea,Pennington,andrea.pennington75@example.com,9102419827,16/08/2026 03:55 am,Online,Paid,1,0,$5.00,$0.00,$0.00,$0.00,$0.20,$0.00,$0.00,$0.00,$5.20,$0.00,$0.00,$0.00,$0.00,$5.00,$5.00,$0.00,,,,$0.00,$0.00,$0.00,$0.00,Stripe,No,,Completed,Online,1,2d2dec8a-5c25-4a20-9f9c-cf07a6c5815f
MEM1404,MQIS Membership 2025,24/02/2025,7:00 pm,Gregory,Watkins,gregory.watkins17@example.com,6991528311,18/08/2026 09:24 am,Online,Paid,1,0,$5.00,$0.00,$0.00,$0.00,$0.20,$0.00,$0.00,$0.00,$5.20,$0.00,$0.00,$0.00,$0.00,$5.00,$5.00,$0.00,,,,$0.00,$0.00,$0.00,$0.00,Stripe,No,,Completed,Online,1,1b536301-5b59-4fb9-9385-f44e81b93070
MEM1405,MQIS Membership 2025,24/02/2025,7:00 pm,Brian,Davies,brian.davies96@example.com,0180054402,27/07/2026 12:45 am,Online,Paid,1,0,$5.00,$0.00,$0.00,$0.00,$0.20,$0.00,$0.00,$0.00,$5.20,$0.00,$0.00,$0.00,$0.00,$5.00,$5.00,$0.00,,,,$0.00,$0.00,$0.00,$0.00,Stripe,No,,Completed,Online,1,dd83fc2a-aa55-45b3-9dfc-839b0f20e0f5
MEM1406,MQIS Membership 2025,24/02/2025,7:00 pm,Diane,Kelly,diane.kelly14@example.com,6257510003,15/07/2026 08:10 am,Online,Paid,1,0,$5.00,$0.00,$0.00,$0.00,$0.20,$0.00,$0.00,$0.00,$5.20,$0.00,$0.00,$0.00,$0.00,$5.00,$5.00,$0.00,,,,$0.00,$0.00,$0.00,$0.00,Stripe,No,,Completed,Online,1,4feff537-dc66-44dd-b8b2-ae15594bcf66
MEM1407,MQIS Membership 2025,24/02/2025,7:00 pm,Veronica,Torres,veronica.torres37@example.com,3847184581,19/07/2026 05:39 pm,Manual,Paid,1,0,$5.00,$0.00,$0.00,$0.00,$0.20,$0.00,$0.00,$0.00,$5.20,$0.00,$0.00,$0.00,$0.00,$5.00,$5.00,$0.00,,,,$0.00,$0.00,$0.00,$0.00,Stripe,No,,Completed,Manual,1,2c8da2e6-1b6e-42f3-ad25-c3f3ed06adf6
MEM1408,MQIS Membership 2025,24/02/2025,7:00 pm,Jeffrey,Hayes,jeffrey.hayes97@example.com,8236372511,02/08/2026 12:09 pm,Online,Paid,1,0,$5.00,$0.00,$0.00,$0.00,$0.20,$0.00,$0.00,$0.00,$5.20,$0.00,$0.00,$0.00,$0.00,$5.00,$5.00,$0.00,,,,$0.00,$0.00,$0.00,$0.00,Stripe,Yes,,Completed,Online,1,ded88d16-be72-4e01-8802-56faef29d131
MEM1409,MQIS Membership 2025,24/02/2025,7:00 pm,Jennifer,Chen,jennifer.chen19@example.com,0262370506,18/07/2026 10:14 am,Online,Paid,1,0,$5.00,$0.00,$0.00,$0.00,$0.20,$0.00,$0.00,$0.00,$5.20,$0.00,$0.00,$0.00,$0.00,$5.00,$5.00,$0.00,,,,$0.00,$0.00,$0.00,$0.00,Stripe,Yes,,Completed,Online,1,ad2e6105-2ca6-40a3-aec4-45f5b902f4e6
MEM1410,MQIS Membership 2025,24/02/2025,7:00 pm,Michael,Cook,michael.cook87@example.com,9254654763,24/07/2026 01:49 am,Online,Paid,1,0,$5.00,$0.00,$0.00,$0.00,$0.20,$0.00,$0.00,$0.00,$5.20,$0.00,$0.00,$0.00,$0.00,$5.00,$5.00,$0.00,,,,$0.00,$0.00,$0.00,$0.00,Stripe,No,,Completed,Online,1,5a99396a-5ede-4927-8c01-4b30179d3328
MEM1411,MQIS Membership 2025,24/02/2025,7:00 pm,Anne,Hart,anne.hart65@example.com,3653542372,14/08/2026 11:37 am,Online,Paid,1,0,$5.00,$0.00,$0.00,$0.00,$0.20,$0.00,$0.00,$0.00,$5.20,$0.00,$0.00,$0.00,$0.00,$5.00,$5.00,$0.00,,,,$0.00,$0.00,$0.00,$0.00,Stripe,Yes,,Completed,Online,1,becfa6ec-624c-4f33-9dee-acec73af6b06
MEM1412,MQIS Membership 2025,24/02/2025,7:00 pm,Karen,Carrillo,karen.carrillo94@example.com,6761747904,12/08/2026 08:44 am,Online,Paid,1,0,$5.00,$0.00,$0.00,$0.00,$0.20,$0.00,$0.00,$0.00,$5.20,$0.00,$0.00,$0.00,$0.00,$5.00,$5.00,$0.00,,,,$0.00,$0.00,$0.00,$0.00,Stripe,No,,Completed,Online,1,b95c1497-4b53-4a96-a48f-ae82c191a347
MEM1413,MQIS Membership 2025,24/02/2025,7:00 pm,Brandon,Flynn,brandon.flynn18@example.com,5964254978,08/08/2026 10:11 pm,Online,Paid,1,0,$5.00,$0.00,$0.00,$0.00,$0.20,$0.00,$0.00,$0.00,$5.20,$0.00,$0.00,$0.00,$0.00,$5.00,$5.00,$0.00,,,,$0.00,$0.00,$0.00,$0.00,Stripe,No,,Completed,Online,1,9e0cf613-1546-48e5-bb77-21893abab629
MEM1414,MQIS Membership 2025,24/02/2025,7:00 pm,Corey,Zavala,corey.zavala32@example.com,0348973116,12/08/2026 05:53 am,Online,Paid,1,0,$5.00,$0.00,$0.00,$0.00,$0.20,$0.00,$0.00,$0.00,$5.20,$0.00,$0.00,$0.00,$0.00,$5.00,$5.00,$0.00,,,,$0.00,$0.00,$0.00,$0.00,Stripe,No,,Completed,Online,1,3c0b9507-57dd-4366-988b-0010614ca4ee
MEM1415,MQIS Membership 2025,24/02/2025,7:00 pm,Zoe,Peters,zoe.peters31@example.com,2115424015,14/08/2026 12:57 am,Online,Paid,1,0,$5.00,$0.00,$0.00,$0.00,$0.20,$0.00,$0.00,$0.00,$5.20,$0.00,$0.00,$0.00,$0.00,$5.00,$5.00,$0.00,,,,$0.00,$0.00,$0.00,$0.00,Stripe,No,,Completed,Online,1,9c6ecbd2-771e-496c-a3aa-c6ddd732c46f
MEM1416,MQIS Membership 2025,24/02/2025,7:00 pm,Nicole,Snyder,nicole.snyder80@example.com,8680883585,17/08/2026 11:05 am,Online,Paid,1,0,$5.00,$0.00,$0.00,$0.00,$0.20,$0.00,$0.00,$0.00,$5.20,$0.00,$0.00,$0.00,$0.00,$5.00,$5.00,$0.00,,,,$0.00,$0.00,$0.00,$0.00,Stripe,No,,Completed,Online,1,434e1ded-5218-43bd-82c7-c36d6d5a4531
MEM1417,MQIS Membership 2025,24/02/2025,7:00 pm,Rebecca,Spence,rebecca.spence11@example.com,5979974254,04/08/2026 02:54 am,Online,Refunded,0,1,$0.00,$0.00,$0.00,$0.00,$0.00,$0.00,$0.00,$0.00,$0.00,$0.00,$0.00,$0.00,$0.00,$0.00,$0.00,$0.00,,,,$0.00,$0.00,$0.00,$0.00,Stripe,No,,Completed,Online,1,4da118b7-d91f-4b43-84c6-a32cbb311617
MEM1418,MQIS Membership 2025,24/02/2025,7:00 pm,Elizabeth,Williams,elizabeth.williams85@example.com,7568497850,18/07/2026 05:10 pm,Online,Paid,1,0,$5.00,$0.00,$0.00,$0.00,$0.20,$0.00,$0.00,$0.00,$5.20,$0.00,$0.00,$0.00,$0.00,$5.00,$5.00,$0.00,,,,$0.00,$0.00,$0.00,$0.00,Stripe,No,,Completed,Online,1,ed290d99-7b30-4d8e-8d53-e991e84b7b88
MEM1419,MQIS Membership 2025,24/02/2025,7:00 pm,Charles,Lewis,charles.lewis34@example.com,3081580867,17/07/2026 11:31 am,Online,Paid,1,0,$5.00,$0.00,$0.00,$0.00,$0.20,$0.00,$0.00,$0.00,$5.20,$0.00,$0.00,$0.00,$0.00,$5.00,$5.00,$0.00,,,,$0.00,$0.00,$0.00,$0.00,Stripe,No,,Completed,Online,1,d89b07cd-1b86-4285-9bba-0fcd5f859cc7
MEM1420,MQIS Membership 2025,24/02/2025,7:00 pm,Samantha,Riddle,samantha.riddle54@example.com,2467199927,16/08/2026 02:56 pm,Online,Paid,1,0,$5.00,$0.00,$0.00,$0.00,$0.20,$0.00,$0.00,$0.00,$5.20,$0.00,$0.00,$0.00,$0.00,$5.00,$5.00,$0.00,,,,$0.00,$0.00,$0.00,$0.00,Stripe,No,,Completed,Online,1,05308fdf-1b02-4118-a655-b0ab7069267b
MEM1421,MQIS Membership 2025,24/02/2025,7:00 pm,Justin,Lindsey,justin.lindsey36@example.com,9596351875,13/08/2026 02:41 pm,Online,Paid,1,0,$5.00,$0.00,$0.00,$0.00,$0.20,$0.00,$0.00,$0.00,$5.20,$0.00,$0.00,$0.00,$0.00,$5.00,$5.00,$0.00,,,,$0.00,$0.00,$0.00,$0.00,Stripe,No,,Completed,Online,1,0aa3ac8a-2e5e-4e54-908c-d4b134336fd9
MEM1422,MQIS Membership 2025,24/02/2025,7:00 pm,Jerry,Robinson,jerry.robinson36@example.com,6130144641,01/08/2026 08:30 am,Online,Paid,1,0,$5.00,$0.00,$0.00,$0.00,$0.20,$0.00,$0.00,$0.00,$5.20,$0.00,$0.00,$0.00,$0.00,$5.00,$5.00,$0.00,,,,$0.00,$0.00,$0.00,$0.00,Stripe,No,,Completed,Online,1,f84ba4e1-d4cd-491b-907b-d286b5c571aa
MEM1423,MQIS Membership 2025,24/02/2025,7:00 pm,Tyler,Burton,tyler.burton84@example.com,0367580693,05/08/2026 12:18 am,Online,Paid,1,0,$5.00,$0.00,$0.00,$0.00,$0.20,$0.00,$0.00,$0.00,$5.20,$0.00,$0.00,$0.00,$0.00,$5.00,$5.00,$0.00,,,,$0.00,$0.00,$0.00,$0.00,Stripe,Yes,,Completed,Online,1,f5d50a90-1222-41be-8a30-801944239cd4
MEM1424,MQIS Membership 2025,24/02/2025,7:00 pm,Justin,Hays,justin.hays90@example.com,3037097184,13/07/2026 11:21 pm,Online,Paid,1,0,$5.00,$0.00,$0.00,$0.00,$0.20,$0.00,$0.00,$0.00,$5.20,$0.00,$0.00,$0.00,$0.00,$5.00,$5.00,$0.00,,,,$0.00,$0.00,$0.00,$0.00,Stripe,Yes,,Completed,Online,1,79e12340-771b-4417-8d48-9a0c0e9c67b9
MEM1425,MQIS Membership 2025,24/02/2025,7:00 pm,Rachel,Clark,rachel.clark9@example.com,7316927592,10/08/2026 02:19 pm,Online,Paid,1,0,$5.00,$0.00,$0.00,$0.00,$0.20,$0.00,$0.00,$0.00,$5.20,$0.00,$0.00,$0.00,$0.00,$5.00,$5.00,$0.00,,,,$0.00,$0.00,$0.00,$0.00,Stripe,No,,Completed,Online,1,0b0adcaf-1597-4500-8c1c-78e7ed2d92eb
MEM1426,MQIS Membership 2025,24/02/2025,7:00 pm,Christopher,Santana,christopher.santana57@example.com,9774009701,11/07/2026 12:59 am,Manual,Paid,1,0,$5.00,$0.00,$0.00,$0.00,$0.20,$0.00,$0.00,$0.00,$5.20,$0.00,$0.00,$0.00,$0.00,$5.00,$5.00,$0.00,,,,$0.00,$0.00,$0.00,$0.00,Stripe,No,,Completed,Manual,1,b066526e-acf3-44d5-a135-4e255ed21d4c
MEM1427,MQIS Membership 2025,24/02/2025,7:00 pm,Stephanie,Simpson,stephanie.simpson51@example.com,1806108537,09/08/2026 10:13 pm,Online,Paid,1,0,$5.00,$0.00,$0.00,$0.00,$0.20,$0.00,$0.00,$0.00,$5.20,$0.00,$0.00,$0.00,$0.00,$5.00,$5.00,$0.00,,,,$0.00,$0.00,$0.00,$0.00,Stripe,No,,Completed,Online,1,19a90b0e-054b-4638-9450-12c70ff6d461
MEM1428,MQIS Membership 2025,24/02/2025,7:00 pm,Melanie,Davis,melanie.davis7@example.com,2212683905,10/07/2026 03:35 pm,Manual,Paid,1,0,$5.00,$0.00,$0.00,$0.00,$0.20,$0.00,$0.00,$0.00,$5.20,$0.00,$0.00,$0.00,$0.00,$5.00,$5.00,$0.00,,,,$0.00,$0.00,$0.00,$0.00,Stripe,No,,Completed,Manual,1,139fa9fc-d50d-41b5-b76b-a80aec364dd5
MEM1429,MQIS Membership 2025,24/02/2025,7:00 pm,Gregory,James,gregory.james86@example.com,6934910676,09/08/2026 02:27 am,Online,Paid,1,0,$5.00,$0.00,$0.00,$0.00,$0.20,$0.00,$0.00,$0.00,$5.20,$0.00,$0.00,$0.00,$0.00,$5.00,$5.00,$0.00,,,,$0.00,$0.00,$0.00,$0.00,Stripe,No,,Completed,Online,1,d6bb889f-0a27-4efa-9095-39e0d7d4980d
MEM1430,MQIS Membership 2025,24/02/2025,7:00 pm,John,Reid,john.reid36@example.com,9411632822,17/08/2026 03:46 pm,Online,Paid,1,0,$5.00,$0.00,$0.00,$0.00,$0.20,$0.00,$0.00,$0.00,$5.20,$0.00,$0.00,$0.00,$0.00,$5.00,$5.00,$0.00,,,,$0.00,$0.00,$0.00,$0.00,Stripe,No,,Completed,Online,1,229721a9-c5e3-4524-81dd-d5176192023b
MEM1431,MQIS Membership 2025,24/02/2025,7:00 pm,Lisa,Hughes,lisa.hughes65@example.com,8616721170,14/08/2026 11:32 pm,Online,Paid,1,0,$5.00,$0.00,$0.00,$0.00,$0.20,$0.00,$0.00,$0.00,$5.20,$0.00,$0.00,$0.00,$0.00,$5.00,$5.00,$0.00,,,,$0.00,$0.00,$0.00,$0.00,Stripe,Yes,,Completed,Online,1,d083abf6-c964-4ce7-8d2a-0724da92891e
MEM1432,MQIS Membership 2025,24/02/2025,7:00 pm,Michael,Sanders,michael.sanders23@example.com,5024218254,02/08/2026 02:47 pm,Manual,Paid,1,0,$5.00,$0.00,$0.00,$0.00,$0.20,$0.00,$0.00,$0.00,$5.20,$0.00,$0.00,$0.00,$0.00,$5.00,$5.00,$0.00,,,,$0.00,$0.00,$0.00,$0.00,Stripe,Yes,,Completed,Manual,1,5864f696-f291-4077-b773-6f87b2003c36
MEM1433,MQIS Membership 2025,24/02/2025,7:00 pm,Nicole,Snyder,nicole.snyder80@example.com,0242426335,03/08/2026 11:58 am,Online,Paid,1,0,$5.00,$0.00,$0.00,$0.00,$0.20,$0.00,$0.00,$0.00,$5.20,$0.00,$0.00,$0.00,$0.00,$5.00,$5.00,$0.00,,,,$0.00,$0.00,$0.00,$0.00,Stripe,No,,Completed,Online,1,52021cb0-a11d-49ec-b683-9ecfa8d2a8a6
MEM1434,MQIS Membership 2025,24/02/2025,7:00 pm,Mark,Austin,mark.austin89@example.com,7132020613,21/07/2026 02:53 pm,Online,Paid,1,0,$5.00,$0.00,$0.00,$0.00,$0.20,$0.00,$0.00,$0.00,$5.20,$0.00,$0.00,$0.00,$0.00,$5.00,$5.00,$0.00,,,,$0.00,$0.00,$0.00,$0.00,Stripe,No,,Completed,Online,1,8625935f-c734-45b4-9b1a-14b63c2fe50f
MEM1435,MQIS Membership 2025,24/02/2025,7:00 pm,Amy,Morris,amy.morris3@example.com,7448228780,26/07/2026 02:33 pm,Online,Paid,1,0,$5.00,$0.00,$0.00,$0.00,$0.20,$0.00,$0.00,$0.00,$5.20,$0.00,$0.00,$0.00,$0.00,$5.00,$5.00,$0.00,,,,$0.00,$0.00,$0.00,$0.00,Stripe,Yes,,Completed,Online,1,d585db0d-ebd2-4987-8b3c-d62a0fd0e20d
MEM1436,MQIS Membership 2025,24/02/2025,7:00 pm,Daniel,Smith,daniel.smith60@example.com,3096667629,14/08/2026 10:47 am,Online,Paid,1,0,$5.00,$0.00,$0.00,$0.00,$0.20,$0.00,$0.00,$0.00,$5.20,$0.00,$0.00,$0.00,$0.00,$5.00,$5.00,$0.00,,,,$0.00,$0.00,$0.00,$0.00,Stripe,Yes,,Completed,Online,1,9bd2e9ae-b584-4e0e-8ac2-f47ef283a8a2
MEM1437,MQIS Membership 2025,24/02/2025,7:00 pm,Harry,Smith,harry.smith70@example.com,9910471649,12/08/2026 12:28 pm,Online,Paid,1,0,$5.00,$0.00,$0.00,$0.00,$0.20,$0.00,$0.00,$0.00,$5.20,$0.00,$0.00,$0.00,$0.00,$5.00,$5.00,$0.00,,,,$0.00,$0.00,$0.00,$0.00,Stripe,Yes,,Completed,Online,1,43c2a4ca-d944-4886-808b-902fa350b1d4
MEM1438,MQIS Membership 2025,24/02/2025,7:00 pm,Colton,Clay,colton.clay88@example.com,5771371534,07/08/2026 11:48 pm,Online,Paid,1,0,$5.00,$0.00,$0.00,$0.00,$0.20,$0.00,$0.00,$0.00,$5.20,$0.00,$0.00,$0.00,$0.00,$5.00,$5.00,$0.00,,,,$0.00,$0.00,$0.00,$0.00,Stripe,No,,Completed,Online,1,a2b77abd-363e-4e12-94fe-d31ebf12c07e
MEM1439,MQIS Membership 2025,24/02/2025,7:00 pm,Jennifer,Schmitt,jennifer.schmitt94@example.com,3227665484,12/08/2026 06:13 am,Manual,Paid,1,0,$5.00,$0.00,$0.00,$0.00,$0.20,$0.00,$0.00,$0.00,$5.20,$0.00,$0.00,$0.00,$0.00,$5.00,$5.00,$0.00,,,,$0.00,$0.00,$0.00,$0.00,Stripe,No,,Completed,Manual,1,cc8b1f33-c53b-41ac-9813-1e59c4bb1226
MEM1440,MQIS Membership 2025,24/02/2025,7:00 pm,Richard,Martin,richard.martin9@example.com,4540300214,21/07/2026 04:55 pm,Online,Paid,1,0,$5.00,$0.00,$0.00,$0.00,$0.20,$0.00,$0.00,$0.00,$5.20,$0.00,$0.00,$0.00,$0.00,$5.00,$5.00,$0.00,,,,$0.00,$0.00,$0.00,$0.00,Stripe,No,,Completed,Online,1,e479efe5-d9e4-4318-81be-09d0538c37d8
MEM1441,MQIS Membership 2025,24/02/2025,7:00 pm,Darlene,Henry,darlene.henry57@example.com,5388232345,17/08/2026 01:01 am,Online,Paid,1,0,$5.00,$0.00,$0.00,$0.00,$0.20,$0.00,$0.00,$0.00,$5.20,$0.00,$0.00,$0.00,$0.00,$5.00,$5.00,$0.00,,,,$0.00,$0.00,$0.00,$0.00,Stripe,Yes,,Completed,Online,1,cf1e5ffa-83c3-4f11-aacf-e5e3633992d3
MEM1442,MQIS Membership 2025,24/02/2025,7:00 pm,Laura,Perez,laura.perez35@example.com,8965754920,16/07/2026 05:21 pm,Online,Paid,1,0,$5.00,$0.00,$0.00,$0.00,$0.20,$0.00,$0.00,$0.00,$5.20,$0.00,$0.00,$0.00,$0.00,$5.00,$5.00,$0.00,,,,$0.00,$0.00,$0.00,$0.00,Stripe,Yes,,Completed,Online,1,3b962ef8-33ab-4ceb-9cf0-4f03002f7406
MEM1443,MQIS Membership 2025,24/02/2025,7:00 pm,Andrea,Davis,andrea.davis27@example.com,6191577014,10/08/2026 11:28 pm,Online,Paid,1,0,$5.00,$0.00,$0.00,$0.00,$0.20,$0.00,$0.00,$0.00,$5.20,$0.00,$0.00,$0.00,$0.00,$5.00,$5.00,$0.00,,,,$0.00,$0.00,$0.00,$0.00,Stripe,Yes,,Completed,Online,1,87407a4b-c5a4-4315-bfaa-77555b2bb23a
MEM1444,MQIS Membership 2025,24/02/2025,7:00 pm,David,Mathews,david.mathews25@example.com,2315394281,14/07/2026 02:51 pm,Online,Paid,1,0,$5.00,$0.00,$0.00,$0.00,$0.20,$0.00,$0.00,$0.00,$5.20,$0.00,$0.00,$0.00,$0.00,$5.00,$5.00,$0.00,,,,$0.00,$0.00,$0.00,$0.00,Stripe,Yes,,Completed,Online,1,eb61535f-b8f0-4edc-a013-f345767005a5
MEM1445,MQIS Membership 2025,24/02/2025,7:00 pm,Joseph,Mahoney,joseph.mahoney18@example.com,9163975057,26/07/2026 04:54 am,Online,Paid,1,0,$5.00,$0.00,$0.00,$0.00,$0.20,$0.00,$0.00,$0.00,$5.20,$0.00,$0.00,$0.00,$0.00,$5.00,$5.00,$0.00,,,,$0.00,$0.00,$0.00,$0.00,Stripe,No,,Completed,Online,1,107983c6-5ee2-4a01-8d6f-4850df2b399a
MEM1446,MQIS Membership 2025,24/02/2025,7:00 pm,Donald,Smith,donald.smith96@example.com,0094430027,11/07/2026 09:49 pm,Online,Paid,1,0,$5.00,$0.00,$0.00,$0.00,$0.20,$0.00,$0.00,$0.00,$5.20,$0.00,$0.00,$0.00,$0.00,$5.00,$5.00,$0.00,,,,$0.00,$0.00,$0.00,$0.00,Stripe,No,,Completed,Online,1,60049bb5-ad65-420a-839e-9816c000fae6
MEM1447,MQIS Membership 2025,24/02/2025,7:00 pm,Alyssa,Smith,alyssa.smith13@example.com,2763808263,23/07/2026 12:12 pm,Online,Paid,1,0,$5.00,$0.00,$0.00,$0.00,$0.20,$0.00,$0.00,$0.00,$5.20,$0.00,$0.00,$0.00,$0.00,$5.00,$5.00,$0.00,,,,$0.00,$0.00,$0.00,$0.00,Stripe,No,,Completed,Online,1,b1e9f4a0-39f0-4c24-bc91-156c6acc66d5
MEM1448,MQIS Membership 2025,24/02/2025,7:00 pm,Jared,Bush,jared.bush67@example.com,4310753987,04/08/2026 10:06 am,Online,Paid,1,0,$5.00,$0.00,$0.00,$0.00,$0.20,$0.00,$0.00,$0.00,$5.20,$0.00,$0.00,$0.00,$0.00,$5.00,$5.00,$0.00,,,,$0.00,$0.00,$0.00,$0.00,Stripe,No,,Completed,Online,1,f6fc2756-fa0d-4f07-99bc-58e544216ae6
MEM1449,MQIS Membership 2025,24/02/2025,7:00 pm,Dustin,Schmidt,dustin.schmidt15@example.com,2930646143,17/07/2026 03:51 pm,Online,Paid,1,0,$5.00,$0.00,$0.00,$0.00,$0.20,$0.00,$0.00,$0.00,$5.20,$0.00,$0.00,$0.00,$0.00,$5.00,$5.00,$0.00,,,,$0.00,$0.00,$0.00,$0.00,Stripe,No,,Completed,Online,1,69bc5375-1030-43ec-bef8-9588df40ab5d
MEM1450,MQIS Membership 2025,24/02/2025,7:00 pm,Lisa,Mccarthy,lisa.mccarthy17@example.com,8954058474,29/07/2026 07:12 pm,Online,Paid,1,0,$5.00,$0.00,$0.00,$0.00,$0.20,$0.00,$0.00,$0.00,$5.20,$0.00,$0.00,$0.00,$0.00,$5.00,$5.00,$0.00,,,,$0.00,$0.00,$0.00,$0.00,Stripe,No,,Completed,Online,1,56074a34-e08b-4556-bd12-e0d24af6159b
MEM1451,MQIS Membership 2025,24/02/2025,7:00 pm,Jessica,Davis,jessica.davis21@example.com,2459798982,15/07/2026 02:50 pm,Online,Paid,1,0,$5.00,$0.00,$0.00,$0.00,$0.20,$0.00,$0.00,$0.00,$5.20,$0.00,$0.00,$0.00,$0.00,$5.00,$5.00,$0.00,,,,$0.00,$0.00,$0.00,$0.00,Stripe,No,,Completed,Online,1,06c0dee8-4b8b-40d9-b122-9d0c584658f2
MEM1452,MQIS Membership 2025,24/02/2025,7:00 pm,Lisa,Long,lisa.long97@example.com,2100149961,07/08/2026 07:17 pm,Online,Paid,1,0,$5.00,$0.00,$0.00,$0.00,$0.20,$0.00,$0.00,$0.00,$5.20,$0.00,$0.00,$0.00,$0.00,$5.00,$5.00,$0.00,,,,$0.00,$0.00,$0.00,$0.00,Stripe,No,,Completed,Online,1,479eb614-ccda-4910-925c-725686d8d242
MEM1453,MQIS Membership 2025,24/02/2025,7:00 pm,Ashley,Hall,ashley.hall10@example.com,5798662692,24/07/2026 09:47 pm,Manual,Paid,1,0,$5.00,$0.00,$0.00,$0.00,$0.20,$0.00,$0.00,$0.00,$5.20,$0.00,$0.00,$0.00,$0.00,$5.00,$5.00,$0.00,,,,$0.00,$0.00,$0.00,$0.00,Stripe,Yes,,Completed,Manual,1,ed27cce4-3dc1-4fc8-8d1b-d3ca56a1a23b
MEM1454,MQIS Membership 2025,24/02/2025,7:00 pm,Kelsey,Chapman,kelsey.chapman98@example.com,0255395256,15/08/2026 03:47 pm,Online,Refunded,0,1,$0.00,$0.00,$0.00,$0.00,$0.00,$0.00,$0.00,$0.00,$0.00,$0.00,$0.00,$0.00,$0.00,$0.00,$0.00,$0.00,,,,$0.00,$0.00,$0.00,$0.00,Stripe,No,,Completed,Online,1,1b02c296-37db-4397-bf10-6dd4ab0eb3de
MEM1455,MQIS Membership 2025,24/02/2025,7:00 pm,Amanda,Myers,amanda.myers88@example.com,2458701311,17/07/2026 06:16 am,Online,Paid,1,0,$5.00,$0.00,$0.00,$0.00,$0.20,$0.00,$0.00,$0.00,$5.20,$0.00,$0.00,$0.00,$0.00,$5.00,$5.00,$0.00,,,,$0.00,$0.00,$0.00,$0.00,Stripe,Yes,,Completed,Online,1,aac2d3f2-3cd4-4719-bd93-93a71f364366
MEM1456,MQIS Membership 2025,24/02/2025,7:00 pm,Donald,Bailey,donald.bailey61@example.com,6249215156,18/07/2026 10:51 am,Online,Paid,1,0,$5.00,$0.00,$0.00,$0.00,$0.20,$0.00,$0.00,$0.00,$5.20,$0.00,$0.00,$0.00,$0.00,$5.00,$5.00,$0.00,,,,$0.00,$0.00,$0.00,$0.00,Stripe,No,,Completed,Online,1,e2cab61f-7ed7-402f-8d9e-29b2386428de
MEM1457,MQIS Membership 2025,24/02/2025,7:00 pm,Mary,Burns,mary.burns12@example.com,7135935891,31/07/2026 06:24 pm,Online,Paid,1,0,$5.00,$0.00,$0.00,$0.00,$0.20,$0.00,$0.00,$0.00,$5.20,$0.00,$0.00,$0.00,$0.00,$5.00,$5.00,$0.00,,,,$0.00,$0.00,$0.00,$0.00,Stripe,No,,Completed,Online,1,c6af6852-c571-4091-a587-cb1289dc3fe5
MEM1458,MQIS Membership 2025,24/02/2025,7:00 pm,Sarah,Johnson,sarah.johnson41@example.com,6273964331,18/08/2026 04:26 am,Online,Refunded,0,1,$0.00,$0.00,$0.00,$0.00,$0.00,$0.00,$0.00,$0.00,$0.00,$0.00,$0.00,$0.00,$0.00,$0.00,$0.00,$0.00,,,,$0.00,$0.00,$0.00,$0.00,Stripe,No,,Completed,Online,1,9dcb7b28-9976-475b-a4e4-e5bb000ced24
MEM1459,MQIS Membership 2025,24/02/2025,7:00 pm,Mary,Dunn,mary.dunn34@example.com,8784277515,15/07/2026 09:58 pm,Online,Paid,1,0,$5.00,$0.00,$0.00,$0.00,$0.20,$0.00,$0.00,$0.00,$5.20,$0.00,$0.00,$0.00,$0.00,$5.00,$5.00,$0.00,,,,$0.00,$0.00,$0.00,$0.00,Stripe,No,,Completed,Online,1,b1687434-0c11-4700-a303-7449ca498604
MEM1460,MQIS Membership 2025,24/02/2025,7:00 pm,Dominique,Turner,dominique.turner34@example.com,0669912856,02/08/2026 09:58 am,Online,Paid,1,0,$5.00,$0.00,$0.00,$0.00,$0.20,$0.00,$0.00,$0.00,$5.20,$0.00,$0.00,$0.00,$0.00,$5.00,$5.00,$0.00,,,,$0.00,$0.00,$0.00,$0.00,Stripe,No,,Completed,Online,1,1427135a-4a93-4190-8679-75dddc78a20c
MEM1461,MQIS Membership 2025,24/02/2025,7:00 pm,Megan,Sanchez,megan.sanchez87@example.com,3111568540,26/07/2026 07:16 pm,Online,Paid,1,0,$5.00,$0.00,$0.00,$0.00,$0.20,$0.00,$0.00,$0.00,$5.20,$0.00,$0.00,$0.00,$0.00,$5.00,$5.00,$0.00,,,,$0.00,$0.00,$0.00,$0.00,Stripe,No,,Completed,Online,1,64a776e3-0a91-47bd-8494-ed7e19713ff9
MEM1462,MQIS Membership 2025,24/02/2025,7:00 pm,Nathan,Shaw,nathan.shaw79@example.com,3632351852,07/08/2026 08:31 am,Manual,Paid,1,0,$5.00,$0.00,$0.00,$0.00,$0.20,$0.00,$0.00,$0.00,$5.20,$0.00,$0.00,$0.00,$0.00,$5.00,$5.00,$0.00,,,,$0.00,$0.00,$0.00,$0.00,Stripe,Yes,,Completed,Manual,1,662359bc-5aa6-49ca-91b3-f6b16d734f93
MEM1463,MQIS Membership 2025,24/02/2025,7:00 pm,Dominic,Tyler,dominic.tyler73@example.com,7398714845,14/07/2026 01:06 am,Manual,Paid,1,0,$5.00,$0.00,$0.00,$0.00,$0.20,$0.00,$0.00,$0.00,$5.20,$0.00,$0.00,$0.00,$0.00,$5.00,$5.00,$0.00,,,,$0.00,$0.00,$0.00,$0.00,Stripe,No,,Completed,Manual,1,a54eaaa6-76d6-4f91-8104-9882079778f0
MEM1464,MQIS Membership 2025,24/02/2025,7:00 pm,Earl,Anderson,earl.anderson88@example.com,7774146518,21/07/2026 07:21 pm,Manual,Paid,1,0,$5.00,$0.00,$0.00,$0.00,$0.20,$0.00,$0.00,$0.00,$5.20,$0.00,$0.00,$0.00,$0.00,$5.00,$5.00,$0.00,,,,$0.00,$0.00,$0.00,$0.00,Stripe,No,,Completed,Manual,1,2cce3122-c1fd-495c-b35d-23233e969abd
MEM1465,MQIS Membership 2025,24/02/2025,7:00 pm,Shane,Glass,shane.glass78@example.com,3630575786,13/08/2026 10:46 pm,Online,Paid,1,0,$5.00,$0.00,$0.00,$0.00,$0.20,$0.00,$0.00,$0.00,$5.20,$0.00,$0.00,$0.00,$0.00,$5.00,$5.00,$0.00,,,,$0.00,$0.00,$0.00,$0.00,Stripe,Yes,,Completed,Online,1,d3c94b8e-2fd4-4066-8ef0-7398ffe78b0f
MEM1466,MQIS Membership 2025,24/02/2025,7:00 pm,Amy,Gutierrez,amy.gutierrez80@example.com,0766606950,14/08/2026 06:07 pm,Online,Paid,1,0,$5.00,$0.00,$0.00,$0.00,$0.20,$0.00,$0.00,$0.00,$5.20,$0.00,$0.00,$0.00,$0.00,$5.00,$5.00,$0.00,,,,$0.00,$0.00,$0.00,$0.00,Stripe,No,,Completed,Online,1,0c18c636-f2d5-4aba-94f5-f7d46d318c22
MEM1467,MQIS Membership 2025,24/02/2025,7:00 pm,Joel,Cochran,joel.cochran59@example.com,5532647414,26/07/2026 07:44 pm,Online,Paid,1,0,$5.00,$0.00,$0.00,$0.00,$0.20,$0.00,$0.00,$0.00,$5.20,$0.00,$0.00,$0.00,$0.00,$5.00,$5.00,$0.00,,,,$0.00,$0.00,$0.00,$0.00,Stripe,Yes,,Completed,Online,1,d67c4527-c0a7-4c50-aca3-99e103958342
MEM1468,MQIS Membership 2025,24/02/2025,7:00 pm,Matthew,Chavez,matthew.chavez43@example.com,8483596000,20/07/2026 01:10 pm,Online,Paid,1,0,$5.00,$0.00,$0.00,$0.00,$0.20,$0.00,$0.00,$0.00,$5.20,$0.00,$0.00,$0.00,$0.00,$5.00,$5.00,$0.00,,,,$0.00,$0.00,$0.00,$0.00,Stripe,Yes,,Completed,Online,1,7cff3b35-837e-4700-a6d4-2ea401fa9788
MEM1469,MQIS Membership 2025,24/02/2025,7:00 pm,Melinda,Wong,melinda.wong66@example.com,8819392719,14/07/2026 12:43 pm,Online,Paid,1,0,$5.00,$0.00,$0.00,$0.00,$0.20,$0.00,$0.00,$0.00,$5.20,$0.00,$0.00,$0.00,$0.00,$5.00,$5.00,$0.00,,,,$0.00,$0.00,$0.00,$0.00,Stripe,Yes,,Completed,Online,1,8f1cb614-386b-45a1-8e89-87fb936126f4
MEM1470,MQIS Membership 2025,24/02/2025,7:00 pm,Matthew,Smith,matthew.smith1@example.com,9879216501,12/08/2026 04:59 am,Online,Paid,1,0,$5.00,$0.00,$0.00,$0.00,$0.20,$0.00,$0.00,$0.00,$5.20,$0.00,$0.00,$0.00,$0.00,$5.00,$5.00,$0.00,,,,$0.00,$0.00,$0.00,$0.00,Stripe,No,,Completed,Online,1,6bc58c4c-74e3-4b63-9cae-a0f0bcad70e6
MEM1471,MQIS Membership 2025,24/02/2025,7:00 pm,Martin,Galvan,martin.galvan2@example.com,8086752262,08/08/2026 10:38 am,Online,Paid,1,0,$5.00,$0.00,$0.00,$0.00,$0.20,$0.00,$0.00,$0.00,$5.20,$0.00,$0.00,$0.00,$0.00,$5.00,$5.00,$0.00,,,,$0.00,$0.00,$0.00,$0.00,Stripe,No,,Completed,Online,1,84b15881-afa5-4a1b-a0f2-3bb6557359f6
MEM1472,MQIS Membership 2025,24/02/2025,7:00 pm,David,Colon,david.colon78@example.com,8166517731,03/08/2026 09:08 am,Online,Paid,1,0,$5.00,$0.00,$0.00,$0.00,$0.20,$0.00,$0.00,$0.00,$5.20,$0.00,$0.00,$0.00,$0.00,$5.00,$5.00,$0.00,,,,$0.00,$0.00,$0.00,$0.00,Stripe,No,,Completed,Online,1,e69f777e-75fc-480c-8dc9-2af0c48b7702
MEM1473,MQIS Membership 2025,24/02/2025,7:00 pm,Loretta,Potter,loretta.potter15@example.com,1352762559,21/07/2026 04:55 pm,Manual,Paid,1,0,$5.00,$0.00,$0.00,$0.00,$0.20,$0.00,$0.00,$0.00,$5.20,$0.00,$0.00,$0.00,$0.00,$5.00,$5.00,$0.00,,,,$0.00,$0.00,$0.00,$0.00,Stripe,Yes,,Completed,Manual,1,17c38f6f-1007-4b5d-9eb1-6492a8c3e448
MEM1474,MQIS Membership 2025,24/02/2025,7:00 pm,Hailey,Johnson,hailey.johnson16@example.com,5665163917,13/08/2026 12:03 am,Online,Paid,1,0,$5.00,$0.00,$0.00,$0.00,$0.20,$0.00,$0.00,$0.00,$5.20,$0.00,$0.00,$0.00,$0.00,$5.00,$5.00,$0.00,,,,$0.00,$0.00,$0.00,$0.00,Stripe,No,,Completed,Online,1,88e8c3b6-4078-4aed-9468-4553c46ba4fd
MEM1475,MQIS Membership 2025,24/02/2025,7:00 pm,Ross,Wood,ross.wood53@example.com,2813413503,06/08/2026 10:40 am,Online,Paid,1,0,$5.00,$0.00,$0.00,$0.00,$0.20,$0.00,$0.00,$0.00,$5.20,$0.00,$0.00,$0.00,$0.00,$5.00,$5.00,$0.00,,,,$0.00,$0.00,$0.00,$0.00,Stripe,No,,Completed,Online,1,4fa880c4-7930-471e-b6ae-f822032b0635
MEM1476,MQIS Membership 2025,24/02/2025,7:00 pm,John,Charles,john.charles69@example.com,8757446544,18/08/2026 02:04 am,Manual,Paid,1,0,$5.00,$0.00,$0.00,$0.00,$0.20,$0.00,$0.00,$0.00,$5.20,$0.00,$0.00,$0.00,$0.00,$5.00,$5.00,$0.00,,,,$0.00,$0.00,$0.00,$0.00,Stripe,No,,Completed,Manual,1,dae20e52-e38b-4641-98eb-961483e9859f
MEM1477,MQIS Membership 2025,24/02/2025,7:00 pm,Michael,Williams,michael.williams22@example.com,9821255887,18/08/2026 04:13 am,Online,Paid,1,0,$5.00,$0.00,$0.00,$0.00,$0.20,$0.00,$0.00,$0.00,$5.20,$0.00,$0.00,$0.00,$0.00,$5.00,$5.00,$0.00,,,,$0.00,$0.00,$0.00,$0.00,Stripe,No,,Completed,Online,1,0ede9950-59f2-4f6f-876c-14d3e65d9c63
MEM1478,MQIS Membership 2025,24/02/2025,7:00 pm,Robert,Porter,robert.porter75@example.com,5134650865,18/07/2026 09:48 pm,Manual,Paid,1,0,$5.00,$0.00,$0.00,$0.00,$0.20,$0.00,$0.00,$0.00,$5.20,$0.00,$0.00,$0.00,$0.00,$5.00,$5.00,$0.00,,,,$0.00,$0.00,$0.00,$0.00,Stripe,Yes,,Completed,Manual,1,bebe21f0-b092-4999-adc7-d0d6eb751ba9
MEM1479,MQIS Membership 2025,24/02/2025,7:00 pm,Jacob,Cox,jacob.cox11@example.com,4477134125,18/07/2026 10:55 pm,Online,Paid,1,0,$5.00,$0.00,$0.00,$0.00,$0.20,$0.00,$0.00,$0.00,$5.20,$0.00,$0.00,$0.00,$0.00,$5.00,$5.00,$0.00,,,,$0.00,$0.00,$0.00,$0.00,Stripe,No,,Completed,Online,1,16577ed1-d4cb-4fbe-9d29-d46c437cb4bf
MEM1480,MQIS Membership 2025,24/02/2025,7:00 pm,Karen,Anderson,karen.anderson76@example.com,7299766562,11/07/2026 09:41 am,Online,Paid,1,0,$5.00,$0.00,$0.00,$0.00,$0.20,$0.00,$0.00,$0.00,$5.20,$0.00,$0.00,$0.00,$0.00,$5.00,$5.00,$0.00,,,,$0.00,$0.00,$0.00,$0.00,Stripe,No,,Completed,Online,1,3c7edb88-ddf4-4d30-8c9c-2d55a1bbe389
MEM1481,MQIS Membership 2025,24/02/2025,7:00 pm,Andrew,Ryan,andrew.ryan81@example.com,3677744108,14/08/2026 04:41 am,Online,Paid,1,0,$5.00,$0.00,$0.00,$0.00,$0.20,$0.00,$0.00,$0.00,$5.20,$0.00,$0.00,$0.00,$0.00,$5.00,$5.00,$0.00,,,,$0.00,$0.00,$0.00,$0.00,Stripe,No,,Completed,Online,1,bfd53346-1f3b-4175-a6ea-2ac478184275
MEM1482,MQIS Membership 2025,24/02/2025,7:00 pm,Victor,Pena,victor.pena67@example.com,8200340935,09/08/2026 12:27 pm,Online,Paid,1,0,$5.00,$0.00,$0.00,$0.00,$0.20,$0.00,$0.00,$0.00,$5.20,$0.00,$0.00,$0.00,$0.00,$5.00,$5.00,$0.00,,,,$0.00,$0.00,$0.00,$0.00,Stripe,No,,Completed,Online,1,eb64f146-1d04-4bb7-af26-365abc6ae409
MEM1483,MQIS Membership 2025,24/02/2025,7:00 pm,Audrey,Aguirre,audrey.aguirre50@example.com,2031066646,13/08/2026 08:05 pm,Online,Paid,1,0,$5.00,$0.00,$0.00,$0.00,$0.20,$0.00,$0.00,$0.00,$5.20,$0.00,$0.00,$0.00,$0.00,$5.00,$5.00,$0.00,,,,$0.00,$0.00,$0.00,$0.00,Stripe,No,,Completed,Online,1,823f0f2a-7992-40d1-844b-a860ee9dca67
MEM1484,MQIS Membership 2025,24/02/2025,7:00 pm,Robert,Hernandez,robert.hernandez14@example.com,9788845879,10/08/2026 05:53 am,Online,Paid,1,0,$5.00,$0.00,$0.00,$0.00,$0.20,$0.00,$0.00,$0.00,$5.20,$0.00,$0.00,$0.00,$0.00,$5.00,$5.00,$0.00,,,,$0.00,$0.00,$0.00,$0.00,Stripe,Yes,,Completed,Online,1,4ad264e5-1955-45ea-95d6-5d177a228b5e
MEM1485,MQIS Membership 2025,24/02/2025,7:00 pm,Steven,Campbell,steven.campbell31@example.com,7946190692,13/08/2026 11:41 am,Online,Paid,1,0,$5.00,$0.00,$0.00,$0.00,$0.20,$0.00,$0.00,$0.00,$5.20,$0.00,$0.00,$0.00,$0.00,$5.00,$5.00,$0.00,,,,$0.00,$0.00,$0.00,$0.00,Stripe,Yes,,Completed,Online,1,dc3cd76d-89f5-42ec-854f-f22c18afe539
MEM1486,MQIS Membership 2025,24/02/2025,7:00 pm,David,Riggs,david.riggs32@example.com,2786686899,04/08/2026 05:33 pm,Online,Paid,1,0,$5.00,$0.00,$0.00,$0.00,$0.20,$0.00,$0.00,$0.00,$5.20,$0.00,$0.00,$0.00,$0.00,$5.00,$5.00,$0.00,,,,$0.00,$0.00,$0.00,$0.00,Stripe,No,,Completed,Online,1,2ff1e1d0-3a9e-45f7-8558-12df048aa02b
MEM1487,MQIS Membership 2025,24/02/2025,7:00 pm,Jane,Mason,jane.mason53@example.com,0305241142,16/08/2026 03:35 am,Online,Paid,1,0,$5.00,$0.00,$0.00,$0.00,$0.20,$0.00,$0.00,$0.00,$5.20,$0.00,$0.00,$0.00,$0.00,$5.00,$5.00,$0.00,,,,$0.00,$0.00,$0.00,$0.00,Stripe,No,,Completed,Online,1,ff9aa3ab-185e-4ce4-980a-3b2b5fb921af
MEM1488,MQIS Membership 2025,24/02/2025,7:00 pm,Lisa,Stark,lisa.stark42@example.com,5294957603,10/08/2026 08:44 pm,Online,Paid,1,0,$5.00,$0.00,$0.00,$0.00,$0.20,$0.00,$0.00,$0.00,$5.20,$0.00,$0.00,$0.00,$0.00,$5.00,$5.00,$0.00,,,,$0.00,$0.00,$0.00,$0.00,Stripe,No,,Completed,Online,1,453dc495-8a39-481a-87c0-295efe6b566e
MEM1489,MQIS Membership 2025,24/02/2025,7:00 pm,Jasmine,Brown,jasmine.brown89@example.com,9704538687,10/08/2026 02:01 am,Online,Paid,1,0,$5.00,$0.00,$0.00,$0.00,$0.20,$0.00,$0.00,$0.00,$5.20,$0.00,$0.00,$0.00,$0.00,$5.00,$5.00,$0.00,,,,$0.00,$0.00,$0.00,$0.00,Stripe,Yes,,Completed,Online,1,72da52c6-915b-4cd3-8044-d3f1b1db6409
MEM1490,MQIS Membership 2025,24/02/2025,7:00 pm,Denise,Webster,denise.webster9@example.com,2135456143,26/07/2026 10:40 am,Online,Paid,1,0,$5.00,$0.00,$0.00,$0.00,$0.20,$0.00,$0.00,$0.00,$5.20,$0.00,$0.00,$0.00,$0.00,$5.00,$5.00,$0.00,,,,$0.00,$0.00,$0.00,$0.00,Stripe,No,,Completed,Online,1,8319a124-ea87-455b-aa46-b6f4ef3b9cc8
MEM1491,MQIS Membership 2025,24/02/2025,7:00 pm,Adam,Ortiz,adam.ortiz33@example.com,8995312008,03/08/2026 08:37 pm,Online,Paid,1,0,$5.00,$0.00,$0.00,$0.00,$0.20,$0.00,$0.00,$0.00,$5.20,$0.00,$0.00,$0.00,$0.00,$5.00,$5.00,$0.00,,,,$0.00,$0.00,$0.00,$0.00,Stripe,Yes,,Completed,Online,1,c7598085-f8ed-4b28-8c38-392d4fd2f1b0
MEM1492,MQIS Membership 2025,24/02/2025,7:00 pm,Molly,Murphy,molly.murphy32@example.com,4170364237,11/07/2026 01:27 pm,Online,Paid,1,0,$5.00,$0.00,$0.00,$0.00,$0.20,$0.00,$0.00,$0.00,$5.20,$0.00,$0.00,$0.00,$0.00,$5.00,$5.00,$0.00,,,,$0.00,$0.00,$0.00,$0.00,Stripe,No,,Completed,Online,1,a22cfa65-d137-49b6-8c87-5ea5345ddabb
MEM1493,MQIS Membership 2025,24/02/2025,7:00 pm,Larry,Byrd,larry.byrd70@example.com,4718976217,16/07/2026 05:22 am,Manual,Paid,1,0,$5.00,$0.00,$0.00,$0.00,$0.20,$0.00,$0.00,$0.00,$5.20,$0.00,$0.00,$0.00,$0.00,$5.00,$5.00,$0.00,,,,$0.00,$0.00,$0.00,$0.00,Stripe,Yes,,Completed,Manual,1,f24a925d-f639-47d8-a41f-c3b2ba42733c
MEM1494,MQIS Membership 2025,24/02/2025,7:00 pm,Jeffery,Wagner,jeffery.wagner32@example.com,1017274821,04/08/2026 10:31 am,Online,Paid,1,0,$5.00,$0.00,$0.00,$0.00,$0.20,$0.00,$0.00,$0.00,$5.20,$0.00,$0.00,$0.00,$0.00,$5.00,$5.00,$0.00,,,,$0.00,$0.00,$0.00,$0.00,Stripe,No,,Completed,Online,1,0510ad2e-fc0c-475b-964b-3295c441c2af
MEM1495,MQIS Membership 2025,24/02/2025,7:00 pm,George,Daniel,george.daniel90@example.com,9631324049,07/08/2026 11:00 pm,Online,Paid,1,0,$5.00,$0.00,$0.00,$0.00,$0.20,$0.00,$0.00,$0.00,$5.20,$0.00,$0.00,$0.00,$0.00,$5.00,$5.00,$0.00,,,,$0.00,$0.00,$0.00,$0.00,Stripe,No,,Completed,Online,1,a4d4e6e4-b2f7-4f17-ab74-77dee67c55a3
MEM1496,MQIS Membership 2025,24/02/2025,7:00 pm,Tracy,Chang,tracy.chang32@example.com,1966271457,17/08/2026 09:18 am,Online,Paid,1,0,$5.00,$0.00,$0.00,$0.00,$0.20,$0.00,$0.00,$0.00,$5.20,$0.00,$0.00,$0.00,$0.00,$5.00,$5.00,$0.00,,,,$0.00,$0.00,$0.00,$0.00,Stripe,No,,Completed,Online,1,e6d846ca-8802-43db-b0ab-a0a6ed0f6e84
MEM1497,MQIS Membership 2025,24/02/2025,7:00 pm,Lisa,Martin,lisa.martin99@example.com,2378577171,06/08/2026 06:55 am,Manual,Paid,1,0,$5.00,$0.00,$0.00,$0.00,$0.20,$0.00,$0.00,$0.00,$5.20,$0.00,$0.00,$0.00,$0.00,$5.00,$5.00,$0.00,,,,$0.00,$0.00,$0.00,$0.00,Stripe,No,,Completed,Manual,1,31e989f6-f7a8-4263-921b-bb82973a37df
MEM1498,MQIS Membership 2025,24/02/2025,7:00 pm,Sarah,Gallegos,sarah.gallegos6@example.com,7670700227,12/08/2026 05:24 pm,Online,Paid,1,0,$5.00,$0.00,$0.00,$0.00,$0.20,$0.00,$0.00,$0.00,$5.20,$0.00,$0.00,$0.00,$0.00,$5.00,$5.00,$0.00,,,,$0.00,$0.00,$0.00,$0.00,Stripe,No,,Completed,Online,1,563ab98a-4e5b-477e-86d2-696abc8f2da8
MEM1499,MQIS Membership 2025,24/02/2025,7:00 pm,Norman,Stewart,norman.stewart79@example.com,3003987806,17/07/2026 01:08 pm,Online,Paid,1,0,$5.00,$0.00,$0.00,$0.00,$0.20,$0.00,$0.00,$0.00,$5.20,$0.00,$0.00,$0.00,$0.00,$5.00,$5.00,$0.00,,,,$0.00,$0.00,$0.00,$0.00,Stripe,No,,Completed,Online,1,bcdf9b10-4eb9-4afd-9064-9700d55fe520
MEM1500,MQIS Membership 2025,24/02/2025,7:00 pm,Meredith,Tran,meredith.tran88@example.com,8498749320,02/08/2026 04:25 pm,Online,Paid,1,0,$5.00,$0.00,$0.00,$0.00,$0.20,$0.00,$0.00,$0.00,$5.20,$0.00,$0.00,$0.00,$0.00,$5.00,$5.00,$0.00,,,,$0.00,$0.00,$0.00,$0.00,Stripe,Yes,,Completed,Online,1,dbe5f454-8d8b-4190-a0ca-5e562ab7ab01
MEM1501,MQIS Membership 2025,24/02/2025,7:00 pm,Tanya,House,tanya.house60@example.com,0375578545,15/08/2026 05:40 pm,Online,Paid,1,0,$5.00,$0.00,$0.00,$0.00,$0.20,$0.00,$0.00,$0.00,$5.20,$0.00,$0.00,$0.00,$0.00,$5.00,$5.00,$0.00,,,,$0.00,$0.00,$0.00,$0.00,Stripe,Yes,,Completed,Online,1,24b0146f-947a-4d8e-8116-f6ca36e08a0d
MEM1502,MQIS Membership 2025,24/02/2025,7:00 pm,James,Moran,james.moran84@example.com,4308132225,20/07/2026 01:47 pm,Online,Paid,1,0,$5.00,$0.00,$0.00,$0.00,$0.20,$0.00,$0.00,$0.00,$5.20,$0.00,$0.00,$0.00,$0.00,$5.00,$5.00,$0.00,,,,$0.00,$0.00,$0.00,$0.00,Stripe,Yes,,Completed,Online,1,29e37c0f-235c-42e3-9376-610a423920d1
MEM1503,MQIS Membership 2025,24/02/2025,7:00 pm,Thomas,Green,thomas.green34@example.com,3509455731,26/07/2026 08:23 pm,Manual,Paid,1,0,$5.00,$0.00,$0.00,$0.00,$0.20,$0.00,$0.00,$0.00,$5.20,$0.00,$0.00,$0.00,$0.00,$5.00,$5.00,$0.00,,,,$0.00,$0.00,$0.00,$0.00,Stripe,Yes,,Completed,Manual,1,6c00cd31-6c87-4e32-b50c-246da8d4c53d
MEM1504,MQIS Membership 2025,24/02/2025,7:00 pm,Samantha,Salas,samantha.salas2@example.com,7760382807,17/07/2026 07:46 am,Online,Paid,1,0,$5.00,$0.00,$0.00,$0.00,$0.20,$0.00,$0.00,$0.00,$5.20,$0.00,$0.00,$0.00,$0.00,$5.00,$5.00,$0.00,,,,$0.00,$0.00,$0.00,$0.00,Stripe,No,,Completed,Online,1,868ee566-50ed-47a2-814c-1e0724fd2a75
MEM1505,MQIS Membership 2025,24/02/2025,7:00 pm,Cheryl,Archer,cheryl.archer69@example.com,4179399697,09/08/2026 12:54 pm,Online,Paid,1,0,$5.00,$0.00,$0.00,$0.00,$0.20,$0.00,$0.00,$0.00,$5.20,$0.00,$0.00,$0.00,$0.00,$5.00,$5.00,$0.00,,,,$0.00,$0.00,$0.00,$0.00,Stripe,No,,Completed,Online,1,c40b7dfa-9ce1-4830-8ba2-8021c17f9faf
MEM1506,MQIS Membership 2025,24/02/2025,7:00 pm,Justin,Hays,justin.hays90@example.com,3876883868,18/07/2026 07:52 am,Online,Paid,1,0,$5.00,$0.00,$0.00,$0.00,$0.20,$0.00,$0.00,$0.00,$5.20,$0.00,$0.00,$0.00,$0.00,$5.00,$5.00,$0.00,,,,$0.00,$0.00,$0.00,$0.00,Stripe,No,,Completed,Online,1,f5a7d22e-1f6d-4881-8341-fc1a58728ca3
MEM1507,MQIS Membership 2025,24/02/2025,7:00 pm,Wayne,Jackson,wayne.jackson33@example.com,8165223507,27/07/2026 08:35 pm,Online,Paid,1,0,$5.00,$0.00,$0.00,$0.00,$0.20,$0.00,$0.00,$0.00,$5.20,$0.00,$0.00,$0.00,$0.00,$5.00,$5.00,$0.00,,,,$0.00,$0.00,$0.00,$0.00,Stripe,No,,Completed,Online,1,7d90a4e1-f994-4f27-8b1d-936f7adc31bc
MEM1508,MQIS Membership 2025,24/02/2025,7:00 pm,Susan,Sanders,susan.sanders17@example.com,2199806849,19/07/2026 11:45 am,Online,Paid,1,0,$5.00,$0.00,$0.00,$0.00,$0.20,$0.00,$0.00,$0.00,$5.20,$0.00,$0.00,$0.00,$0.00,$5.00,$5.00,$0.00,,,,$0.00,$0.00,$0.00,$0.00,Stripe,No,,Completed,Online,1,4a109280-eddd-4d10-b567-9271edf7b4e8
MEM1509,MQIS Membership 2025,24/02/2025,7:00 pm,Timothy,Young,timothy.young34@example.com,0867226628,17/07/2026 07:01 am,Manual,Paid,1,0,$5.00,$0.00,$0.00,$0.00,$0.20,$0.00,$0.00,$0.00,$5.20,$0.00,$0.00,$0.00,$0.00,$5.00,$5.00,$0.00,,,,$0.00,$0.00,$0.00,$0.00,Stripe,No,,Completed,Manual,1,bdb25a44-74f7-4ab5-b0bb-e1276776f9d3
MEM1510,MQIS Membership 2025,24/02/2025,7:00 pm,Jason,Salinas,jason.salinas8@example.com,7397181905,17/08/2026 03:57 pm,Online,Paid,1,0,$5.00,$0.00,$0.00,$0.00,$0.20,$0.00,$0.00,$0.00,$5.20,$0.00,$0.00,$0.00,$0.00,$5.00,$5.00,$0.00,,,,$0.00,$0.00,$0.00,$0.00,Stripe,No,,Completed,Online,1,f31a544a-805a-459a-ae21-dca9e84a04a9
MEM1511,MQIS Membership 2025,24/02/2025,7:00 pm,Donald,Smith,donald.smith96@example.com,3053740624,10/08/2026 02:44 am,Online,Paid,1,0,$5.00,$0.00,$0.00,$0.00,$0.20,$0.00,$0.00,$0.00,$5.20,$0.00,$0.00,$0.00,$0.00,$5.00,$5.00,$0.00,,,,$0.00,$0.00,$0.00,$0.00,Stripe,No,,Completed,Online,1,3dda51a4-3c42-49eb-b58d-2f1a0e2a4149
MEM1512,MQIS Membership 2025,24/02/2025,7:00 pm,Scott,Mills,scott.mills97@example.com,7365188491,16/07/2026 07:32 am,Online,Paid,1,0,$5.00,$0.00,$0.00,$0.00,$0.20,$0.00,$0.00,$0.00,$5.20,$0.00,$0.00,$0.00,$0.00,$5.00,$5.00,$0.00,,,,$0.00,$0.00,$0.00,$0.00,Stripe,No,,Completed,Online,1,362336a2-14c0-4a45-a4b9-6ddbc1195ecf
MEM1513,MQIS Membership 2025,24/02/2025,7:00 pm,Stephen,Solis,stephen.solis99@example.com,0635724763,15/07/2026 10:00 pm,Online,Paid,1,0,$5.00,$0.00,$0.00,$0.00,$0.20,$0.00,$0.00,$0.00,$5.20,$0.00,$0.00,$0.00,$0.00,$5.00,$5.00,$0.00,,,,$0.00,$0.00,$0.00,$0.00,Stripe,No,,Completed,Online,1,ced923d6-25bd-4a41-83f6-6c6879ce0112
MEM1514,MQIS Membership 2025,24/02/2025,7:00 pm,James,Elliott,james.elliott19@example.com,0072843858,25/07/2026 09:09 pm,Manual,Paid,1,0,$5.00,$0.00,$0.00,$0.00,$0.20,$0.00,$0.00,$0.00,$5.20,$0.00,$0.00,$0.00,$0.00,$5.00,$5.00,$0.00,,,,$0.00,$0.00,$0.00,$0.00,Stripe,No,,Completed,Manual,1,e9b846b4-96bb-4c2d-8fd1-c57d9f35dec1
MEM1515,MQIS Membership 2025,24/02/2025,7:00 pm,Rachel,Elliott,rachel.elliott88@example.com,9245051490,30/07/2026 08:04 am,Manual,Paid,1,0,$5.00,$0.00,$0.00,$0.00,$0.20,$0.00,$0.00,$0.00,$5.20,$0.00,$0.00,$0.00,$0.00,$5.00,$5.00,$0.00,,,,$0.00,$0.00,$0.00,$0.00,Stripe,No,,Completed,Manual,1,b888a538-5840-4b72-b936-8f68bf654c54
MEM1516,MQIS Membership 2025,24/02/2025,7:00 pm,Anthony,Gonzalez,anthony.gonzalez29@example.com,4345364996,03/08/2026 02:18 am,Online,Paid,1,0,$5.00,$0.00,$0.00,$0.00,$0.20,$0.00,$0.00,$0.00,$5.20,$0.00,$0.00,$0.00,$0.00,$5.00,$5.00,$0.00,,,,$0.00,$0.00,$0.00,$0.00,Stripe,No,,Completed,Online,1,92e94874-eb05-41d6-b8ba-a39d7fdd30c9
MEM1517,MQIS Membership 2025,24/02/2025,7:00 pm,Terri,Taylor,terri.taylor3@example.com,7222264615,03/08/2026 12:16 am,Online,Paid,1,0,$5.00,$0.00,$0.00,$0.00,$0.20,$0.00,$0.00,$0.00,$5.20,$0.00,$0.00,$0.00,$0.00,$5.00,$5.00,$0.00,,,,$0.00,$0.00,$0.00,$0.00,Stripe,No,,Completed,Online,1,02d800a7-7f2c-498b-a5d3-939002aeac09
MEM1518,MQIS Membership 2025,24/02/2025,7:00 pm,Samuel,Wolfe,samuel.wolfe73@example.com,0769769380,15/07/2026 04:55 pm,Online,Paid,1,0,$5.00,$0.00,$0.00,$0.00,$0.20,$0.00,$0.00,$0.00,$5.20,$0.00,$0.00,$0.00,$0.00,$5.00,$5.00,$0.00,,,,$0.00,$0.00,$0.00,$0.00,Stripe,No,,Completed,Online,1,8dd8c95b-deef-4508-bd85-9f6f5bbc8128
MEM1519,MQIS Membership 2025,24/02/2025,7:00 pm,Duane,Anderson,duane.anderson90@example.com,1681207500,25/07/2026 03:00 am,Online,Paid,1,0,$5.00,$0.00,$0.00,$0.00,$0.20,$0.00,$0.00,$0.00,$5.20,$0.00,$0.00,$0.00,$0.00,$5.00,$5.00,$0.00,,,,$0.00,$0.00,$0.00,$0.00,Stripe,Yes,,Completed,Online,1,9e26b61d-e7a4-4064-8531-e074dbd1e92c
MEM1520,MQIS Membership 2025,24/02/2025,7:00 pm,John,Grimes,john.grimes15@example.com,5859392244,06/08/2026 02:06 am,Online,Paid,1,0,$5.00,$0.00,$0.00,$0.00,$0.20,$0.00,$0.00,$0.00,$5.20,$0.00,$0.00,$0.00,$0.00,$5.00,$5.00,$0.00,,,,$0.00,$0.00,$0.00,$0.00,Stripe,No,,Completed,Online,1,2e76a0ba-364d-4f47-aec7-e05556b64004
MEM1521,MQIS Membership 2025,24/02/2025,7:00 pm,Michael,Norman,michael.norman70@example.com,8944139995,15/07/2026 08:50 am,Online,Paid,1,0,$5.00,$0.00,$0.00,$0.00,$0.20,$0.00,$0.00,$0.00,$5.20,$0.00,$0.00,$0.00,$0.00,$5.00,$5.00,$0.00,,,,$0.00,$0.00,$0.00,$0.00,Stripe,Yes,,Completed,Online,1,35676efb-32f6-4406-9985-b9889062e170
MEM1522,MQIS Membership 2025,24/02/2025,7:00 pm,Amy,Levine,amy.levine21@example.com,8156959070,15/08/2026 11:33 pm,Online,Paid,1,0,$5.00,$0.00,$0.00,$0.00,$0.20,$0.00,$0.00,$0.00,$5.20,$0.00,$0.00,$0.00,$0.00,$5.00,$5.00,$0.00,,,,$0.00,$0.00,$0.00,$0.00,Stripe,No,,Completed,Online,1,0355363a-10ae-4021-b558-531a5e8c9510
MEM1523,MQIS Membership 2025,24/02/2025,7:00 pm,Sonya,Barnes,sonya.barnes14@example.com,6112874081,12/08/2026 03:33 am,Online,Paid,1,0,$5.00,$0.00,$0.00,$0.00,$0.20,$0.00,$0.00,$0.00,$5.20,$0.00,$0.00,$0.00,$0.00,$5.00,$5.00,$0.00,,,,$0.00,$0.00,$0.00,$0.00,Stripe,No,,Completed,Online,1,60318357-afd4-498b-865d-d804fb43b935
MEM1524,MQIS Membership 2025,24/02/2025,7:00 pm,Donna,Espinoza,donna.espinoza82@example.com,8214528789,01/08/2026 10:43 pm,Online,Paid,1,0,$5.00,$0.00,$0.00,$0.00,$0.20,$0.00,$0.00,$0.00,$5.20,$0.00,$0.00,$0.00,$0.00,$5.00,$5.00,$0.00,,,,$0.00,$0.00,$0.00,$0.00,Stripe,No,,Completed,Online,1,93877d9e-815c-4d94-a28c-821965829636
MEM1525,MQIS Membership 2025,24/02/2025,7:00 pm,Ross,Wood,ross.wood53@example.com,0284052185,16/08/2026 10:01 pm,Online,Paid,1,0,$5.00,$0.00,$0.00,$0.00,$0.20,$0.00,$0.00,$0.00,$5.20,$0.00,$0.00,$0.00,$0.00,$5.00,$5.00,$0.00,,,,$0.00,$0.00,$0.00,$0.00,Stripe,Yes,,Completed,Online,1,ef88ee55-8f44-4cd6-8d5c-2323dd471e80
MEM1526,MQIS Membership 2025,24/02/2025,7:00 pm,Laura,Morgan,laura.morgan87@example.com,9126048589,17/07/2026 07:26 pm,Online,Paid,1,0,$5.00,$0.00,$0.00,$0.00,$0.20,$0.00,$0.00,$0.00,$5.20,$0.00,$0.00,$0.00,$0.00,$5.00,$5.00,$0.00,,,,$0.00,$0.00,$0.00,$0.00,Stripe,Yes,,Completed,Online,1,1165f4c1-8d37-4af4-af8c-f7979cfe9bab
MEM1527,MQIS Membership 2025,24/02/2025,7:00 pm,Kevin,Snyder,kevin.snyder56@example.com,4093865471,31/07/2026 06:40 pm,Online,Paid,1,0,$5.00,$0.00,$0.00,$0.00,$0.20,$0.00,$0.00,$0.00,$5.20,$0.00,$0.00,$0.00,$0.00,$5.00,$5.00,$0.00,,,,$0.00,$0.00,$0.00,$0.00,Stripe,No,,Completed,Online,1,0d2b6bd6-f12e-4094-982e-0601a4372680
MEM1528,MQIS Membership 2025,24/02/2025,7:00 pm,James,Cruz,james.cruz82@example.com,4874870566,06/08/2026 05:09 am,Online,Paid,1,0,$5.00,$0.00,$0.00,$0.00,$0.20,$0.00,$0.00,$0.00,$5.20,$0.00,$0.00,$0.00,$0.00,$5.00,$5.00,$0.00,,,,$0.00,$0.00,$0.00,$0.00,Stripe,Yes,,Completed,Online,1,ba0ce49f-ed35-42be-892e-b317db9f6278
MEM1529,MQIS Membership 2025,24/02/2025,7:00 pm,David,Torres,david.torres90@example.com,6094461501,12/07/2026 06:04 am,Online,Refunded,0,1,$0.00,$0.00,$0.00,$0.00,$0.00,$0.00,$0.00,$0.00,$0.00,$0.00,$0.00,$0.00,$0.00,$0.00,$0.00,$0.00,,,,$0.00,$0.00,$0.00,$0.00,Stripe,No,,Completed,Online,1,a0dd3770-650d-410d-aac3-c7a50d797fc9
MEM1530,MQIS Membership 2025,24/02/2025,7:00 pm,Amy,Snyder,amy.snyder36@example.com,6050590855,25/07/2026 12:47 am,Manual,Paid,1,0,$5.00,$0.00,$0.00,$0.00,$0.20,$0.00,$0.00,$0.00,$5.20,$0.00,$0.00,$0.00,$0.00,$5.00,$5.00,$0.00,,,,$0.00,$0.00,$0.00,$0.00,Stripe,No,,Completed,Manual,1,9311a14b-e42c-4b19-89af-01507c154f6c
MEM1531,MQIS Membership 2025,24/02/2025,7:00 pm,Joseph,Perry,joseph.perry93@example.com,9391947437,18/07/2026 04:57 pm,Online,Paid,1,0,$5.00,$0.00,$0.00,$0.00,$0.20,$0.00,$0.00,$0.00,$5.20,$0.00,$0.00,$0.00,$0.00,$5.00,$5.00,$0.00,,,,$0.00,$0.00,$0.00,$0.00,Stripe,No,,Completed,Online,1,535af1c7-30d1-4ec2-b477-0f0a0aaab0c0
MEM1532,MQIS Membership 2025,24/02/2025,7:00 pm,Stephanie,Sanders,stephanie.sanders19@example.com,9609102764,13/08/2026 07:44 am,Online,Paid,1,0,$5.00,$0.00,$0.00,$0.00,$0.20,$0.00,$0.00,$0.00,$5.20,$0.00,$0.00,$0.00,$0.00,$5.00,$5.00,$0.00,,,,$0.00,$0.00,$0.00,$0.00,Stripe,Yes,,Completed,Online,1,a6fe223a-acf2-41b7-804c-4ee82ff25c3a
MEM1533,MQIS Membership 2025,24/02/2025,7:00 pm,Molly,Knox,molly.knox89@example.com,1190266237,19/07/2026 07:06 am,Online,Paid,1,0,$5.00,$0.00,$0.00,$0.00,$0.20,$0.00,$0.00,$0.00,$5.20,$0.00,$0.00,$0.00,$0.00,$5.00,$5.00,$0.00,,,,$0.00,$0.00,$0.00,$0.00,Stripe,No,,Completed,Online,1,f2c8d266-381d-4d22-8864-d1401bebd072
MEM1534,MQIS Membership 2025,24/02/2025,7:00 pm,Anthony,Vega,anthony.vega33@example.com,0983145237,12/08/2026 07:16 pm,Online,Paid,1,0,$5.00,$0.00,$0.00,$0.00,$0.20,$0.00,$0.00,$0.00,$5.20,$0.00,$0.00,$0.00,$0.00,$5.00,$5.00,$0.00,,,,$0.00,$0.00,$0.00,$0.00,Stripe,No,,Completed,Online,1,ccda232f-3784-44cc-a2c8-d49a4f0638e6
MEM1535,MQIS Membership 2025,24/02/2025,7:00 pm,Eric,Alexander,eric.alexander92@example.com,8742565686,18/07/2026 01:20 am,Online,Paid,1,0,$5.00,$0.00,$0.00,$0.00,$0.20,$0.00,$0.00,$0.00,$5.20,$0.00,$0.00,$0.00,$0.00,$5.00,$5.00,$0.00,,,,$0.00,$0.00,$0.00,$0.00,Stripe,Yes,,Completed,Online,1,556ae7e8-f55c-4fcc-a88c-ba61bf7794e1
MEM1536,MQIS Membership 2025,24/02/2025,7:00 pm,Oscar,Ferguson,oscar.ferguson73@example.com,0058953815,15/08/2026 07:05 am,Online,Paid,1,0,$5.00,$0.00,$0.00,$0.00,$0.20,$0.00,$0.00,$0.00,$5.20,$0.00,$0.00,$0.00,$0.00,$5.00,$5.00,$0.00,,,,$0.00,$0.00,$0.00,$0.00,Stripe,Yes,,Completed,Online,1,506061c0-da6d-4494-97b0-06dce9b18d73
MEM1537,MQIS Membership 2025,24/02/2025,7:00 pm,Devin,Clark,devin.clark63@example.com,7818077949,20/07/2026 10:07 pm,Online,Paid,1,0,$5.00,$0.00,$0.00,$0.00,$0.20,$0.00,$0.00,$0.00,$5.20,$0.00,$0.00,$0.00,$0.00,$5.00,$5.00,$0.00,,,,$0.00,$0.00,$0.00,$0.00,Stripe,No,,Completed,Online,1,ce959d98-df0f-4c59-8505-a5f3fad8db4d
MEM1538,MQIS Membership 2025,24/02/2025,7:00 pm,Travis,Johnston,travis.johnston6@example.com,4466199541,14/07/2026 08:56 pm,Online,Paid,1,0,$5.00,$0.00,$0.00,$0.00,$0.20,$0.00,$0.00,$0.00,$5.20,$0.00,$0.00,$0.00,$0.00,$5.00,$5.00,$0.00,,,,$0.00,$0.00,$0.00,$0.00,Stripe,Yes,,Completed,Online,1,681bb7c8-d5e7-40c7-9e20-19a700f46050
MEM1539,MQIS Membership 2025,24/02/2025,7:00 pm,Albert,Dominguez,albert.dominguez85@example.com,2666885455,15/08/2026 05:43 am,Online,Paid,1,0,$5.00,$0.00,$0.00,$0.00,$0.20,$0.00,$0.00,$0.00,$5.20,$0.00,$0.00,$0.00,$0.00,$5.00,$5.00,$0.00,,,,$0.00,$0.00,$0.00,$0.00,Stripe,Yes,,Completed,Online,1,7f0c4c31-cd7b-41f1-ae60-8e1f7f6460ae
MEM1540,MQIS Membership 2025,24/02/2025,7:00 pm,Heidi,Martinez,heidi.martinez97@example.com,9959902344,27/07/2026 12:08 am,Online,Paid,1,0,$5.00,$0.00,$0.00,$0.00,$0.20,$0.00,$0.00,$0.00,$5.20,$0.00,$0.00,$0.00,$0.00,$5.00,$5.00,$0.00,,,,$0.00,$0.00,$0.00,$0.00,Stripe,Yes,,Completed,Online,1,2e565f1a-6d89-4394-95b1-fe461a2f2c52
MEM1541,MQIS Membership 2025,24/02/2025,7:00 pm,Julie,Hamilton,julie.hamilton71@example.com,4849186146,17/07/2026 02:33 pm,Online,Paid,1,0,$5.00,$0.00,$0.00,$0.00,$0.20,$0.00,$0.00,$0.00,$5.20,$0.00,$0.00,$0.00,$0.00,$5.00,$5.00,$0.00,,,,$0.00,$0.00,$0.00,$0.00,Stripe,Yes,,Completed,Online,1,b65b3d5b-37c9-4352-a765-bf173bd39005
MEM1542,MQIS Membership 2025,24/02/2025,7:00 pm,Justin,Hays,justin.hays90@example.com,5331513135,23/07/2026 11:30 am,Online,Paid,1,0,$5.00,$0.00,$0.00,$0.00,$0.20,$0.00,$0.00,$0.00,$5.20,$0.00,$0.00,$0.00,$0.00,$5.00,$5.00,$0.00,,,,$0.00,$0.00,$0.00,$0.00,Stripe,Yes,,Completed,Online,1,013bda74-e58d-4cf5-b1bc-0eadf23cd2ac
MEM1543,MQIS Membership 2025,24/02/2025,7:00 pm,Peter,Gamble,peter.gamble59@example.com,7344793722,16/07/2026 07:10 pm,Online,Paid,1,0,$5.00,$0.00,$0.00,$0.00,$0.20,$0.00,$0.00,$0.00,$5.20,$0.00,$0.00,$0.00,$0.00,$5.00,$5.00,$0.00,,,,$0.00,$0.00,$0.00,$0.00,Stripe,No,,Completed,Online,1,137e1ba5-6158-464e-837e-dab47b8ac25b
MEM1544,MQIS Membership 2025,24/02/2025,7:00 pm,Karen,Wolf,karen.wolf75@example.com,8225885843,03/08/2026 04:54 am,Online,Paid,1,0,$5.00,$0.00,$0.00,$0.00,$0.20,$0.00,$0.00,$0.00,$5.20,$0.00,$0.00,$0.00,$0.00,$5.00,$5.00,$0.00,,,,$0.00,$0.00,$0.00,$0.00,Stripe,No,,Completed,Online,1,7ede3c37-ae49-4a25-ae75-6647b23b5345
MEM1545,MQIS Membership 2025,24/02/2025,7:00 pm,Jack,Williams,jack.williams63@example.com,4740739729,22/07/2026 06:44 am,Online,Paid,1,0,$5.00,$0.00,$0.00,$0.00,$0.20,$0.00,$0.00,$0.00,$5.20,$0.00,$0.00,$0.00,$0.00,$5.00,$5.00,$0.00,,,,$0.00,$0.00,$0.00,$0.00,Stripe,No,,Completed,Online,1,707530a6-576f-4fdb-a846-8a1658e2f1ea
MEM1546,MQIS Membership 2025,24/02/2025,7:00 pm,John,Davenport,john.davenport26@example.com,6183442511,29/07/2026 07:52 am,Online,Paid,1,0,$5.00,$0.00,$0.00,$0.00,$0.20,$0.00,$0.00,$0.00,$5.20,$0.00,$0.00,$0.00,$0.00,$5.00,$5.00,$0.00,,,,$0.00,$0.00,$0.00,$0.00,Stripe,No,,Completed,Online,1,502fb862-5570-4a6c-82bd-4c9a50f63ba7
MEM1547,MQIS Membership 2025,24/02/2025,7:00 pm,Tammy,Ramirez,tammy.ramirez44@example.com,4152863484,13/07/2026 10:45 am,Online,Paid,1,0,$5.00,$0.00,$0.00,$0.00,$0.20,$0.00,$0.00,$0.00,$5.20,$0.00,$0.00,$0.00,$0.00,$5.00,$5.00,$0.00,,,,$0.00,$0.00,$0.00,$0.00,Stripe,Yes,,Completed,Online,1,abbc4bdb-164e-45ce-85f7-5564d84b2f9d
MEM1548,MQIS Membership 2025,24/02/2025,7:00 pm,Patricia,Salazar,patricia.salazar85@example.com,4914453375,28/07/2026 12:20 am,Online,Paid,1,0,$5.00,$0.00,$0.00,$0.00,$0.20,$0.00,$0.00,$0.00,$5.20,$0.00,$0.00,$0.00,$0.00,$5.00,$5.00,$0.00,,,,$0.00,$0.00,$0.00,$0.00,Stripe,Yes,,Completed,Online,1,9cef08ae-6194-49bc-9c02-7a2cd1a9df83
MEM1549,MQIS Membership 2025,24/02/2025,7:00 pm,Jeffery,Fox,jeffery.fox38@example.com,1641573376,14/07/2026 03:19 am,Online,Paid,1,0,$5.00,$0.00,$0.00,$0.00,$0.20,$0.00,$0.00,$0.00,$5.20,$0.00,$0.00,$0.00,$0.00,$5.00,$5.00,$0.00,,,,$0.00,$0.00,$0.00,$0.00,Stripe,No,,Completed,Online,1,339c87bc-16b0-4781-9e7c-d1cdb94d1e81
MEM1550,MQIS Membership 2025,24/02/2025,7:00 pm,Leonard,Hayes,leonard.hayes21@example.com,8109071957,20/07/2026 07:50 pm,Manual,Paid,1,0,$5.00,$0.00,$0.00,$0.00,$0.20,$0.00,$0.00,$0.00,$5.20,$0.00,$0.00,$0.00,$0.00,$5.00,$5.00,$0.00,,,,$0.00,$0.00,$0.00,$0.00,Stripe,No,,Completed,Manual,1,5bc2457d-9537-47dd-8fc6-e1491a0691e6
MEM1551,MQIS Membership 2025,24/02/2025,7:00 pm,Krystal,Bradley,krystal.bradley31@example.com,5838736807,14/07/2026 06:08 am,Online,Refunded,0,1,$0.00,$0.00,$0.00,$0.00,$0.00,$0.00,$0.00,$0.00,$0.00,$0.00,$0.00,$0.00,$0.00,$0.00,$0.00,$0.00,,,,$0.00,$0.00,$0.00,$0.00,Stripe,No,,Completed,Online,1,d84b9ee2-13f0-443a-b9fa-36496d2498fa
MEM1552,MQIS Membership 2025,24/02/2025,7:00 pm,Deborah,Williams,deborah.williams21@example.com,8438816848,13/08/2026 07:08 am,Online,Paid,1,0,$5.00,$0.00,$0.00,$0.00,$0.20,$0.00,$0.00,$0.00,$5.20,$0.00,$0.00,$0.00,$0.00,$5.00,$5.00,$0.00,,,,$0.00,$0.00,$0.00,$0.00,Stripe,Yes,,Completed,Online,1,e2a7eead-a6f2-43a9-b204-3a24faa21a36
MEM1553,MQIS Membership 2025,24/02/2025,7:00 pm,Jennifer,Zuniga,jennifer.zuniga42@example.com,7046445030,11/07/2026 07:31 am,Online,Paid,1,0,$5.00,$0.00,$0.00,$0.00,$0.20,$0.00,$0.00,$0.00,$5.20,$0.00,$0.00,$0.00,$0.00,$5.00,$5.00,$0.00,,,,$0.00,$0.00,$0.00,$0.00,Stripe,Yes,,Completed,Online,1,b945f8ed-b694-494b-9b8c-d3a442ffd324
MEM1554,MQIS Membership 2025,24/02/2025,7:00 pm,Brenda,Hurst,brenda.hurst36@example.com,8187330027,15/07/2026 06:13 am,Online,Paid,1,0,$5.00,$0.00,$0.00,$0.00,$0.20,$0.00,$0.00,$0.00,$5.20,$0.00,$0.00,$0.00,$0.00,$5.00,$5.00,$0.00,,,,$0.00,$0.00,$0.00,$0.00,Stripe,No,,Completed,Online,1,2eef9e7c-74fc-4953-bfb1-ef28ceca108d
MEM1555,MQIS Membership 2025,24/02/2025,7:00 pm,Sean,Padilla,sean.padilla71@example.com,3695043260,16/07/2026 09:29 pm,Manual,Paid,1,0,$5.00,$0.00,$0.00,$0.00,$0.20,$0.00,$0.00,$0.00,$5.20,$0.00,$0.00,$0.00,$0.00,$5.00,$5.00,$0.00,,,,$0.00,$0.00,$0.00,$0.00,Stripe,Yes,,Completed,Manual,1,5b4ca349-3bdb-4287-b6de-216a42a7585c
MEM1556,MQIS Membership 2025,24/02/2025,7:00 pm,Brad,Murray,brad.murray82@example.com,2654930539,18/07/2026 03:09 pm,Online,Paid,1,0,$5.00,$0.00,$0.00,$0.00,$0.20,$0.00,$0.00,$0.00,$5.20,$0.00,$0.00,$0.00,$0.00,$5.00,$5.00,$0.00,,,,$0.00,$0.00,$0.00,$0.00,Stripe,No,,Completed,Online,1,31da666c-18b7-4c57-9e80-cdadd7ed953c
MEM1557,MQIS Membership 2025,24/02/2025,7:00 pm,Paul,Mosley,paul.mosley55@example.com,9964260600,05/08/2026 07:31 pm,Manual,Paid,1,0,$5.00,$0.00,$0.00,$0.00,$0.20,$0.00,$0.00,$0.00,$5.20,$0.00,$0.00,$0.00,$0.00,$5.00,$5.00,$0.00,,,,$0.00,$0.00,$0.00,$0.00,Stripe,No,,Completed,Manual,1,7790ba45-2805-4513-b559-2722b4e2fb5a
MEM1558,MQIS Membership 2025,24/02/2025,7:00 pm,Erin,Jones,erin.jones30@example.com,5143164119,20/07/2026 08:44 am,Online,Paid,1,0,$5.00,$0.00,$0.00,$0.00,$0.20,$0.00,$0.00,$0.00,$5.20,$0.00,$0.00,$0.00,$0.00,$5.00,$5.00,$0.00,,,,$0.00,$0.00,$0.00,$0.00,Stripe,Yes,,Completed,Online,1,4f7b0138-6b7d-4f22-9dff-f86b6f285b1a
MEM1559,MQIS Membership 2025,24/02/2025,7:00 pm,Adam,Arnold,adam.arnold28@example.com,5426006289,07/08/2026 09:05 am,Online,Paid,1,0,$5.00,$0.00,$0.00,$0.00,$0.20,$0.00,$0.00,$0.00,$5.20,$0.00,$0.00,$0.00,$0.00,$5.00,$5.00,$0.00,,,,$0.00,$0.00,$0.00,$0.00,Stripe,No,,Completed,Online,1,5c28f744-3422-4ec3-827f-111985493951
MEM1560,MQIS Membership 2025,24/02/2025,7:00 pm,Ellen,Paul,ellen.paul86@example.com,8959458922,12/08/2026 02:17 pm,Manual,Paid,1,0,$5.00,$0.00,$0.00,$0.00,$0.20,$0.00,$0.00,$0.00,$5.20,$0.00,$0.00,$0.00,$0.00,$5.00,$5.00,$0.00,,,,$0.00,$0.00,$0.00,$0.00,Stripe,No,,Completed,Manual,1,5273e943-7c73-44a3-9e00-721f475ae1bd
MEM1561,MQIS Membership 2025,24/02/2025,7:00 pm,Mary,Aguilar,mary.aguilar21@example.com,9775655128,17/07/2026 06:29 am,Online,Paid,1,0,$5.00,$0.00,$0.00,$0.00,$0.20,$0.00,$0.00,$0.00,$5.20,$0.00,$0.00,$0.00,$0.00,$5.00,$5.00,$0.00,,,,$0.00,$0.00,$0.00,$0.00,Stripe,Yes,,Completed,Online,1,893beba6-33ac-4dec-af86-1df9fec81616
MEM1562,MQIS Membership 2025,24/02/2025,7:00 pm,Kim,Johnson,kim.johnson10@example.com,6657031012,17/07/2026 05:54 pm,Online,Paid,1,0,$5.00,$0.00,$0.00,$0.00,$0.20,$0.00,$0.00,$0.00,$5.20,$0.00,$0.00,$0.00,$0.00,$5.00,$5.00,$0.00,,,,$0.00,$0.00,$0.00,$0.00,Stripe,No,,Completed,Online,1,eecb5ee9-c29a-47c4-a4dd-c4b63978cc92
MEM1563,MQIS Membership 2025,24/02/2025,7:00 pm,Thomas,Pearson,thomas.pearson24@example.com,5342144835,06/08/2026 04:51 pm,Online,Paid,1,0,$5.00,$0.00,$0.00,$0.00,$0.20,$0.00,$0.00,$0.00,$5.20,$0.00,$0.00,$0.00,$0.00,$5.00,$5.00,$0.00,,,,$0.00,$0.00,$0.00,$0.00,Stripe,No,,Completed,Online,1,86c0aeb8-81a8-4509-905b-9e0e49dda9a7
MEM1564,MQIS Membership 2025,24/02/2025,7:00 pm,Jessica,Sheppard,jessica.sheppard46@example.com,9683825254,07/08/2026 04:23 am,Online,Paid,1,0,$5.00,$0.00,$0.00,$0.00,$0.20,$0.00,$0.00,$0.00,$5.20,$0.00,$0.00,$0.00,$0.00,$5.00,$5.00,$0.00,,,,$0.00,$0.00,$0.00,$0.00,Stripe,No,,Completed,Online,1,5772f741-f030-4cc9-b13a-1aa3db6c17f0
MEM1565,MQIS Membership 2025,24/02/2025,7:00 pm,Adam,Arnold,adam.arnold28@example.com,2151734660,06/08/2026 06:56 am,Online,Paid,1,0,$5.00,$0.00,$0.00,$0.00,$0.20,$0.00,$0.00,$0.00,$5.20,$0.00,$0.00,$0.00,$0.00,$5.00,$5.00,$0.00,,,,$0.00,$0.00,$0.00,$0.00,Stripe,No,,Completed,Online,1,b67fbb29-cf27-4e27-90a8-b693a3ec0935
MEM1566,MQIS Membership 2025,24/02/2025,7:00 pm,Christopher,Garcia,christopher.garcia2@example.com,4715756108,08/08/2026 01:38 am,Online,Paid,1,0,$5.00,$0.00,$0.00,$0.00,$0.20,$0.00,$0.00,$0.00,$5.20,$0.00,$0.00,$0.00,$0.00,$5.00,$5.00,$0.00,,,,$0.00,$0.00,$0.00,$0.00,Stripe,Yes,,Completed,Online,1,052fe1cf-d1ba-4cb7-b69d-5112cd02a5d3
MEM1567,MQIS Membership 2025,24/02/2025,7:00 pm,Christine,Lynch,christine.lynch55@example.com,2395512169,16/07/2026 05:45 pm,Online,Refunded,0,1,$0.00,$0.00,$0.00,$0.00,$0.00,$0.00,$0.00,$0.00,$0.00,$0.00,$0.00,$0.00,$0.00,$0.00,$0.00,$0.00,,,,$0.00,$0.00,$0.00,$0.00,Stripe,Yes,,Completed,Online,1,5ae7261c-8e34-442c-a73e-204b30e75445
MEM1568,MQIS Membership 2025,24/02/2025,7:00 pm,Christopher,Tucker,christopher.tucker25@example.com,4226326214,14/08/2026 10:42 pm,Online,Paid,1,0,$5.00,$0.00,$0.00,$0.00,$0.20,$0.00,$0.00,$0.00,$5.20,$0.00,$0.00,$0.00,$0.00,$5.00,$5.00,$0.00,,,,$0.00,$0.00,$0.00,$0.00,Stripe,No,,Completed,Online,1,56090d10-1b3d-493a-b98c-d4bae8934b46
MEM1569,MQIS Membership 2025,24/02/2025,7:00 pm,David,Colon,david.colon78@example.com,5196787788,04/08/2026 02:28 pm,Online,Paid,1,0,$5.00,$0.00,$0.00,$0.00,$0.20,$0.00,$0.00,$0.00,$5.20,$0.00,$0.00,$0.00,$0.00,$5.00,$5.00,$0.00,,,,$0.00,$0.00,$0.00,$0.00,Stripe,Yes,,Completed,Online,1,9b023cf8-c2f5-40c3-9a5b-1846a38cccd9
MEM1570,MQIS Membership 2025,24/02/2025,7:00 pm,Mary,Stephenson,mary.stephenson19@example.com,6842326355,14/07/2026 07:48 am,Online,Paid,1,0,$5.00,$0.00,$0.00,$0.00,$0.20,$0.00,$0.00,$0.00,$5.20,$0.00,$0.00,$0.00,$0.00,$5.00,$5.00,$0.00,,,,$0.00,$0.00,$0.00,$0.00,Stripe,No,,Completed,Online,1,31379480-3526-4c3c-8a66-4317ae33b806
MEM1571,MQIS Membership 2025,24/02/2025,7:00 pm,Kristin,Rodriguez,kristin.rodriguez15@example.com,1057197323,07/08/2026 09:10 am,Online,Paid,1,0,$5.00,$0.00,$0.00,$0.00,$0.20,$0.00,$0.00,$0.00,$5.20,$0.00,$0.00,$0.00,$0.00,$5.00,$5.00,$0.00,,,,$0.00,$0.00,$0.00,$0.00,Stripe,No,,Completed,Online,1,233cc287-56aa-4a64-973a-5f794b1493ac
MEM1572,MQIS Membership 2025,24/02/2025,7:00 pm,Thomas,Santana,thomas.santana77@example.com,6260235640,28/07/2026 02:49 am,Online,Paid,1,0,$5.00,$0.00,$0.00,$0.00,$0.20,$0.00,$0.00,$0.00,$5.20,$0.00,$0.00,$0.00,$0.00,$5.00,$5.00,$0.00,,,,$0.00,$0.00,$0.00,$0.00,Stripe,No,,Completed,Online,1,9dad867b-c285-4485-9ca9-46279f5e6271
MEM1573,MQIS Membership 2025,24/02/2025,7:00 pm,Joe,Wilson,joe.wilson28@example.com,9507867969,31/07/2026 05:42 am,Online,Paid,1,0,$5.00,$0.00,$0.00,$0.00,$0.20,$0.00,$0.00,$0.00,$5.20,$0.00,$0.00,$0.00,$0.00,$5.00,$5.00,$0.00,,,,$0.00,$0.00,$0.00,$0.00,Stripe,No,,Completed,Online,1,f361125d-864c-4667-aafa-4c6237a29938
MEM1574,MQIS Membership 2025,24/02/2025,7:00 pm,Derek,Moore,derek.moore87@example.com,9487461231,14/07/2026 03:07 pm,Online,Paid,1,0,$5.00,$0.00,$0.00,$0.00,$0.20,$0.00,$0.00,$0.00,$5.20,$0.00,$0.00,$0.00,$0.00,$5.00,$5.00,$0.00,,,,$0.00,$0.00,$0.00,$0.00,Stripe,No,,Completed,Online,1,5cbed2ee-174e-43fd-8a00-ac64245b6ac3
MEM1575,MQIS Membership 2025,24/02/2025,7:00 pm,Rick,Daniels,rick.daniels26@example.com,5863735332,23/07/2026 01:06 pm,Online,Paid,1,0,$5.00,$0.00,$0.00,$0.00,$0.20,$0.00,$0.00,$0.00,$5.20,$0.00,$0.00,$0.00,$0.00,$5.00,$5.00,$0.00,,,,$0.00,$0.00,$0.00,$0.00,Stripe,Yes,,Completed,Online,1,97d7f446-d09f-4449-8672-25168133a3af
MEM1576,MQIS Membership 2025,24/02/2025,7:00 pm,Christine,Collier,christine.collier86@example.com,6868584311,02/08/2026 11:39 pm,Online,Paid,1,0,$5.00,$0.00,$0.00,$0.00,$0.20,$0.00,$0.00,$0.00,$5.20,$0.00,$0.00,$0.00,$0.00,$5.00,$5.00,$0.00,,,,$0.00,$0.00,$0.00,$0.00,Stripe,No,,Completed,Online,1,b1ad694f-abd6-4c7f-b65f-3e860f330e45
MEM1577,MQIS Membership 2025,24/02/2025,7:00 pm,Maria,Potter,maria.potter35@example.com,4947396543,26/07/2026 04:59 am,Online,Paid,1,0,$5.00,$0.00,$0.00,$0.00,$0.20,$0.00,$0.00,$0.00,$5.20,$0.00,$0.00,$0.00,$0.00,$5.00,$5.00,$0.00,,,,$0.00,$0.00,$0.00,$0.00,Stripe,Yes,,Completed,Online,1,10ff3b78-7eca-418c-b05e-db455a89e4b7
MEM1578,MQIS Membership 2025,24/02/2025,7:00 pm,Randy,Watson,randy.watson21@example.com,0275960889,05/08/2026 06:23 am,Manual,Paid,1,0,$5.00,$0.00,$0.00,$0.00,$0.20,$0.00,$0.00,$0.00,$5.20,$0.00,$0.00,$0.00,$0.00,$5.00,$5.00,$0.00,,,,$0.00,$0.00,$0.00,$0.00,Stripe,Yes,,Completed,Manual,1,3065b97d-9b9f-496c-b38c-aaca9c1d78e0
MEM1579,MQIS Membership 2025,24/02/2025,7:00 pm,Charles,Hensley,charles.hensley52@example.com,3423149452,17/08/2026 11:11 pm,Online,Paid,1,0,$5.00,$0.00,$0.00,$0.00,$0.20,$0.00,$0.00,$0.00,$5.20,$0.00,$0.00,$0.00,$0.00,$5.00,$5.00,$0.00,,,,$0.00,$0.00,$0.00,$0.00,Stripe,Yes,,Completed,Online,1,eee16136-f71b-4634-9eac-84cab50b2226
MEM1580,MQIS Membership 2025,24/02/2025,7:00 pm,Lindsey,Chavez,lindsey.chavez90@example.com,6209818040,31/07/2026 06:56 pm,Online,Paid,1,0,$5.00,$0.00,$0.00,$0.00,$0.20,$0.00,$0.00,$0.00,$5.20,$0.00,$0.00,$0.00,$0.00,$5.00,$5.00,$0.00,,,,$0.00,$0.00,$0.00,$0.00,Stripe,Yes,,Completed,Online,1,cc557002-1fc6-4a60-9124-ab161d8d2091
MEM1581,MQIS Membership 2025,24/02/2025,7:00 pm,Jennifer,Payne,jennifer.payne66@example.com,4050850134,17/08/2026 12:11 am,Online,Paid,1,0,$5.00,$0.00,$0.00,$0.00,$0.20,$0.00,$0.00,$0.00,$5.20,$0.00,$0.00,$0.00,$0.00,$5.00,$5.00,$0.00,,,,$0.00,$0.00,$0.00,$0.00,Stripe,No,,Completed,Online,1,66cb480d-b023-4606-99f5-eb1df8640254
MEM1582,MQIS Membership 2025,24/02/2025,7:00 pm,Melissa,Joseph,melissa.joseph69@example.com,4122647254,14/08/2026 08:31 pm,Online,Paid,1,0,$5.00,$0.00,$0.00,$0.00,$0.20,$0.00,$0.00,$0.00,$5.20,$0.00,$0.00,$0.00,$0.00,$5.00,$5.00,$0.00,,,,$0.00,$0.00,$0.00,$0.00,Stripe,No,,Completed,Online,1,9986113e-363d-447c-972f-b96d490eb24b
MEM1583,MQIS Membership 2025,24/02/2025,7:00 pm,Albert,Wagner,albert.wagner13@example.com,0424081744,15/08/2026 02:35 pm,Online,Paid,1,0,$5.00,$0.00,$0.00,$0.00,$0.20,$0.00,$0.00,$0.00,$5.20,$0.00,$0.00,$0.00,$0.00,$5.00,$5.00,$0.00,,,,$0.00,$0.00,$0.00,$0.00,Stripe,No,,Completed,Online,1,b3a99768-b304-47e4-923a-04beedd973fc
MEM1584,MQIS Membership 2025,24/02/2025,7:00 pm,Phillip,Elliott,phillip.elliott76@example.com,8527682091,11/08/2026 11:41 am,Online,Paid,1,0,$5.00,$0.00,$0.00,$0.00,$0.20,$0.00,$0.00,$0.00,$5.20,$0.00,$0.00,$0.00,$0.00,$5.00,$5.00,$0.00,,,,$0.00,$0.00,$0.00,$0.00,Stripe,Yes,,Completed,Online,1,c8894356-4e81-4a8e-a704-8a882a5bc72d
MEM1585,MQIS Membership 2025,24/02/2025,7:00 pm,Gregory,Anderson,gregory.anderson57@example.com,6142809702,17/08/2026 02:34 pm,Manual,Paid,1,0,$5.00,$0.00,$0.00,$0.00,$0.20,$0.00,$0.00,$0.00,$5.20,$0.00,$0.00,$0.00,$0.00,$5.00,$5.00,$0.00,,,,$0.00,$0.00,$0.00,$0.00,Stripe,Yes,,Completed,Manual,1,9b7e3ea5-03eb-4771-b4b8-0eec96404f3c
MEM1586,MQIS Membership 2025,24/02/2025,7:00 pm,Scott,Mills,scott.mills97@example.com,5159117533,27/07/2026 09:16 am,Online,Paid,1,0,$5.00,$0.00,$0.00,$0.00,$0.20,$0.00,$0.00,$0.00,$5.20,$0.00,$0.00,$0.00,$0.00,$5.00,$5.00,$0.00,,,,$0.00,$0.00,$0.00,$0.00,Stripe,No,,Completed,Online,1,59ac5a1f-d878-45b1-abb3-c7fa22a16508
MEM1587,MQIS Membership 2025,24/02/2025,7:00 pm,Selena,Duncan,selena.duncan46@example.com,7970860437,14/08/2026 07:49 am,Online,Paid,1,0,$5.00,$0.00,$0.00,$0.00,$0.20,$0.00,$0.00,$0.00,$5.20,$0.00,$0.00,$0.00,$0.00,$5.00,$5.00,$0.00,,,,$0.00,$0.00,$0.00,$0.00,Stripe,No,,Completed,Online,1,5e27e57d-c4c5-4045-ae19-225875f44ac7
MEM1588,MQIS Membership 2025,24/02/2025,7:00 pm,Troy,Khan,troy.khan78@example.com,7201533300,18/07/2026 03:25 am,Online,Paid,1,0,$5.00,$0.00,$0.00,$0.00,$0.20,$0.00,$0.00,$0.00,$5.20,$0.00,$0.00,$0.00,$0.00,$5.00,$5.00,$0.00,,,,$0.00,$0.00,$0.00,$0.00,Stripe,No,,Completed,Online,1,e9a88fa2-934c-4afd-a1ff-1fe0f379244d
MEM1589,MQIS Membership 2025,24/02/2025,7:00 pm,Brittany,Gardner,brittany.gardner61@example.com,7413311519,10/08/2026 09:58 pm,Online,Paid,1,0,$5.00,$0.00,$0.00,$0.00,$0.20,$0.00,$0.00,$0.00,$5.20,$0.00,$0.00,$0.00,$0.00,$5.00,$5.00,$0.00,,,,$0.00,$0.00,$0.00,$0.00,Stripe,No,,Completed,Online,1,8a151e9a-fca7-4408-8a69-fe229c354c63
MEM1590,MQIS Membership 2025,24/02/2025,7:00 pm,Gabriel,Sanders,gabriel.sanders41@example.com,2266315430,08/08/2026 04:20 pm,Online,Paid,1,0,$5.00,$0.00,$0.00,$0.00,$0.20,$0.00,$0.00,$0.00,$5.20,$0.00,$0.00,$0.00,$0.00,$5.00,$5.00,$0.00,,,,$0.00,$0.00,$0.00,$0.00,Stripe,No,,Completed,Online,1,f692e469-a45c-4576-b4d3-0866ff2ed8b2
MEM1591,MQIS Membership 2025,24/02/2025,7:00 pm,Brian,Smith,brian.smith38@example.com,9131565366,04/08/2026 09:09 pm,Online,Paid,1,0,$5.00,$0.00,$0.00,$0.00,$0.20,$0.00,$0.00,$0.00,$5.20,$0.00,$0.00,$0.00,$0.00,$5.00,$5.00,$0.00,,,,$0.00,$0.00,$0.00,$0.00,Stripe,Yes,,Completed,Online,1,e1b4fa92-6b30-45cd-8e5e-025a66a3f562
MEM1592,MQIS Membership 2025,24/02/2025,7:00 pm,John,Leblanc,john.leblanc69@example.com,5145228232,14/08/2026 06:43 pm,Manual,Paid,1,0,$5.00,$0.00,$0.00,$0.00,$0.20,$0.00,$0.00,$0.00,$5.20,$0.00,$0.00,$0.00,$0.00,$5.00,$5.00,$0.00,,,,$0.00,$0.00,$0.00,$0.00,Stripe,Yes,,Completed,Manual,1,b9a5358f-522c-4455-a8f2-67e082f29e78
MEM1593,MQIS Membership 2025,24/02/2025,7:00 pm,Miranda,Clay,miranda.clay90@example.com,9934965775,17/07/2026 04:48 pm,Online,Paid,1,0,$5.00,$0.00,$0.00,$0.00,$0.20,$0.00,$0.00,$0.00,$5.20,$0.00,$0.00,$0.00,$0.00,$5.00,$5.00,$0.00,,,,$0.00,$0.00,$0.00,$0.00,Stripe,No,,Completed,Online,1,ab454558-1e89-4717-ad20-f58a58b5eaaf
MEM1594,MQIS Membership 2025,24/02/2025,7:00 pm,Linda,Wolfe,linda.wolfe70@example.com,6406412315,03/08/2026 02:21 am,Online,Paid,1,0,$5.00,$0.00,$0.00,$0.00,$0.20,$0.00,$0.00,$0.00,$5.20,$0.00,$0.00,$0.00,$0.00,$5.00,$5.00,$0.00,,,,$0.00,$0.00,$0.00,$0.00,Stripe,No,,Completed,Online,1,75d0e854-fade-4c52-82e3-e1994ee44988
MEM1595,MQIS Membership 2025,24/02/2025,7:00 pm,Kaylee,Smith,kaylee.smith81@example.com,7501632703,30/07/2026 12:39 am,Online,Paid,1,0,$5.00,$0.00,$0.00,$0.00,$0.20,$0.00,$0.00,$0.00,$5.20,$0.00,$0.00,$0.00,$0.00,$5.00,$5.00,$0.00,,,,$0.00,$0.00,$0.00,$0.00,Stripe,No,,Completed,Online,1,043a6358-dd9b-4fe5-9a2a-0ec940b06e9b
MEM1596,MQIS Membership 2025,24/02/2025,7:00 pm,Casey,Hubbard,casey.hubbard86@example.com,6963642721,05/08/2026 06:19 pm,Online,Paid,1,0,$5.00,$0.00,$0.00,$0.00,$0.20,$0.00,$0.00,$0.00,$5.20,$0.00,$0.00,$0.00,$0.00,$5.00,$5.00,$0.00,,,,$0.00,$0.00,$0.00,$0.00,Stripe,No,,Completed,Online,1,48ef47eb-f0ee-4c30-9033-e1deaf2886ff
MEM1597,MQIS Membership 2025,24/02/2025,7:00 pm,Miranda,Clay,miranda.clay90@example.com,6879674672,18/07/2026 07:32 am,Online,Paid,1,0,$5.00,$0.00,$0.00,$0.00,$0.20,$0.00,$0.00,$0.00,$5.20,$0.00,$0.00,$0.00,$0.00,$5.00,$5.00,$0.00,,,,$0.00,$0.00,$0.00,$0.00,Stripe,Yes,,Completed,Online,1,01385fa9-31c9-43c0-b591-cd466888d4bc
MEM1598,MQIS Membership 2025,24/02/2025,7:00 pm,Diane,Sweeney,diane.sweeney37@example.com,3332798821,14/08/2026 05:01 am,Online,Paid,1,0,$5.00,$0.00,$0.00,$0.00,$0.20,$0.00,$0.00,$0.00,$5.20,$0.00,$0.00,$0.00,$0.00,$5.00,$5.00,$0.00,,,,$0.00,$0.00,$0.00,$0.00,Stripe,No,,Completed,Online,1,aa91e486-6ac2-4a2e-b333-1bb3a4175c6a
MEM1599,MQIS Membership 2025,24/02/2025,7:00 pm,Gary,Dixon,gary.dixon73@example.com,9961494918,12/08/2026 11:40 pm,Online,Paid,1,0,$5.00,$0.00,$0.00,$0.00,$0.20,$0.00,$0.00,$0.00,$5.20,$0.00,$0.00,$0.00,$0.00,$5.00,$5.00,$0.00,,,,$0.00,$0.00,$0.00,$0.00,Stripe,No,,Completed,Online,1,6c26f915-5acc-4ebb-b5ac-4b75bc181788
MEM1600,MQIS Membership 2025,24/02/2025,7:00 pm,Steven,Campbell,steven.campbell31@example.com,0384952606,16/08/2026 11:50 am,Online,Paid,1,0,$5.00,$0.00,$0.00,$0.00,$0.20,$0.00,$0.00,$0.00,$5.20,$0.00,$0.00,$0.00,$0.00,$5.00,$5.00,$0.00,,,,$0.00,$0.00,$0.00,$0.00,Stripe,Yes,,Completed,Online,1,90f9a3ee-755a-4afd-8071-45ccf87f3cac
MEM1601,MQIS Membership 2025,24/02/2025,7:00 pm,Stephanie,Johnson,stephanie.johnson80@example.com,1410966159,22/07/2026 03:08 pm,Online,Paid,1,0,$5.00,$0.00,$0.00,$0.00,$0.20,$0.00,$0.00,$0.00,$5.20,$0.00,$0.00,$0.00,$0.00,$5.00,$5.00,$0.00,,,,$0.00,$0.00,$0.00,$0.00,Stripe,Yes,,Completed,Online,1,f403dc5c-565c-4613-bb51-df15287444ad
MEM1602,MQIS Membership 2025,24/02/2025,7:00 pm,Kurt,Barker,kurt.barker34@example.com,8850690303,16/08/2026 10:21 am,Online,Paid,1,0,$5.00,$0.00,$0.00,$0.00,$0.20,$0.00,$0.00,$0.00,$5.20,$0.00,$0.00,$0.00,$0.00,$5.00,$5.00,$0.00,,,,$0.00,$0.00,$0.00,$0.00,Stripe,Yes,,Completed,Online,1,232757bb-0c9c-4551-af1b-3d44140ed93a
MEM1603,MQIS Membership 2025,24/02/2025,7:00 pm,John,Kim,john.kim12@example.com,2385951292,28/07/2026 04:33 pm,Manual,Paid,1,0,$5.00,$0.00,$0.00,$0.00,$0.20,$0.00,$0.00,$0.00,$5.20,$0.00,$0.00,$0.00,$0.00,$5.00,$5.00,$0.00,,,,$0.00,$0.00,$0.00,$0.00,Stripe,No,,Completed,Manual,1,ca15ff32-0bb3-41e0-b26e-b27a25acc744
MEM1604,MQIS Membership 2025,24/02/2025,7:00 pm,John,Caldwell,john.caldwell21@example.com,8233989511,18/07/2026 09:22 am,Online,Paid,1,0,$5.00,$0.00,$0.00,$0.00,$0.20,$0.00,$0.00,$0.00,$5.20,$0.00,$0.00,$0.00,$0.00,$5.00,$5.00,$0.00,,,,$0.00,$0.00,$0.00,$0.00,Stripe,No,,Completed,Online,1,bdcc5c12-c35a-4a9f-bf43-88a39522e076
MEM1605,MQIS Membership 2025,24/02/2025,7:00 pm,Kevin,Ferguson,kevin.ferguson54@example.com,8792787678,28/07/2026 05:21 pm,Online,Paid,1,0,$5.00,$0.00,$0.00,$0.00,$0.20,$0.00,$0.00,$0.00,$5.20,$0.00,$0.00,$0.00,$0.00,$5.00,$5.00,$0.00,,,,$0.00,$0.00,$0.00,$0.00,Stripe,No,,Completed,Online,1,b6daca57-8d25-49b3-a283-4f6501f7e9c3
MEM1606,MQIS Membership 2025,24/02/2025,7:00 pm,Jenna,Butler,jenna.butler17@example.com,9665144486,21/07/2026 08:06 pm,Online,Paid,1,0,$5.00,$0.00,$0.00,$0.00,$0.20,$0.00,$0.00,$0.00,$5.20,$0.00,$0.00,$0.00,$0.00,$5.00,$5.00,$0.00,,,,$0.00,$0.00,$0.00,$0.00,Stripe,No,,Completed,Online,1,6726a229-e5fc-422f-860d-282e32ad18f8
MEM1607,MQIS Membership 2025,24/02/2025,7:00 pm,Maria,Scott,maria.scott55@example.com,6814849919,16/07/2026 11:06 am,Online,Paid,1,0,$5.00,$0.00,$0.00,$0.00,$0.20,$0.00,$0.00,$0.00,$5.20,$0.00,$0.00,$0.00,$0.00,$5.00,$5.00,$0.00,,,,$0.00,$0.00,$0.00,$0.00,Stripe,No,,Completed,Online,1,97154233-d7cc-4ff3-ac55-4bf40ce44d06
MEM1608,MQIS Membership 2025,24/02/2025,7:00 pm,Andrea,Pennington,andrea.pennington75@example.com,3008433914,30/07/2026 10:51 am,Online,Paid,1,0,$5.00,$0.00,$0.00,$0.00,$0.20,$0.00,$0.00,$0.00,$5.20,$0.00,$0.00,$0.00,$0.00,$5.00,$5.00,$0.00,,,,$0.00,$0.00,$0.00,$0.00,Stripe,No,,Completed,Online,1,13517fc4-fd6b-4de9-813a-69b31dbea7d5
MEM1609,MQIS Membership 2025,24/02/2025,7:00 pm,Bryan,James,bryan.james12@example.com,9633050749,06/08/2026 05:42 pm,Online,Paid,1,0,$5.00,$0.00,$0.00,$0.00,$0.20,$0.00,$0.00,$0.00,$5.20,$0.00,$0.00,$0.00,$0.00,$5.00,$5.00,$0.00,,,,$0.00,$0.00,$0.00,$0.00,Stripe,Yes,,Completed,Online,1,df921996-d8ce-43e5-bd32-3031486a4f10
MEM1610,MQIS Membership 2025,24/02/2025,7:00 pm,Kimberly,Bradley,kimberly.bradley86@example.com,9298028441,17/07/2026 01:41 am,Online,Paid,1,0,$5.00,$0.00,$0.00,$0.00,$0.20,$0.00,$0.00,$0.00,$5.20,$0.00,$0.00,$0.00,$0.00,$5.00,$5.00,$0.00,,,,$0.00,$0.00,$0.00,$0.00,Stripe,No,,Completed,Online,1,af1165b2-fa9c-453c-b68d-f03e9786ef9d
MEM1611,MQIS Membership 2025,24/02/2025,7:00 pm,Antonio,Mcfarland,antonio.mcfarland30@example.com,4088516323,16/08/2026 09:50 pm,Online,Paid,1,0,$5.00,$0.00,$0.00,$0.00,$0.20,$0.00,$0.00,$0.00,$5.20,$0.00,$0.00,$0.00,$0.00,$5.00,$5.00,$0.00,,,,$0.00,$0.00,$0.00,$0.00,Stripe,No,,Completed,Online,1,e67454c8-fa9b-4619-8392-10107d7198ea
MEM1612,MQIS Membership 2025,24/02/2025,7:00 pm,Jessica,Costa,jessica.costa4@example.com,4103762265,08/08/2026 02:50 am,Online,Paid,1,0,$5.00,$0.00,$0.00,$0.00,$0.20,$0.00,$0.00,$0.00,$5.20,$0.00,$0.00,$0.00,$0.00,$5.00,$5.00,$0.00,,,,$0.00,$0.00,$0.00,$0.00,Stripe,No,,Completed,Online,1,5c311e96-20ed-45c4-9388-8f0fb7fe377b
MEM1613,MQIS Membership 2025,24/02/2025,7:00 pm,Joshua,Madden,joshua.madden85@example.com,8516357811,15/08/2026 05:20 pm,Online,Refunded,0,1,$0.00,$0.00,$0.00,$0.00,$0.00,$0.00,$0.00,$0.00,$0.00,$0.00,$0.00,$0.00,$0.00,$0.00,$0.00,$0.00,,,,$0.00,$0.00,$0.00,$0.00,Stripe,Yes,,Completed,Online,1,d2901483-6919-49e2-af08-c08db6ed62d6
MEM1614,MQIS Membership 2025,24/02/2025,7:00 pm,Jennifer,Jones,jennifer.jones93@example.com,1329010291,29/07/2026 10:13 pm,Online,Paid,1,0,$5.00,$0.00,$0.00,$0.00,$0.20,$0.00,$0.00,$0.00,$5.20,$0.00,$0.00,$0.00,$0.00,$5.00,$5.00,$0.00,,,,$0.00,$0.00,$0.00,$0.00,Stripe,Yes,,Completed,Online,1,19339e61-d6cc-4fc7-9eeb-3364af6592ca
MEM1615,MQIS Membership 2025,24/02/2025,7:00 pm,Richard,Chavez,richard.chavez2@example.com,1014602353,31/07/2026 09:28 pm,Online,Paid,1,0,$5.00,$0.00,$0.00,$0.00,$0.20,$0.00,$0.00,$0.00,$5.20,$0.00,$0.00,$0.00,$0.00,$5.00,$5.00,$0.00,,,,$0.00,$0.00,$0.00,$0.00,Stripe,No,,Completed,Online,1,9799572d-829f-4a29-a9ba-ec64826633d2
MEM1616,MQIS Membership 2025,24/02/2025,7:00 pm,Darius,Smith,darius.smith25@example.com,0812356316,10/07/2026 11:36 pm,Online,Paid,1,0,$5.00,$0.00,$0.00,$0.00,$0.20,$0.00,$0.00,$0.00,$5.20,$0.00,$0.00,$0.00,$0.00,$5.00,$5.00,$0.00,,,,$0.00,$0.00,$0.00,$0.00,Stripe,Yes,,Completed,Online,1,185730cd-73f7-4d78-a492-73430c8f814f
MEM1617,MQIS Membership 2025,24/02/2025,7:00 pm,Zachary,Hays,zachary.hays54@example.com,7888478718,25/07/2026 09:26 pm,Online,Paid,1,0,$5.00,$0.00,$0.00,$0.00,$0.20,$0.00,$0.00,$0.00,$5.20,$0.00,$0.00,$0.00,$0.00,$5.00,$5.00,$0.00,,,,$0.00,$0.00,$0.00,$0.00,Stripe,No,,Completed,Online,1,3ac3a3dc-8823-40dd-b450-be54d8000d71
MEM1618,MQIS Membership 2025,24/02/2025,7:00 pm,Mary,Bruce,mary.bruce26@example.com,0510473080,22/07/2026 09:19 am,Online,Paid,1,0,$5.00,$0.00,$0.00,$0.00,$0.20,$0.00,$0.00,$0.00,$5.20,$0.00,$0.00,$0.00,$0.00,$5.00,$5.00,$0.00,,,,$0.00,$0.00,$0.00,$0.00,Stripe,No,,Completed,Online,1,1d1dd6b1-372f-4a2d-9828-55c8f10c3c70
MEM1619,MQIS Membership 2025,24/02/2025,7:00 pm,Melissa,Jones,melissa.jones8@example.com,8241430444,06/08/2026 09:02 pm,Online,Paid,1,0,$5.00,$0.00,$0.00,$0.00,$0.20,$0.00,$0.00,$0.00,$5.20,$0.00,$0.00,$0.00,$0.00,$5.00,$5.00,$0.00,,,,$0.00,$0.00,$0.00,$0.00,Stripe,No,,Completed,Online,1,4bf2b25c-96b5-4a06-a074-e732885389f6
MEM1620,MQIS Membership 2025,24/02/2025,7:00 pm,William,Armstrong,william.armstrong55@example.com,9634900197,16/07/2026 03:06 am,Online,Paid,1,0,$5.00,$0.00,$0.00,$0.00,$0.20,$0.00,$0.00,$0.00,$5.20,$0.00,$0.00,$0.00,$0.00,$5.00,$5.00,$0.00,,,,$0.00,$0.00,$0.00,$0.00,Stripe,No,,Completed,Online,1,5c156bd3-46d9-43cc-bf2a-91dd39e0430c
MEM1621,MQIS Membership 2025,24/02/2025,7:00 pm,Keith,Adams,keith.adams18@example.com,1951130307,10/07/2026 04:34 pm,Manual,Paid,1,0,$5.00,$0.00,$0.00,$0.00,$0.20,$0.00,$0.00,$0.00,$5.20,$0.00,$0.00,$0.00,$0.00,$5.00,$5.00,$0.00,,,,$0.00,$0.00,$0.00,$0.00,Stripe,Yes,,Completed,Manual,1,b3ed6840-6318-4695-8110-4b907a098ef1
MEM1622,MQIS Membership 2025,24/02/2025,7:00 pm,Tamara,Young,tamara.young33@example.com,6846482098,15/08/2026 04:06 pm,Online,Paid,1,0,$5.00,$0.00,$0.00,$0.00,$0.20,$0.00,$0.00,$0.00,$5.20,$0.00,$0.00,$0.00,$0.00,$5.00,$5.00,$0.00,,,,$0.00,$0.00,$0.00,$0.00,Stripe,No,,Completed,Online,1,eb2b40c5-85f4-471b-84b4-1b404f3cd320
MEM1623,MQIS Membership 2025,24/02/2025,7:00 pm,Benjamin,Rogers,benjamin.rogers84@example.com,8186969234,11/08/2026 09:48 pm,Manual,Paid,1,0,$5.00,$0.00,$0.00,$0.00,$0.20,$0.00,$0.00,$0.00,$5.20,$0.00,$0.00,$0.00,$0.00,$5.00,$5.00,$0.00,,,,$0.00,$0.00,$0.00,$0.00,Stripe,No,,Completed,Manual,1,2466332f-709f-46cb-9eb0-aaaf5399f92c
MEM1624,MQIS Membership 2025,24/02/2025,7:00 pm,Joseph,Brennan,joseph.brennan85@example.com,7721396362,12/08/2026 02:00 pm,Online,Paid,1,0,$5.00,$0.00,$0.00,$0.00,$0.20,$0.00,$0.00,$0.00,$5.20,$0.00,$0.00,$0.00,$0.00,$5.00,$5.00,$0.00,,,,$0.00,$0.00,$0.00,$0.00,Stripe,No,,Completed,Online,1,a9387093-f349-4a4a-81f2-a904687d9109
MEM1625,MQIS Membership 2025,24/02/2025,7:00 pm,Shannon,Schultz,shannon.schultz39@example.com,1723190170,17/08/2026 04:22 am,Online,Paid,1,0,$5.00,$0.00,$0.00,$0.00,$0.20,$0.00,$0.00,$0.00,$5.20,$0.00,$0.00,$0.00,$0.00,$5.00,$5.00,$0.00,,,,$0.00,$0.00,$0.00,$0.00,Stripe,No,,Completed,Online,1,d1581123-3e27-41c8-a03a-f460ebf2b573
MEM1626,MQIS Membership 2025,24/02/2025,7:00 pm,Andrea,Martinez,andrea.martinez97@example.com,8589358404,27/07/2026 11:39 am,Online,Paid,1,0,$5.00,$0.00,$0.00,$0.00,$0.20,$0.00,$0.00,$0.00,$5.20,$0.00,$0.00,$0.00,$0.00,$5.00,$5.00,$0.00,,,,$0.00,$0.00,$0.00,$0.00,Stripe,No,,Completed,Online,1,d3b3b628-169e-4383-b4e3-8933b19f4981
MEM1627,MQIS Membership 2025,24/02/2025,7:00 pm,Christine,Brock,christine.brock87@example.com,6565641656,14/08/2026 08:38 am,Online,Paid,1,0,$5.00,$0.00,$0.00,$0.00,$0.20,$0.00,$0.00,$0.00,$5.20,$0.00,$0.00,$0.00,$0.00,$5.00,$5.00,$0.00,,,,$0.00,$0.00,$0.00,$0.00,Stripe,Yes,,Completed,Online,1,c5e73563-7558-4438-95cd-c5c6185a45a4
MEM1628,MQIS Membership 2025,24/02/2025,7:00 pm,Amy,Gutierrez,amy.gutierrez80@example.com,1120701805,10/08/2026 07:47 am,Online,Paid,1,0,$5.00,$0.00,$0.00,$0.00,$0.20,$0.00,$0.00,$0.00,$5.20,$0.00,$0.00,$0.00,$0.00,$5.00,$5.00,$0.00,,,,$0.00,$0.00,$0.00,$0.00,Stripe,No,,Completed,Online,1,6c3a250b-91d6-410d-9e02-43cec3e45ead
MEM1629,MQIS Membership 2025,24/02/2025,7:00 pm,Lisa,Mccarthy,lisa.mccarthy17@example.com,6255257615,29/07/2026 12:57 pm,Online,Paid,1,0,$5.00,$0.00,$0.00,$0.00,$0.20,$0.00,$0.00,$0.00,$5.20,$0.00,$0.00,$0.00,$0.00,$5.00,$5.00,$0.00,,,,$0.00,$0.00,$0.00,$0.00,Stripe,Yes,,Completed,Online,1,9b7e823a-d328-4471-9f2b-3ac158e33a0c
