Order id,Event,Event date,Event time,First name,Last name,Email,Mobile,Order date,Type,Financial status,Valid tickets,Cancelled tickets,Ticket sales,Add-on sales,Donations,Fee rebate,Humanitix passed-on fee,Amex surcharge,Refund protection,Custom tax,Paid,Humanitix absorbed fees,Zip fee,Afterpay fee,Refunds,Your earnings,Your payout,Refunded fees,Giftcard used,Voucher used,Discount code used,Discount redeemed,Tax on sales,Tax on rebates,Tax on booking fees,Gateway,Marketing opt-in,Notes,Status,Sales channel,Tickets delivered,Long order id
RAA1000,Raaz Mid-Sem Cruise,11/04/2025,7:00 pm,Anna,Faulkner,anna.faulkner62@example.com,7687141349,05/08/2026 04:44 am,Manual,Paid,1,0,$35.00,$0.00,$0.00,$0.00,$1.40,$0.00,$0.00,$0.00,$36.40,$0.00,$0.00,$0.00,$0.00,$35.00,$35.00,$0.00,,,,$0.00,$0.00,$0.00,$0.00,Stripe,No,,Completed,Manual,1,70b8b52a-63f8-4ac4-9be4-acb1eadb7253
RAA1001,Raaz Mid-Sem Cruise,11/04/2025,7:00 pm,Amanda,Gill,amanda.gill10@example.com,0558173579,15/08/2026 11:03 pm,Online,Paid,3,0,$105.00,$0.00,$0.00,$0.00,$4.20,$0.00,$0.00,$0.00,$109.20,$0.00,$0.00,$0.00,$0.00,$105.00,$105.00,$0.00,,,,$0.00,$0.00,$0.00,$0.00,Stripe,No,,Completed,Online,3,064579c8-56c8-480c-a2e1-1d85637a0e52
RAA1002,Raaz Mid-Sem Cruise,11/04/2025,7:00 pm,Alicia,Mccoy,alicia.mccoy13@example.com,5464639897,25/07/2026 05:50 pm,Manual,Paid,2,0,$70.00,$0.00,$0.00,$0.00,$2.80,$0.00,$0.00,$0.00,$72.80,$0.00,$0.00,$0.00,$0.00,$70.00,$70.00,$0.00,,,,$0.00,$0.00,$0.00,$0.00,Stripe,No,,Completed,Manual,2,a558edb3-a0de-4e1d-ba28-7d16a9a19284
RAA1003,Raaz Mid-Sem Cruise,11/04/2025,7:00 pm,Gary,Mcclure,gary.mcclure49@example.com,0393427186,23/07/2026 04:30 am,Manual,Paid,1,0,$35.00,$0.00,$0.00,$0.00,$1.40,$0.00,$0.00,$0.00,$36.40,$0.00,$0.00,$0.00,$0.00,$35.00,$35.00,$0.00,,,,$0.00,$0.00,$0.00,$0.00,Stripe,No,,Completed,Manual,1,9ab5d01b-204a-4b78-9278-b2fc5cb3a01e
RAA1004,Raaz Mid-Sem Cruise,11/04/2025,7:00 pm,Christopher,Williams,christopher.williams26@example.com,5092600011,11/08/2026 10:12 pm,Online,Paid,2,0,$70.00,$0.00,$0.00,$0.00,$2.80,$0.00,$0.00,$0.00,$72.80,$0.00,$0.00,$0.00,$0.00,$70.00,$70.00,$0.00,,,,$0.00,$0.00,$0.00,$0.00,Stripe,No,,Completed,Online,2,1206994d-6a4f-4b5f-92e4-87806c93f0c1
RAA1005,Raaz Mid-Sem Cruise,11/04/2025,7:00 pm,Donna,Le,donna.le61@example.com,3844981213,12/08/2026 09:45 am,Online,Paid,1,0,$35.00,$0.00,$0.00,$0.00,$1.40,$0.00,$0.00,$0.00,$36.40,$0.00,$0.00,$0.00,$0.00,$35.00,$35.00,$0.00,,,,$0.00,$0.00,$0.00,$0.00,Stripe,No,,Completed,Online,1,c3872f7d-a7b7-40fd-a3d2-8f8f83120665
RAA1006,Raaz Mid-Sem Cruise,11/04/2025,7:00 pm,William,Hoover,william.hoover41@example.com,6990867233,17/07/2026 10:39 pm,Online,Paid,2,0,$70.00,$0.00,$0.00,$0.00,$2.80,$0.00,$0.00,$0.00,$72.80,$0.00,$0.00,$0.00,$0.00,$70.00,$70.00,$0.00,,,,$0.00,$0.00,$0.00,$0.00,Stripe,Yes,,Completed,Online,2,1ff76911-877b-4f5b-832c-9b31aa51ca71
RAA1007,Raaz Mid-Sem Cruise,11/04/2025,7:00 pm,Christina,Gonzalez,christina.gonzalez67@example.com,3655619221,29/07/2026 04:00 pm,Online,Paid,3,0,$105.00,$0.00,$0.00,$0.00,$4.20,$0.00,$0.00,$0.00,$109.20,$0.00,$0.00,$0.00,$0.00,$105.00,$105.00,$0.00,,,,$0.00,$0.00,$0.00,$0.00,Stripe,Yes,,Completed,Online,3,69210f59-055f-4efc-a3c3-fa41e0f82620
RAA1008,Raaz Mid-Sem Cruise,11/04/2025,7:00 pm,Jennifer,Jackson,jennifer.jackson22@example.com,8641761302,18/07/2026 05:28 pm,Online,Paid,1,0,$35.00,$0.00,$0.00,$0.00,$1.40,$0.00,$0.00,$0.00,$36.40,$0.00,$0.00,$0.00,$0.00,$35.00,$35.00,$0.00,,,,$0.00,$0.00,$0.00,$0.00,Stripe,Yes,,Completed,Online,1,a0b6ef8e-b0b6-4d86-9dca-52f8c3bb526b
RAA1009,Raaz Mid-Sem Cruise,11/04/2025,7:00 pm,Jason,Salinas,jason.salinas8@example.com,6835991676,27/07/2026 10:14 am,Online,Paid,1,0,$35.00,$0.00,$0.00,$0.00,$1.40,$0.00,$0.00,$0.00,$36.40,$0.00,$0.00,$0.00,$0.00,$35.00,$35.00,$0.00,,,,$0.00,$0.00,$0.00,$0.00,Stripe,No,,Completed,Online,1,93d0d346-c813-40f2-b9af-1b9c25b83368
RAA1010,Raaz Mid-Sem Cruise,11/04/2025,7:00 pm,Christopher,Guerrero,christopher.guerrero98@example.com,2528267126,05/08/2026 09:35 am,Online,Paid,2,0,$70.00,$0.00,$0.00,$0.00,$2.80,$0.00,$0.00,$0.00,$72.80,$0.00,$0.00,$0.00,$0.00,$70.00,$70.00,$0.00,,,,$0.00,$0.00,$0.00,$0.00,Stripe,No,,Completed,Online,2,d880be2a-9ae2-4856-8291-c441954ad961
RAA1011,Raaz Mid-Sem Cruise,11/04/2025,7:00 pm,Hannah,Brewer,hannah.brewer25@example.com,2252964448,03/08/2026 06:27 pm,Manual,Paid,1,0,$35.00,$0.00,$0.00,$0.00,$1.40,$0.00,$0.00,$0.00,$36.40,$0.00,$0.00,$0.00,$0.00,$35.00,$35.00,$0.00,,,,$0.00,$0.00,$0.00,$0.00,Stripe,Yes,,Completed,Manual,1,8ac8f037-baca-44d4-b416-eaa1c4495462
RAA1012,Raaz Mid-Sem Cruise,11/04/2025,7:00 pm,Christopher,Lopez,christopher.lopez35@example.com,1143306409,27/07/2026 08:58 am,Manual,Paid,1,0,$35.00,$0.00,$0.00,$0.00,$1.40,$0.00,$0.00,$0.00,$36.40,$0.00,$0.00,$0.00,$0.00,$35.00,$35.00,$0.00,,,,$0.00,$0.00,$0.00,$0.00,Stripe,Yes,,Completed,Manual,1,15cde409-7a99-4fba-bfeb-2b418fda8d85
RAA1013,Raaz Mid-Sem Cruise,11/04/2025,7:00 pm,Jesse,Mann,jesse.mann95@example.com,5906278790,12/08/2026 04:54 am,Online,Paid,2,0,$70.00,$0.00,$0.00,$0.00,$2.80,$0.00,$0.00,$0.00,$72.80,$0.00,$0.00,$0.00,$0.00,$70.00,$70.00,$0.00,,,,$0.00,$0.00,$0.00,$0.00,Stripe,No,,Completed,Online,2,040c370b-26e5-4e42-b027-05d719147e3a
RAA1014,Raaz Mid-Sem Cruise,11/04/2025,7:00 pm,Xavier,Jimenez,xavier.jimenez90@example.com,6372162660,07/08/2026 05:24 am,Online,Paid,1,0,$35.00,$0.00,$0.00,$0.00,$1.40,$0.00,$0.00,$0.00,$36.40,$0.00,$0.00,$0.00,$0.00,$35.00,$35.00,$0.00,,,,$0.00,$0.00,$0.00,$0.00,Stripe,Yes,,Completed,Online,1,128cc17a-4c05-4b0a-823b-784552f1b8c8
RAA1015,Raaz Mid-Sem Cruise,11/04/2025,7:00 pm,Joshua,Medina,joshua.medina60@example.com,2955999773,31/07/2026 06:44 am,Online,Paid,4,0,$140.00,$0.00,$0.00,$0.00,$5.60,$0.00,$0.00,$0.00,$145.60,$0.00,$0.00,$0.00,$0.00,$140.00,$140.00,$0.00,,,,$0.00,$0.00,$0.00,$0.00,Stripe,No,,Completed,Online,4,fa0c0499-5be7-4eb4-94a0-c8279a055c86
RAA1016,Raaz Mid-Sem Cruise,11/04/2025,7:00 pm,Kathleen,Sanchez,kathleen.sanchez59@example.com,5192474111,29/07/2026 11:23 am,Online,Paid,2,0,$70.00,$0.00,$0.00,$0.00,$2.80,$0.00,$0.00,$0.00,$72.80,$0.00,$0.00,$0.00,$0.00,$70.00,$70.00,$0.00,,,,$0.00,$0.00,$0.00,$0.00,Stripe,No,,Completed,Online,2,030890e2-74bf-4ad3-ac23-8cc1f692a870
RAA1017,Raaz Mid-Sem Cruise,11/04/2025,7:00 pm,Sarah,Gallegos,sarah.gallegos6@example.com,2567611258,18/07/2026 10:15 pm,Online,Paid,2,0,$70.00,$0.00,$0.00,$0.00,$2.80,$0.00,$0.00,$0.00,$72.80,$0.00,$0.00,$0.00,$0.00,$70.00,$70.00,$0.00,,,,$0.00,$0.00,$0.00,$0.00,Stripe,Yes,,Completed,Online,2,03b09dad-cbe6-4a16-87d7-50cb353f1d07
RAA1018,Raaz Mid-Sem Cruise,11/04/2025,7:00 pm,Tanner,Anderson,tanner.anderson44@example.com,6308292482,31/07/2026 02:05 pm,Online,Paid,1,0,$35.00,$0.00,$0.00,$0.00,$1.40,$0.00,$0.00,$0.00,$36.40,$0.00,$0.00,$0.00,$0.00,$35.00,$35.00,$0.00,,,,$0.00,$0.00,$0.00,$0.00,Stripe,Yes,,Completed,Online,1,dd4f8633-d6ab-461f-a8bb-9e50f6280c5f
RAA1019,Raaz Mid-Sem Cruise,11/04/2025,7:00 pm,Darren,Shepard,darren.shepard12@example.com,0788312736,17/07/2026 02:08 am,Online,Paid,4,0,$140.00,$0.00,$0.00,$0.00,$5.60,$0.00,$0.00,$0.00,$145.60,$0.00,$0.00,$0.00,$0.00,$140.00,$140.00,$0.00,,,,$0.00,$0.00,$0.00,$0.00,Stripe,Yes,,Completed,Online,4,00aef0aa-2f13-4be4-a63b-88605953d9c0
RAA1020,Raaz Mid-Sem Cruise,11/04/2025,7:00 pm,Lisa,Maynard,lisa.maynard2@example.com,1970842874,28/07/2026 07:32 pm,Online,Paid,1,0,$35.00,$0.00,$0.00,$0.00,$1.40,$0.00,$0.00,$0.00,$36.40,$0.00,$0.00,$0.00,$0.00,$35.00,$35.00,$0.00,,,,$0.00,$0.00,$0.00,$0.00,Stripe,No,,Completed,Online,1,6e0cbe86-b2bc-4344-9cf2-495b7d745b8c
RAA1021,Raaz Mid-Sem Cruise,11/04/2025,7:00 pm,Vincent,Cooper,vincent.cooper71@example.com,6512955510,09/08/2026 03:04 am,Online,Paid,1,0,$35.00,$0.00,$0.00,$0.00,$1.40,$0.00,$0.00,$0.00,$36.40,$0.00,$0.00,$0.00,$0.00,$35.00,$35.00,$0.00,,,,$0.00,$0.00,$0.00,$0.00,Stripe,No,,Completed,Online,1,9e524f17-1d65-41c5-8365-80e60848d0e8
RAA1022,Raaz Mid-Sem Cruise,11/04/2025,7:00 pm,Kim,Johnson,kim.johnson10@example.com,2262300360,22/07/2026 05:57 am,Online,Paid,1,0,$35.00,$0.00,$0.00,$0.00,$1.40,$0.00,$0.00,$0.00,$36.40,$0.00,$0.00,$0.00,$0.00,$35.00,$35.00,$0.00,,,,$0.00,$0.00,$0.00,$0.00,Stripe,No,,Completed,Online,1,274e7204-09cd-4208-927e-3dea3d99bd15
RAA1023,Raaz Mid-Sem Cruise,11/04/2025,7:00 pm,Matthew,Mack,matthew.mack35@example.com,0342437539,08/08/2026 11:54 am,Online,Paid,2,0,$70.00,$0.00,$0.00,$0.00,$2.80,$0.00,$0.00,$0.00,$72.80,$0.00,$0.00,$0.00,$0.00,$70.00,$70.00,$0.00,,,,$0.00,$0.00,$0.00,$0.00,Stripe,No,,Completed,Online,2,8f6cd45d-f4ea-4bf1-9973-a25c243c58a2
RAA1024,Raaz Mid-Sem Cruise,11/04/2025,7:00 pm,Shelley,Reynolds,shelley.reynolds40@example.com,6631669687,11/07/2026 02:01 pm,Online,Paid,2,0,$70.00,$0.00,$0.00,$0.00,$2.80,$0.00,$0.00,$0.00,$72.80,$0.00,$0.00,$0.00,$0.00,$70.00,$70.00,$0.00,,,,$0.00,$0.00,$0.00,$0.00,Stripe,No,,Completed,Online,2,4115d12e-005e-4b17-9bae-47c434d2c8b8
RAA1025,Raaz Mid-Sem Cruise,11/04/2025,7:00 pm,Victor,Bradley,victor.bradley46@example.com,1061664970,24/07/2026 11:42 pm,Online,Paid,3,0,$105.00,$0.00,$0.00,$0.00,$4.20,$0.00,$0.00,$0.00,$109.20,$0.00,$0.00,$0.00,$0.00,$105.00,$105.00,$0.00,,,,$0.00,$0.00,$0.00,$0.00,Stripe,Yes,,Completed,Online,3,54cf479f-bc00-4136-89ed-6ad34a4742f6
RAA1026,Raaz Mid-Sem Cruise,11/04/2025,7:00 pm,James,Edwards,james.edwards87@example.com,5176429628,31/07/2026 10:46 pm,Online,Paid,1,0,$35.00,$0.00,$0.00,$0.00,$1.40,$0.00,$0.00,$0.00,$36.40,$0.00,$0.00,$0.00,$0.00,$35.00,$35.00,$0.00,,,,$0.00,$0.00,$0.00,$0.00,Stripe,No,,Completed,Online,1,5bd174ba-1e77-4934-988c-6b944bb42f61
RAA1027,Raaz Mid-Sem Cruise,11/04/2025,7:00 pm,Joy,Wilson,joy.wilson82@example.com,9699613152,10/07/2026 03:29 pm,Online,Paid,1,0,$35.00,$0.00,$0.00,$0.00,$1.40,$0.00,$0.00,$0.00,$36.40,$0.00,$0.00,$0.00,$0.00,$35.00,$35.00,$0.00,,,,$0.00,$0.00,$0.00,$0.00,Stripe,Yes,,Completed,Online,1,29a31519-b241-44aa-be9a-521db2b8b4de
RAA1028,Raaz Mid-Sem Cruise,11/04/2025,7:00 pm,Jason,Murphy,jason.murphy29@example.com,5883774354,15/07/2026 02:26 pm,Online,Paid,2,0,$70.00,$0.00,$0.00,$0.00,$2.80,$0.00,$0.00,$0.00,$72.80,$0.00,$0.00,$0.00,$0.00,$70.00,$70.00,$0.00,,,,$0.00,$0.00,$0.00,$0.00,Stripe,No,,Completed,Online,2,f03c4306-2ca2-4592-a793-559ffebc2729
RAA1029,Raaz Mid-Sem Cruise,11/04/2025,7:00 pm,Spencer,Ward,spencer.ward38@example.com,9501115255,23/07/2026 03:55 pm,Online,Paid,1,0,$35.00,$0.00,$0.00,$0.00,$1.40,$0.00,$0.00,$0.00,$36.40,$0.00,$0.00,$0.00,$0.00,$35.00,$35.00,$0.00,,,,$0.00,$0.00,$0.00,$0.00,Stripe,No,,Completed,Online,1,8b1591b5-b441-4e12-b200-950976879dcf
RAA1030,Raaz Mid-Sem Cruise,11/04/2025,7:00 pm,Megan,Sanchez,megan.sanchez87@example.com,6031748903,31/07/2026 10:38 pm,Online,Paid,2,0,$70.00,$0.00,$0.00,$0.00,$2.80,$0.00,$0.00,$0.00,$72.80,$0.00,$0.00,$0.00,$0.00,$70.00,$70.00,$0.00,,,,$0.00,$0.00,$0.00,$0.00,Stripe,No,,Completed,Online,2,e411a1a6-889d-42fc-a704-4fd6cd66432b
RAA1031,Raaz Mid-Sem Cruise,11/04/2025,7:00 pm,Richard,Cunningham,richard.cunningham1@example.com,9718614229,10/08/2026 12:18 pm,Manual,Paid,3,0,$105.00,$0.00,$0.00,$0.00,$4.20,$0.00,$0.00,$0.00,$109.20,$0.00,$0.00,$0.00,$0.00,$105.00,$105.00,$0.00,,,,$0.00,$0.00,$0.00,$0.00,Stripe,No,,Completed,Manual,3,4b8635b2-c4a6-4c4a-b12f-daeff5a9f00c
RAA1032,Raaz Mid-Sem Cruise,11/04/2025,7:00 pm,Vicki,Johnson,vicki.johnson36@example.com,9205596757,05/08/2026 04:16 am,Online,Paid,1,0,$35.00,$0.00,$0.00,$0.00,$1.40,$0.00,$0.00,$0.00,$36.40,$0.00,$0.00,$0.00,$0.00,$35.00,$35.00,$0.00,,,,$0.00,$0.00,$0.00,$0.00,Stripe,Yes,,Completed,Online,1,1b62b2bb-1698-4cb8-9a43-5139fb88afc8
RAA1033,Raaz Mid-Sem Cruise,11/04/2025,7:00 pm,Karen,Wolf,karen.wolf75@example.com,9830457627,05/08/2026 10:52 pm,Online,Paid,3,0,$105.00,$0.00,$0.00,$0.00,$4.20,$0.00,$0.00,$0.00,$109.20,$0.00,$0.00,$0.00,$0.00,$105.00,$105.00,$0.00,,,,$0.00,$0.00,$0.00,$0.00,Stripe,No,,Completed,Online,3,0024da9c-6399-4571-bf50-62f31677a532
RAA1034,Raaz Mid-Sem Cruise,11/04/2025,7:00 pm,Leonard,Hayes,leonard.hayes21@example.com,8970152213,31/07/2026 08:08 pm,Online,Paid,1,0,$35.00,$0.00,$0.00,$0.00,$1.40,$0.00,$0.00,$0.00,$36.40,$0.00,$0.00,$0.00,$0.00,$35.00,$35.00,$0.00,,,,$0.00,$0.00,$0.00,$0.00,Stripe,Yes,,Completed,Online,1,0f8fcbaf-603e-4b14-86df-c9c798594e28
RAA1035,Raaz Mid-Sem Cruise,11/04/2025,7:00 pm,Kimberly,Palmer,kimberly.palmer45@example.com,4761289899,10/07/2026 05:04 pm,Online,Paid,1,0,$35.00,$0.00,$0.00,$0.00,$1.40,$0.00,$0.00,$0.00,$36.40,$0.00,$0.00,$0.00,$0.00,$35.00,$35.00,$0.00,,,,$0.00,$0.00,$0.00,$0.00,Stripe,No,,Completed,Online,1,1b17809d-e70a-4e3c-a3f2-4b8b47e01a1e
RAA1036,Raaz Mid-Sem Cruise,11/04/2025,7:00 pm,Judy,Fox,judy.fox26@example.com,9979927156,08/08/2026 06:53 am,Manual,Paid,2,0,$70.00,$0.00,$0.00,$0.00,$2.80,$0.00,$0.00,$0.00,$72.80,$0.00,$0.00,$0.00,$0.00,$70.00,$70.00,$0.00,,,,$0.00,$0.00,$0.00,$0.00,Stripe,Yes,,Completed,Manual,2,bf87f4cc-7c5a-4cac-ad40-134e8557c6aa
RAA1037,Raaz Mid-Sem Cruise,11/04/2025,7:00 pm,Lawrence,Ibarra,lawrence.ibarra17@example.com,2858986818,31/07/2026 12:11 pm,Manual,Paid,2,0,$70.00,$0.00,$0.00,$0.00,$2.80,$0.00,$0.00,$0.00,$72.80,$0.00,$0.00,$0.00,$0.00,$70.00,$70.00,$0.00,,,,$0.00,$0.00,$0.00,$0.00,Stripe,Yes,,Completed,Manual,2,3e226bfe-b259-45ae-a55b-635c77a849ff
RAA1038,Raaz Mid-Sem Cruise,11/04/2025,7:00 pm,Paul,Hoffman,paul.hoffman4@example.com,0737949994,12/07/2026 09:41 am,Online,Paid,2,0,$70.00,$0.00,$0.00,$0.00,$2.80,$0.00,$0.00,$0.00,$72.80,$0.00,$0.00,$0.00,$0.00,$70.00,$70.00,$0.00,,,,$0.00,$0.00,$0.00,$0.00,Stripe,Yes,,Completed,Online,2,a8d18eb0-a47f-4b58-a691-5476af1a0959
RAA1039,Raaz Mid-Sem Cruise,11/04/2025,7:00 pm,Todd,Hardy,todd.hardy71@example.com,4107692626,20/07/2026 06:17 am,Online,Paid,1,0,$35.00,$0.00,$0.00,$0.00,$1.40,$0.00,$0.00,$0.00,$36.40,$0.00,$0.00,$0.00,$0.00,$35.00,$35.00,$0.00,,,,$0.00,$0.00,$0.00,$0.00,Stripe,No,,Completed,Online,1,d49176a0-73b1-4452-84c2-76194c3742ce
RAA1040,Raaz Mid-Sem Cruise,11/04/2025,7:00 pm,Carla,Smith,carla.smith95@example.com,6043598398,24/07/2026 05:46 am,Online,Paid,1,0,$35.00,$0.00,$0.00,$0.00,$1.40,$0.00,$0.00,$0.00,$36.40,$0.00,$0.00,$0.00,$0.00,$35.00,$35.00,$0.00,,,,$0.00,$0.00,$0.00,$0.00,Stripe,No,,Completed,Online,1,b43c259c-9b20-4ac7-8ff7-ce327649a52a
RAA1041,Raaz Mid-Sem Cruise,11/04/2025,7:00 pm,Lisa,Evans,lisa.evans96@example.com,5857837568,09/08/2026 10:31 pm,Online,Paid,1,0,$35.00,$0.00,$0.00,$0.00,$1.40,$0.00,$0.00,$0.00,$36.40,$0.00,$0.00,$0.00,$0.00,$35.00,$35.00,$0.00,,,,$0.00,$0.00,$0.00,$0.00,Stripe,No,,Completed,Online,1,d2e54b9e-fef9-410b-8f36-ce7986b82a3d
RAA1042,Raaz Mid-Sem Cruise,11/04/2025,7:00 pm,Alejandro,Vaughan,alejandro.vaughan44@example.com,0730717761,18/07/2026 09:56 pm,Online,Paid,3,0,$105.00,$0.00,$0.00,$0.00,$4.20,$0.00,$0.00,$0.00,$109.20,$0.00,$0.00,$0.00,$0.00,$105.00,$105.00,$0.00,,,,$0.00,$0.00,$0.00,$0.00,Stripe,No,,Completed,Online,3,7def1818-00ab-4064-a05c-efa3a454c767
RAA1043,Raaz Mid-Sem Cruise,11/04/2025,7:00 pm,Tyler,Strong,tyler.strong55@example.com,6922338540,30/07/2026 05:10 am,Online,Paid,1,0,$35.00,$0.00,$0.00,$0.00,$1.40,$0.00,$0.00,$0.00,$36.40,$0.00,$0.00,$0.00,$0.00,$35.00,$35.00,$0.00,,,,$0.00,$0.00,$0.00,$0.00,Stripe,Yes,,Completed,Online,1,570eaaee-9aa0-464c-967e-8e7b94e68bda
RAA1044,Raaz Mid-Sem Cruise,11/04/2025,7:00 pm,Danielle,Tanner,danielle.tanner48@example.com,0231265327,15/07/2026 11:23 am,Online,Paid,3,0,$105.00,$0.00,$0.00,$0.00,$4.20,$0.00,$0.00,$0.00,$109.20,$0.00,$0.00,$0.00,$0.00,$105.00,$105.00,$0.00,,,,$0.00,$0.00,$0.00,$0.00,Stripe,Yes,,Completed,Online,3,9f817220-48e4-42df-9e6e-fe84cf119520
RAA1045,Raaz Mid-Sem Cruise,11/04/2025,7:00 pm,Jon,Smith,jon.smith43@example.com,9032234771,27/07/2026 11:28 pm,Online,Paid,2,0,$70.00,$0.00,$0.00,$0.00,$2.80,$0.00,$0.00,$0.00,$72.80,$0.00,$0.00,$0.00,$0.00,$70.00,$70.00,$0.00,,,,$0.00,$0.00,$0.00,$0.00,Stripe,No,,Completed,Online,2,95cd0cb9-088b-4499-a2df-f5e35469ca36
RAA1046,Raaz Mid-Sem Cruise,11/04/2025,7:00 pm,Andrea,Williams,andrea.williams32@example.com,5557020061,19/07/2026 09:17 pm,Manual,Paid,1,0,$35.00,$0.00,$0.00,$0.00,$1.40,$0.00,$0.00,$0.00,$36.40,$0.00,$0.00,$0.00,$0.00,$35.00,$35.00,$0.00,,,,$0.00,$0.00,$0.00,$0.00,Stripe,Yes,,Completed,Manual,1,4f25a44b-f970-4448-ab08-61f231cec987
RAA1047,Raaz Mid-Sem Cruise,11/04/2025,7:00 pm,Lori,Jones,lori.jones55@example.com,9476121893,20/07/2026 06:17 pm,Online,Paid,4,0,$140.00,$0.00,$0.00,$0.00,$5.60,$0.00,$0.00,$0.00,$145.60,$0.00,$0.00,$0.00,$0.00,$140.00,$140.00,$0.00,,,,$0.00,$0.00,$0.00,$0.00,Stripe,No,,Completed,Online,4,c17dbbdb-bb7f-4088-ad4f-ecb67a4496d2
RAA1048,Raaz Mid-Sem Cruise,11/04/2025,7:00 pm,Dorothy,Ryan,dorothy.ryan25@example.com,5076122283,10/08/2026 01:13 am,Online,Paid,2,0,$70.00,$0.00,$0.00,$0.00,$2.80,$0.00,$0.00,$0.00,$72.80,$0.00,$0.00,$0.00,$0.00,$70.00,$70.00,$0.00,,,,$0.00,$0.00,$0.00,$0.00,Stripe,No,,Completed,Online,2,8eb5848f-6b53-4a4e-8885-42bf4bc94092
RAA1049,Raaz Mid-Sem Cruise,11/04/2025,7:00 pm,Barbara,Jones,barbara.jones8@example.com,0455559502,06/08/2026 12:18 pm,Online,Paid,1,0,$35.00,$0.00,$0.00,$0.00,$1.40,$0.00,$0.00,$0.00,$36.40,$0.00,$0.00,$0.00,$0.00,$35.00,$35.00,$0.00,,,,$0.00,$0.00,$0.00,$0.00,Stripe,Yes,,Completed,Online,1,7f98638d-7fed-4e8a-81b1-a6056dbf8a01
RAA1050,Raaz Mid-Sem Cruise,11/04/2025,7:00 pm,Tammy,Walker,tammy.walker96@example.com,3327639904,29/07/2026 09:54 am,Online,Paid,2,0,$70.00,$0.00,$0.00,$0.00,$2.80,$0.00,$0.00,$0.00,$72.80,$0.00,$0.00,$0.00,$0.00,$70.00,$70.00,$0.00,,,,$0.00,$0.00,$0.00,$0.00,Stripe,No,,Completed,Online,2,bde896b8-b1bc-44f9-ad8d-afc0850122e2
RAA1051,Raaz Mid-Sem Cruise,11/04/2025,7:00 pm,Kevin,Cabrera,kevin.cabrera99@example.com,9626902220,11/08/2026 01:50 pm,Online,Refunded,0,2,$0.00,$0.00,$0.00,$0.00,$0.00,$0.00,$0.00,$0.00,$0.00,$0.00,$0.00,$0.00,$0.00,$0.00,$0.00,$0.00,,,,$0.00,$0.00,$0.00,$0.00,Stripe,No,,Completed,Online,2,05fb2b20-ad31-4ef7-9650-0854f2eaf34c
RAA1052,Raaz Mid-Sem Cruise,11/04/2025,7:00 pm,John,Munoz,john.munoz7@example.com,9067015120,26/07/2026 12:35 am,Manual,Paid,1,0,$35.00,$0.00,$0.00,$0.00,$1.40,$0.00,$0.00,$0.00,$36.40,$0.00,$0.00,$0.00,$0.00,$35.00,$35.00,$0.00,,,,$0.00,$0.00,$0.00,$0.00,Stripe,No,,Completed,Manual,1,4f30d268-40ba-4eb8-b572-f0f5d92d0883
RAA1053,Raaz Mid-Sem Cruise,11/04/2025,7:00 pm,Alyssa,Mcintyre,alyssa.mcintyre91@example.com,6972162183,03/08/2026 06:16 am,Online,Paid,1,0,$35.00,$0.00,$0.00,$0.00,$1.40,$0.00,$0.00,$0.00,$36.40,$0.00,$0.00,$0.00,$0.00,$35.00,$35.00,$0.00,,,,$0.00,$0.00,$0.00,$0.00,Stripe,No,,Completed,Online,1,d6cdeb2d-daec-4fee-a29c-03dbbc14c1e5
RAA1054,Raaz Mid-Sem Cruise,11/04/2025,7:00 pm,Cameron,Davis,cameron.davis26@example.com,9692105307,13/07/2026 05:44 am,Online,Paid,3,0,$105.00,$0.00,$0.00,$0.00,$4.20,$0.00,$0.00,$0.00,$109.20,$0.00,$0.00,$0.00,$0.00,$105.00,$105.00,$0.00,,,,$0.00,$0.00,$0.00,$0.00,Stripe,Yes,,Completed,Online,3,ddab1a73-0ac8-4ec9-aafb-b138eb6dce90
RAA1055,Raaz Mid-Sem Cruise,11/04/2025,7:00 pm,Kyle,Ortiz,kyle.ortiz65@example.com,2837742705,12/07/2026 01:54 pm,Online,Paid,1,0,$35.00,$0.00,$0.00,$0.00,$1.40,$0.00,$0.00,$0.00,$36.40,$0.00,$0.00,$0.00,$0.00,$35.00,$35.00,$0.00,,,,$0.00,$0.00,$0.00,$0.00,Stripe,No,,Completed,Online,1,8a9e057a-bc3f-4ed3-bdb1-e27252fb8682
RAA1056,Raaz Mid-Sem Cruise,11/04/2025,7:00 pm,Nicholas,Webster,nicholas.webster2@example.com,2820632280,31/07/2026 06:59 am,Online,Paid,3,0,$105.00,$0.00,$0.00,$0.00,$4.20,$0.00,$0.00,$0.00,$109.20,$0.00,$0.00,$0.00,$0.00,$105.00,$105.00,$0.00,,,,$0.00,$0.00,$0.00,$0.00,Stripe,No,,Completed,Online,3,0d92736a-8dac-48c7-93b1-2009f9ddc52d
RAA1057,Raaz Mid-Sem Cruise,11/04/2025,7:00 pm,Jessica,Costa,jessica.costa4@example.com,6658952476,14/08/2026 01:39 pm,Online,Paid,1,0,$35.00,$0.00,$0.00,$0.00,$1.40,$0.00,$0.00,$0.00,$36.40,$0.00,$0.00,$0.00,$0.00,$35.00,$35.00,$0.00,,,,$0.00,$0.00,$0.00,$0.00,Stripe,No,,Completed,Online,1,04fad688-d269-4f57-b14e-ea2ed1877bc8
RAA1058,Raaz Mid-Sem Cruise,11/04/2025,7:00 pm,Chase,Martin,chase.martin85@example.com,7245257378,04/08/2026 03:09 pm,Online,Paid,2,0,$70.00,$0.00,$0.00,$0.00,$2.80,$0.00,$0.00,$0.00,$72.80,$0.00,$0.00,$0.00,$0.00,$70.00,$70.00,$0.00,,,,$0.00,$0.00,$0.00,$0.00,Stripe,No,,Completed,Online,2,894dc226-e7f8-4dfa-8c26-02597eac652a
RAA1059,Raaz Mid-Sem Cruise,11/04/2025,7:00 pm,Melanie,Munoz,melanie.munoz76@example.com,0946577706,20/07/2026 01:59 pm,Online,Paid,2,0,$70.00,$0.00,$0.00,$0.00,$2.80,$0.00,$0.00,$0.00,$72.80,$0.00,$0.00,$0.00,$0.00,$70.00,$70.00,$0.00,,,,$0.00,$0.00,$0.00,$0.00,Stripe,Yes,,Completed,Online,2,7429a202-9b4e-4fb0-8008-125583922b0f
RAA1060,Raaz Mid-Sem Cruise,11/04/2025,7:00 pm,Thomas,Reyes,thomas.reyes53@example.com,8426809282,16/08/2026 02:17 pm,Online,Paid,4,0,$140.00,$0.00,$0.00,$0.00,$5.60,$0.00,$0.00,$0.00,$145.60,$0.00,$0.00,$0.00,$0.00,$140.00,$140.00,$0.00,,,,$0.00,$0.00,$0.00,$0.00,Stripe,No,,Completed,Online,4,06df5dba-7003-41ee-9e99-478141d51311
RAA1061,Raaz Mid-Sem Cruise,11/04/2025,7:00 pm,Michelle,Martinez,michelle.martinez44@example.com,7186056688,10/07/2026 11:02 am,Online,Paid,1,0,$35.00,$0.00,$0.00,$0.00,$1.40,$0.00,$0.00,$0.00,$36.40,$0.00,$0.00,$0.00,$0.00,$35.00,$35.00,$0.00,,,,$0.00,$0.00,$0.00,$0.00,Stripe,No,,Completed,Online,1,a429d643-f6b4-4944-96de-5438b0a21dd3
RAA1062,Raaz Mid-Sem Cruise,11/04/2025,7:00 pm,Gabriella,Abbott,gabriella.abbott58@example.com,7951279831,26/07/2026 01:32 am,Online,Paid,3,0,$105.00,$0.00,$0.00,$0.00,$4.20,$0.00,$0.00,$0.00,$109.20,$0.00,$0.00,$0.00,$0.00,$105.00,$105.00,$0.00,,,,$0.00,$0.00,$0.00,$0.00,Stripe,Yes,,Completed,Online,3,3cfc2467-5c68-4e52-af49-4d538e803f39
RAA1063,Raaz Mid-Sem Cruise,11/04/2025,7:00 pm,Bryan,Parsons,bryan.parsons20@example.com,1601991984,17/08/2026 05:52 pm,Online,Paid,4,0,$140.00,$0.00,$0.00,$0.00,$5.60,$0.00,$0.00,$0.00,$145.60,$0.00,$0.00,$0.00,$0.00,$140.00,$140.00,$0.00,,,,$0.00,$0.00,$0.00,$0.00,Stripe,No,,Completed,Online,4,b3d3d8fe-ee53-4685-80b5-14b470a35228
RAA1064,Raaz Mid-Sem Cruise,11/04/2025,7:00 pm,Joseph,Flores,joseph.flores70@example.com,8671520771,15/07/2026 12:43 am,Online,Paid,1,0,$35.00,$0.00,$0.00,$0.00,$1.40,$0.00,$0.00,$0.00,$36.40,$0.00,$0.00,$0.00,$0.00,$35.00,$35.00,$0.00,,,,$0.00,$0.00,$0.00,$0.00,Stripe,No,,Completed,Online,1,39955dd1-39e0-45bd-88f4-88220ee7305e
RAA1065,Raaz Mid-Sem Cruise,11/04/2025,7:00 pm,Michael,Molina,michael.molina48@example.com,7967246105,26/07/2026 11:17 pm,Online,Paid,1,0,$35.00,$0.00,$0.00,$0.00,$1.40,$0.00,$0.00,$0.00,$36.40,$0.00,$0.00,$0.00,$0.00,$35.00,$35.00,$0.00,,,,$0.00,$0.00,$0.00,$0.00,Stripe,Yes,,Completed,Online,1,ecd6e2b0-9216-4cc5-9424-31aced26c65b
RAA1066,Raaz Mid-Sem Cruise,11/04/2025,7:00 pm,Victoria,Thomas,victoria.thomas43@example.com,0178502050,10/07/2026 10:17 am,Online,Paid,2,0,$70.00,$0.00,$0.00,$0.00,$2.80,$0.00,$0.00,$0.00,$72.80,$0.00,$0.00,$0.00,$0.00,$70.00,$70.00,$0.00,,,,$0.00,$0.00,$0.00,$0.00,Stripe,No,,Completed,Online,2,afa2c76a-29d9-425f-b93a-ec8990ba84d5
RAA1067,Raaz Mid-Sem Cruise,11/04/2025,7:00 pm,Michael,Vega,michael.vega49@example.com,9201029759,09/08/2026 03:36 am,Manual,Paid,2,0,$70.00,$0.00,$0.00,$0.00,$2.80,$0.00,$0.00,$0.00,$72.80,$0.00,$0.00,$0.00,$0.00,$70.00,$70.00,$0.00,,,,$0.00,$0.00,$0.00,$0.00,Stripe,No,,Completed,Manual,2,b15c9203-aca8-4703-b5f1-3f4ca5feffcc
RAA1068,Raaz Mid-Sem Cruise,11/04/2025,7:00 pm,Malik,Turner,malik.turner6@example.com,3965974425,04/08/2026 09:54 pm,Online,Paid,1,0,$35.00,$0.00,$0.00,$0.00,$1.40,$0.00,$0.00,$0.00,$36.40,$0.00,$0.00,$0.00,$0.00,$35.00,$35.00,$0.00,,,,$0.00,$0.00,$0.00,$0.00,Stripe,Yes,,Completed,Online,1,ab403ed7-4206-49be-bdf3-70a1c378205f
RAA1069,Raaz Mid-Sem Cruise,11/04/2025,7:00 pm,Stephen,Solis,stephen.solis99@example.com,4164153740,04/08/2026 04:45 pm,Manual,Paid,1,0,$35.00,$0.00,$0.00,$0.00,$1.40,$0.00,$0.00,$0.00,$36.40,$0.00,$0.00,$0.00,$0.00,$35.00,$35.00,$0.00,,,,$0.00,$0.00,$0.00,$0.00,Stripe,No,,Completed,Manual,1,c7ee168b-effb-49b5-b565-e38f3d04dd10
RAA1070,Raaz Mid-Sem Cruise,11/04/2025,7:00 pm,James,Johnson,james.johnson40@example.com,7669976816,17/08/2026 06:10 pm,Online,Paid,1,0,$35.00,$0.00,$0.00,$0.00,$1.40,$0.00,$0.00,$0.00,$36.40,$0.00,$0.00,$0.00,$0.00,$35.00,$35.00,$0.00,,,,$0.00,$0.00,$0.00,$0.00,Stripe,No,,Completed,Online,1,16a19e43-c44e-4e8a-bf14-5d8557eff244
RAA1071,Raaz Mid-Sem Cruise,11/04/2025,7:00 pm,Joshua,Hays,joshua.hays4@example.com,4905849688,10/08/2026 10:24 pm,Online,Paid,1,0,$35.00,$0.00,$0.00,$0.00,$1.40,$0.00,$0.00,$0.00,$36.40,$0.00,$0.00,$0.00,$0.00,$35.00,$35.00,$0.00,,,,$0.00,$0.00,$0.00,$0.00,Stripe,No,,Completed,Online,1,83f8560a-08ec-479a-9cbe-051d96964a9b
RAA1072,Raaz Mid-Sem Cruise,11/04/2025,7:00 pm,Scott,Riley,scott.riley34@example.com,8624057445,12/07/2026 04:23 pm,Online,Paid,1,0,$35.00,$0.00,$0.00,$0.00,$1.40,$0.00,$0.00,$0.00,$36.40,$0.00,$0.00,$0.00,$0.00,$35.00,$35.00,$0.00,,,,$0.00,$0.00,$0.00,$0.00,Stripe,No,,Completed,Online,1,35878f40-6fcd-447c-8ece-ac5693dae4ff
RAA1073,Raaz Mid-Sem Cruise,11/04/2025,7:00 pm,Matthew,Mack,matthew.mack35@example.com,3527911110,17/07/2026 12:46 pm,Online,Paid,3,0,$105.00,$0.00,$0.00,$0.00,$4.20,$0.00,$0.00,$0.00,$109.20,$0.00,$0.00,$0.00,$0.00,$105.00,$105.00,$0.00,,,,$0.00,$0.00,$0.00,$0.00,Stripe,No,,Completed,Online,3,690d40b1-4012-42a4-88c3-6fd7f6501bd7
RAA1074,Raaz Mid-Sem Cruise,11/04/2025,7:00 pm,Victoria,Wilson,victoria.wilson49@example.com,9321359618,05/08/2026 07:53 pm,Online,Paid,1,0,$35.00,$0.00,$0.00,$0.00,$1.40,$0.00,$0.00,$0.00,$36.40,$0.00,$0.00,$0.00,$0.00,$35.00,$35.00,$0.00,,,,$0.00,$0.00,$0.00,$0.00,Stripe,No,,Completed,Online,1,a69d152f-32d4-4ddc-b1c7-41dcb9247d0f
RAA1075,Raaz Mid-Sem Cruise,11/04/2025,7:00 pm,Gregory,Watkins,gregory.watkins17@example.com,0226425972,21/07/2026 03:12 am,Online,Paid,1,0,$35.00,$0.00,$0.00,$0.00,$1.40,$0.00,$0.00,$0.00,$36.40,$0.00,$0.00,$0.00,$0.00,$35.00,$35.00,$0.00,,,,$0.00,$0.00,$0.00,$0.00,Stripe,No,,Completed,Online,1,29f9a292-d384-4862-8bf1-2f234be7dd02
RAA1076,Raaz Mid-Sem Cruise,11/04/2025,7:00 pm,John,Davidson,john.davidson18@example.com,8192147498,11/08/2026 11:47 am,Online,Paid,3,0,$105.00,$0.00,$0.00,$0.00,$4.20,$0.00,$0.00,$0.00,$109.20,$0.00,$0.00,$0.00,$0.00,$105.00,$105.00,$0.00,,,,$0.00,$0.00,$0.00,$0.00,Stripe,No,,Completed,Online,3,2cac5acd-4b70-426c-8142-6da562f7fc37
RAA1077,Raaz Mid-Sem Cruise,11/04/2025,7:00 pm,Rachel,White,rachel.white49@example.com,1784721461,02/08/2026 04:19 am,Online,Paid,4,0,$140.00,$0.00,$0.00,$0.00,$5.60,$0.00,$0.00,$0.00,$145.60,$0.00,$0.00,$0.00,$0.00,$140.00,$140.00,$0.00,,,,$0.00,$0.00,$0.00,$0.00,Stripe,No,,Completed,Online,4,cf0523c5-0c23-4bb7-890b-bcd25600c174
RAA1078,Raaz Mid-Sem Cruise,11/04/2025,7:00 pm,Brenda,Moore,brenda.moore14@example.com,9267698897,20/07/2026 11:51 pm,Online,Paid,2,0,$70.00,$0.00,$0.00,$0.00,$2.80,$0.00,$0.00,$0.00,$72.80,$0.00,$0.00,$0.00,$0.00,$70.00,$70.00,$0.00,,,,$0.00,$0.00,$0.00,$0.00,Stripe,No,,Completed,Online,2,54a5031f-787b-4cc1-b0d2-421a7605ae29
RAA1079,Raaz Mid-Sem Cruise,11/04/2025,7:00 pm,Yvonne,Mendoza,yvonne.mendoza88@example.com,8474134019,21/07/2026 08:14 pm,Online,Paid,2,0,$70.00,$0.00,$0.00,$0.00,$2.80,$0.00,$0.00,$0.00,$72.80,$0.00,$0.00,$0.00,$0.00,$70.00,$70.00,$0.00,,,,$0.00,$0.00,$0.00,$0.00,Stripe,Yes,,Completed,Online,2,eabc8764-e3f9-40c6-bea6-08ae6a7b9fb8
RAA1080,Raaz Mid-Sem Cruise,11/04/2025,7:00 pm,Elizabeth,Travis,elizabeth.travis17@example.com,9627519346,10/07/2026 12:51 pm,Online,Paid,2,0,$70.00,$0.00,$0.00,$0.00,$2.80,$0.00,$0.00,$0.00,$72.80,$0.00,$0.00,$0.00,$0.00,$70.00,$70.00,$0.00,,,,$0.00,$0.00,$0.00,$0.00,Stripe,Yes,,Completed,Online,2,d71da75a-2737-49fe-9c62-a05006f7960c
RAA1081,Raaz Mid-Sem Cruise,11/04/2025,7:00 pm,David,Moore,david.moore74@example.com,4793656115,21/07/2026 06:46 am,Online,Paid,1,0,$35.00,$0.00,$0.00,$0.00,$1.40,$0.00,$0.00,$0.00,$36.40,$0.00,$0.00,$0.00,$0.00,$35.00,$35.00,$0.00,,,,$0.00,$0.00,$0.00,$0.00,Stripe,No,,Completed,Online,1,b383d8aa-21df-423e-b48b-544c22d7a7cd
RAA1082,Raaz Mid-Sem Cruise,11/04/2025,7:00 pm,Amanda,Dudley,amanda.dudley5@example.com,7065948053,15/08/2026 08:25 am,Online,Paid,1,0,$35.00,$0.00,$0.00,$0.00,$1.40,$0.00,$0.00,$0.00,$36.40,$0.00,$0.00,$0.00,$0.00,$35.00,$35.00,$0.00,,,,$0.00,$0.00,$0.00,$0.00,Stripe,No,,Completed,Online,1,731321cb-216a-4437-b4e0-a890219e2a6e
RAA1083,Raaz Mid-Sem Cruise,11/04/2025,7:00 pm,Kristin,Sanchez,kristin.sanchez43@example.com,3303727186,04/08/2026 04:47 am,Online,Paid,2,0,$70.00,$0.00,$0.00,$0.00,$2.80,$0.00,$0.00,$0.00,$72.80,$0.00,$0.00,$0.00,$0.00,$70.00,$70.00,$0.00,,,,$0.00,$0.00,$0.00,$0.00,Stripe,Yes,,Completed,Online,2,5a261a82-dfd4-4991-9f48-d16974e1a855
RAA1084,Raaz Mid-Sem Cruise,11/04/2025,7:00 pm,Rick,Daniels,rick.daniels26@example.com,1213807828,26/07/2026 05:24 pm,Manual,Paid,3,0,$105.00,$0.00,$0.00,$0.00,$4.20,$0.00,$0.00,$0.00,$109.20,$0.00,$0.00,$0.00,$0.00,$105.00,$105.00,$0.00,,,,$0.00,$0.00,$0.00,$0.00,Stripe,No,,Completed,Manual,3,13dbe822-6a8b-4940-a524-cdb1e7facda4
RAA1085,Raaz Mid-Sem Cruise,11/04/2025,7:00 pm,Jacob,Terry,jacob.terry13@example.com,5985866356,22/07/2026 08:20 pm,Online,Paid,1,0,$35.00,$0.00,$0.00,$0.00,$1.40,$0.00,$0.00,$0.00,$36.40,$0.00,$0.00,$0.00,$0.00,$35.00,$35.00,$0.00,,,,$0.00,$0.00,$0.00,$0.00,Stripe,No,,Completed,Online,1,2a4da662-075a-48b8-ae1a-878a85dbd022
RAA1086,Raaz Mid-Sem Cruise,11/04/2025,7:00 pm,Tracy,Ray,tracy.ray37@example.com,5212886690,03/08/2026 10:04 pm,Manual,Paid,1,0,$35.00,$0.00,$0.00,$0.00,$1.40,$0.00,$0.00,$0.00,$36.40,$0.00,$0.00,$0.00,$0.00,$35.00,$35.00,$0.00,,,,$0.00,$0.00,$0.00,$0.00,Stripe,No,,Completed,Manual,1,b6f9f08e-ec1e-42d3-96de-756d63de76b3
RAA1087,Raaz Mid-Sem Cruise,11/04/2025,7:00 pm,Maria,Scott,maria.scott55@example.com,2882847052,03/08/2026 12:46 am,Online,Paid,1,0,$35.00,$0.00,$0.00,$0.00,$1.40,$0.00,$0.00,$0.00,$36.40,$0.00,$0.00,$0.00,$0.00,$35.00,$35.00,$0.00,,,,$0.00,$0.00,$0.00,$0.00,Stripe,Yes,,Completed,Online,1,acaccdfe-d6f8-40d6-b860-4a9dab7b36aa
RAA1088,Raaz Mid-Sem Cruise,11/04/2025,7:00 pm,Alejandro,Vaughan,alejandro.vaughan44@example.com,1232036686,16/07/2026 10:39 pm,Online,Paid,1,0,$35.00,$0.00,$0.00,$0.00,$1.40,$0.00,$0.00,$0.00,$36.40,$0.00,$0.00,$0.00,$0.00,$35.00,$35.00,$0.00,,,,$0.00,$0.00,$0.00,$0.00,Stripe,Yes,,Completed,Online,1,7b040680-bfbc-426a-9f69-34a5edf193c3
RAA1089,Raaz Mid-Sem Cruise,11/04/2025,7:00 pm,Amanda,Boone,amanda.boone96@example.com,6852728760,31/07/2026 04:03 pm,Online,Refunded,0,2,$0.00,$0.00,$0.00,$0.00,$0.00,$0.00,$0.00,$0.00,$0.00,$0.00,$0.00,$0.00,$0.00,$0.00,$0.00,$0.00,,,,$0.00,$0.00,$0.00,$0.00,Stripe,Yes,,Completed,Online,2,7bad9046-e9ab-4158-be72-f0e4817d5a03
RAA1090,Raaz Mid-Sem Cruise,11/04/2025,7:00 pm,Samantha,Salas,samantha.salas2@example.com,4710628334,27/07/2026 09:55 pm,Online,Paid,1,0,$35.00,$0.00,$0.00,$0.00,$1.40,$0.00,$0.00,$0.00,$36.40,$0.00,$0.00,$0.00,$0.00,$35.00,$35.00,$0.00,,,,$0.00,$0.00,$0.00,$0.00,Stripe,Yes,,Completed,Online,1,6cdf55f4-e405-4763-9795-619c3e22c222
RAA1091,Raaz Mid-Sem Cruise,11/04/2025,7:00 pm,Michael,Ortega,michael.ortega56@example.com,7700453585,17/07/2026 04:11 am,Manual,Paid,1,0,$35.00,$0.00,$0.00,$0.00,$1.40,$0.00,$0.00,$0.00,$36.40,$0.00,$0.00,$0.00,$0.00,$35.00,$35.00,$0.00,,,,$0.00,$0.00,$0.00,$0.00,Stripe,Yes,,Completed,Manual,1,c6a49a31-2036-44bf-b107-57eb0f96db17
RAA1092,Raaz Mid-Sem Cruise,11/04/2025,7:00 pm,Scott,Callahan,scott.callahan94@example.com,2857042402,28/07/2026 10:30 am,Online,Paid,1,0,$35.00,$0.00,$0.00,$0.00,$1.40,$0.00,$0.00,$0.00,$36.40,$0.00,$0.00,$0.00,$0.00,$35.00,$35.00,$0.00,,,,$0.00,$0.00,$0.00,$0.00,Stripe,Yes,,Completed,Online,1,856ddbda-6919-432f-a882-88ee4a549fd0
RAA1093,Raaz Mid-Sem Cruise,11/04/2025,7:00 pm,Adrian,Turner,adrian.turner93@example.com,9770411678,02/08/2026 10:48 pm,Manual,Paid,1,0,$35.00,$0.00,$0.00,$0.00,$1.40,$0.00,$0.00,$0.00,$36.40,$0.00,$0.00,$0.00,$0.00,$35.00,$35.00,$0.00,,,,$0.00,$0.00,$0.00,$0.00,Stripe,Yes,,Completed,Manual,1,a33bd683-6bdc-41b5-9572-b13ec9e93974
RAA1094,Raaz Mid-Sem Cruise,11/04/2025,7:00 pm,Shelly,Powers,shelly.powers97@example.com,6738656904,09/08/2026 11:57 pm,Online,Paid,1,0,$35.00,$0.00,$0.00,$0.00,$1.40,$0.00,$0.00,$0.00,$36.40,$0.00,$0.00,$0.00,$0.00,$35.00,$35.00,$0.00,,,,$0.00,$0.00,$0.00,$0.00,Stripe,Yes,,Completed,Online,1,7fdcadde-6e65-4f53-abcf-1d4ebf023ce0
RAA1095,Raaz Mid-Sem Cruise,11/04/2025,7:00 pm,Stacy,Cook,stacy.cook30@example.com,2291248955,08/08/2026 12:10 pm,Online,Paid,2,0,$70.00,$0.00,$0.00,$0.00,$2.80,$0.00,$0.00,$0.00,$72.80,$0.00,$0.00,$0.00,$0.00,$70.00,$70.00,$0.00,,,,$0.00,$0.00,$0.00,$0.00,Stripe,No,,Completed,Online,2,d9590bbb-a8c3-47b7-82b4-8c41076d07c5
RAA1096,Raaz Mid-Sem Cruise,11/04/2025,7:00 pm,Devin,Reyes,devin.reyes4@example.com,3945994264,26/07/2026 09:57 pm,Online,Paid,2,0,$70.00,$0.00,$0.00,$0.00,$2.80,$0.00,$0.00,$0.00,$72.80,$0.00,$0.00,$0.00,$0.00,$70.00,$70.00,$0.00,,,,$0.00,$0.00,$0.00,$0.00,Stripe,Yes,,Completed,Online,2,983a5121-8e1e-4f2b-a2dc-b2030626cb30
RAA1097,Raaz Mid-Sem Cruise,11/04/2025,7:00 pm,Shannon,Frazier,shannon.frazier7@example.com,1203398013,23/07/2026 12:10 am,Online,Paid,1,0,$35.00,$0.00,$0.00,$0.00,$1.40,$0.00,$0.00,$0.00,$36.40,$0.00,$0.00,$0.00,$0.00,$35.00,$35.00,$0.00,,,,$0.00,$0.00,$0.00,$0.00,Stripe,No,,Completed,Online,1,24ced0a1-603c-4f4f-825b-607dddfd3975
RAA1098,Raaz Mid-Sem Cruise,11/04/2025,7:00 pm,Jason,Anderson,jason.anderson48@example.com,5689058108,31/07/2026 03:16 pm,Manual,Paid,2,0,$70.00,$0.00,$0.00,$0.00,$2.80,$0.00,$0.00,$0.00,$72.80,$0.00,$0.00,$0.00,$0.00,$70.00,$70.00,$0.00,,,,$0.00,$0.00,$0.00,$0.00,Stripe,Yes,,Completed,Manual,2,7500331b-34ea-4001-b7ec-f916d1906428
RAA1099,Raaz Mid-Sem Cruise,11/04/2025,7:00 pm,Victoria,Moreno,victoria.moreno94@example.com,5670277287,21/07/2026 08:04 am,Online,Paid,1,0,$35.00,$0.00,$0.00,$0.00,$1.40,$0.00,$0.00,$0.00,$36.40,$0.00,$0.00,$0.00,$0.00,$35.00,$35.00,$0.00,,,,$0.00,$0.00,$0.00,$0.00,Stripe,No,,Completed,Online,1,a8f90d8e-6e76-49e3-9baf-e9245da601ea
RAA1100,Raaz Mid-Sem Cruise,11/04/2025,7:00 pm,Courtney,Hernandez,courtney.hernandez60@example.com,9457595995,03/08/2026 03:03 pm,Manual,Paid,2,0,$70.00,$0.00,$0.00,$0.00,$2.80,$0.00,$0.00,$0.00,$72.80,$0.00,$0.00,$0.00,$0.00,$70.00,$70.00,$0.00,,,,$0.00,$0.00,$0.00,$0.00,Stripe,No,,Completed,Manual,2,3d700453-a606-4af6-a584-5c8952ff6f83
RAA1101,Raaz Mid-Sem Cruise,11/04/2025,7:00 pm,Rodney,Owens,rodney.owens90@example.com,2917148541,06/08/2026 06:05 am,Online,Paid,1,0,$35.00,$0.00,$0.00,$0.00,$1.40,$0.00,$0.00,$0.00,$36.40,$0.00,$0.00,$0.00,$0.00,$35.00,$35.00,$0.00,,,,$0.00,$0.00,$0.00,$0.00,Stripe,No,,Completed,Online,1,b08eca45-2913-4df6-b12a-d3f358503809
RAA1102,Raaz Mid-Sem Cruise,11/04/2025,7:00 pm,Kelly,Schwartz,kelly.schwartz36@example.com,2078821651,22/07/2026 02:43 pm,Manual,Paid,4,0,$140.00,$0.00,$0.00,$0.00,$5.60,$0.00,$0.00,$0.00,$145.60,$0.00,$0.00,$0.00,$0.00,$140.00,$140.00,$0.00,,,,$0.00,$0.00,$0.00,$0.00,Stripe,No,,Completed,Manual,4,e85d8eda-d50d-42c2-8ca3-795517b022c7
RAA1103,Raaz Mid-Sem Cruise,11/04/2025,7:00 pm,Jennifer,Reed,jennifer.reed94@example.com,4520302769,25/07/2026 12:07 am,Online,Paid,1,0,$35.00,$0.00,$0.00,$0.00,$1.40,$0.00,$0.00,$0.00,$36.40,$0.00,$0.00,$0.00,$0.00,$35.00,$35.00,$0.00,,,,$0.00,$0.00,$0.00,$0.00,Stripe,No,,Completed,Online,1,c64cda80-bb0b-4375-834c-d0eb0695a0ba
RAA1104,Raaz Mid-Sem Cruise,11/04/2025,7:00 pm,Christopher,Williams,christopher.williams26@example.com,0353212440,31/07/2026 05:44 pm,Online,Paid,1,0,$35.00,$0.00,$0.00,$0.00,$1.40,$0.00,$0.00,$0.00,$36.40,$0.00,$0.00,$0.00,$0.00,$35.00,$35.00,$0.00,,,,$0.00,$0.00,$0.00,$0.00,Stripe,Yes,,Completed,Online,1,3bca0969-6fbe-4d0d-85dd-049dffa8ba5e
RAA1105,Raaz Mid-Sem Cruise,11/04/2025,7:00 pm,Christopher,Mack,christopher.mack86@example.com,9412180525,21/07/2026 04:50 pm,Manual,Paid,1,0,$35.00,$0.00,$0.00,$0.00,$1.40,$0.00,$0.00,$0.00,$36.40,$0.00,$0.00,$0.00,$0.00,$35.00,$35.00,$0.00,,,,$0.00,$0.00,$0.00,$0.00,Stripe,No,,Completed,Manual,1,b5184d1c-0fa6-4182-9174-729d953f2211
RAA1106,Raaz Mid-Sem Cruise,11/04/2025,7:00 pm,Anna,Faulkner,anna.faulkner62@example.com,9412325460,11/07/2026 10:59 am,Online,Refunded,0,2,$0.00,$0.00,$0.00,$0.00,$0.00,$0.00,$0.00,$0.00,$0.00,$0.00,$0.00,$0.00,$0.00,$0.00,$0.00,$0.00,,,,$0.00,$0.00,$0.00,$0.00,Stripe,Yes,,Completed,Online,2,c81f5bbd-f76e-44c9-b46e-8c4d1643094d
RAA1107,Raaz Mid-Sem Cruise,11/04/2025,7:00 pm,Victor,Pena,victor.pena67@example.com,3485713399,14/07/2026 08:22 pm,Online,Paid,1,0,$35.00,$0.00,$0.00,$0.00,$1.40,$0.00,$0.00,$0.00,$36.40,$0.00,$0.00,$0.00,$0.00,$35.00,$35.00,$0.00,,,,$0.00,$0.00,$0.00,$0.00,Stripe,Yes,,Completed,Online,1,1651b4bb-6a7f-4e10-8bff-53886d71e216
RAA1108,Raaz Mid-Sem Cruise,11/04/2025,7:00 pm,Richard,Robertson,richard.robertson77@example.com,4211202913,17/07/2026 03:34 pm,Online,Paid,1,0,$35.00,$0.00,$0.00,$0.00,$1.40,$0.00,$0.00,$0.00,$36.40,$0.00,$0.00,$0.00,$0.00,$35.00,$35.00,$0.00,,,,$0.00,$0.00,$0.00,$0.00,Stripe,Yes,,Completed,Online,1,97917131-4a3d-4276-979e-ce590a18501d
RAA1109,Raaz Mid-Sem Cruise,11/04/2025,7:00 pm,Amber,May,amber.may40@example.com,2989088819,12/08/2026 10:06 pm,Online,Paid,1,0,$35.00,$0.00,$0.00,$0.00,$1.40,$0.00,$0.00,$0.00,$36.40,$0.00,$0.00,$0.00,$0.00,$35.00,$35.00,$0.00,,,,$0.00,$0.00,$0.00,$0.00,Stripe,Yes,,Completed,Online,1,30318a12-2864-4c4b-9c47-581ecf3ff26a
RAA1110,Raaz Mid-Sem Cruise,11/04/2025,7:00 pm,Tiffany,Barrett,tiffany.barrett33@example.com,9908213356,14/07/2026 11:20 pm,Online,Paid,1,0,$35.00,$0.00,$0.00,$0.00,$1.40,$0.00,$0.00,$0.00,$36.40,$0.00,$0.00,$0.00,$0.00,$35.00,$35.00,$0.00,,,,$0.00,$0.00,$0.00,$0.00,Stripe,Yes,,Completed,Online,1,3bc6f4ba-26cf-4ce8-b587-a482713884dc
RAA1111,Raaz Mid-Sem Cruise,11/04/2025,7:00 pm,Paul,Mosley,paul.mosley55@example.com,7041710389,09/08/2026 01:31 am,Online,Paid,1,0,$35.00,$0.00,$0.00,$0.00,$1.40,$0.00,$0.00,$0.00,$36.40,$0.00,$0.00,$0.00,$0.00,$35.00,$35.00,$0.00,,,,$0.00,$0.00,$0.00,$0.00,Stripe,No,,Completed,Online,1,c3422f31-cb0e-42c4-8194-dbaae34a90b4
RAA1112,Raaz Mid-Sem Cruise,11/04/2025,7:00 pm,Larry,Byrd,larry.byrd70@example.com,5013320344,29/07/2026 02:16 am,Online,Paid,1,0,$35.00,$0.00,$0.00,$0.00,$1.40,$0.00,$0.00,$0.00,$36.40,$0.00,$0.00,$0.00,$0.00,$35.00,$35.00,$0.00,,,,$0.00,$0.00,$0.00,$0.00,Stripe,Yes,,Completed,Online,1,139cebb3-7e3b-434b-b549-4b5d071ef20f
RAA1113,Raaz Mid-Sem Cruise,11/04/2025,7:00 pm,Monique,Wallace,monique.wallace85@example.com,6507752572,20/07/2026 09:31 am,Online,Paid,2,0,$70.00,$0.00,$0.00,$0.00,$2.80,$0.00,$0.00,$0.00,$72.80,$0.00,$0.00,$0.00,$0.00,$70.00,$70.00,$0.00,,,,$0.00,$0.00,$0.00,$0.00,Stripe,No,,Completed,Online,2,1e1fbf0c-357e-4616-bf13-2959c182d5c5
RAA1114,Raaz Mid-Sem Cruise,11/04/2025,7:00 pm,Ashley,Jacobs,ashley.jacobs78@example.com,7811057039,25/07/2026 06:56 pm,Manual,Paid,1,0,$35.00,$0.00,$0.00,$0.00,$1.40,$0.00,$0.00,$0.00,$36.40,$0.00,$0.00,$0.00,$0.00,$35.00,$35.00,$0.00,,,,$0.00,$0.00,$0.00,$0.00,Stripe,Yes,,Completed,Manual,1,dea12470-6620-429e-acad-b4c10f782400
RAA1115,Raaz Mid-Sem Cruise,11/04/2025,7:00 pm,Susan,Sanders,susan.sanders17@example.com,5994696693,28/07/2026 09:55 am,Online,Paid,1,0,$35.00,$0.00,$0.00,$0.00,$1.40,$0.00,$0.00,$0.00,$36.40,$0.00,$0.00,$0.00,$0.00,$35.00,$35.00,$0.00,,,,$0.00,$0.00,$0.00,$0.00,Stripe,Yes,,Completed,Online,1,077ec64e-0f2c-4147-b612-0622b0a54488
RAA1116,Raaz Mid-Sem Cruise,11/04/2025,7:00 pm,Jeremy,Roberts,jeremy.roberts65@example.com,8009714086,29/07/2026 03:24 pm,Online,Paid,3,0,$105.00,$0.00,$0.00,$0.00,$4.20,$0.00,$0.00,$0.00,$109.20,$0.00,$0.00,$0.00,$0.00,$105.00,$105.00,$0.00,,,,$0.00,$0.00,$0.00,$0.00,Stripe,Yes,,Completed,Online,3,d8294a39-372a-457d-8c59-c04d37590e76
RAA1117,Raaz Mid-Sem Cruise,11/04/2025,7:00 pm,Megan,Parsons,megan.parsons58@example.com,5874488839,11/07/2026 02:28 pm,Manual,Paid,2,0,$70.00,$0.00,$0.00,$0.00,$2.80,$0.00,$0.00,$0.00,$72.80,$0.00,$0.00,$0.00,$0.00,$70.00,$70.00,$0.00,,,,$0.00,$0.00,$0.00,$0.00,Stripe,No,,Completed,Manual,2,01550f52-bb72-42dd-998b-183d55c61577
RAA1118,Raaz Mid-Sem Cruise,11/04/2025,7:00 pm,April,Williams,april.williams98@example.com,2285825854,12/08/2026 04:44 am,Online,Paid,2,0,$70.00,$0.00,$0.00,$0.00,$2.80,$0.00,$0.00,$0.00,$72.80,$0.00,$0.00,$0.00,$0.00,$70.00,$70.00,$0.00,,,,$0.00,$0.00,$0.00,$0.00,Stripe,Yes,,Completed,Online,2,1d44999b-c4f0-44b2-9ec5-d42a3629a4ef
RAA1119,Raaz Mid-Sem Cruise,11/04/2025,7:00 pm,Thomas,Anderson,thomas.anderson49@example.com,0348236788,14/08/2026 06:45 am,Online,Paid,2,0,$70.00,$0.00,$0.00,$0.00,$2.80,$0.00,$0.00,$0.00,$72.80,$0.00,$0.00,$0.00,$0.00,$70.00,$70.00,$0.00,,,,$0.00,$0.00,$0.00,$0.00,Stripe,Yes,,Completed,Online,2,90060c5a-e0c6-4d63-a579-1c663209256b
RAA1120,Raaz Mid-Sem Cruise,11/04/2025,7:00 pm,Mark,Martinez,mark.martinez77@example.com,2380043647,12/08/2026 05:09 am,Online,Paid,1,0,$35.00,$0.00,$0.00,$0.00,$1.40,$0.00,$0.00,$0.00,$36.40,$0.00,$0.00,$0.00,$0.00,$35.00,$35.00,$0.00,,,,$0.00,$0.00,$0.00,$0.00,Stripe,No,,Completed,Online,1,ccb02dbe-e609-4bbc-abcc-a92069cdb716
RAA1121,Raaz Mid-Sem Cruise,11/04/2025,7:00 pm,Nicole,Thompson,nicole.thompson63@example.com,7416371206,21/07/2026 01:46 am,Online,Paid,1,0,$35.00,$0.00,$0.00,$0.00,$1.40,$0.00,$0.00,$0.00,$36.40,$0.00,$0.00,$0.00,$0.00,$35.00,$35.00,$0.00,,,,$0.00,$0.00,$0.00,$0.00,Stripe,No,,Completed,Online,1,2b2d1a24-e3e8-4c6d-985f-7f91553a019f
RAA1122,Raaz Mid-Sem Cruise,11/04/2025,7:00 pm,Kyle,Ortiz,kyle.ortiz65@example.com,6014584081,01/08/2026 08:05 pm,Online,Paid,1,0,$35.00,$0.00,$0.00,$0.00,$1.40,$0.00,$0.00,$0.00,$36.40,$0.00,$0.00,$0.00,$0.00,$35.00,$35.00,$0.00,,,,$0.00,$0.00,$0.00,$0.00,Stripe,Yes,,Completed,Online,1,707d5478-5eaf-4559-9458-38f0cc9bd992
RAA1123,Raaz Mid-Sem Cruise,11/04/2025,7:00 pm,William,Stone,william.stone37@example.com,4361168611,17/07/2026 08:39 am,Online,Paid,1,0,$35.00,$0.00,$0.00,$0.00,$1.40,$0.00,$0.00,$0.00,$36.40,$0.00,$0.00,$0.00,$0.00,$35.00,$35.00,$0.00,,,,$0.00,$0.00,$0.00,$0.00,Stripe,Yes,,Completed,Online,1,60036a54-e0a0-4aee-b2c0-11f1dc186c23
RAA1124,Raaz Mid-Sem Cruise,11/04/2025,7:00 pm,Krystal,Perez,krystal.perez50@example.com,6055546542,13/07/2026 09:04 am,Online,Paid,3,0,$105.00,$0.00,$0.00,$0.00,$4.20,$0.00,$0.00,$0.00,$109.20,$0.00,$0.00,$0.00,$0.00,$105.00,$105.00,$0.00,,,,$0.00,$0.00,$0.00,$0.00,Stripe,Yes,,Completed,Online,3,4167a8cc-c0c8-4368-81ad-bb3b6138ecb0
RAA1125,Raaz Mid-Sem Cruise,11/04/2025,7:00 pm,Steven,Bishop,steven.bishop84@example.com,7714034454,15/08/2026 11:31 am,Online,Paid,1,0,$35.00,$0.00,$0.00,$0.00,$1.40,$0.00,$0.00,$0.00,$36.40,$0.00,$0.00,$0.00,$0.00,$35.00,$35.00,$0.00,,,,$0.00,$0.00,$0.00,$0.00,Stripe,No,,Completed,Online,1,6c8ab284-c9b5-4bba-a907-8c49acb06f5b
RAA1126,Raaz Mid-Sem Cruise,11/04/2025,7:00 pm,Loretta,Potter,loretta.potter15@example.com,0119622723,11/07/2026 12:38 pm,Online,Paid,2,0,$70.00,$0.00,$0.00,$0.00,$2.80,$0.00,$0.00,$0.00,$72.80,$0.00,$0.00,$0.00,$0.00,$70.00,$70.00,$0.00,,,,$0.00,$0.00,$0.00,$0.00,Stripe,Yes,,Completed,Online,2,afde8320-445d-428e-a837-83fc78b93e7f
RAA1127,Raaz Mid-Sem Cruise,11/04/2025,7:00 pm,Cynthia,Rogers,cynthia.rogers3@example.com,7368385095,15/07/2026 07:28 am,Online,Paid,1,0,$35.00,$0.00,$0.00,$0.00,$1.40,$0.00,$0.00,$0.00,$36.40,$0.00,$0.00,$0.00,$0.00,$35.00,$35.00,$0.00,,,,$0.00,$0.00,$0.00,$0.00,Stripe,No,,Completed,Online,1,c7e8914c-0785-4a8a-8236-158b3194ed43
RAA1128,Raaz Mid-Sem Cruise,11/04/2025,7:00 pm,Carlos,Baker,carlos.baker92@example.com,6508113640,07/08/2026 08:06 am,Online,Paid,3,0,$105.00,$0.00,$0.00,$0.00,$4.20,$0.00,$0.00,$0.00,$109.20,$0.00,$0.00,$0.00,$0.00,$105.00,$105.00,$0.00,,,,$0.00,$0.00,$0.00,$0.00,Stripe,Yes,,Completed,Online,3,45a275bc-8fdd-4514-807b-0c89a0dc819e
RAA1129,Raaz Mid-Sem Cruise,11/04/2025,7:00 pm,Albert,Dominguez,albert.dominguez85@example.com,7006279595,17/07/2026 06:32 pm,Online,Paid,2,0,$70.00,$0.00,$0.00,$0.00,$2.80,$0.00,$0.00,$0.00,$72.80,$0.00,$0.00,$0.00,$0.00,$70.00,$70.00,$0.00,,,,$0.00,$0.00,$0.00,$0.00,Stripe,No,,Completed,Online,2,414d1f46-5afb-4584-b464-4b99980afee9
RAA1130,Raaz Mid-Sem Cruise,11/04/2025,7:00 pm,Daniel,Smith,daniel.smith60@example.com,6954217562,21/07/2026 12:39 pm,Online,Paid,2,0,$70.00,$0.00,$0.00,$0.00,$2.80,$0.00,$0.00,$0.00,$72.80,$0.00,$0.00,$0.00,$0.00,$70.00,$70.00,$0.00,,,,$0.00,$0.00,$0.00,$0.00,Stripe,Yes,,Completed,Online,2,03112d06-f79c-439a-81fc-0fc0802018a8
RAA1131,Raaz Mid-Sem Cruise,11/04/2025,7:00 pm,Amanda,Morrow,amanda.morrow98@example.com,7344794592,14/07/2026 06:52 pm,Manual,Paid,2,0,$70.00,$0.00,$0.00,$0.00,$2.80,$0.00,$0.00,$0.00,$72.80,$0.00,$0.00,$0.00,$0.00,$70.00,$70.00,$0.00,,,,$0.00,$0.00,$0.00,$0.00,Stripe,Yes,,Completed,Manual,2,367de663-b62b-46d5-a8c7-d6d2d0ece448
RAA1132,Raaz Mid-Sem Cruise,11/04/2025,7:00 pm,Jeffrey,Smith,jeffrey.smith36@example.com,6489710017,31/07/2026 09:21 pm,Online,Paid,1,0,$35.00,$0.00,$0.00,$0.00,$1.40,$0.00,$0.00,$0.00,$36.40,$0.00,$0.00,$0.00,$0.00,$35.00,$35.00,$0.00,,,,$0.00,$0.00,$0.00,$0.00,Stripe,No,,Completed,Online,1,201d7cc9-1a7b-4888-b229-5380f748e005
RAA1133,Raaz Mid-Sem Cruise,11/04/2025,7:00 pm,Anthony,Day,anthony.day71@example.com,5761304948,06/08/2026 01:10 am,Online,Paid,1,0,$35.00,$0.00,$0.00,$0.00,$1.40,$0.00,$0.00,$0.00,$36.40,$0.00,$0.00,$0.00,$0.00,$35.00,$35.00,$0.00,,,,$0.00,$0.00,$0.00,$0.00,Stripe,Yes,,Completed,Online,1,e41a576c-b4a3-4d6a-a021-a41d2c79956d
RAA1134,Raaz Mid-Sem Cruise,11/04/2025,7:00 pm,Catherine,Robertson,catherine.robertson76@example.com,5528337287,04/08/2026 06:08 am,Manual,Paid,1,0,$35.00,$0.00,$0.00,$0.00,$1.40,$0.00,$0.00,$0.00,$36.40,$0.00,$0.00,$0.00,$0.00,$35.00,$35.00,$0.00,,,,$0.00,$0.00,$0.00,$0.00,Stripe,No,,Completed,Manual,1,1febf83d-8e07-4c16-be59-0f3b92e32273
RAA1135,Raaz Mid-Sem Cruise,11/04/2025,7:00 pm,Tracy,Chang,tracy.chang32@example.com,2656477115,05/08/2026 03:08 am,Online,Paid,1,0,$35.00,$0.00,$0.00,$0.00,$1.40,$0.00,$0.00,$0.00,$36.40,$0.00,$0.00,$0.00,$0.00,$35.00,$35.00,$0.00,,,,$0.00,$0.00,$0.00,$0.00,Stripe,No,,Completed,Online,1,fc0ea433-ba9c-4a2a-ba90-0186e22f1e2a
RAA1136,Raaz Mid-Sem Cruise,11/04/2025,7:00 pm,Michael,Palmer,michael.palmer85@example.com,0894107911,12/07/2026 10:25 pm,Online,Paid,3,0,$105.00,$0.00,$0.00,$0.00,$4.20,$0.00,$0.00,$0.00,$109.20,$0.00,$0.00,$0.00,$0.00,$105.00,$105.00,$0.00,,,,$0.00,$0.00,$0.00,$0.00,Stripe,Yes,,Completed,Online,3,41fedc5f-66bd-4b2f-aeda-b4fe4cfa7687
RAA1137,Raaz Mid-Sem Cruise,11/04/2025,7:00 pm,Phyllis,Manning,phyllis.manning22@example.com,1983097542,20/07/2026 08:05 am,Manual,Paid,1,0,$35.00,$0.00,$0.00,$0.00,$1.40,$0.00,$0.00,$0.00,$36.40,$0.00,$0.00,$0.00,$0.00,$35.00,$35.00,$0.00,,,,$0.00,$0.00,$0.00,$0.00,Stripe,Yes,,Completed,Manual,1,c505ac21-d036-48be-bb4e-ac2bf5a99ca1
RAA1138,Raaz Mid-Sem Cruise,11/04/2025,7:00 pm,Rebecca,Hernandez,rebecca.hernandez77@example.com,2377487700,05/08/2026 01:24 pm,Manual,Paid,1,0,$35.00,$0.00,$0.00,$0.00,$1.40,$0.00,$0.00,$0.00,$36.40,$0.00,$0.00,$0.00,$0.00,$35.00,$35.00,$0.00,,,,$0.00,$0.00,$0.00,$0.00,Stripe,No,,Completed,Manual,1,25a3dcf6-a1ed-475b-9ef9-d51fe329c512
RAA1139,Raaz Mid-Sem Cruise,11/04/2025,7:00 pm,Jamie,Clark,jamie.clark25@example.com,5121808226,23/07/2026 04:38 pm,Online,Paid,1,0,$35.00,$0.00,$0.00,$0.00,$1.40,$0.00,$0.00,$0.00,$36.40,$0.00,$0.00,$0.00,$0.00,$35.00,$35.00,$0.00,,,,$0.00,$0.00,$0.00,$0.00,Stripe,Yes,,Completed,Online,1,aa74c44d-68ba-4f80-9d50-2e630f768f1d
RAA1140,Raaz Mid-Sem Cruise,11/04/2025,7:00 pm,Edward,Vaughn,edward.vaughn83@example.com,2865383957,26/07/2026 05:42 am,Online,Paid,1,0,$35.00,$0.00,$0.00,$0.00,$1.40,$0.00,$0.00,$0.00,$36.40,$0.00,$0.00,$0.00,$0.00,$35.00,$35.00,$0.00,,,,$0.00,$0.00,$0.00,$0.00,Stripe,No,,Completed,Online,1,ab2bc291-d345-4c2c-820b-04e3670af69a
RAA1141,Raaz Mid-Sem Cruise,11/04/2025,7:00 pm,Cynthia,Zavala,cynthia.zavala35@example.com,0037090703,31/07/2026 01:31 am,Online,Paid,3,0,$105.00,$0.00,$0.00,$0.00,$4.20,$0.00,$0.00,$0.00,$109.20,$0.00,$0.00,$0.00,$0.00,$105.00,$105.00,$0.00,,,,$0.00,$0.00,$0.00,$0.00,Stripe,No,,Completed,Online,3,c076e606-831a-4705-a1aa-e0f987194c22
RAA1142,Raaz Mid-Sem Cruise,11/04/2025,7:00 pm,Ronald,Ortega,ronald.ortega15@example.com,9320709834,08/08/2026 12:03 am,Online,Paid,3,0,$105.00,$0.00,$0.00,$0.00,$4.20,$0.00,$0.00,$0.00,$109.20,$0.00,$0.00,$0.00,$0.00,$105.00,$105.00,$0.00,,,,$0.00,$0.00,$0.00,$0.00,Stripe,Yes,,Completed,Online,3,b10a5f99-b1fb-4931-ac21-86062790a014
RAA1143,Raaz Mid-Sem Cruise,11/04/2025,7:00 pm,Christopher,Walker,christopher.walker69@example.com,8762965074,27/07/2026 09:09 am,Online,Paid,2,0,$70.00,$0.00,$0.00,$0.00,$2.80,$0.00,$0.00,$0.00,$72.80,$0.00,$0.00,$0.00,$0.00,$70.00,$70.00,$0.00,,,,$0.00,$0.00,$0.00,$0.00,Stripe,No,,Completed,Online,2,6d547e1c-221b-489e-b10f-6f835110c40c
RAA1144,Raaz Mid-Sem Cruise,11/04/2025,7:00 pm,Allison,Luna,allison.luna62@example.com,4198281794,28/07/2026 06:33 pm,Online,Paid,3,0,$105.00,$0.00,$0.00,$0.00,$4.20,$0.00,$0.00,$0.00,$109.20,$0.00,$0.00,$0.00,$0.00,$105.00,$105.00,$0.00,,,,$0.00,$0.00,$0.00,$0.00,Stripe,No,,Completed,Online,3,eb6041f8-dbee-466a-80e4-e0b0599b3cae
RAA1145,Raaz Mid-Sem Cruise,11/04/2025,7:00 pm,Jason,Salinas,jason.salinas8@example.com,4522026269,10/08/2026 08:39 pm,Manual,Paid,1,0,$35.00,$0.00,$0.00,$0.00,$1.40,$0.00,$0.00,$0.00,$36.40,$0.00,$0.00,$0.00,$0.00,$35.00,$35.00,$0.00,,,,$0.00,$0.00,$0.00,$0.00,Stripe,No,,Completed,Manual,1,639192ab-be41-4fc4-985c-2ff420007b10
RAA1146,Raaz Mid-Sem Cruise,11/04/2025,7:00 pm,Debbie,Henderson,debbie.henderson25@example.com,5257330907,05/08/2026 06:39 am,Online,Refunded,0,1,$0.00,$0.00,$0.00,$0.00,$0.00,$0.00,$0.00,$0.00,$0.00,$0.00,$0.00,$0.00,$0.00,$0.00,$0.00,$0.00,,,,$0.00,$0.00,$0.00,$0.00,Stripe,No,,Completed,Online,1,6ec426c1-1627-4342-95c3-4e893a233ea3
RAA1147,Raaz Mid-Sem Cruise,11/04/2025,7:00 pm,Angela,Greene,angela.greene20@example.com,2476751258,30/07/2026 11:47 am,Online,Paid,1,0,$35.00,$0.00,$0.00,$0.00,$1.40,$0.00,$0.00,$0.00,$36.40,$0.00,$0.00,$0.00,$0.00,$35.00,$35.00,$0.00,,,,$0.00,$0.00,$0.00,$0.00,Stripe,Yes,,Completed,Online,1,0fd55224-0654-4239-bbc3-038797f33322
RAA1148,Raaz Mid-Sem Cruise,11/04/2025,7:00 pm,Micheal,Nunez,micheal.nunez39@example.com,3669332763,07/08/2026 11:50 am,Online,Paid,2,0,$70.00,$0.00,$0.00,$0.00,$2.80,$0.00,$0.00,$0.00,$72.80,$0.00,$0.00,$0.00,$0.00,$70.00,$70.00,$0.00,,,,$0.00,$0.00,$0.00,$0.00,Stripe,No,,Completed,Online,2,5ade290e-f194-492c-8864-f0602642425a
RAA1149,Raaz Mid-Sem Cruise,11/04/2025,7:00 pm,Lindsay,Francis,lindsay.francis2@example.com,8372372259,06/08/2026 02:20 pm,Online,Paid,1,0,$35.00,$0.00,$0.00,$0.00,$1.40,$0.00,$0.00,$0.00,$36.40,$0.00,$0.00,$0.00,$0.00,$35.00,$35.00,$0.00,,,,$0.00,$0.00,$0.00,$0.00,Stripe,No,,Completed,Online,1,b7ab81ef-3abb-47cc-8f56-76e43baaf99a
RAA1150,Raaz Mid-Sem Cruise,11/04/2025,7:00 pm,David,Stein,david.stein46@example.com,0894234037,28/07/2026 07:10 pm,Online,Paid,3,0,$105.00,$0.00,$0.00,$0.00,$4.20,$0.00,$0.00,$0.00,$109.20,$0.00,$0.00,$0.00,$0.00,$105.00,$105.00,$0.00,,,,$0.00,$0.00,$0.00,$0.00,Stripe,No,,Completed,Online,3,c2fc5d79-e30b-4bb4-bbb4-689230eb1a74
RAA1151,Raaz Mid-Sem Cruise,11/04/2025,7:00 pm,Alicia,Bryant,alicia.bryant48@example.com,8838456125,18/07/2026 01:52 am,Online,Paid,4,0,$140.00,$0.00,$0.00,$0.00,$5.60,$0.00,$0.00,$0.00,$145.60,$0.00,$0.00,$0.00,$0.00,$140.00,$140.00,$0.00,,,,$0.00,$0.00,$0.00,$0.00,Stripe,No,,Completed,Online,4,709c82c0-3818-4857-b6f9-338544f63b7a
RAA1152,Raaz Mid-Sem Cruise,11/04/2025,7:00 pm,Phyllis,Manning,phyllis.manning22@example.com,1769680645,14/07/2026 08:22 am,Online,Paid,1,0,$35.00,$0.00,$0.00,$0.00,$1.40,$0.00,$0.00,$0.00,$36.40,$0.00,$0.00,$0.00,$0.00,$35.00,$35.00,$0.00,,,,$0.00,$0.00,$0.00,$0.00,Stripe,No,,Completed,Online,1,24e26426-b0ef-4a91-94fd-defdba58132e
RAA1153,Raaz Mid-Sem Cruise,11/04/2025,7:00 pm,Jasmine,Graham,jasmine.graham56@example.com,8379264053,14/07/2026 03:32 am,Online,Paid,1,0,$35.00,$0.00,$0.00,$0.00,$1.40,$0.00,$0.00,$0.00,$36.40,$0.00,$0.00,$0.00,$0.00,$35.00,$35.00,$0.00,,,,$0.00,$0.00,$0.00,$0.00,Stripe,No,,Completed,Online,1,f7e1f349-fda5-4b8c-b83f-b3b4a5cf34a9
RAA1154,Raaz Mid-Sem Cruise,11/04/2025,7:00 pm,Krista,Parsons,krista.parsons6@example.com,9342883903,02/08/2026 09:47 pm,Online,Paid,1,0,$35.00,$0.00,$0.00,$0.00,$1.40,$0.00,$0.00,$0.00,$36.40,$0.00,$0.00,$0.00,$0.00,$35.00,$35.00,$0.00,,,,$0.00,$0.00,$0.00,$0.00,Stripe,Yes,,Completed,Online,1,e9e89728-77ff-40fe-9b70-b9a0e90173cd
RAA1155,Raaz Mid-Sem Cruise,11/04/2025,7:00 pm,Lorraine,Foster,lorraine.foster80@example.com,3150321985,15/08/2026 03:27 am,Online,Paid,2,0,$70.00,$0.00,$0.00,$0.00,$2.80,$0.00,$0.00,$0.00,$72.80,$0.00,$0.00,$0.00,$0.00,$70.00,$70.00,$0.00,,,,$0.00,$0.00,$0.00,$0.00,Stripe,No,,Completed,Online,2,14a89212-c785-4729-9ce0-cd25cc4110a4
RAA1156,Raaz Mid-Sem Cruise,11/04/2025,7:00 pm,Jill,Porter,jill.porter63@example.com,2506668606,05/08/2026 11:10 pm,Online,Paid,1,0,$35.00,$0.00,$0.00,$0.00,$1.40,$0.00,$0.00,$0.00,$36.40,$0.00,$0.00,$0.00,$0.00,$35.00,$35.00,$0.00,,,,$0.00,$0.00,$0.00,$0.00,Stripe,No,,Completed,Online,1,17f78015-7895-411e-aae4-a14f7e84b263
RAA1157,Raaz Mid-Sem Cruise,11/04/2025,7:00 pm,Gail,Perry,gail.perry53@example.com,3289591038,13/08/2026 08:54 am,Online,Paid,3,0,$105.00,$0.00,$0.00,$0.00,$4.20,$0.00,$0.00,$0.00,$109.20,$0.00,$0.00,$0.00,$0.00,$105.00,$105.00,$0.00,,,,$0.00,$0.00,$0.00,$0.00,Stripe,Yes,,Completed,Online,3,6191f9b7-783e-40a7-9b44-a6da2589f611
RAA1158,Raaz Mid-Sem Cruise,11/04/2025,7:00 pm,Kimberly,Henson,kimberly.henson49@example.com,5596374396,16/07/2026 11:53 pm,Online,Paid,1,0,$35.00,$0.00,$0.00,$0.00,$1.40,$0.00,$0.00,$0.00,$36.40,$0.00,$0.00,$0.00,$0.00,$35.00,$35.00,$0.00,,,,$0.00,$0.00,$0.00,$0.00,Stripe,No,,Completed,Online,1,eabd7c89-5639-4196-9d76-52ce41d5f626
RAA1159,Raaz Mid-Sem Cruise,11/04/2025,7:00 pm,Brian,Ford,brian.ford35@example.com,3895546565,02/08/2026 04:06 pm,Online,Paid,2,0,$70.00,$0.00,$0.00,$0.00,$2.80,$0.00,$0.00,$0.00,$72.80,$0.00,$0.00,$0.00,$0.00,$70.00,$70.00,$0.00,,,,$0.00,$0.00,$0.00,$0.00,Stripe,Yes,,Completed,Online,2,379a7280-7d97-4b59-8377-dc890ee6b4f4
RAA1160,Raaz Mid-Sem Cruise,11/04/2025,7:00 pm,Erin,Wilson,erin.wilson40@example.com,1027366325,11/07/2026 03:07 pm,Online,Paid,2,0,$70.00,$0.00,$0.00,$0.00,$2.80,$0.00,$0.00,$0.00,$72.80,$0.00,$0.00,$0.00,$0.00,$70.00,$70.00,$0.00,,,,$0.00,$0.00,$0.00,$0.00,Stripe,Yes,,Completed,Online,2,2f96530b-d3ab-4c3f-b458-98b0b845e393
RAA1161,Raaz Mid-Sem Cruise,11/04/2025,7:00 pm,John,Walsh,john.walsh68@example.com,4874939166,17/07/2026 12:56 am,Manual,Paid,1,0,$35.00,$0.00,$0.00,$0.00,$1.40,$0.00,$0.00,$0.00,$36.40,$0.00,$0.00,$0.00,$0.00,$35.00,$35.00,$0.00,,,,$0.00,$0.00,$0.00,$0.00,Stripe,No,,Completed,Manual,1,02a80927-9a6b-4971-888b-efee1fb42240
RAA1162,Raaz Mid-Sem Cruise,11/04/2025,7:00 pm,Andrea,Rowe,andrea.rowe20@example.com,6073264478,22/07/2026 04:49 am,Online,Paid,1,0,$35.00,$0.00,$0.00,$0.00,$1.40,$0.00,$0.00,$0.00,$36.40,$0.00,$0.00,$0.00,$0.00,$35.00,$35.00,$0.00,,,,$0.00,$0.00,$0.00,$0.00,Stripe,No,,Completed,Online,1,5cf1fa61-9d31-4350-9b7e-d2ff839bedd0
RAA1163,Raaz Mid-Sem Cruise,11/04/2025,7:00 pm,Margaret,Robertson,margaret.robertson63@example.com,1760909371,03/08/2026 11:35 pm,Online,Paid,2,0,$70.00,$0.00,$0.00,$0.00,$2.80,$0.00,$0.00,$0.00,$72.80,$0.00,$0.00,$0.00,$0.00,$70.00,$70.00,$0.00,,,,$0.00,$0.00,$0.00,$0.00,Stripe,No,,Completed,Online,2,1b815737-8f29-429f-b318-2320a374c6a4
RAA1164,Raaz Mid-Sem Cruise,11/04/2025,7:00 pm,Gregory,Watkins,gregory.watkins17@example.com,7346694473,10/07/2026 11:21 pm,Manual,Paid,1,0,$35.00,$0.00,$0.00,$0.00,$1.40,$0.00,$0.00,$0.00,$36.40,$0.00,$0.00,$0.00,$0.00,$35.00,$35.00,$0.00,,,,$0.00,$0.00,$0.00,$0.00,Stripe,Yes,,Completed,Manual,1,0e94e3eb-e1d6-4076-8c91-f81cc4a3165a
RAA1165,Raaz Mid-Sem Cruise,11/04/2025,7:00 pm,Melissa,Joseph,melissa.joseph69@example.com,2890566518,08/08/2026 10:23 am,Online,Paid,4,0,$140.00,$0.00,$0.00,$0.00,$5.60,$0.00,$0.00,$0.00,$145.60,$0.00,$0.00,$0.00,$0.00,$140.00,$140.00,$0.00,,,,$0.00,$0.00,$0.00,$0.00,Stripe,No,,Completed,Online,4,bd7a79e2-4d8d-4abe-a4d8-87f0cc8146bc
RAA1166,Raaz Mid-Sem Cruise,11/04/2025,7:00 pm,Timothy,Young,timothy.young34@example.com,9888374345,27/07/2026 10:24 pm,Online,Refunded,0,1,$0.00,$0.00,$0.00,$0.00,$0.00,$0.00,$0.00,$0.00,$0.00,$0.00,$0.00,$0.00,$0.00,$0.00,$0.00,$0.00,,,,$0.00,$0.00,$0.00,$0.00,Stripe,No,,Completed,Online,1,36ddcbc1-9e74-4b6a-91a4-2ce7821393f1
RAA1167,Raaz Mid-Sem Cruise,11/04/2025,7:00 pm,Richard,Oliver,richard.oliver77@example.com,2502308996,30/07/2026 12:57 am,Online,Paid,3,0,$105.00,$0.00,$0.00,$0.00,$4.20,$0.00,$0.00,$0.00,$109.20,$0.00,$0.00,$0.00,$0.00,$105.00,$105.00,$0.00,,,,$0.00,$0.00,$0.00,$0.00,Stripe,No,,Completed,Online,3,43e54ecf-2a57-4025-a3c8-a09bf3ca0e38
RAA1168,Raaz Mid-Sem Cruise,11/04/2025,7:00 pm,Miguel,Lara,miguel.lara4@example.com,3548695212,15/08/2026 04:36 pm,Online,Paid,1,0,$35.00,$0.00,$0.00,$0.00,$1.40,$0.00,$0.00,$0.00,$36.40,$0.00,$0.00,$0.00,$0.00,$35.00,$35.00,$0.00,,,,$0.00,$0.00,$0.00,$0.00,Stripe,Yes,,Completed,Online,1,81209d2d-3c31-467b-9292-4791083dd6f7
RAA1169,Raaz Mid-Sem Cruise,11/04/2025,7:00 pm,Patricia,Salazar,patricia.salazar85@example.com,8803546946,28/07/2026 12:45 am,Online,Paid,1,0,$35.00,$0.00,$0.00,$0.00,$1.40,$0.00,$0.00,$0.00,$36.40,$0.00,$0.00,$0.00,$0.00,$35.00,$35.00,$0.00,,,,$0.00,$0.00,$0.00,$0.00,Stripe,Yes,,Completed,Online,1,36418a2e-0f00-4b33-8d68-d6e096603485
RAA1170,Raaz Mid-Sem Cruise,11/04/2025,7:00 pm,Colton,Clay,colton.clay88@example.com,7476911612,29/07/2026 12:13 am,Online,Paid,1,0,$35.00,$0.00,$0.00,$0.00,$1.40,$0.00,$0.00,$0.00,$36.40,$0.00,$0.00,$0.00,$0.00,$35.00,$35.00,$0.00,,,,$0.00,$0.00,$0.00,$0.00,Stripe,No,,Completed,Online,1,3cdc8310-c12a-433f-bc29-cf3c0b55ea88
RAA1171,Raaz Mid-Sem Cruise,11/04/2025,7:00 pm,William,Thompson,william.thompson43@example.com,5586819004,07/08/2026 06:18 pm,Online,Paid,1,0,$35.00,$0.00,$0.00,$0.00,$1.40,$0.00,$0.00,$0.00,$36.40,$0.00,$0.00,$0.00,$0.00,$35.00,$35.00,$0.00,,,,$0.00,$0.00,$0.00,$0.00,Stripe,Yes,,Completed,Online,1,37780394-3700-4363-b8bb-7df49a28538b
RAA1172,Raaz Mid-Sem Cruise,11/04/2025,7:00 pm,Darlene,Ross,darlene.ross15@example.com,6013855002,24/07/2026 10:45 pm,Online,Paid,4,0,$140.00,$0.00,$0.00,$0.00,$5.60,$0.00,$0.00,$0.00,$145.60,$0.00,$0.00,$0.00,$0.00,$140.00,$140.00,$0.00,,,,$0.00,$0.00,$0.00,$0.00,Stripe,No,,Completed,Online,4,02f5b563-84c6-49e3-8a31-8a9c3169f269
RAA1173,Raaz Mid-Sem Cruise,11/04/2025,7:00 pm,Michelle,Wright,michelle.wright65@example.com,1245718158,14/07/2026 12:57 pm,Online,Paid,1,0,$35.00,$0.00,$0.00,$0.00,$1.40,$0.00,$0.00,$0.00,$36.40,$0.00,$0.00,$0.00,$0.00,$35.00,$35.00,$0.00,,,,$0.00,$0.00,$0.00,$0.00,Stripe,No,,Completed,Online,1,9175d729-9b8a-48d6-8b92-76cb990551c2
RAA1174,Raaz Mid-Sem Cruise,11/04/2025,7:00 pm,Scott,Nelson,scott.nelson86@example.com,3650551919,09/08/2026 11:12 am,Online,Paid,4,0,$140.00,$0.00,$0.00,$0.00,$5.60,$0.00,$0.00,$0.00,$145.60,$0.00,$0.00,$0.00,$0.00,$140.00,$140.00,$0.00,,,,$0.00,$0.00,$0.00,$0.00,Stripe,No,,Completed,Online,4,806d3457-14dc-4143-b022-38e68841d98b
RAA1175,Raaz Mid-Sem Cruise,11/04/2025,7:00 pm,Amy,King,amy.king53@example.com,1708049293,27/07/2026 07:11 am,Online,Paid,4,0,$140.00,$0.00,$0.00,$0.00,$5.60,$0.00,$0.00,$0.00,$145.60,$0.00,$0.00,$0.00,$0.00,$140.00,$140.00,$0.00,,,,$0.00,$0.00,$0.00,$0.00,Stripe,No,,Completed,Online,4,e96a4e81-eb1c-4b37-bd8a-9290046bf9fa
RAA1176,Raaz Mid-Sem Cruise,11/04/2025,7:00 pm,Oscar,Ferguson,oscar.ferguson73@example.com,1293321349,06/08/2026 06:52 pm,Online,Paid,1,0,$35.00,$0.00,$0.00,$0.00,$1.40,$0.00,$0.00,$0.00,$36.40,$0.00,$0.00,$0.00,$0.00,$35.00,$35.00,$0.00,,,,$0.00,$0.00,$0.00,$0.00,Stripe,No,,Completed,Online,1,f127baa7-df1c-428a-9002-76b60ac67e0d
RAA1177,Raaz Mid-Sem Cruise,11/04/2025,7:00 pm,Yvonne,Higgins,yvonne.higgins55@example.com,0037177588,12/08/2026 10:24 pm,Online,Paid,1,0,$35.00,$0.00,$0.00,$0.00,$1.40,$0.00,$0.00,$0.00,$36.40,$0.00,$0.00,$0.00,$0.00,$35.00,$35.00,$0.00,,,,$0.00,$0.00,$0.00,$0.00,Stripe,Yes,,Completed,Online,1,8a7881fe-4140-4fd8-b2ef-6cf9b762957d
RAA1178,Raaz Mid-Sem Cruise,11/04/2025,7:00 pm,Frank,Owens,frank.owens31@example.com,1126203069,10/07/2026 04:16 pm,Manual,Paid,1,0,$35.00,$0.00,$0.00,$0.00,$1.40,$0.00,$0.00,$0.00,$36.40,$0.00,$0.00,$0.00,$0.00,$35.00,$35.00,$0.00,,,,$0.00,$0.00,$0.00,$0.00,Stripe,No,,Completed,Manual,1,17e2aa93-ac7c-47c5-bd89-fa69516881a1
RAA1179,Raaz Mid-Sem Cruise,11/04/2025,7:00 pm,Albert,Ballard,albert.ballard78@example.com,8601811239,16/07/2026 11:04 pm,Online,Paid,3,0,$105.00,$0.00,$0.00,$0.00,$4.20,$0.00,$0.00,$0.00,$109.20,$0.00,$0.00,$0.00,$0.00,$105.00,$105.00,$0.00,,,,$0.00,$0.00,$0.00,$0.00,Stripe,Yes,,Completed,Online,3,5b6ff793-5315-446f-ae9e-bcda0f2d73b9
RAA1180,Raaz Mid-Sem Cruise,11/04/2025,7:00 pm,Yvonne,Mendoza,yvonne.mendoza88@example.com,9206231459,02/08/2026 04:10 am,Online,Paid,2,0,$70.00,$0.00,$0.00,$0.00,$2.80,$0.00,$0.00,$0.00,$72.80,$0.00,$0.00,$0.00,$0.00,$70.00,$70.00,$0.00,,,,$0.00,$0.00,$0.00,$0.00,Stripe,No,,Completed,Online,2,d8a712fb-ff16-40f0-9af5-0294b37c32d1
RAA1181,Raaz Mid-Sem Cruise,11/04/2025,7:00 pm,Daniel,Roberts,daniel.roberts32@example.com,9619680450,11/08/2026 05:04 am,Online,Paid,1,0,$35.00,$0.00,$0.00,$0.00,$1.40,$0.00,$0.00,$0.00,$36.40,$0.00,$0.00,$0.00,$0.00,$35.00,$35.00,$0.00,,,,$0.00,$0.00,$0.00,$0.00,Stripe,No,,Completed,Online,1,0c883237-c129-4a5f-a417-616910aa899c
RAA1182,Raaz Mid-Sem Cruise,11/04/2025,7:00 pm,John,Grant,john.grant56@example.com,0816418044,12/08/2026 06:26 am,Online,Paid,1,0,$35.00,$0.00,$0.00,$0.00,$1.40,$0.00,$0.00,$0.00,$36.40,$0.00,$0.00,$0.00,$0.00,$35.00,$35.00,$0.00,,,,$0.00,$0.00,$0.00,$0.00,Stripe,Yes,,Completed,Online,1,9c769b42-b119-4692-934b-e397b3937d02
RAA1183,Raaz Mid-Sem Cruise,11/04/2025,7:00 pm,Kathleen,Lowe,kathleen.lowe1@example.com,4083469544,29/07/2026 09:24 pm,Manual,Paid,2,0,$70.00,$0.00,$0.00,$0.00,$2.80,$0.00,$0.00,$0.00,$72.80,$0.00,$0.00,$0.00,$0.00,$70.00,$70.00,$0.00,,,,$0.00,$0.00,$0.00,$0.00,Stripe,No,,Completed,Manual,2,97330a45-02f5-4282-a768-9dfbd1fa64af
RAA1184,Raaz Mid-Sem Cruise,11/04/2025,7:00 pm,Diana,Marshall,diana.marshall68@example.com,8062745669,05/08/2026 10:23 pm,Online,Paid,3,0,$105.00,$0.00,$0.00,$0.00,$4.20,$0.00,$0.00,$0.00,$109.20,$0.00,$0.00,$0.00,$0.00,$105.00,$105.00,$0.00,,,,$0.00,$0.00,$0.00,$0.00,Stripe,No,,Completed,Online,3,d5456a50-ea20-4dc3-8bdf-b17ea33edffc
RAA1185,Raaz Mid-Sem Cruise,11/04/2025,7:00 pm,Sydney,Baker,sydney.baker59@example.com,7429414290,23/07/2026 11:54 pm,Online,Paid,1,0,$35.00,$0.00,$0.00,$0.00,$1.40,$0.00,$0.00,$0.00,$36.40,$0.00,$0.00,$0.00,$0.00,$35.00,$35.00,$0.00,,,,$0.00,$0.00,$0.00,$0.00,Stripe,Yes,,Completed,Online,1,ff2f2142-dc01-4a6b-ae0e-c269744d101f
RAA1186,Raaz Mid-Sem Cruise,11/04/2025,7:00 pm,Joseph,Jacobs,joseph.jacobs52@example.com,2538476691,04/08/2026 06:43 pm,Online,Paid,1,0,$35.00,$0.00,$0.00,$0.00,$1.40,$0.00,$0.00,$0.00,$36.40,$0.00,$0.00,$0.00,$0.00,$35.00,$35.00,$0.00,,,,$0.00,$0.00,$0.00,$0.00,Stripe,Yes,,Completed,Online,1,f02aeb0c-6407-4fee-9881-836e0b7e51dd
RAA1187,Raaz Mid-Sem Cruise,11/04/2025,7:00 pm,Sabrina,Phillips,sabrina.phillips29@example.com,7286174685,12/08/2026 07:39 pm,Online,Paid,1,0,$35.00,$0.00,$0.00,$0.00,$1.40,$0.00,$0.00,$0.00,$36.40,$0.00,$0.00,$0.00,$0.00,$35.00,$35.00,$0.00,,,,$0.00,$0.00,$0.00,$0.00,Stripe,No,,Completed,Online,1,afb6b357-f641-4b77-8845-fd6bf7517a85
RAA1188,Raaz Mid-Sem Cruise,11/04/2025,7:00 pm,Holly,Blair,holly.blair96@example.com,6116628660,25/07/2026 12:26 pm,Manual,Refunded,0,3,$0.00,$0.00,$0.00,$0.00,$0.00,$0.00,$0.00,$0.00,$0.00,$0.00,$0.00,$0.00,$0.00,$0.00,$0.00,$0.00,,,,$0.00,$0.00,$0.00,$0.00,Stripe,No,,Completed,Manual,3,ced36e66-4523-4269-a0a2-2ec985a7e996
RAA1189,Raaz Mid-Sem Cruise,11/04/2025,7:00 pm,Michael,Williams,michael.williams22@example.com,7016562774,16/08/2026 02:48 am,Online,Paid,3,0,$105.00,$0.00,$0.00,$0.00,$4.20,$0.00,$0.00,$0.00,$109.20,$0.00,$0.00,$0.00,$0.00,$105.00,$105.00,$0.00,,,,$0.00,$0.00,$0.00,$0.00,Stripe,No,,Completed,Online,3,ef4c37d0-d265-47fd-9d2a-0d67e597b225
RAA1190,Raaz Mid-Sem Cruise,11/04/2025,7:00 pm,Andrew,Hernandez,andrew.hernandez43@example.com,3125242352,29/07/2026 07:13 pm,Online,Paid,1,0,$35.00,$0.00,$0.00,$0.00,$1.40,$0.00,$0.00,$0.00,$36.40,$0.00,$0.00,$0.00,$0.00,$35.00,$35.00,$0.00,,,,$0.00,$0.00,$0.00,$0.00,Stripe,Yes,,Completed,Online,1,bec0807e-522e-4656-8560-2eef002d111d
RAA1191,Raaz Mid-Sem Cruise,11/04/2025,7:00 pm,Laura,Perez,laura.perez35@example.com,9617215052,12/08/2026 01:10 am,Online,Paid,2,0,$70.00,$0.00,$0.00,$0.00,$2.80,$0.00,$0.00,$0.00,$72.80,$0.00,$0.00,$0.00,$0.00,$70.00,$70.00,$0.00,,,,$0.00,$0.00,$0.00,$0.00,Stripe,No,,Completed,Online,2,1670aa16-c47d-42f0-b2ff-f51f5498e46f
RAA1192,Raaz Mid-Sem Cruise,11/04/2025,7:00 pm,Frank,Owens,frank.owens31@example.com,8456059934,17/07/2026 06:10 pm,Manual,Paid,1,0,$35.00,$0.00,$0.00,$0.00,$1.40,$0.00,$0.00,$0.00,$36.40,$0.00,$0.00,$0.00,$0.00,$35.00,$35.00,$0.00,,,,$0.00,$0.00,$0.00,$0.00,Stripe,No,,Completed,Manual,1,b60b299a-b7c3-4b3f-b9c1-035c207ae784
RAA1193,Raaz Mid-Sem Cruise,11/04/2025,7:00 pm,James,Wilkerson,james.wilkerson81@example.com,2944314140,15/07/2026 05:28 am,Online,Paid,3,0,$105.00,$0.00,$0.00,$0.00,$4.20,$0.00,$0.00,$0.00,$109.20,$0.00,$0.00,$0.00,$0.00,$105.00,$105.00,$0.00,,,,$0.00,$0.00,$0.00,$0.00,Stripe,Yes,,Completed,Online,3,e82ccfd9-b1d5-4ea5-83e6-b71f38f230b1
RAA1194,Raaz Mid-Sem Cruise,11/04/2025,7:00 pm,Taylor,Alexander,taylor.alexander53@example.com,7798240211,10/08/2026 02:56 pm,Online,Paid,2,0,$70.00,$0.00,$0.00,$0.00,$2.80,$0.00,$0.00,$0.00,$72.80,$0.00,$0.00,$0.00,$0.00,$70.00,$70.00,$0.00,,,,$0.00,$0.00,$0.00,$0.00,Stripe,No,,Completed,Online,2,7df95cb3-378e-445a-97bd-1f603a63d868
RAA1195,Raaz Mid-Sem Cruise,11/04/2025,7:00 pm,Steven,Vargas,steven.vargas60@example.com,8100962426,03/08/2026 04:40 pm,Online,Paid,1,0,$35.00,$0.00,$0.00,$0.00,$1.40,$0.00,$0.00,$0.00,$36.40,$0.00,$0.00,$0.00,$0.00,$35.00,$35.00,$0.00,,,,$0.00,$0.00,$0.00,$0.00,Stripe,No,,Completed,Online,1,ce37626d-c13b-4b6a-9dd6-5ae9c5b92e88
RAA1196,Raaz Mid-Sem Cruise,11/04/2025,7:00 pm,Sean,Padilla,sean.padilla71@example.com,5587745263,27/07/2026 09:10 am,Online,Paid,1,0,$35.00,$0.00,$0.00,$0.00,$1.40,$0.00,$0.00,$0.00,$36.40,$0.00,$0.00,$0.00,$0.00,$35.00,$35.00,$0.00,,,,$0.00,$0.00,$0.00,$0.00,Stripe,No,,Completed,Online,1,320727ab-24c9-4c0e-887e-e883f34a26e4
RAA1197,Raaz Mid-Sem Cruise,11/04/2025,7:00 pm,Charles,Brown,charles.brown97@example.com,2544225351,08/08/2026 02:51 pm,Online,Paid,2,0,$70.00,$0.00,$0.00,$0.00,$2.80,$0.00,$0.00,$0.00,$72.80,$0.00,$0.00,$0.00,$0.00,$70.00,$70.00,$0.00,,,,$0.00,$0.00,$0.00,$0.00,Stripe,Yes,,Completed,Online,2,2fc2cda8-c1d9-41f3-8e9e-053aadf7dcd2
RAA1198,Raaz Mid-Sem Cruise,11/04/2025,7:00 pm,Gabriel,Taylor,gabriel.taylor50@example.com,0345538828,31/07/2026 11:55 pm,Online,Paid,1,0,$35.00,$0.00,$0.00,$0.00,$1.40,$0.00,$0.00,$0.00,$36.40,$0.00,$0.00,$0.00,$0.00,$35.00,$35.00,$0.00,,,,$0.00,$0.00,$0.00,$0.00,Stripe,Yes,,Completed,Online,1,658ecb2a-70fe-4439-8312-27ecfcacc795
RAA1199,Raaz Mid-Sem Cruise,11/04/2025,7:00 pm,Matthew,Chapman,matthew.chapman49@example.com,6082887458,28/07/2026 08:22 pm,Manual,Paid,2,0,$70.00,$0.00,$0.00,$0.00,$2.80,$0.00,$0.00,$0.00,$72.80,$0.00,$0.00,$0.00,$0.00,$70.00,$70.00,$0.00,,,,$0.00,$0.00,$0.00,$0.00,Stripe,Yes,,Completed,Manual,2,503b5f3f-78fe-4e7f-a032-61c30e3cd23f
RAA1200,Raaz Mid-Sem Cruise,11/04/2025,7:00 pm,Reginald,Goodwin,reginald.goodwin53@example.com,6859315262,18/07/2026 12:07 pm,Online,Paid,1,0,$35.00,$0.00,$0.00,$0.00,$1.40,$0.00,$0.00,$0.00,$36.40,$0.00,$0.00,$0.00,$0.00,$35.00,$35.00,$0.00,,,,$0.00,$0.00,$0.00,$0.00,Stripe,No,,Completed,Online,1,e602a5e4-b63d-4413-8ba8-221cd765cbd2
RAA1201,Raaz Mid-Sem Cruise,11/04/2025,7:00 pm,Amy,Morris,amy.morris3@example.com,4301061445,16/08/2026 02:11 am,Manual,Paid,2,0,$70.00,$0.00,$0.00,$0.00,$2.80,$0.00,$0.00,$0.00,$72.80,$0.00,$0.00,$0.00,$0.00,$70.00,$70.00,$0.00,,,,$0.00,$0.00,$0.00,$0.00,Stripe,Yes,,Completed,Manual,2,5a3f3952-4e4e-413d-ae6e-812761c78e0d
RAA1202,Raaz Mid-Sem Cruise,11/04/2025,7:00 pm,Laura,Henderson,laura.henderson14@example.com,4331997115,07/08/2026 12:20 am,Online,Paid,4,0,$140.00,$0.00,$0.00,$0.00,$5.60,$0.00,$0.00,$0.00,$145.60,$0.00,$0.00,$0.00,$0.00,$140.00,$140.00,$0.00,,,,$0.00,$0.00,$0.00,$0.00,Stripe,No,,Completed,Online,4,94a41039-c915-4031-86d1-0e56e31d2e24
RAA1203,Raaz Mid-Sem Cruise,11/04/2025,7:00 pm,Andrew,Lee,andrew.lee99@example.com,9697010034,15/08/2026 06:56 pm,Online,Paid,1,0,$35.00,$0.00,$0.00,$0.00,$1.40,$0.00,$0.00,$0.00,$36.40,$0.00,$0.00,$0.00,$0.00,$35.00,$35.00,$0.00,,,,$0.00,$0.00,$0.00,$0.00,Stripe,No,,Completed,Online,1,5d428a45-7f0f-45c1-9982-af3b998992f8
RAA1204,Raaz Mid-Sem Cruise,11/04/2025,7:00 pm,Daniel,Martin,daniel.martin67@example.com,8618881786,08/08/2026 05:24 am,Online,Paid,3,0,$105.00,$0.00,$0.00,$0.00,$4.20,$0.00,$0.00,$0.00,$109.20,$0.00,$0.00,$0.00,$0.00,$105.00,$105.00,$0.00,,,,$0.00,$0.00,$0.00,$0.00,Stripe,Yes,,Completed,Online,3,2748433e-973c-45bb-929b-a6f85dc98246
RAA1205,Raaz Mid-Sem Cruise,11/04/2025,7:00 pm,Tanya,Riley,tanya.riley8@example.com,3763827490,29/07/2026 09:00 pm,Manual,Paid,1,0,$35.00,$0.00,$0.00,$0.00,$1.40,$0.00,$0.00,$0.00,$36.40,$0.00,$0.00,$0.00,$0.00,$35.00,$35.00,$0.00,,,,$0.00,$0.00,$0.00,$0.00,Stripe,No,,Completed,Manual,1,3aa711b5-2fab-4638-aad9-5bc429016ef3
RAA1206,Raaz Mid-Sem Cruise,11/04/2025,7:00 pm,Veronica,Torres,veronica.torres37@example.com,4807047314,13/08/2026 09:00 am,Manual,Paid,1,0,$35.00,$0.00,$0.00,$0.00,$1.40,$0.00,$0.00,$0.00,$36.40,$0.00,$0.00,$0.00,$0.00,$35.00,$35.00,$0.00,,,,$0.00,$0.00,$0.00,$0.00,Stripe,No,,Completed,Manual,1,75b787a4-4f45-4b51-b69c-617f8e3a3300
RAA1207,Raaz Mid-Sem Cruise,11/04/2025,7:00 pm,Brian,Hernandez,brian.hernandez8@example.com,4070366656,28/07/2026 07:13 pm,Online,Paid,4,0,$140.00,$0.00,$0.00,$0.00,$5.60,$0.00,$0.00,$0.00,$145.60,$0.00,$0.00,$0.00,$0.00,$140.00,$140.00,$0.00,,,,$0.00,$0.00,$0.00,$0.00,Stripe,No,,Completed,Online,4,23a5dff7-b790-4fb4-b65c-e64360ac0afb
RAA1208,Raaz Mid-Sem Cruise,11/04/2025,7:00 pm,Janet,Williams,janet.williams30@example.com,1282193868,16/07/2026 05:29 pm,Manual,Paid,2,0,$70.00,$0.00,$0.00,$0.00,$2.80,$0.00,$0.00,$0.00,$72.80,$0.00,$0.00,$0.00,$0.00,$70.00,$70.00,$0.00,,,,$0.00,$0.00,$0.00,$0.00,Stripe,No,,Completed,Manual,2,70bbb114-c336-48f3-82f7-814fca465dac
RAA1209,Raaz Mid-Sem Cruise,11/04/2025,7:00 pm,Anita,Mullen,anita.mullen60@example.com,3933045969,15/07/2026 02:55 pm,Online,Refunded,0,2,$0.00,$0.00,$0.00,$0.00,$0.00,$0.00,$0.00,$0.00,$0.00,$0.00,$0.00,$0.00,$0.00,$0.00,$0.00,$0.00,,,,$0.00,$0.00,$0.00,$0.00,Stripe,No,,Completed,Online,2,65a7dc37-f774-4fd7-a8fe-781266a0826e
RAA1210,Raaz Mid-Sem Cruise,11/04/2025,7:00 pm,Sharon,Collins,sharon.collins10@example.com,8531234435,11/07/2026 04:11 pm,Manual,Paid,1,0,$35.00,$0.00,$0.00,$0.00,$1.40,$0.00,$0.00,$0.00,$36.40,$0.00,$0.00,$0.00,$0.00,$35.00,$35.00,$0.00,,,,$0.00,$0.00,$0.00,$0.00,Stripe,No,,Completed,Manual,1,1771490a-8ffa-4d2b-bfea-1eeae0d70d92
RAA1211,Raaz Mid-Sem Cruise,11/04/2025,7:00 pm,Sharon,Collins,sharon.collins10@example.com,6512421063,14/07/2026 07:04 pm,Manual,Paid,1,0,$35.00,$0.00,$0.00,$0.00,$1.40,$0.00,$0.00,$0.00,$36.40,$0.00,$0.00,$0.00,$0.00,$35.00,$35.00,$0.00,,,,$0.00,$0.00,$0.00,$0.00,Stripe,No,,Completed,Manual,1,04dbae9f-b520-4288-81d4-11d4794d8f22
RAA1212,Raaz Mid-Sem Cruise,11/04/2025,7:00 pm,Debra,Gardner,debra.gardner18@example.com,6481165955,22/07/2026 09:05 am,Manual,Paid,4,0,$140.00,$0.00,$0.00,$0.00,$5.60,$0.00,$0.00,$0.00,$145.60,$0.00,$0.00,$0.00,$0.00,$140.00,$140.00,$0.00,,,,$0.00,$0.00,$0.00,$0.00,Stripe,No,,Completed,Manual,4,12c09c2f-2abb-4375-820c-e05bee9ae203
RAA1213,Raaz Mid-Sem Cruise,11/04/2025,7:00 pm,Julie,Phillips,julie.phillips80@example.com,9313636597,03/08/2026 04:37 pm,Online,Paid,4,0,$140.00,$0.00,$0.00,$0.00,$5.60,$0.00,$0.00,$0.00,$145.60,$0.00,$0.00,$0.00,$0.00,$140.00,$140.00,$0.00,,,,$0.00,$0.00,$0.00,$0.00,Stripe,No,,Completed,Online,4,7e0c04e3-8508-4146-ad7b-c36976124039
RAA1214,Raaz Mid-Sem Cruise,11/04/2025,7:00 pm,Hailey,Johnson,hailey.johnson16@example.com,9358613417,28/07/2026 11:34 pm,Online,Paid,2,0,$70.00,$0.00,$0.00,$0.00,$2.80,$0.00,$0.00,$0.00,$72.80,$0.00,$0.00,$0.00,$0.00,$70.00,$70.00,$0.00,,,,$0.00,$0.00,$0.00,$0.00,Stripe,Yes,,Completed,Online,2,c6410765-3855-464e-9896-788895b70a31
RAA1215,Raaz Mid-Sem Cruise,11/04/2025,7:00 pm,Corey,Schultz,corey.schultz39@example.com,8842672339,11/08/2026 03:44 am,Manual,Paid,4,0,$140.00,$0.00,$0.00,$0.00,$5.60,$0.00,$0.00,$0.00,$145.60,$0.00,$0.00,$0.00,$0.00,$140.00,$140.00,$0.00,,,,$0.00,$0.00,$0.00,$0.00,Stripe,Yes,,Completed,Manual,4,5d0280d2-1d6f-4d42-a7f2-6386d97a7657
RAA1216,Raaz Mid-Sem Cruise,11/04/2025,7:00 pm,Molly,Gomez,molly.gomez1@example.com,1113915480,13/08/2026 04:16 am,Manual,Paid,1,0,$35.00,$0.00,$0.00,$0.00,$1.40,$0.00,$0.00,$0.00,$36.40,$0.00,$0.00,$0.00,$0.00,$35.00,$35.00,$0.00,,,,$0.00,$0.00,$0.00,$0.00,Stripe,No,,Completed,Manual,1,f8c93397-69a6-45f6-b2e5-307dbfd79d5f
RAA1217,Raaz Mid-Sem Cruise,11/04/2025,7:00 pm,Joshua,Taylor,joshua.taylor18@example.com,1499010861,20/07/2026 04:51 am,Manual,Paid,1,0,$35.00,$0.00,$0.00,$0.00,$1.40,$0.00,$0.00,$0.00,$36.40,$0.00,$0.00,$0.00,$0.00,$35.00,$35.00,$0.00,,,,$0.00,$0.00,$0.00,$0.00,Stripe,No,,Completed,Manual,1,4fd67609-04bf-42a2-9b08-9bb1b43baf97
RAA1218,Raaz Mid-Sem Cruise,11/04/2025,7:00 pm,Daniel,Smith,daniel.smith60@example.com,5738067996,12/08/2026 03:20 am,Manual,Paid,1,0,$35.00,$0.00,$0.00,$0.00,$1.40,$0.00,$0.00,$0.00,$36.40,$0.00,$0.00,$0.00,$0.00,$35.00,$35.00,$0.00,,,,$0.00,$0.00,$0.00,$0.00,Stripe,No,,Completed,Manual,1,095c97fd-fa51-44d5-ae77-420b73bc35a3
RAA1219,Raaz Mid-Sem Cruise,11/04/2025,7:00 pm,David,Parker,david.parker58@example.com,1023726432,02/08/2026 04:28 am,Online,Paid,1,0,$35.00,$0.00,$0.00,$0.00,$1.40,$0.00,$0.00,$0.00,$36.40,$0.00,$0.00,$0.00,$0.00,$35.00,$35.00,$0.00,,,,$0.00,$0.00,$0.00,$0.00,Stripe,No,,Completed,Online,1,90df1628-914f-43b4-a30f-6963cc667991
RAA1220,Raaz Mid-Sem Cruise,11/04/2025,7:00 pm,Christopher,Parker,christopher.parker83@example.com,4597155793,27/07/2026 12:33 pm,Online,Paid,1,0,$35.00,$0.00,$0.00,$0.00,$1.40,$0.00,$0.00,$0.00,$36.40,$0.00,$0.00,$0.00,$0.00,$35.00,$35.00,$0.00,,,,$0.00,$0.00,$0.00,$0.00,Stripe,No,,Completed,Online,1,ae690e2b-1d9a-46fd-9e58-f6e601d2289d
RAA1221,Raaz Mid-Sem Cruise,11/04/2025,7:00 pm,Michael,Stephens,michael.stephens6@example.com,7732609685,23/07/2026 11:58 am,Manual,Paid,2,0,$70.00,$0.00,$0.00,$0.00,$2.80,$0.00,$0.00,$0.00,$72.80,$0.00,$0.00,$0.00,$0.00,$70.00,$70.00,$0.00,,,,$0.00,$0.00,$0.00,$0.00,Stripe,No,,Completed,Manual,2,a40eced3-de13-4a80-8939-f74ab01796d2
RAA1222,Raaz Mid-Sem Cruise,11/04/2025,7:00 pm,Troy,Sanchez,troy.sanchez11@example.com,1085973586,06/08/2026 04:31 am,Online,Paid,1,0,$35.00,$0.00,$0.00,$0.00,$1.40,$0.00,$0.00,$0.00,$36.40,$0.00,$0.00,$0.00,$0.00,$35.00,$35.00,$0.00,,,,$0.00,$0.00,$0.00,$0.00,Stripe,Yes,,Completed,Online,1,b2657ced-f2ea-4100-b668-e63fd44b843c
RAA1223,Raaz Mid-Sem Cruise,11/04/2025,7:00 pm,Nathan,Mckee,nathan.mckee6@example.com,4470263276,15/08/2026 03:00 am,Online,Paid,3,0,$105.00,$0.00,$0.00,$0.00,$4.20,$0.00,$0.00,$0.00,$109.20,$0.00,$0.00,$0.00,$0.00,$105.00,$105.00,$0.00,,,,$0.00,$0.00,$0.00,$0.00,Stripe,No,,Completed,Online,3,df335e9a-cef8-4c01-a4ca-0dbb9832fcdc
RAA1224,Raaz Mid-Sem Cruise,11/04/2025,7:00 pm,Natalie,Arroyo,natalie.arroyo74@example.com,8766949471,10/08/2026 01:12 pm,Online,Paid,2,0,$70.00,$0.00,$0.00,$0.00,$2.80,$0.00,$0.00,$0.00,$72.80,$0.00,$0.00,$0.00,$0.00,$70.00,$70.00,$0.00,,,,$0.00,$0.00,$0.00,$0.00,Stripe,No,,Completed,Online,2,e8394e03-717f-4b70-9a8a-094c466b654d
RAA1225,Raaz Mid-Sem Cruise,11/04/2025,7:00 pm,Daniel,Torres,daniel.torres12@example.com,0240537729,20/07/2026 06:22 am,Online,Paid,1,0,$35.00,$0.00,$0.00,$0.00,$1.40,$0.00,$0.00,$0.00,$36.40,$0.00,$0.00,$0.00,$0.00,$35.00,$35.00,$0.00,,,,$0.00,$0.00,$0.00,$0.00,Stripe,Yes,,Completed,Online,1,86332bd3-bf7f-4d0d-94ed-8b02ade1c273
RAA1226,Raaz Mid-Sem Cruise,11/04/2025,7:00 pm,John,Fischer,john.fischer48@example.com,3945037548,03/08/2026 05:50 am,Online,Paid,1,0,$35.00,$0.00,$0.00,$0.00,$1.40,$0.00,$0.00,$0.00,$36.40,$0.00,$0.00,$0.00,$0.00,$35.00,$35.00,$0.00,,,,$0.00,$0.00,$0.00,$0.00,Stripe,No,,Completed,Online,1,88376d40-3ac5-4c2a-9fe5-9f2501ddd910
RAA1227,Raaz Mid-Sem Cruise,11/04/2025,7:00 pm,Lindsay,Blair,lindsay.blair55@example.com,6932913696,18/07/2026 07:54 pm,Online,Paid,3,0,$105.00,$0.00,$0.00,$0.00,$4.20,$0.00,$0.00,$0.00,$109.20,$0.00,$0.00,$0.00,$0.00,$105.00,$105.00,$0.00,,,,$0.00,$0.00,$0.00,$0.00,Stripe,Yes,,Completed,Online,3,cfb96160-46d5-4102-ab36-b206b2562cfc
RAA1228,Raaz Mid-Sem Cruise,11/04/2025,7:00 pm,Victor,Bradley,victor.bradley46@example.com,3730415063,09/08/2026 08:38 pm,Online,Paid,1,0,$35.00,$0.00,$0.00,$0.00,$1.40,$0.00,$0.00,$0.00,$36.40,$0.00,$0.00,$0.00,$0.00,$35.00,$35.00,$0.00,,,,$0.00,$0.00,$0.00,$0.00,Stripe,No,,Completed,Online,1,cd5ab971-0bbf-4b19-9a75-c92850711ea9
RAA1229,Raaz Mid-Sem Cruise,11/04/2025,7:00 pm,Julia,Moore,julia.moore46@example.com,6583879633,08/08/2026 04:40 am,Manual,Paid,1,0,$35.00,$0.00,$0.00,$0.00,$1.40,$0.00,$0.00,$0.00,$36.40,$0.00,$0.00,$0.00,$0.00,$35.00,$35.00,$0.00,,,,$0.00,$0.00,$0.00,$0.00,Stripe,Yes,,Completed,Manual,1,4437e4d3-6d52-425c-a5d0-e64a47f84f47
RAA1230,Raaz Mid-Sem Cruise,11/04/2025,7:00 pm,Travis,Martinez,travis.martinez87@example.com,6033273997,06/08/2026 09:12 am,Online,Paid,3,0,$105.00,$0.00,$0.00,$0.00,$4.20,$0.00,$0.00,$0.00,$109.20,$0.00,$0.00,$0.00,$0.00,$105.00,$105.00,$0.00,,,,$0.00,$0.00,$0.00,$0.00,Stripe,Yes,,Completed,Online,3,0dbe592f-c855-4334-a589-f9f3983a0480
RAA1231,Raaz Mid-Sem Cruise,11/04/2025,7:00 pm,Ronald,Stephens,ronald.stephens75@example.com,1010276078,07/08/2026 01:10 am,Manual,Paid,4,0,$140.00,$0.00,$0.00,$0.00,$5.60,$0.00,$0.00,$0.00,$145.60,$0.00,$0.00,$0.00,$0.00,$140.00,$140.00,$0.00,,,,$0.00,$0.00,$0.00,$0.00,Stripe,No,,Completed,Manual,4,fa0c7fb4-4c8d-45ce-a449-155b1d6fa2e4
RAA1232,Raaz Mid-Sem Cruise,11/04/2025,7:00 pm,Andrea,Reyes,andrea.reyes17@example.com,7973833061,30/07/2026 02:25 pm,Online,Paid,2,0,$70.00,$0.00,$0.00,$0.00,$2.80,$0.00,$0.00,$0.00,$72.80,$0.00,$0.00,$0.00,$0.00,$70.00,$70.00,$0.00,,,,$0.00,$0.00,$0.00,$0.00,Stripe,No,,Completed,Online,2,dcb9dc82-727a-4c6c-9249-5f4be3b2c3ab
RAA1233,Raaz Mid-Sem Cruise,11/04/2025,7:00 pm,Matthew,Gomez,matthew.gomez82@example.com,7893505260,04/08/2026 11:10 pm,Online,Refunded,0,1,$0.00,$0.00,$0.00,$0.00,$0.00,$0.00,$0.00,$0.00,$0.00,$0.00,$0.00,$0.00,$0.00,$0.00,$0.00,$0.00,,,,$0.00,$0.00,$0.00,$0.00,Stripe,Yes,,Completed,Online,1,8721a8ce-dc57-49c8-a74a-f7ebb9e83055
RAA1234,Raaz Mid-Sem Cruise,11/04/2025,7:00 pm,Maria,Rodgers,maria.rodgers81@example.com,7071812923,28/07/2026 06:04 pm,Online,Paid,2,0,$70.00,$0.00,$0.00,$0.00,$2.80,$0.00,$0.00,$0.00,$72.80,$0.00,$0.00,$0.00,$0.00,$70.00,$70.00,$0.00,,,,$0.00,$0.00,$0.00,$0.00,Stripe,No,,Completed,Online,2,3006c430-209b-4693-9c1b-06a191ea8f49
RAA1235,Raaz Mid-Sem Cruise,11/04/2025,7:00 pm,Michael,Green,michael.green39@example.com,5998413376,29/07/2026 02:18 pm,Online,Paid,1,0,$35.00,$0.00,$0.00,$0.00,$1.40,$0.00,$0.00,$0.00,$36.40,$0.00,$0.00,$0.00,$0.00,$35.00,$35.00,$0.00,,,,$0.00,$0.00,$0.00,$0.00,Stripe,No,,Completed,Online,1,8149459c-b184-4535-aaaa-a624559f923f
RAA1236,Raaz Mid-Sem Cruise,11/04/2025,7:00 pm,Cameron,Hill,cameron.hill9@example.com,7910651064,09/08/2026 06:29 pm,Online,Paid,3,0,$105.00,$0.00,$0.00,$0.00,$4.20,$0.00,$0.00,$0.00,$109.20,$0.00,$0.00,$0.00,$0.00,$105.00,$105.00,$0.00,,,,$0.00,$0.00,$0.00,$0.00,Stripe,Yes,,Completed,Online,3,3479e48e-8718-45a3-b47f-61e7f732bc85
RAA1237,Raaz Mid-Sem Cruise,11/04/2025,7:00 pm,Joseph,Davidson,joseph.davidson78@example.com,7848303485,09/08/2026 02:26 am,Online,Paid,1,0,$35.00,$0.00,$0.00,$0.00,$1.40,$0.00,$0.00,$0.00,$36.40,$0.00,$0.00,$0.00,$0.00,$35.00,$35.00,$0.00,,,,$0.00,$0.00,$0.00,$0.00,Stripe,Yes,,Completed,Online,1,a8f171d5-541c-488e-9db6-b4a8ee009844
RAA1238,Raaz Mid-Sem Cruise,11/04/2025,7:00 pm,Jeffrey,Bradford,jeffrey.bradford54@example.com,4492728090,21/07/2026 12:20 pm,Manual,Paid,2,0,$70.00,$0.00,$0.00,$0.00,$2.80,$0.00,$0.00,$0.00,$72.80,$0.00,$0.00,$0.00,$0.00,$70.00,$70.00,$0.00,,,,$0.00,$0.00,$0.00,$0.00,Stripe,Yes,,Completed,Manual,2,818c7f71-d1b4-484d-9e7f-a11b8dd84107
RAA1239,Raaz Mid-Sem Cruise,11/04/2025,7:00 pm,Holly,Wang,holly.wang31@example.com,4316785984,19/07/2026 10:59 pm,Online,Paid,4,0,$140.00,$0.00,$0.00,$0.00,$5.60,$0.00,$0.00,$0.00,$145.60,$0.00,$0.00,$0.00,$0.00,$140.00,$140.00,$0.00,,,,$0.00,$0.00,$0.00,$0.00,Stripe,Yes,,Completed,Online,4,9291b76d-a8b3-415d-8fdd-267e8d02ecf7
RAA1240,Raaz Mid-Sem Cruise,11/04/2025,7:00 pm,Joy,Wilson,joy.wilson82@example.com,0320756052,14/08/2026 01:08 pm,Online,Paid,3,0,$105.00,$0.00,$0.00,$0.00,$4.20,$0.00,$0.00,$0.00,$109.20,$0.00,$0.00,$0.00,$0.00,$105.00,$105.00,$0.00,,,,$0.00,$0.00,$0.00,$0.00,Stripe,Yes,,Completed,Online,3,be437af5-1fcb-4f4f-8dd8-84f1c7ff3521
RAA1241,Raaz Mid-Sem Cruise,11/04/2025,7:00 pm,Sara,Little,sara.little4@example.com,0299966330,24/07/2026 12:16 pm,Online,Paid,2,0,$70.00,$0.00,$0.00,$0.00,$2.80,$0.00,$0.00,$0.00,$72.80,$0.00,$0.00,$0.00,$0.00,$70.00,$70.00,$0.00,,,,$0.00,$0.00,$0.00,$0.00,Stripe,No,,Completed,Online,2,6648f283-f6de-4f5c-9985-084a5bb412ae
RAA1242,Raaz Mid-Sem Cruise,11/04/2025,7:00 pm,Albert,Dominguez,albert.dominguez85@example.com,3079915402,24/07/2026 03:52 am,Manual,Paid,1,0,$35.00,$0.00,$0.00,$0.00,$1.40,$0.00,$0.00,$0.00,$36.40,$0.00,$0.00,$0.00,$0.00,$35.00,$35.00,$0.00,,,,$0.00,$0.00,$0.00,$0.00,Stripe,Yes,,Completed,Manual,1,ddcb32bb-255e-41b2-9e12-d7940697f23e
RAA1243,Raaz Mid-Sem Cruise,11/04/2025,7:00 pm,Joshua,Medina,joshua.medina60@example.com,3185004231,17/08/2026 10:06 am,Online,Paid,1,0,$35.00,$0.00,$0.00,$0.00,$1.40,$0.00,$0.00,$0.00,$36.40,$0.00,$0.00,$0.00,$0.00,$35.00,$35.00,$0.00,,,,$0.00,$0.00,$0.00,$0.00,Stripe,Yes,,Completed,Online,1,dab4f0f9-b15f-497d-bf28-68c3c210735d
RAA1244,Raaz Mid-Sem Cruise,11/04/2025,7:00 pm,Richard,Oliver,richard.oliver77@example.com,0481093054,25/07/2026 09:42 am,Online,Paid,1,0,$35.00,$0.00,$0.00,$0.00,$1.40,$0.00,$0.00,$0.00,$36.40,$0.00,$0.00,$0.00,$0.00,$35.00,$35.00,$0.00,,,,$0.00,$0.00,$0.00,$0.00,Stripe,No,,Completed,Online,1,5be1e450-8426-47d2-aa4b-ea0237af0808
RAA1245,Raaz Mid-Sem Cruise,11/04/2025,7:00 pm,Tyler,Compton,tyler.compton82@example.com,9739824553,27/07/2026 04:53 pm,Online,Paid,2,0,$70.00,$0.00,$0.00,$0.00,$2.80,$0.00,$0.00,$0.00,$72.80,$0.00,$0.00,$0.00,$0.00,$70.00,$70.00,$0.00,,,,$0.00,$0.00,$0.00,$0.00,Stripe,No,,Completed,Online,2,2824f71e-8929-45f6-95ab-577ddba748a7
RAA1246,Raaz Mid-Sem Cruise,11/04/2025,7:00 pm,Monique,Wallace,monique.wallace85@example.com,8264295185,29/07/2026 08:43 am,Online,Paid,2,0,$70.00,$0.00,$0.00,$0.00,$2.80,$0.00,$0.00,$0.00,$72.80,$0.00,$0.00,$0.00,$0.00,$70.00,$70.00,$0.00,,,,$0.00,$0.00,$0.00,$0.00,Stripe,No,,Completed,Online,2,6b36a78b-af80-4f2b-b78f-cc0da5826b3d
RAA1247,Raaz Mid-Sem Cruise,11/04/2025,7:00 pm,Brian,Hernandez,brian.hernandez8@example.com,5590308196,09/08/2026 02:16 pm,Online,Paid,1,0,$35.00,$0.00,$0.00,$0.00,$1.40,$0.00,$0.00,$0.00,$36.40,$0.00,$0.00,$0.00,$0.00,$35.00,$35.00,$0.00,,,,$0.00,$0.00,$0.00,$0.00,Stripe,No,,Completed,Online,1,74177003-8076-4cbf-bde2-c14d43057119
RAA1248,Raaz Mid-Sem Cruise,11/04/2025,7:00 pm,Keith,Adams,keith.adams18@example.com,0488491508,25/07/2026 12:40 pm,Online,Paid,3,0,$105.00,$0.00,$0.00,$0.00,$4.20,$0.00,$0.00,$0.00,$109.20,$0.00,$0.00,$0.00,$0.00,$105.00,$105.00,$0.00,,,,$0.00,$0.00,$0.00,$0.00,Stripe,Yes,,Completed,Online,3,4a5cf385-b63b-4fc8-a83f-b17549c15eb9
RAA1249,Raaz Mid-Sem Cruise,11/04/2025,7:00 pm,Stephanie,Murphy,stephanie.murphy63@example.com,0769555935,12/07/2026 12:15 am,Online,Paid,2,0,$70.00,$0.00,$0.00,$0.00,$2.80,$0.00,$0.00,$0.00,$72.80,$0.00,$0.00,$0.00,$0.00,$70.00,$70.00,$0.00,,,,$0.00,$0.00,$0.00,$0.00,Stripe,Yes,,Completed,Online,2,81fe7fe9-0fdf-4e69-9bda-818813eae5c2
RAA1250,Raaz Mid-Sem Cruise,11/04/2025,7:00 pm,Tanner,Anderson,tanner.anderson44@example.com,2775477774,08/08/2026 10:01 pm,Online,Paid,1,0,$35.00,$0.00,$0.00,$0.00,$1.40,$0.00,$0.00,$0.00,$36.40,$0.00,$0.00,$0.00,$0.00,$35.00,$35.00,$0.00,,,,$0.00,$0.00,$0.00,$0.00,Stripe,No,,Completed,Online,1,b54211a4-e11f-4efd-88ab-d32e5eb4360a
RAA1251,Raaz Mid-Sem Cruise,11/04/2025,7:00 pm,Amanda,Gill,amanda.gill10@example.com,8724937979,14/07/2026 11:45 pm,Online,Paid,1,0,$35.00,$0.00,$0.00,$0.00,$1.40,$0.00,$0.00,$0.00,$36.40,$0.00,$0.00,$0.00,$0.00,$35.00,$35.00,$0.00,,,,$0.00,$0.00,$0.00,$0.00,Stripe,Yes,,Completed,Online,1,dfc9550d-48f7-407a-b5f0-18e40fe75f7e
RAA1252,Raaz Mid-Sem Cruise,11/04/2025,7:00 pm,Daniel,Yu,daniel.yu13@example.com,9484967416,23/07/2026 07:33 am,Online,Paid,1,0,$35.00,$0.00,$0.00,$0.00,$1.40,$0.00,$0.00,$0.00,$36.40,$0.00,$0.00,$0.00,$0.00,$35.00,$35.00,$0.00,,,,$0.00,$0.00,$0.00,$0.00,Stripe,Yes,,Completed,Online,1,c9c067a7-5746-49fc-904a-b3a5ad80a85c
RAA1253,Raaz Mid-Sem Cruise,11/04/2025,7:00 pm,Jessica,Rodriguez,jessica.rodriguez37@example.com,1255935027,26/07/2026 08:35 pm,Online,Paid,1,0,$35.00,$0.00,$0.00,$0.00,$1.40,$0.00,$0.00,$0.00,$36.40,$0.00,$0.00,$0.00,$0.00,$35.00,$35.00,$0.00,,,,$0.00,$0.00,$0.00,$0.00,Stripe,No,,Completed,Online,1,0554903e-ca8e-4d1c-bbf6-fe159fc2bdda
RAA1254,Raaz Mid-Sem Cruise,11/04/2025,7:00 pm,Edward,Murphy,edward.murphy96@example.com,2272765314,25/07/2026 01:22 am,Online,Paid,2,0,$70.00,$0.00,$0.00,$0.00,$2.80,$0.00,$0.00,$0.00,$72.80,$0.00,$0.00,$0.00,$0.00,$70.00,$70.00,$0.00,,,,$0.00,$0.00,$0.00,$0.00,Stripe,No,,Completed,Online,2,e809f6e6-7f16-449a-9a6c-8efc46bbed34
RAA1255,Raaz Mid-Sem Cruise,11/04/2025,7:00 pm,Sandra,Romero,sandra.romero86@example.com,0545583455,15/08/2026 03:15 pm,Online,Paid,1,0,$35.00,$0.00,$0.00,$0.00,$1.40,$0.00,$0.00,$0.00,$36.40,$0.00,$0.00,$0.00,$0.00,$35.00,$35.00,$0.00,,,,$0.00,$0.00,$0.00,$0.00,Stripe,No,,Completed,Online,1,2ff5577e-cd29-4e77-af65-6edeec73270b
RAA1256,Raaz Mid-Sem Cruise,11/04/2025,7:00 pm,Anthony,Williams,anthony.williams70@example.com,8335766808,16/08/2026 06:42 pm,Online,Paid,1,0,$35.00,$0.00,$0.00,$0.00,$1.40,$0.00,$0.00,$0.00,$36.40,$0.00,$0.00,$0.00,$0.00,$35.00,$35.00,$0.00,,,,$0.00,$0.00,$0.00,$0.00,Stripe,Yes,,Completed,Online,1,be6adc96-cdb4-44d7-bd0f-257b4d308f31
RAA1257,Raaz Mid-Sem Cruise,11/04/2025,7:00 pm,Debra,Christian,debra.christian91@example.com,8604317155,02/08/2026 01:11 am,Online,Paid,4,0,$140.00,$0.00,$0.00,$0.00,$5.60,$0.00,$0.00,$0.00,$145.60,$0.00,$0.00,$0.00,$0.00,$140.00,$140.00,$0.00,,,,$0.00,$0.00,$0.00,$0.00,Stripe,No,,Completed,Online,4,a030f865-17ee-413d-a89e-f665c415dec4
RAA1258,Raaz Mid-Sem Cruise,11/04/2025,7:00 pm,Diane,Walker,diane.walker78@example.com,9336860931,07/08/2026 10:02 am,Online,Paid,3,0,$105.00,$0.00,$0.00,$0.00,$4.20,$0.00,$0.00,$0.00,$109.20,$0.00,$0.00,$0.00,$0.00,$105.00,$105.00,$0.00,,,,$0.00,$0.00,$0.00,$0.00,Stripe,No,,Completed,Online,3,e2236d87-f6a9-48dd-b4a6-6aae93649895
RAA1259,Raaz Mid-Sem Cruise,11/04/2025,7:00 pm,Deborah,Williams,deborah.williams21@example.com,0105583911,30/07/2026 02:20 pm,Manual,Paid,1,0,$35.00,$0.00,$0.00,$0.00,$1.40,$0.00,$0.00,$0.00,$36.40,$0.00,$0.00,$0.00,$0.00,$35.00,$35.00,$0.00,,,,$0.00,$0.00,$0.00,$0.00,Stripe,No,,Completed,Manual,1,67e8e184-2969-439f-8b30-9c1b2c579797
RAA1260,Raaz Mid-Sem Cruise,11/04/2025,7:00 pm,Katie,Anderson,katie.anderson89@example.com,9333963790,21/07/2026 12:36 pm,Online,Paid,4,0,$140.00,$0.00,$0.00,$0.00,$5.60,$0.00,$0.00,$0.00,$145.60,$0.00,$0.00,$0.00,$0.00,$140.00,$140.00,$0.00,,,,$0.00,$0.00,$0.00,$0.00,Stripe,No,,Completed,Online,4,729263c7-a2e3-4859-8f7d-fe908b188a3d
RAA1261,Raaz Mid-Sem Cruise,11/04/2025,7:00 pm,Kristina,Hunter,kristina.hunter63@example.com,8893844781,30/07/2026 03:22 pm,Online,Paid,4,0,$140.00,$0.00,$0.00,$0.00,$5.60,$0.00,$0.00,$0.00,$145.60,$0.00,$0.00,$0.00,$0.00,$140.00,$140.00,$0.00,,,,$0.00,$0.00,$0.00,$0.00,Stripe,Yes,,Completed,Online,4,e1c8cc3e-bf6b-4fd7-bf9b-754c677862ae
RAA1262,Raaz Mid-Sem Cruise,11/04/2025,7:00 pm,Mary,Stephenson,mary.stephenson19@example.com,0834812426,21/07/2026 01:18 am,Online,Paid,1,0,$35.00,$0.00,$0.00,$0.00,$1.40,$0.00,$0.00,$0.00,$36.40,$0.00,$0.00,$0.00,$0.00,$35.00,$35.00,$0.00,,,,$0.00,$0.00,$0.00,$0.00,Stripe,Yes,,Completed,Online,1,d0f0a71c-ba59-4af1-a61e-43aa47312c7c
RAA1263,Raaz Mid-Sem Cruise,11/04/2025,7:00 pm,Jill,Porter,jill.porter63@example.com,0478327966,26/07/2026 12:24 pm,Online,Paid,1,0,$35.00,$0.00,$0.00,$0.00,$1.40,$0.00,$0.00,$0.00,$36.40,$0.00,$0.00,$0.00,$0.00,$35.00,$35.00,$0.00,,,,$0.00,$0.00,$0.00,$0.00,Stripe,Yes,,Completed,Online,1,84ae34be-53c7-4d24-a6b5-5d4cc8eeeaad
RAA1264,Raaz Mid-Sem Cruise,11/04/2025,7:00 pm,Christopher,Hall,christopher.hall62@example.com,7449924687,14/07/2026 12:47 am,Online,Paid,2,0,$70.00,$0.00,$0.00,$0.00,$2.80,$0.00,$0.00,$0.00,$72.80,$0.00,$0.00,$0.00,$0.00,$70.00,$70.00,$0.00,,,,$0.00,$0.00,$0.00,$0.00,Stripe,Yes,,Completed,Online,2,379c2a7a-9c1f-47f1-90c1-2a2a624f4792
RAA1265,Raaz Mid-Sem Cruise,11/04/2025,7:00 pm,Tammy,Ballard,tammy.ballard70@example.com,3155664239,17/08/2026 05:40 pm,Online,Paid,2,0,$70.00,$0.00,$0.00,$0.00,$2.80,$0.00,$0.00,$0.00,$72.80,$0.00,$0.00,$0.00,$0.00,$70.00,$70.00,$0.00,,,,$0.00,$0.00,$0.00,$0.00,Stripe,No,,Completed,Online,2,cb3ebc4c-cad0-48bc-a0fc-9ea0a06933fa
RAA1266,Raaz Mid-Sem Cruise,11/04/2025,7:00 pm,Robert,Soto,robert.soto31@example.com,8964966681,02/08/2026 03:48 am,Online,Paid,2,0,$70.00,$0.00,$0.00,$0.00,$2.80,$0.00,$0.00,$0.00,$72.80,$0.00,$0.00,$0.00,$0.00,$70.00,$70.00,$0.00,,,,$0.00,$0.00,$0.00,$0.00,Stripe,No,,Completed,Online,2,c81088d8-9398-46fa-a39c-65ffd6fbf73b
RAA1267,Raaz Mid-Sem Cruise,11/04/2025,7:00 pm,Adam,Ortiz,adam.ortiz33@example.com,2468722037,10/08/2026 05:52 am,Manual,Paid,1,0,$35.00,$0.00,$0.00,$0.00,$1.40,$0.00,$0.00,$0.00,$36.40,$0.00,$0.00,$0.00,$0.00,$35.00,$35.00,$0.00,,,,$0.00,$0.00,$0.00,$0.00,Stripe,No,,Completed,Manual,1,451453cb-c606-44c1-8ed8-e6b6b4fe1eb8
RAA1268,Raaz Mid-Sem Cruise,11/04/2025,7:00 pm,Lisa,Santiago,lisa.santiago54@example.com,1386748578,12/07/2026 11:38 am,Online,Paid,3,0,$105.00,$0.00,$0.00,$0.00,$4.20,$0.00,$0.00,$0.00,$109.20,$0.00,$0.00,$0.00,$0.00,$105.00,$105.00,$0.00,,,,$0.00,$0.00,$0.00,$0.00,Stripe,No,,Completed,Online,3,9588ff3c-53ee-4077-9467-601ec9877c38
RAA1269,Raaz Mid-Sem Cruise,11/04/2025,7:00 pm,Robert,Ramirez,robert.ramirez22@example.com,7657868005,25/07/2026 10:12 am,Online,Paid,4,0,$140.00,$0.00,$0.00,$0.00,$5.60,$0.00,$0.00,$0.00,$145.60,$0.00,$0.00,$0.00,$0.00,$140.00,$140.00,$0.00,,,,$0.00,$0.00,$0.00,$0.00,Stripe,Yes,,Completed,Online,4,bfa4f6c8-a31f-40a2-a545-fa87eaa3f025
RAA1270,Raaz Mid-Sem Cruise,11/04/2025,7:00 pm,Kaitlyn,Cole,kaitlyn.cole23@example.com,4494363270,29/07/2026 02:08 am,Online,Paid,2,0,$70.00,$0.00,$0.00,$0.00,$2.80,$0.00,$0.00,$0.00,$72.80,$0.00,$0.00,$0.00,$0.00,$70.00,$70.00,$0.00,,,,$0.00,$0.00,$0.00,$0.00,Stripe,Yes,,Completed,Online,2,5ae9e8bb-6f34-423b-b64e-12e2415f46ab
RAA1271,Raaz Mid-Sem Cruise,11/04/2025,7:00 pm,Lisa,Wilson,lisa.wilson52@example.com,4200421867,17/07/2026 10:21 pm,Manual,Paid,4,0,$140.00,$0.00,$0.00,$0.00,$5.60,$0.00,$0.00,$0.00,$145.60,$0.00,$0.00,$0.00,$0.00,$140.00,$140.00,$0.00,,,,$0.00,$0.00,$0.00,$0.00,Stripe,No,,Completed,Manual,4,0cfb46d3-2325-4f28-9e60-69fedd8eb663
RAA1272,Raaz Mid-Sem Cruise,11/04/2025,7:00 pm,Erik,Murphy,erik.murphy73@example.com,9198505651,20/07/2026 03:24 am,Online,Paid,1,0,$35.00,$0.00,$0.00,$0.00,$1.40,$0.00,$0.00,$0.00,$36.40,$0.00,$0.00,$0.00,$0.00,$35.00,$35.00,$0.00,,,,$0.00,$0.00,$0.00,$0.00,Stripe,Yes,,Completed,Online,1,51cb0c3f-8c1d-440d-9a2a-ee4fe10e466b
RAA1273,Raaz Mid-Sem Cruise,11/04/2025,7:00 pm,Jeremy,Johnson,jeremy.johnson76@example.com,4322987663,12/07/2026 08:17 am,Online,Paid,1,0,$35.00,$0.00,$0.00,$0.00,$1.40,$0.00,$0.00,$0.00,$36.40,$0.00,$0.00,$0.00,$0.00,$35.00,$35.00,$0.00,,,,$0.00,$0.00,$0.00,$0.00,Stripe,No,,Completed,Online,1,c787c538-0c30-4aeb-b777-52e7b11c5f71
RAA1274,Raaz Mid-Sem Cruise,11/04/2025,7:00 pm,Dawn,Johnson,dawn.johnson33@example.com,3810608917,21/07/2026 07:05 am,Online,Paid,1,0,$35.00,$0.00,$0.00,$0.00,$1.40,$0.00,$0.00,$0.00,$36.40,$0.00,$0.00,$0.00,$0.00,$35.00,$35.00,$0.00,,,,$0.00,$0.00,$0.00,$0.00,Stripe,No,,Completed,Online,1,14de9894-9a67-4f17-a07d-269d26ae933e
RAA1275,Raaz Mid-Sem Cruise,11/04/2025,7:00 pm,Kevin,Zimmerman,kevin.zimmerman37@example.com,7496599052,31/07/2026 12:43 am,Online,Paid,2,0,$70.00,$0.00,$0.00,$0.00,$2.80,$0.00,$0.00,$0.00,$72.80,$0.00,$0.00,$0.00,$0.00,$70.00,$70.00,$0.00,,,,$0.00,$0.00,$0.00,$0.00,Stripe,No,,Completed,Online,2,6de10032-9ed4-4f56-9dcd-c9f059f1e37c
RAA1276,Raaz Mid-Sem Cruise,11/04/2025,7:00 pm,Brittney,Rice,brittney.rice11@example.com,4358304077,14/07/2026 03:22 am,Online,Paid,4,0,$140.00,$0.00,$0.00,$0.00,$5.60,$0.00,$0.00,$0.00,$145.60,$0.00,$0.00,$0.00,$0.00,$140.00,$140.00,$0.00,,,,$0.00,$0.00,$0.00,$0.00,Stripe,No,,Completed,Online,4,02c660ff-13a9-4dff-ad98-66da0a472bfb
RAA1277,Raaz Mid-Sem Cruise,11/04/2025,7:00 pm,Chelsea,Hernandez,chelsea.hernandez49@example.com,2168974537,02/08/2026 03:02 pm,Online,Paid,1,0,$35.00,$0.00,$0.00,$0.00,$1.40,$0.00,$0.00,$0.00,$36.40,$0.00,$0.00,$0.00,$0.00,$35.00,$35.00,$0.00,,,,$0.00,$0.00,$0.00,$0.00,Stripe,No,,Completed,Online,1,27adebf4-d599-44e1-b767-bc623d3ca786
RAA1278,Raaz Mid-Sem Cruise,11/04/2025,7:00 pm,Vicki,Johnson,vicki.johnson36@example.com,1927431266,12/07/2026 02:44 am,Online,Paid,2,0,$70.00,$0.00,$0.00,$0.00,$2.80,$0.00,$0.00,$0.00,$72.80,$0.00,$0.00,$0.00,$0.00,$70.00,$70.00,$0.00,,,,$0.00,$0.00,$0.00,$0.00,Stripe,No,,Completed,Online,2,38bef4c4-2cef-48bb-8b11-7f72db1bda74
RAA1279,Raaz Mid-Sem Cruise,11/04/2025,7:00 pm,Ashley,Jacobs,ashley.jacobs78@example.com,6558062475,18/07/2026 06:10 am,Online,Paid,3,0,$105.00,$0.00,$0.00,$0.00,$4.20,$0.00,$0.00,$0.00,$109.20,$0.00,$0.00,$0.00,$0.00,$105.00,$105.00,$0.00,,,,$0.00,$0.00,$0.00,$0.00,Stripe,No,,Completed,Online,3,238b67ba-f0af-490d-b4f7-95506bc5c3ad
RAA1280,Raaz Mid-Sem Cruise,11/04/2025,7:00 pm,Susan,Cowan,susan.cowan88@example.com,6702751005,14/08/2026 06:49 am,Online,Paid,1,0,$35.00,$0.00,$0.00,$0.00,$1.40,$0.00,$0.00,$0.00,$36.40,$0.00,$0.00,$0.00,$0.00,$35.00,$35.00,$0.00,,,,$0.00,$0.00,$0.00,$0.00,Stripe,No,,Completed,Online,1,00b397cf-943c-41b3-ad1f-c3ca0aaad6ae
RAA1281,Raaz Mid-Sem Cruise,11/04/2025,7:00 pm,Kyle,Nolan,kyle.nolan55@example.com,1218167932,22/07/2026 08:35 pm,Online,Paid,1,0,$35.00,$0.00,$0.00,$0.00,$1.40,$0.00,$0.00,$0.00,$36.40,$0.00,$0.00,$0.00,$0.00,$35.00,$35.00,$0.00,,,,$0.00,$0.00,$0.00,$0.00,Stripe,No,,Completed,Online,1,c29f222e-3ac9-40a5-8daf-bde993089375
RAA1282,Raaz Mid-Sem Cruise,11/04/2025,7:00 pm,Kenneth,Jenkins,kenneth.jenkins85@example.com,0548495165,06/08/2026 01:30 pm,Online,Paid,1,0,$35.00,$0.00,$0.00,$0.00,$1.40,$0.00,$0.00,$0.00,$36.40,$0.00,$0.00,$0.00,$0.00,$35.00,$35.00,$0.00,,,,$0.00,$0.00,$0.00,$0.00,Stripe,Yes,,Completed,Online,1,253115bb-3037-48a1-8bfb-159f94e91738
RAA1283,Raaz Mid-Sem Cruise,11/04/2025,7:00 pm,Travis,Mcguire,travis.mcguire25@example.com,0242646855,12/08/2026 11:24 pm,Manual,Paid,2,0,$70.00,$0.00,$0.00,$0.00,$2.80,$0.00,$0.00,$0.00,$72.80,$0.00,$0.00,$0.00,$0.00,$70.00,$70.00,$0.00,,,,$0.00,$0.00,$0.00,$0.00,Stripe,No,,Completed,Manual,2,4df96cbb-08d6-42e0-b882-b0012486f896
RAA1284,Raaz Mid-Sem Cruise,11/04/2025,7:00 pm,Randy,Simpson,randy.simpson46@example.com,5488051093,13/07/2026 02:13 am,Online,Paid,2,0,$70.00,$0.00,$0.00,$0.00,$2.80,$0.00,$0.00,$0.00,$72.80,$0.00,$0.00,$0.00,$0.00,$70.00,$70.00,$0.00,,,,$0.00,$0.00,$0.00,$0.00,Stripe,No,,Completed,Online,2,3f70ac40-b931-41ca-9d72-42a5c6520b75
RAA1285,Raaz Mid-Sem Cruise,11/04/2025,7:00 pm,Nichole,Buck,nichole.buck90@example.com,3305754370,19/07/2026 03:43 am,Online,Paid,4,0,$140.00,$0.00,$0.00,$0.00,$5.60,$0.00,$0.00,$0.00,$145.60,$0.00,$0.00,$0.00,$0.00,$140.00,$140.00,$0.00,,,,$0.00,$0.00,$0.00,$0.00,Stripe,Yes,,Completed,Online,4,67d6bd8d-1e98-4b1b-8824-97b1e653478a
RAA1286,Raaz Mid-Sem Cruise,11/04/2025,7:00 pm,Shannon,Perez,shannon.perez69@example.com,3770217047,09/08/2026 11:31 am,Online,Paid,2,0,$70.00,$0.00,$0.00,$0.00,$2.80,$0.00,$0.00,$0.00,$72.80,$0.00,$0.00,$0.00,$0.00,$70.00,$70.00,$0.00,,,,$0.00,$0.00,$0.00,$0.00,Stripe,No,,Completed,Online,2,dfb2ecde-b337-4af6-b429-db31574c5e22
RAA1287,Raaz Mid-Sem Cruise,11/04/2025,7:00 pm,Tracy,Russell,tracy.russell53@example.com,3971785681,03/08/2026 04:22 pm,Online,Paid,2,0,$70.00,$0.00,$0.00,$0.00,$2.80,$0.00,$0.00,$0.00,$72.80,$0.00,$0.00,$0.00,$0.00,$70.00,$70.00,$0.00,,,,$0.00,$0.00,$0.00,$0.00,Stripe,Yes,,Completed,Online,2,5ac774f5-096c-438a-9ffe-691871c776cb
RAA1288,Raaz Mid-Sem Cruise,11/04/2025,7:00 pm,Linda,Melendez,linda.melendez61@example.com,3930105591,02/08/2026 11:26 pm,Online,Paid,1,0,$35.00,$0.00,$0.00,$0.00,$1.40,$0.00,$0.00,$0.00,$36.40,$0.00,$0.00,$0.00,$0.00,$35.00,$35.00,$0.00,,,,$0.00,$0.00,$0.00,$0.00,Stripe,No,,Completed,Online,1,a6848c88-b7ac-47d0-bf52-3ef4306fb4a4
RAA1289,Raaz Mid-Sem Cruise,11/04/2025,7:00 pm,David,Dudley,david.dudley67@example.com,6470894406,13/07/2026 06:44 am,Online,Paid,1,0,$35.00,$0.00,$0.00,$0.00,$1.40,$0.00,$0.00,$0.00,$36.40,$0.00,$0.00,$0.00,$0.00,$35.00,$35.00,$0.00,,,,$0.00,$0.00,$0.00,$0.00,Stripe,No,,Completed,Online,1,bd73f845-faa7-476f-a634-ba2ad3fa1479
RAA1290,Raaz Mid-Sem Cruise,11/04/2025,7:00 pm,Melanie,Landry,melanie.landry80@example.com,5707650946,23/07/2026 10:28 am,Online,Paid,3,0,$105.00,$0.00,$0.00,$0.00,$4.20,$0.00,$0.00,$0.00,$109.20,$0.00,$0.00,$0.00,$0.00,$105.00,$105.00,$0.00,,,,$0.00,$0.00,$0.00,$0.00,Stripe,No,,Completed,Online,3,5201aa7d-a5e5-454c-a177-edcd89b95ce8
RAA1291,Raaz Mid-Sem Cruise,11/04/2025,7:00 pm,Tiffany,Warren,tiffany.warren13@example.com,7192602611,26/07/2026 11:58 pm,Online,Paid,3,0,$105.00,$0.00,$0.00,$0.00,$4.20,$0.00,$0.00,$0.00,$109.20,$0.00,$0.00,$0.00,$0.00,$105.00,$105.00,$0.00,,,,$0.00,$0.00,$0.00,$0.00,Stripe,No,,Completed,Online,3,bd501fad-051c-44d7-9d78-03c1dc598529
RAA1292,Raaz Mid-Sem Cruise,11/04/2025,7:00 pm,Hunter,Burch,hunter.burch42@example.com,6091949081,14/07/2026 11:49 pm,Online,Paid,4,0,$140.00,$0.00,$0.00,$0.00,$5.60,$0.00,$0.00,$0.00,$145.60,$0.00,$0.00,$0.00,$0.00,$140.00,$140.00,$0.00,,,,$0.00,$0.00,$0.00,$0.00,Stripe,No,,Completed,Online,4,22cc920c-fea2-477d-b241-0617df52cf0a
RAA1293,Raaz Mid-Sem Cruise,11/04/2025,7:00 pm,David,Dudley,david.dudley67@example.com,2805877770,29/07/2026 09:25 pm,Online,Paid,1,0,$35.00,$0.00,$0.00,$0.00,$1.40,$0.00,$0.00,$0.00,$36.40,$0.00,$0.00,$0.00,$0.00,$35.00,$35.00,$0.00,,,,$0.00,$0.00,$0.00,$0.00,Stripe,No,,Completed,Online,1,62bd0cc9-b299-4365-a256-73de76d243db
RAA1294,Raaz Mid-Sem Cruise,11/04/2025,7:00 pm,Tonya,Sanchez,tonya.sanchez85@example.com,1956964607,30/07/2026 03:54 am,Online,Paid,2,0,$70.00,$0.00,$0.00,$0.00,$2.80,$0.00,$0.00,$0.00,$72.80,$0.00,$0.00,$0.00,$0.00,$70.00,$70.00,$0.00,,,,$0.00,$0.00,$0.00,$0.00,Stripe,No,,Completed,Online,2,63ed8c86-5cad-4517-9839-6ae1f63594aa
RAA1295,Raaz Mid-Sem Cruise,11/04/2025,7:00 pm,Ellen,Paul,ellen.paul86@example.com,9220513563,06/08/2026 12:40 pm,Online,Paid,1,0,$35.00,$0.00,$0.00,$0.00,$1.40,$0.00,$0.00,$0.00,$36.40,$0.00,$0.00,$0.00,$0.00,$35.00,$35.00,$0.00,,,,$0.00,$0.00,$0.00,$0.00,Stripe,No,,Completed,Online,1,ab9379ff-c84d-459f-87d8-787dbb090f76
RAA1296,Raaz Mid-Sem Cruise,11/04/2025,7:00 pm,Leonard,Ali,leonard.ali34@example.com,0075167486,03/08/2026 04:35 am,Online,Paid,1,0,$35.00,$0.00,$0.00,$0.00,$1.40,$0.00,$0.00,$0.00,$36.40,$0.00,$0.00,$0.00,$0.00,$35.00,$35.00,$0.00,,,,$0.00,$0.00,$0.00,$0.00,Stripe,Yes,,Completed,Online,1,2176b70f-8d0e-4f23-9ee2-c3e88a954042
RAA1297,Raaz Mid-Sem Cruise,11/04/2025,7:00 pm,Jeffrey,Dudley,jeffrey.dudley23@example.com,7487477935,07/08/2026 09:51 pm,Online,Paid,1,0,$35.00,$0.00,$0.00,$0.00,$1.40,$0.00,$0.00,$0.00,$36.40,$0.00,$0.00,$0.00,$0.00,$35.00,$35.00,$0.00,,,,$0.00,$0.00,$0.00,$0.00,Stripe,Yes,,Completed,Online,1,37564580-4e90-4ab1-8cd1-21e8a7943773
RAA1298,Raaz Mid-Sem Cruise,11/04/2025,7:00 pm,Kelli,Smith,kelli.smith60@example.com,6999712520,31/07/2026 08:29 am,Online,Paid,1,0,$35.00,$0.00,$0.00,$0.00,$1.40,$0.00,$0.00,$0.00,$36.40,$0.00,$0.00,$0.00,$0.00,$35.00,$35.00,$0.00,,,,$0.00,$0.00,$0.00,$0.00,Stripe,No,,Completed,Online,1,e45df6d2-6145-461c-b270-720f0fc3d695
RAA1299,Raaz Mid-Sem Cruise,11/04/2025,7:00 pm,Cristina,Harvey,cristina.harvey55@example.com,2671919699,20/07/2026 07:43 am,Online,Paid,1,0,$35.00,$0.00,$0.00,$0.00,$1.40,$0.00,$0.00,$0.00,$36.40,$0.00,$0.00,$0.00,$0.00,$35.00,$35.00,$0.00,,,,$0.00,$0.00,$0.00,$0.00,Stripe,Yes,,Completed,Online,1,367fcbe0-099e-4cc2-ada1-63273d2d7f73
RAA1300,Raaz Mid-Sem Cruise,11/04/2025,7:00 pm,Erin,Davis,erin.davis36@example.com,8783056828,03/08/2026 08:47 pm,Online,Paid,1,0,$35.00,$0.00,$0.00,$0.00,$1.40,$0.00,$0.00,$0.00,$36.40,$0.00,$0.00,$0.00,$0.00,$35.00,$35.00,$0.00,,,,$0.00,$0.00,$0.00,$0.00,Stripe,No,,Completed,Online,1,54dc0efa-d7d5-436c-9455-223c3c44994a
RAA1301,Raaz Mid-Sem Cruise,11/04/2025,7:00 pm,John,Walsh,john.walsh68@example.com,0294874781,17/07/2026 08:21 am,Online,Paid,1,0,$35.00,$0.00,$0.00,$0.00,$1.40,$0.00,$0.00,$0.00,$36.40,$0.00,$0.00,$0.00,$0.00,$35.00,$35.00,$0.00,,,,$0.00,$0.00,$0.00,$0.00,Stripe,Yes,,Completed,Online,1,dac01824-9744-45e1-a73a-24f6285b54bf
RAA1302,Raaz Mid-Sem Cruise,11/04/2025,7:00 pm,Destiny,Smith,destiny.smith34@example.com,4517392229,05/08/2026 07:44 am,Online,Paid,2,0,$70.00,$0.00,$0.00,$0.00,$2.80,$0.00,$0.00,$0.00,$72.80,$0.00,$0.00,$0.00,$0.00,$70.00,$70.00,$0.00,,,,$0.00,$0.00,$0.00,$0.00,Stripe,No,,Completed,Online,2,6e76e13c-82bc-428e-b5c8-7616a510e644
RAA1303,Raaz Mid-Sem Cruise,11/04/2025,7:00 pm,Kyle,Johnson,kyle.johnson33@example.com,3947505577,23/07/2026 11:58 am,Online,Paid,1,0,$35.00,$0.00,$0.00,$0.00,$1.40,$0.00,$0.00,$0.00,$36.40,$0.00,$0.00,$0.00,$0.00,$35.00,$35.00,$0.00,,,,$0.00,$0.00,$0.00,$0.00,Stripe,No,,Completed,Online,1,12fc6b3b-342e-4bc9-8cf7-c3c7756c0fcc
RAA1304,Raaz Mid-Sem Cruise,11/04/2025,7:00 pm,Brenda,Hoffman,brenda.hoffman14@example.com,3453538115,15/08/2026 01:54 am,Online,Paid,1,0,$35.00,$0.00,$0.00,$0.00,$1.40,$0.00,$0.00,$0.00,$36.40,$0.00,$0.00,$0.00,$0.00,$35.00,$35.00,$0.00,,,,$0.00,$0.00,$0.00,$0.00,Stripe,No,,Completed,Online,1,e661ea7e-2406-4472-966d-a436db678c19
RAA1305,Raaz Mid-Sem Cruise,11/04/2025,7:00 pm,Terri,Garcia,terri.garcia12@example.com,0948036957,17/08/2026 04:30 am,Online,Paid,2,0,$70.00,$0.00,$0.00,$0.00,$2.80,$0.00,$0.00,$0.00,$72.80,$0.00,$0.00,$0.00,$0.00,$70.00,$70.00,$0.00,,,,$0.00,$0.00,$0.00,$0.00,Stripe,No,,Completed,Online,2,3273c75e-41af-4cbf-9c9f-aaaee1ceb686
RAA1306,Raaz Mid-Sem Cruise,11/04/2025,7:00 pm,Alicia,Mccoy,alicia.mccoy13@example.com,6867088550,18/07/2026 04:30 am,Online,Paid,2,0,$70.00,$0.00,$0.00,$0.00,$2.80,$0.00,$0.00,$0.00,$72.80,$0.00,$0.00,$0.00,$0.00,$70.00,$70.00,$0.00,,,,$0.00,$0.00,$0.00,$0.00,Stripe,No,,Completed,Online,2,9447169d-ec38-4b2b-8625-91023a53047e
RAA1307,Raaz Mid-Sem Cruise,11/04/2025,7:00 pm,Donna,Peck,donna.peck8@example.com,4101042797,04/08/2026 11:51 am,Online,Paid,1,0,$35.00,$0.00,$0.00,$0.00,$1.40,$0.00,$0.00,$0.00,$36.40,$0.00,$0.00,$0.00,$0.00,$35.00,$35.00,$0.00,,,,$0.00,$0.00,$0.00,$0.00,Stripe,No,,Completed,Online,1,95a42bd4-d76c-4ede-8745-8e95594b763a
RAA1308,Raaz Mid-Sem Cruise,11/04/2025,7:00 pm,Joseph,Christian,joseph.christian94@example.com,1818896991,16/07/2026 06:26 am,Online,Paid,4,0,$140.00,$0.00,$0.00,$0.00,$5.60,$0.00,$0.00,$0.00,$145.60,$0.00,$0.00,$0.00,$0.00,$140.00,$140.00,$0.00,,,,$0.00,$0.00,$0.00,$0.00,Stripe,Yes,,Completed,Online,4,f89c03fd-72c3-4b3d-9ea5-601a3ed3d722
RAA1309,Raaz Mid-Sem Cruise,11/04/2025,7:00 pm,Shannon,Perez,shannon.perez69@example.com,8481115703,16/08/2026 02:02 pm,Online,Paid,3,0,$105.00,$0.00,$0.00,$0.00,$4.20,$0.00,$0.00,$0.00,$109.20,$0.00,$0.00,$0.00,$0.00,$105.00,$105.00,$0.00,,,,$0.00,$0.00,$0.00,$0.00,Stripe,Yes,,Completed,Online,3,17aea444-a49d-44dc-8d9f-363b6547751d
RAA1310,Raaz Mid-Sem Cruise,11/04/2025,7:00 pm,Steven,Dominguez,steven.dominguez50@example.com,4262455462,13/08/2026 08:44 am,Online,Paid,4,0,$140.00,$0.00,$0.00,$0.00,$5.60,$0.00,$0.00,$0.00,$145.60,$0.00,$0.00,$0.00,$0.00,$140.00,$140.00,$0.00,,,,$0.00,$0.00,$0.00,$0.00,Stripe,Yes,,Completed,Online,4,b5843896-5778-42df-bb03-05cdd49d8b27
RAA1311,Raaz Mid-Sem Cruise,11/04/2025,7:00 pm,Maria,Kelley,maria.kelley71@example.com,9223940717,20/07/2026 04:25 am,Online,Paid,1,0,$35.00,$0.00,$0.00,$0.00,$1.40,$0.00,$0.00,$0.00,$36.40,$0.00,$0.00,$0.00,$0.00,$35.00,$35.00,$0.00,,,,$0.00,$0.00,$0.00,$0.00,Stripe,Yes,,Completed,Online,1,e9beeeb8-620d-4b5e-a28a-313c46b4b460
RAA1312,Raaz Mid-Sem Cruise,11/04/2025,7:00 pm,Amber,Mata,amber.mata71@example.com,4700603981,12/07/2026 07:53 pm,Online,Paid,2,0,$70.00,$0.00,$0.00,$0.00,$2.80,$0.00,$0.00,$0.00,$72.80,$0.00,$0.00,$0.00,$0.00,$70.00,$70.00,$0.00,,,,$0.00,$0.00,$0.00,$0.00,Stripe,Yes,,Completed,Online,2,1bbd3427-5b83-4dd6-8617-23d5fec64185
RAA1313,Raaz Mid-Sem Cruise,11/04/2025,7:00 pm,Chase,Lin,chase.lin61@example.com,2141202241,25/07/2026 03:57 pm,Online,Paid,3,0,$105.00,$0.00,$0.00,$0.00,$4.20,$0.00,$0.00,$0.00,$109.20,$0.00,$0.00,$0.00,$0.00,$105.00,$105.00,$0.00,,,,$0.00,$0.00,$0.00,$0.00,Stripe,No,,Completed,Online,3,0aa6a298-83bc-4530-a20a-4e58113f7d20
RAA1314,Raaz Mid-Sem Cruise,11/04/2025,7:00 pm,Mark,Cruz,mark.cruz70@example.com,6418541333,14/08/2026 05:18 pm,Online,Paid,1,0,$35.00,$0.00,$0.00,$0.00,$1.40,$0.00,$0.00,$0.00,$36.40,$0.00,$0.00,$0.00,$0.00,$35.00,$35.00,$0.00,,,,$0.00,$0.00,$0.00,$0.00,Stripe,Yes,,Completed,Online,1,23f664e2-0328-420c-8db9-f86dbb16f851
RAA1315,Raaz Mid-Sem Cruise,11/04/2025,7:00 pm,Crystal,Cain,crystal.cain89@example.com,5658179157,30/07/2026 02:33 pm,Online,Paid,1,0,$35.00,$0.00,$0.00,$0.00,$1.40,$0.00,$0.00,$0.00,$36.40,$0.00,$0.00,$0.00,$0.00,$35.00,$35.00,$0.00,,,,$0.00,$0.00,$0.00,$0.00,Stripe,No,,Completed,Online,1,2d7c60c1-5446-43f1-b432-20320f3e4ec4
RAA1316,Raaz Mid-Sem Cruise,11/04/2025,7:00 pm,Joshua,Medina,joshua.medina60@example.com,9221911429,08/08/2026 04:19 am,Online,Paid,1,0,$35.00,$0.00,$0.00,$0.00,$1.40,$0.00,$0.00,$0.00,$36.40,$0.00,$0.00,$0.00,$0.00,$35.00,$35.00,$0.00,,,,$0.00,$0.00,$0.00,$0.00,Stripe,No,,Completed,Online,1,1c335961-4a4a-499e-9ce7-36df80f78a72
RAA1317,Raaz Mid-Sem Cruise,11/04/2025,7:00 pm,Hannah,Brewer,hannah.brewer25@example.com,3856993914,21/07/2026 11:51 am,Online,Paid,4,0,$140.00,$0.00,$0.00,$0.00,$5.60,$0.00,$0.00,$0.00,$145.60,$0.00,$0.00,$0.00,$0.00,$140.00,$140.00,$0.00,,,,$0.00,$0.00,$0.00,$0.00,Stripe,Yes,,Completed,Online,4,1ee69b68-e7e0-42b0-8176-f8102761cfcf
RAA1318,Raaz Mid-Sem Cruise,11/04/2025,7:00 pm,Joseph,Nunez,joseph.nunez62@example.com,1740209844,11/08/2026 05:36 pm,Online,Paid,1,0,$35.00,$0.00,$0.00,$0.00,$1.40,$0.00,$0.00,$0.00,$36.40,$0.00,$0.00,$0.00,$0.00,$35.00,$35.00,$0.00,,,,$0.00,$0.00,$0.00,$0.00,Stripe,No,,Completed,Online,1,6418d234-8544-4479-b5d9-e94e837410bf
RAA1319,Raaz Mid-Sem Cruise,11/04/2025,7:00 pm,Melissa,Villarreal,melissa.villarreal39@example.com,8182729136,26/07/2026 03:15 am,Online,Paid,2,0,$70.00,$0.00,$0.00,$0.00,$2.80,$0.00,$0.00,$0.00,$72.80,$0.00,$0.00,$0.00,$0.00,$70.00,$70.00,$0.00,,,,$0.00,$0.00,$0.00,$0.00,Stripe,No,,Completed,Online,2,6a956959-e9c3-49cf-9a0e-54f9f39f17a9
RAA1320,Raaz Mid-Sem Cruise,11/04/2025,7:00 pm,Megan,Villegas,megan.villegas74@example.com,9153218011,22/07/2026 02:00 pm,Online,Paid,3,0,$105.00,$0.00,$0.00,$0.00,$4.20,$0.00,$0.00,$0.00,$109.20,$0.00,$0.00,$0.00,$0.00,$105.00,$105.00,$0.00,,,,$0.00,$0.00,$0.00,$0.00,Stripe,No,,Completed,Online,3,37bd0ad8-232c-40a7-a1f6-981e508c99e1
RAA1321,Raaz Mid-Sem Cruise,11/04/2025,7:00 pm,Ariel,Hodge,ariel.hodge37@example.com,8234284022,14/07/2026 09:36 am,Manual,Paid,1,0,$35.00,$0.00,$0.00,$0.00,$1.40,$0.00,$0.00,$0.00,$36.40,$0.00,$0.00,$0.00,$0.00,$35.00,$35.00,$0.00,,,,$0.00,$0.00,$0.00,$0.00,Stripe,Yes,,Completed,Manual,1,d568d465-7a03-490c-a49f-f39cf152ca82
RAA1322,Raaz Mid-Sem Cruise,11/04/2025,7:00 pm,Devin,Reyes,devin.reyes4@example.com,2025342386,13/07/2026 02:15 pm,Manual,Paid,1,0,$35.00,$0.00,$0.00,$0.00,$1.40,$0.00,$0.00,$0.00,$36.40,$0.00,$0.00,$0.00,$0.00,$35.00,$35.00,$0.00,,,,$0.00,$0.00,$0.00,$0.00,Stripe,Yes,,Completed,Manual,1,4f998d73-0796-483a-a286-85f7795dc229
RAA1323,Raaz Mid-Sem Cruise,11/04/2025,7:00 pm,Renee,Rodriguez,renee.rodriguez31@example.com,9876674087,09/08/2026 01:06 pm,Online,Paid,2,0,$70.00,$0.00,$0.00,$0.00,$2.80,$0.00,$0.00,$0.00,$72.80,$0.00,$0.00,$0.00,$0.00,$70.00,$70.00,$0.00,,,,$0.00,$0.00,$0.00,$0.00,Stripe,No,,Completed,Online,2,5689e017-a679-4213-b2e5-f4220a2ae846
RAA1324,Raaz Mid-Sem Cruise,11/04/2025,7:00 pm,Diane,Kelly,diane.kelly14@example.com,0033051097,17/07/2026 08:52 am,Online,Paid,4,0,$140.00,$0.00,$0.00,$0.00,$5.60,$0.00,$0.00,$0.00,$145.60,$0.00,$0.00,$0.00,$0.00,$140.00,$140.00,$0.00,,,,$0.00,$0.00,$0.00,$0.00,Stripe,No,,Completed,Online,4,583bfc76-2337-4bb8-b981-154fcde85e6f
RAA1325,Raaz Mid-Sem Cruise,11/04/2025,7:00 pm,Jacob,Gill,jacob.gill9@example.com,5416893927,21/07/2026 04:37 am,Online,Paid,3,0,$105.00,$0.00,$0.00,$0.00,$4.20,$0.00,$0.00,$0.00,$109.20,$0.00,$0.00,$0.00,$0.00,$105.00,$105.00,$0.00,,,,$0.00,$0.00,$0.00,$0.00,Stripe,No,,Completed,Online,3,2f6e8679-b306-404b-91ae-16968d084d94
RAA1326,Raaz Mid-Sem Cruise,11/04/2025,7:00 pm,Samantha,Atkins,samantha.atkins38@example.com,8289363278,18/07/2026 11:17 pm,Online,Paid,2,0,$70.00,$0.00,$0.00,$0.00,$2.80,$0.00,$0.00,$0.00,$72.80,$0.00,$0.00,$0.00,$0.00,$70.00,$70.00,$0.00,,,,$0.00,$0.00,$0.00,$0.00,Stripe,Yes,,Completed,Online,2,bcd2f174-fbda-4e64-a277-b64e7a6506ee
RAA1327,Raaz Mid-Sem Cruise,11/04/2025,7:00 pm,Matthew,Cook,matthew.cook79@example.com,2357318995,15/08/2026 05:38 am,Online,Paid,1,0,$35.00,$0.00,$0.00,$0.00,$1.40,$0.00,$0.00,$0.00,$36.40,$0.00,$0.00,$0.00,$0.00,$35.00,$35.00,$0.00,,,,$0.00,$0.00,$0.00,$0.00,Stripe,No,,Completed,Online,1,6d275712-b9b8-4ca9-94a5-0e55d2141053
RAA1328,Raaz Mid-Sem Cruise,11/04/2025,7:00 pm,Angela,Higgins,angela.higgins42@example.com,1353470507,05/08/2026 11:52 pm,Online,Paid,1,0,$35.00,$0.00,$0.00,$0.00,$1.40,$0.00,$0.00,$0.00,$36.40,$0.00,$0.00,$0.00,$0.00,$35.00,$35.00,$0.00,,,,$0.00,$0.00,$0.00,$0.00,Stripe,No,,Completed,Online,1,8effbdef-b924-41d9-8191-bb805ffd2214
RAA1329,Raaz Mid-Sem Cruise,11/04/2025,7:00 pm,Todd,Lewis,todd.lewis35@example.com,9499963576,31/07/2026 10:05 pm,Online,Paid,1,0,$35.00,$0.00,$0.00,$0.00,$1.40,$0.00,$0.00,$0.00,$36.40,$0.00,$0.00,$0.00,$0.00,$35.00,$35.00,$0.00,,,,$0.00,$0.00,$0.00,$0.00,Stripe,No,,Completed,Online,1,3cd89af3-1218-4b09-84c9-52d820101b24
RAA1330,Raaz Mid-Sem Cruise,11/04/2025,7:00 pm,Rachel,White,rachel.white49@example.com,5951948454,31/07/2026 05:38 pm,Online,Paid,4,0,$140.00,$0.00,$0.00,$0.00,$5.60,$0.00,$0.00,$0.00,$145.60,$0.00,$0.00,$0.00,$0.00,$140.00,$140.00,$0.00,,,,$0.00,$0.00,$0.00,$0.00,Stripe,No,,Completed,Online,4,19cf722c-562e-4e52-9533-1856952bc2ce
RAA1331,Raaz Mid-Sem Cruise,11/04/2025,7:00 pm,Nicole,Sanchez,nicole.sanchez87@example.com,0591541963,18/07/2026 01:24 am,Online,Paid,4,0,$140.00,$0.00,$0.00,$0.00,$5.60,$0.00,$0.00,$0.00,$145.60,$0.00,$0.00,$0.00,$0.00,$140.00,$140.00,$0.00,,,,$0.00,$0.00,$0.00,$0.00,Stripe,Yes,,Completed,Online,4,7f7556f9-6925-4338-98be-139e06a20460
RAA1332,Raaz Mid-Sem Cruise,11/04/2025,7:00 pm,Timothy,Young,timothy.young34@example.com,3636590504,22/07/2026 10:40 am,Manual,Paid,1,0,$35.00,$0.00,$0.00,$0.00,$1.40,$0.00,$0.00,$0.00,$36.40,$0.00,$0.00,$0.00,$0.00,$35.00,$35.00,$0.00,,,,$0.00,$0.00,$0.00,$0.00,Stripe,No,,Completed,Manual,1,e7d60ad4-ebec-4a01-a205-eabf7f22fba5
RAA1333,Raaz Mid-Sem Cruise,11/04/2025,7:00 pm,Brian,Martinez,brian.martinez59@example.com,4267870323,15/07/2026 11:03 pm,Manual,Paid,1,0,$35.00,$0.00,$0.00,$0.00,$1.40,$0.00,$0.00,$0.00,$36.40,$0.00,$0.00,$0.00,$0.00,$35.00,$35.00,$0.00,,,,$0.00,$0.00,$0.00,$0.00,Stripe,Yes,,Completed,Manual,1,10292c12-70fc-4404-9486-90f7841597ef
RAA1334,Raaz Mid-Sem Cruise,11/04/2025,7:00 pm,Carlos,Ramos,carlos.ramos57@example.com,5475211275,13/08/2026 11:53 pm,Online,Paid,2,0,$70.00,$0.00,$0.00,$0.00,$2.80,$0.00,$0.00,$0.00,$72.80,$0.00,$0.00,$0.00,$0.00,$70.00,$70.00,$0.00,,,,$0.00,$0.00,$0.00,$0.00,Stripe,No,,Completed,Online,2,e42242a7-7f7f-4be8-9b4c-0d45c1e6478a
RAA1335,Raaz Mid-Sem Cruise,11/04/2025,7:00 pm,Anita,Mullen,anita.mullen60@example.com,1493310886,11/08/2026 06:17 am,Online,Paid,1,0,$35.00,$0.00,$0.00,$0.00,$1.40,$0.00,$0.00,$0.00,$36.40,$0.00,$0.00,$0.00,$0.00,$35.00,$35.00,$0.00,,,,$0.00,$0.00,$0.00,$0.00,Stripe,No,,Completed,Online,1,c4502a4c-bb64-415f-ae96-8d8cd100544b
RAA1336,Raaz Mid-Sem Cruise,11/04/2025,7:00 pm,Kimberly,Williams,kimberly.williams69@example.com,0038180364,23/07/2026 10:44 am,Online,Paid,1,0,$35.00,$0.00,$0.00,$0.00,$1.40,$0.00,$0.00,$0.00,$36.40,$0.00,$0.00,$0.00,$0.00,$35.00,$35.00,$0.00,,,,$0.00,$0.00,$0.00,$0.00,Stripe,No,,Completed,Online,1,0b667998-eaee-43de-8995-4f3dad714fa3
RAA1337,Raaz Mid-Sem Cruise,11/04/2025,7:00 pm,Mark,Cruz,mark.cruz70@example.com,4140817028,15/07/2026 10:32 am,Online,Paid,1,0,$35.00,$0.00,$0.00,$0.00,$1.40,$0.00,$0.00,$0.00,$36.40,$0.00,$0.00,$0.00,$0.00,$35.00,$35.00,$0.00,,,,$0.00,$0.00,$0.00,$0.00,Stripe,Yes,,Completed,Online,1,78781136-8cd6-4040-a268-85326cb35ce2
RAA1338,Raaz Mid-Sem Cruise,11/04/2025,7:00 pm,Ryan,Mueller,ryan.mueller30@example.com,2149997032,31/07/2026 04:39 am,Online,Paid,1,0,$35.00,$0.00,$0.00,$0.00,$1.40,$0.00,$0.00,$0.00,$36.40,$0.00,$0.00,$0.00,$0.00,$35.00,$35.00,$0.00,,,,$0.00,$0.00,$0.00,$0.00,Stripe,No,,Completed,Online,1,7ede0a0a-aa0f-4335-8fb7-1ca6a4ec1371
RAA1339,Raaz Mid-Sem Cruise,11/04/2025,7:00 pm,Christopher,Dixon,christopher.dixon46@example.com,4421065100,20/07/2026 09:15 am,Online,Paid,1,0,$35.00,$0.00,$0.00,$0.00,$1.40,$0.00,$0.00,$0.00,$36.40,$0.00,$0.00,$0.00,$0.00,$35.00,$35.00,$0.00,,,,$0.00,$0.00,$0.00,$0.00,Stripe,No,,Completed,Online,1,4ad3e848-a106-4c7c-8311-933810cd81bb
RAA1340,Raaz Mid-Sem Cruise,11/04/2025,7:00 pm,Erin,Pierce,erin.pierce67@example.com,3555794207,14/07/2026 05:15 pm,Online,Paid,1,0,$35.00,$0.00,$0.00,$0.00,$1.40,$0.00,$0.00,$0.00,$36.40,$0.00,$0.00,$0.00,$0.00,$35.00,$35.00,$0.00,,,,$0.00,$0.00,$0.00,$0.00,Stripe,Yes,,Completed,Online,1,6c5afa87-5b7a-4e49-b5c8-e52d98c79f9c
RAA1341,Raaz Mid-Sem Cruise,11/04/2025,7:00 pm,Kevin,Hill,kevin.hill57@example.com,2176189898,08/08/2026 08:30 pm,Online,Paid,2,0,$70.00,$0.00,$0.00,$0.00,$2.80,$0.00,$0.00,$0.00,$72.80,$0.00,$0.00,$0.00,$0.00,$70.00,$70.00,$0.00,,,,$0.00,$0.00,$0.00,$0.00,Stripe,No,,Completed,Online,2,bc4d0069-79e3-4098-ac6b-c3367db92846
RAA1342,Raaz Mid-Sem Cruise,11/04/2025,7:00 pm,Amanda,Little,amanda.little42@example.com,1387712398,27/07/2026 11:44 am,Online,Paid,3,0,$105.00,$0.00,$0.00,$0.00,$4.20,$0.00,$0.00,$0.00,$109.20,$0.00,$0.00,$0.00,$0.00,$105.00,$105.00,$0.00,,,,$0.00,$0.00,$0.00,$0.00,Stripe,Yes,,Completed,Online,3,a4aa440f-74db-4194-9d5e-8f2c39240e23
RAA1343,Raaz Mid-Sem Cruise,11/04/2025,7:00 pm,James,Mccullough,james.mccullough33@example.com,0487304519,04/08/2026 04:58 am,Online,Paid,1,0,$35.00,$0.00,$0.00,$0.00,$1.40,$0.00,$0.00,$0.00,$36.40,$0.00,$0.00,$0.00,$0.00,$35.00,$35.00,$0.00,,,,$0.00,$0.00,$0.00,$0.00,Stripe,No,,Completed,Online,1,edecae6a-68ee-4fdb-8054-a1debd40659e
RAA1344,Raaz Mid-Sem Cruise,11/04/2025,7:00 pm,Amy,Adkins,amy.adkins30@example.com,7341880796,30/07/2026 06:59 am,Online,Refunded,0,1,$0.00,$0.00,$0.00,$0.00,$0.00,$0.00,$0.00,$0.00,$0.00,$0.00,$0.00,$0.00,$0.00,$0.00,$0.00,$0.00,,,,$0.00,$0.00,$0.00,$0.00,Stripe,Yes,,Completed,Online,1,1b60a402-cb9c-488c-a238-f54ba05a582f
RAA1345,Raaz Mid-Sem Cruise,11/04/2025,7:00 pm,Mary,Burns,mary.burns12@example.com,5859391853,23/07/2026 11:23 pm,Online,Paid,1,0,$35.00,$0.00,$0.00,$0.00,$1.40,$0.00,$0.00,$0.00,$36.40,$0.00,$0.00,$0.00,$0.00,$35.00,$35.00,$0.00,,,,$0.00,$0.00,$0.00,$0.00,Stripe,Yes,,Completed,Online,1,d3c5eaa4-4767-4dc8-a688-f9505c982e6d
RAA1346,Raaz Mid-Sem Cruise,11/04/2025,7:00 pm,Emily,Evans,emily.evans51@example.com,3927195406,22/07/2026 07:54 am,Online,Paid,1,0,$35.00,$0.00,$0.00,$0.00,$1.40,$0.00,$0.00,$0.00,$36.40,$0.00,$0.00,$0.00,$0.00,$35.00,$35.00,$0.00,,,,$0.00,$0.00,$0.00,$0.00,Stripe,No,,Completed,Online,1,74c217b6-e57a-42cf-aba4-5a3ad8f1d3b3
RAA1347,Raaz Mid-Sem Cruise,11/04/2025,7:00 pm,Veronica,Casey,veronica.casey83@example.com,7153784205,10/07/2026 05:42 pm,Online,Paid,1,0,$35.00,$0.00,$0.00,$0.00,$1.40,$0.00,$0.00,$0.00,$36.40,$0.00,$0.00,$0.00,$0.00,$35.00,$35.00,$0.00,,,,$0.00,$0.00,$0.00,$0.00,Stripe,No,,Completed,Online,1,51d1fedf-ac7c-4bca-b813-5dadc179981c
RAA1348,Raaz Mid-Sem Cruise,11/04/2025,7:00 pm,Catherine,Gomez,catherine.gomez6@example.com,7896778889,20/07/2026 07:42 pm,Online,Paid,3,0,$105.00,$0.00,$0.00,$0.00,$4.20,$0.00,$0.00,$0.00,$109.20,$0.00,$0.00,$0.00,$0.00,$105.00,$105.00,$0.00,,,,$0.00,$0.00,$0.00,$0.00,Stripe,No,,Completed,Online,3,bd8226a6-0802-43b1-accc-1cc5c3252cec
RAA1349,Raaz Mid-Sem Cruise,11/04/2025,7:00 pm,Derek,Moore,derek.moore87@example.com,0409471124,11/07/2026 10:02 pm,Online,Paid,4,0,$140.00,$0.00,$0.00,$0.00,$5.60,$0.00,$0.00,$0.00,$145.60,$0.00,$0.00,$0.00,$0.00,$140.00,$140.00,$0.00,,,,$0.00,$0.00,$0.00,$0.00,Stripe,No,,Completed,Online,4,89940521-7de5-40e2-ab2d-baaa5df7b5eb
RAA1350,Raaz Mid-Sem Cruise,11/04/2025,7:00 pm,Jasmine,Brown,jasmine.brown89@example.com,1048667186,06/08/2026 10:19 am,Online,Paid,1,0,$35.00,$0.00,$0.00,$0.00,$1.40,$0.00,$0.00,$0.00,$36.40,$0.00,$0.00,$0.00,$0.00,$35.00,$35.00,$0.00,,,,$0.00,$0.00,$0.00,$0.00,Stripe,No,,Completed,Online,1,c503e904-2046-492d-aef3-8b2ff5bde84b
RAA1351,Raaz Mid-Sem Cruise,11/04/2025,7:00 pm,Carla,Smith,carla.smith95@example.com,0498671101,21/07/2026 07:26 pm,Online,Paid,1,0,$35.00,$0.00,$0.00,$0.00,$1.40,$0.00,$0.00,$0.00,$36.40,$0.00,$0.00,$0.00,$0.00,$35.00,$35.00,$0.00,,,,$0.00,$0.00,$0.00,$0.00,Stripe,No,,Completed,Online,1,3e000000-3b1e-4290-8387-11adc7518f37
RAA1352,Raaz Mid-Sem Cruise,11/04/2025,7:00 pm,Wesley,Farrell,wesley.farrell41@example.com,0443073246,16/07/2026 12:47 pm,Online,Paid,3,0,$105.00,$0.00,$0.00,$0.00,$4.20,$0.00,$0.00,$0.00,$109.20,$0.00,$0.00,$0.00,$0.00,$105.00,$105.00,$0.00,,,,$0.00,$0.00,$0.00,$0.00,Stripe,Yes,,Completed,Online,3,7b9e535f-dff6-483a-9d12-8e4bfdebb076
RAA1353,Raaz Mid-Sem Cruise,11/04/2025,7:00 pm,Lynn,Bentley,lynn.bentley19@example.com,9030438177,05/08/2026 01:00 am,Online,Paid,3,0,$105.00,$0.00,$0.00,$0.00,$4.20,$0.00,$0.00,$0.00,$109.20,$0.00,$0.00,$0.00,$0.00,$105.00,$105.00,$0.00,,,,$0.00,$0.00,$0.00,$0.00,Stripe,No,,Completed,Online,3,248a188f-92cb-4e1f-9702-fe56eef9c4ab
RAA1354,Raaz Mid-Sem Cruise,11/04/2025,7:00 pm,Spencer,Ward,spencer.ward38@example.com,4704811301,20/07/2026 02:13 pm,Online,Paid,2,0,$70.00,$0.00,$0.00,$0.00,$2.80,$0.00,$0.00,$0.00,$72.80,$0.00,$0.00,$0.00,$0.00,$70.00,$70.00,$0.00,,,,$0.00,$0.00,$0.00,$0.00,Stripe,Yes,,Completed,Online,2,156fd7cf-3f59-42e6-a2ca-4d6d3ebc5194
RAA1355,Raaz Mid-Sem Cruise,11/04/2025,7:00 pm,Barbara,Jones,barbara.jones8@example.com,6518127591,11/08/2026 03:47 am,Online,Paid,1,0,$35.00,$0.00,$0.00,$0.00,$1.40,$0.00,$0.00,$0.00,$36.40,$0.00,$0.00,$0.00,$0.00,$35.00,$35.00,$0.00,,,,$0.00,$0.00,$0.00,$0.00,Stripe,Yes,,Completed,Online,1,e74da397-3df5-4eff-856f-25c03ee831ac
RAA1356,Raaz Mid-Sem Cruise,11/04/2025,7:00 pm,Amanda,Morrow,amanda.morrow98@example.com,3256740536,09/08/2026 12:10 am,Online,Paid,1,0,$35.00,$0.00,$0.00,$0.00,$1.40,$0.00,$0.00,$0.00,$36.40,$0.00,$0.00,$0.00,$0.00,$35.00,$35.00,$0.00,,,,$0.00,$0.00,$0.00,$0.00,Stripe,No,,Completed,Online,1,27a351ff-abf8-406d-a63f-50afe0163b1c
RAA1357,Raaz Mid-Sem Cruise,11/04/2025,7:00 pm,Angela,Smith,angela.smith75@example.com,5411190206,18/07/2026 10:09 am,Online,Paid,1,0,$35.00,$0.00,$0.00,$0.00,$1.40,$0.00,$0.00,$0.00,$36.40,$0.00,$0.00,$0.00,$0.00,$35.00,$35.00,$0.00,,,,$0.00,$0.00,$0.00,$0.00,Stripe,No,,Completed,Online,1,a64d2f1c-66ea-459e-bcac-62093f72dfa4
RAA1358,Raaz Mid-Sem Cruise,11/04/2025,7:00 pm,Edward,Vaughn,edward.vaughn83@example.com,0522144267,02/08/2026 03:33 am,Online,Paid,1,0,$35.00,$0.00,$0.00,$0.00,$1.40,$0.00,$0.00,$0.00,$36.40,$0.00,$0.00,$0.00,$0.00,$35.00,$35.00,$0.00,,,,$0.00,$0.00,$0.00,$0.00,Stripe,No,,Completed,Online,1,22d6bd79-ab76-4b40-83f8-bcc78f7f6d81
RAA1359,Raaz Mid-Sem Cruise,11/04/2025,7:00 pm,Christina,Gonzalez,christina.gonzalez67@example.com,1161599944,22/07/2026 05:33 pm,Online,Paid,1,0,$35.00,$0.00,$0.00,$0.00,$1.40,$0.00,$0.00,$0.00,$36.40,$0.00,$0.00,$0.00,$0.00,$35.00,$35.00,$0.00,,,,$0.00,$0.00,$0.00,$0.00,Stripe,No,,Completed,Online,1,d3b84f55-d9dc-492c-8674-4dbb88b03070
RAA1360,Raaz Mid-Sem Cruise,11/04/2025,7:00 pm,Lindsey,Lee,lindsey.lee86@example.com,7582682950,23/07/2026 06:10 am,Online,Paid,3,0,$105.00,$0.00,$0.00,$0.00,$4.20,$0.00,$0.00,$0.00,$109.20,$0.00,$0.00,$0.00,$0.00,$105.00,$105.00,$0.00,,,,$0.00,$0.00,$0.00,$0.00,Stripe,No,,Completed,Online,3,d128b80b-949d-44e2-9cae-b54fd9fcd8b5
RAA1361,Raaz Mid-Sem Cruise,11/04/2025,7:00 pm,Heather,Brown,heather.brown63@example.com,0232358593,12/08/2026 03:22 pm,Manual,Paid,1,0,$35.00,$0.00,$0.00,$0.00,$1.40,$0.00,$0.00,$0.00,$36.40,$0.00,$0.00,$0.00,$0.00,$35.00,$35.00,$0.00,,,,$0.00,$0.00,$0.00,$0.00,Stripe,No,,Completed,Manual,1,ab6f0a98-f2f2-417b-b4cd-130ab193fe29
RAA1362,Raaz Mid-Sem Cruise,11/04/2025,7:00 pm,Andrea,Rowe,andrea.rowe20@example.com,2880507507,08/08/2026 03:27 am,Manual,Paid,1,0,$35.00,$0.00,$0.00,$0.00,$1.40,$0.00,$0.00,$0.00,$36.40,$0.00,$0.00,$0.00,$0.00,$35.00,$35.00,$0.00,,,,$0.00,$0.00,$0.00,$0.00,Stripe,No,,Completed,Manual,1,a1654f53-e448-4bc1-a1ec-cef3afa5ef5f
RAA1363,Raaz Mid-Sem Cruise,11/04/2025,7:00 pm,Troy,Miller,troy.miller75@example.com,5442524777,11/08/2026 10:31 am,Online,Paid,2,0,$70.00,$0.00,$0.00,$0.00,$2.80,$0.00,$0.00,$0.00,$72.80,$0.00,$0.00,$0.00,$0.00,$70.00,$70.00,$0.00,,,,$0.00,$0.00,$0.00,$0.00,Stripe,Yes,,Completed,Online,2,90c432df-4602-4eec-a8e5-2ebac752a7b9
RAA1364,Raaz Mid-Sem Cruise,11/04/2025,7:00 pm,Jennifer,Sellers,jennifer.sellers15@example.com,0464006069,25/07/2026 03:20 pm,Online,Paid,3,0,$105.00,$0.00,$0.00,$0.00,$4.20,$0.00,$0.00,$0.00,$109.20,$0.00,$0.00,$0.00,$0.00,$105.00,$105.00,$0.00,,,,$0.00,$0.00,$0.00,$0.00,Stripe,No,,Completed,Online,3,6f343313-8bdc-48d9-8c32-e1a163e27bd0
RAA1365,Raaz Mid-Sem Cruise,11/04/2025,7:00 pm,Debra,Wang,debra.wang45@example.com,5537793854,15/07/2026 07:39 am,Online,Paid,1,0,$35.00,$0.00,$0.00,$0.00,$1.40,$0.00,$0.00,$0.00,$36.40,$0.00,$0.00,$0.00,$0.00,$35.00,$35.00,$0.00,,,,$0.00,$0.00,$0.00,$0.00,Stripe,No,,Completed,Online,1,05aaebe7-1f0c-4e13-a3c4-448919c5e478
RAA1366,Raaz Mid-Sem Cruise,11/04/2025,7:00 pm,Juan,Ryan,juan.ryan66@example.com,0725453960,13/08/2026 11:03 pm,Online,Paid,2,0,$70.00,$0.00,$0.00,$0.00,$2.80,$0.00,$0.00,$0.00,$72.80,$0.00,$0.00,$0.00,$0.00,$70.00,$70.00,$0.00,,,,$0.00,$0.00,$0.00,$0.00,Stripe,No,,Completed,Online,2,9d4fa114-fddc-4552-9577-f44192d133d8
RAA1367,Raaz Mid-Sem Cruise,11/04/2025,7:00 pm,Brian,Smith,brian.smith38@example.com,2470792625,12/08/2026 05:33 pm,Online,Paid,1,0,$35.00,$0.00,$0.00,$0.00,$1.40,$0.00,$0.00,$0.00,$36.40,$0.00,$0.00,$0.00,$0.00,$35.00,$35.00,$0.00,,,,$0.00,$0.00,$0.00,$0.00,Stripe,No,,Completed,Online,1,64ed08c9-af85-4328-9fd7-0d6f3387dc6b
RAA1368,Raaz Mid-Sem Cruise,11/04/2025,7:00 pm,Candice,Carr,candice.carr27@example.com,2503943988,09/08/2026 02:08 pm,Online,Paid,2,0,$70.00,$0.00,$0.00,$0.00,$2.80,$0.00,$0.00,$0.00,$72.80,$0.00,$0.00,$0.00,$0.00,$70.00,$70.00,$0.00,,,,$0.00,$0.00,$0.00,$0.00,Stripe,No,,Completed,Online,2,5b844e63-92bd-460a-8e8b-26f775bdeb24
RAA1369,Raaz Mid-Sem Cruise,11/04/2025,7:00 pm,Jack,Williams,jack.williams63@example.com,6179496454,16/07/2026 11:10 am,Online,Paid,1,0,$35.00,$0.00,$0.00,$0.00,$1.40,$0.00,$0.00,$0.00,$36.40,$0.00,$0.00,$0.00,$0.00,$35.00,$35.00,$0.00,,,,$0.00,$0.00,$0.00,$0.00,Stripe,No,,Completed,Online,1,bba8e697-74d7-4c4b-97bc-b8d25aa24f1a
RAA1370,Raaz Mid-Sem Cruise,11/04/2025,7:00 pm,Katie,Anderson,katie.anderson89@example.com,2731742718,30/07/2026 04:26 am,Manual,Paid,2,0,$70.00,$0.00,$0.00,$0.00,$2.80,$0.00,$0.00,$0.00,$72.80,$0.00,$0.00,$0.00,$0.00,$70.00,$70.00,$0.00,,,,$0.00,$0.00,$0.00,$0.00,Stripe,No,,Completed,Manual,2,e6f8df7d-47a4-4115-aeca-599cee88d132
RAA1371,Raaz Mid-Sem Cruise,11/04/2025,7:00 pm,Anna,Herman,anna.herman6@example.com,9362761764,11/07/2026 07:57 am,Manual,Paid,1,0,$35.00,$0.00,$0.00,$0.00,$1.40,$0.00,$0.00,$0.00,$36.40,$0.00,$0.00,$0.00,$0.00,$35.00,$35.00,$0.00,,,,$0.00,$0.00,$0.00,$0.00,Stripe,No,,Completed,Manual,1,63b24106-ec4a-404e-ba78-7bec4735d159
RAA1372,Raaz Mid-Sem Cruise,11/04/2025,7:00 pm,Hailey,Johnson,hailey.johnson16@example.com,1128638110,23/07/2026 12:38 pm,Online,Paid,3,0,$105.00,$0.00,$0.00,$0.00,$4.20,$0.00,$0.00,$0.00,$109.20,$0.00,$0.00,$0.00,$0.00,$105.00,$105.00,$0.00,,,,$0.00,$0.00,$0.00,$0.00,Stripe,Yes,,Completed,Online,3,219a0e6f-cdfe-4004-9e94-3130b514db32
RAA1373,Raaz Mid-Sem Cruise,11/04/2025,7:00 pm,Charles,Ware,charles.ware20@example.com,0745952827,31/07/2026 03:40 am,Online,Paid,1,0,$35.00,$0.00,$0.00,$0.00,$1.40,$0.00,$0.00,$0.00,$36.40,$0.00,$0.00,$0.00,$0.00,$35.00,$35.00,$0.00,,,,$0.00,$0.00,$0.00,$0.00,Stripe,Yes,,Completed,Online,1,34cea2e9-2ebc-4739-85dd-4421cb6a3765
RAA1374,Raaz Mid-Sem Cruise,11/04/2025,7:00 pm,Sherri,Mason,sherri.mason7@example.com,4337327839,03/08/2026 06:45 pm,Online,Paid,1,0,$35.00,$0.00,$0.00,$0.00,$1.40,$0.00,$0.00,$0.00,$36.40,$0.00,$0.00,$0.00,$0.00,$35.00,$35.00,$0.00,,,,$0.00,$0.00,$0.00,$0.00,Stripe,No,,Completed,Online,1,583f1568-f561-4c4c-932a-cc65146e8acf
